name,price,rating,release,followers,peak,type,name_norm,steam_appid,match_status,candidate_count,candidate_appids,match_source,steam_url
Palworld,$29.99 ,93.32%,2024-01-01,"614,267","2,101,867",mixed,Palworld,,not_found,0,,storesearch+appdetails,
Hollow Knight: Silksong,$19.99 ,88.11%,2025-09-01,"589,393","587,150",single only,Hollow Knight: Silksong,1030300,matched_unique,1,1030300,storesearch+appdetails,https://store.steampowered.com/app/1030300/
Valheim,$19.99 ,93.33%,2021-02-01,"510,714","502,387",mixed,Valheim,892970,matched_unique,1,892970,storesearch+appdetails,https://store.steampowered.com/app/892970/
Terraria,$9.99 ,96.76%,2011-05-01,"925,213","489,886",mixed,Terraria,105600,matched_unique,1,105600,storesearch+appdetails,https://store.steampowered.com/app/105600/
Kathy Rain,$9.99 ,88.53%,2016-05-01,"8,344","348,015",single only,Kathy Rain,370910,matched_unique,1,370910,storesearch+appdetails,https://store.steampowered.com/app/370910/
Kholat,$19.99 ,65.32%,2015-06-01,"33,527","272,019",single only,Kholat,343710,matched_unique,1,343710,storesearch+appdetails,https://store.steampowered.com/app/343710/
Last Epoch,$34.99 ,75.90%,2024-02-01,"226,372","264,708",mixed,Last Epoch,899770,matched_unique,1,899770,storesearch+appdetails,https://store.steampowered.com/app/899770/
Rust,$39.99 ,86.53%,2018-02-01,"1,268,227","262,284",multi only,Rust,252490,matched_unique,1,252490,storesearch+appdetails,https://store.steampowered.com/app/252490/
ARK: Survival Evolved,$14.99 ,82.76%,2017-08-01,"1,641,019","248,405",mixed,ARK: Survival Evolved,346110,matched_unique,1,346110,storesearch+appdetails,https://store.steampowered.com/app/346110/
Stardew Valley,$14.99 ,97.70%,2016-02-01,"1,033,541","236,614",mixed,Stardew Valley,413150,matched_unique,1,413150,storesearch+appdetails,https://store.steampowered.com/app/413150/
No Man's Sky,$59.99 ,83.90%,2016-08-01,"850,834","212,613",mixed,No Man's Sky,275850,matched_unique,1,275850,storesearch+appdetails,https://store.steampowered.com/app/275850/
A Story About My Uncle,$14.99 ,89.69%,2014-05-01,"32,598","190,590",single only,A Story About My Uncle,278360,matched_unique,1,278360,storesearch+appdetails,https://store.steampowered.com/app/278360/
Satisfactory,$39.99 ,96.13%,2024-09-01,"401,890","186,158",mixed,Satisfactory,526870,matched_unique,1,526870,storesearch+appdetails,https://store.steampowered.com/app/526870/
Hyperdrive Massacre,$9.99 ,53.22%,2015-10-01,"1,075","181,308",mixed,Hyperdrive Massacre,402390,matched_unique,1,402390,storesearch+appdetails,https://store.steampowered.com/app/402390/
Evolvation,$1.99 ,65.44%,2020-03-01,"1,794","172,870",mixed,Evolvation,510840,matched_unique,1,510840,storesearch+appdetails,https://store.steampowered.com/app/510840/
DISTRAINT: Deluxe Edition,$4.99 ,90.64%,2015-10-01,"8,503","165,266",single only,DISTRAINT: Deluxe Edition,395170,matched_unique,1,395170,storesearch+appdetails,https://store.steampowered.com/app/395170/
Enshrouded,$23.99 ,85.18%,2024-01-01,"370,953","160,405",mixed,Enshrouded,,not_found,0,,storesearch+appdetails,
Orwell: Keeping an Eye On You,$9.99 ,88.18%,2016-10-01,"40,379","154,375",single only,Orwell: Keeping an Eye On You,491950,matched_unique,1,491950,storesearch+appdetails,https://store.steampowered.com/app/491950/
Murderous Pursuits,$9.99 ,62.47%,2018-04-01,"10,167","149,224",mixed,Murderous Pursuits,638070,matched_unique,1,638070,storesearch+appdetails,https://store.steampowered.com/app/638070/
Layers of Fear (2016),$19.99 ,86.72%,2016-02-01,"69,772","145,384",single only,Layers of Fear (2016),391720,matched_unique,1,391720,storesearch+appdetails,https://store.steampowered.com/app/391720/
Fortified,$14.99 ,71.94%,2016-02-01,"6,911","138,627",mixed,Fortified,,,0,,storesearch+appdetails,
The Descendant,$1.49 ,86.00%,2016-03-01,"6,097","128,847",single only,The Descendant,,,0,,storesearch+appdetails,
Hacknet,$9.99 ,91.51%,2015-08-01,"79,644","127,640",single only,Hacknet,,,0,,storesearch+appdetails,
Wolcen: Lords of Mayhem,$29.99 ,55.71%,2020-02-01,"180,905","127,542",single only,Wolcen: Lords of Mayhem,,,0,,storesearch+appdetails,
Human Fall Flat,$19.99 ,93.55%,2016-07-01,"577,837","127,517",mixed,Human Fall Flat,,,0,,storesearch+appdetails,
Insurgency,$14.99 ,90.44%,2014-01-01,"262,476","121,575",multi only,Insurgency,,,0,,storesearch+appdetails,
Eador. Masters of the Broken World,$19.99 ,66.51%,2013-04-01,"6,827","118,780",mixed,Eador. Masters of the Broken World,,,0,,storesearch+appdetails,
Factorio,$35.00 ,95.99%,2020-08-01,"404,799","118,674",mixed,Factorio,,,0,,storesearch+appdetails,
Don't Starve Together,$14.99 ,94.24%,2016-04-01,"741,872","115,925",mixed,Don't Starve Together,,,0,,storesearch+appdetails,
Liar's Bar,$6.99 ,88.58%,2024-10-01,"135,121","113,798",multi only,Liar's Bar,,,0,,storesearch+appdetails,
Phasmophobia,$19.99 ,94.90%,2020-09-01,"441,719","112,717",mixed,Phasmophobia,,,0,,storesearch+appdetails,
The Forest,$19.99 ,94.74%,2018-04-01,"794,717","109,397",mixed,The Forest,,,0,,storesearch+appdetails,
Guns of Icarus Online,$4.99 ,87.69%,2012-10-01,"51,663","107,883",multi only,Guns of Icarus Online,,,0,,storesearch+appdetails,
Party Animals,$19.99 ,78.64%,2023-09-01,"653,038","104,174",mixed,Party Animals,,,0,,storesearch+appdetails,
Raft,$19.99 ,92.18%,2022-06-01,"650,250","101,096",mixed,Raft,,,0,,storesearch+appdetails,
RV There Yet?,$7.99 ,89.52%,2025-10-01,"109,301","100,002",mixed,RV There Yet?,,,0,,storesearch+appdetails,
Kingdom Come: Deliverance,$29.99 ,83.42%,2018-02-01,"392,352","96,069",single only,Kingdom Come: Deliverance,,,0,,storesearch+appdetails,
RimWorld,$34.99 ,96.73%,2018-10-01,"625,474","96,040",single only,RimWorld,,,0,,storesearch+appdetails,
Hollow Knight,$14.99 ,96.02%,2017-02-01,"446,401","95,655",single only,Hollow Knight,,,0,,storesearch+appdetails,
ENDLESS™ Legend,$29.99 ,81.81%,2014-09-01,"146,040","89,190",mixed,ENDLESS™ Legend,,,0,,storesearch+appdetails,
Starbound,$14.99 ,91.01%,2016-07-01,"262,432","88,709",mixed,Starbound,,,0,,storesearch+appdetails,
BattleBit Remastered,$14.99 ,81.22%,2023-06-01,"207,405","87,323",multi only,BattleBit Remastered,,,0,,storesearch+appdetails,
Stories: The Path of Destinies,$14.99 ,85.56%,2016-04-01,"24,123","81,664",single only,Stories: The Path of Destinies,,,0,,storesearch+appdetails,
Little Nightmares,$19.99 ,93.41%,2017-04-01,"196,294","78,169",single only,Little Nightmares,,,0,,storesearch+appdetails,
Vampire Survivors,$4.99 ,97.24%,2022-10-01,"139,258","77,061",mixed,Vampire Survivors,,,0,,storesearch+appdetails,
Risk of Rain 2,$24.99 ,92.79%,2020-08-01,"342,578","75,406",mixed,Risk of Rain 2,,,0,,storesearch+appdetails,
Garry's Mod,$9.99 ,96.15%,2006-11-01,"799,993","73,863",mixed,Garry's Mod,,,0,,storesearch+appdetails,
Euro Truck Simulator 2,$19.99 ,96.59%,2012-10-01,"1,292,864","72,678",mixed,Euro Truck Simulator 2,,,0,,storesearch+appdetails,
The Binding of Isaac: Rebirth,$14.99 ,96.26%,2014-11-01,"382,292","70,701",mixed,The Binding of Isaac: Rebirth,,,0,,storesearch+appdetails,
SCUM,$44.99 ,73.56%,2025-06-01,"443,264","68,322",mixed,SCUM,,,0,,storesearch+appdetails,
Project Zomboid,$19.99 ,93.29%,2013-11-01,"573,106","65,505",mixed,Project Zomboid,,,0,,storesearch+appdetails,
Cortex Command,$19.99 ,70.16%,2012-09-01,"13,351","62,839",mixed,Cortex Command,,,0,,storesearch+appdetails,
TRAPPED,$4.99 ,38.17%,2019-06-01,"2,755","61,109",mixed,TRAPPED,,,0,,storesearch+appdetails,
MORDHAU,$29.99 ,79.17%,2019-04-01,"173,484","60,204",multi only,MORDHAU,,,0,,storesearch+appdetails,
Slay the Spire,$24.99 ,96.49%,2019-01-01,"233,515","57,025",single only,Slay the Spire,,,0,,storesearch+appdetails,
Torchlight II,$19.99 ,90.97%,2012-09-01,"95,627","54,821",mixed,Torchlight II,,,0,,storesearch+appdetails,
ENDLESS™ Space 2,$39.99 ,81.75%,2017-05-01,"170,719","53,435",mixed,ENDLESS™ Space 2,,,0,,storesearch+appdetails,
Supermarket Simulator,$19.32 ,91.98%,2025-06-01,"119,223","51,363",mixed,Supermarket Simulator,,,0,,storesearch+appdetails,
Subnautica,$29.99 ,95.99%,2018-01-01,"627,892","51,156",single only,Subnautica,,,0,,storesearch+appdetails,
PAYDAY™ The Heist,$14.99 ,91.57%,2011-10-01,"143,765","50,316",mixed,PAYDAY™ The Heist,,,0,,storesearch+appdetails,
Escape the Backrooms,$9.99 ,89.54%,2025-10-01,"132,398","48,879",mixed,Escape the Backrooms,,,0,,storesearch+appdetails,
Scrap Mechanic,$19.99 ,90.76%,2016-01-01,"323,467","46,643",mixed,Scrap Mechanic,,,0,,storesearch+appdetails,
Core Keeper,$19.99 ,91.39%,2024-08-01,"166,059","46,465",mixed,Core Keeper,,,0,,storesearch+appdetails,
Shape of Dreams,$24.99 ,87.63%,2025-09-01,"56,524","45,773",mixed,Shape of Dreams,,,0,,storesearch+appdetails,
Oddworld: Abe's Oddysee®,$2.99 ,82.55%,1997-12-01,"5,569","45,049",single only,Oddworld: Abe's Oddysee®,,,0,,storesearch+appdetails,
Pillars of Eternity,$39.99 ,86.60%,2015-03-01,"157,351","41,906",single only,Pillars of Eternity,,,0,,storesearch+appdetails,
Monaco: What's Yours Is Mine,$14.99 ,87.88%,2013-04-01,"16,123","41,750",mixed,Monaco: What's Yours Is Mine,,,0,,storesearch+appdetails,
ENDLESS™ Space - Definitive Edition,$9.99 ,78.69%,2012-07-01,"27,324","41,263",mixed,ENDLESS™ Space - Definitive Edition,,,0,,storesearch+appdetails,
Party Club,$2.92 ,70.02%,2025-03-01,"16,468","40,828",mixed,Party Club,,,0,,storesearch+appdetails,
Turbo Pug DX,$1.99 ,74.86%,2016-09-01,"1,001","40,590",single only,Turbo Pug DX,,,0,,storesearch+appdetails,
Tabletop Simulator,$19.99 ,92.85%,2015-06-01,"227,317","37,198",mixed,Tabletop Simulator,,,0,,storesearch+appdetails,
Backpack Battles,$14.99 ,89.43%,2025-06-01,"53,690","36,557",multi only,Backpack Battles,,,0,,storesearch+appdetails,
Wartales,$13.99 ,85.71%,2023-04-01,"206,693","35,879",mixed,Wartales,,,0,,storesearch+appdetails,
Cube World,$19.99 ,37.30%,2019-09-01,"76,437","35,622",mixed,Cube World,,,0,,storesearch+appdetails,
Gunfire Reborn,$19.99 ,91.91%,2021-11-01,"131,550","35,263",mixed,Gunfire Reborn,,,0,,storesearch+appdetails,
Dungeon of the ENDLESS™,$11.99 ,83.38%,2014-10-01,"50,521","35,159",mixed,Dungeon of the ENDLESS™,,,0,,storesearch+appdetails,
Glare1more,$7.99 ,79.85%,2018-09-01,"2,145","35,059",single only,Glare1more,,,0,,storesearch+appdetails,
Two Point Hospital,$29.99 ,90.15%,2018-08-01,"201,352","34,009",single only,Two Point Hospital,,,0,,storesearch+appdetails,
Last Oasis,$29.99 ,61.42%,2020-03-01,"71,686","33,287",multi only,Last Oasis,,,0,,storesearch+appdetails,
Mount & Blade: Warband,$19.99 ,96.45%,2010-03-01,"190,751","33,054",mixed,Mount & Blade: Warband,,,0,,storesearch+appdetails,
Chinese Parents,$9.99 ,89.47%,2018-09-01,"89,963","32,593",single only,Chinese Parents,,,0,,storesearch+appdetails,
Tribes of Midgard,$19.99 ,75.21%,2021-07-01,"96,364","30,930",mixed,Tribes of Midgard,,,0,,storesearch+appdetails,
Back to Bed,$5.99 ,78.44%,2014-08-01,"3,470","30,771",single only,Back to Bed,,,0,,storesearch+appdetails,
Glass Masquerade,$4.99 ,93.57%,2016-11-01,"7,488","29,689",single only,Glass Masquerade,,,0,,storesearch+appdetails,
Necesse,$14.99 ,91.33%,2025-10-01,"106,571","29,440",mixed,Necesse,,,0,,storesearch+appdetails,
Jotun: Valhalla Edition,$14.99 ,75.46%,2015-09-01,"40,659","27,501",single only,Jotun: Valhalla Edition,,,0,,storesearch+appdetails,
Oxygen Not Included,$24.99 ,95.46%,2019-07-01,"406,557","27,486",single only,Oxygen Not Included,,,0,,storesearch+appdetails,
LIMBO,$12.49 ,90.81%,2011-08-01,"49,509","27,466",single only,LIMBO,,,0,,storesearch+appdetails,
Craftopia,$24.99 ,73.96%,2020-09-01,"168,971","27,246",mixed,Craftopia,,,0,,storesearch+appdetails,
Bloodstained: Ritual of the Night,$39.99 ,91.60%,2019-06-01,"107,574","26,934",mixed,Bloodstained: Ritual of the Night,,,0,,storesearch+appdetails,
觅长生,$14.99 ,91.26%,2019-11-01,"72,371","26,379",single only,觅长生,,,0,,storesearch+appdetails,
Extreme Racing on Highway,$4.99 ,65.72%,2019-03-01,233,"25,173",single only,Extreme Racing on Highway,,,0,,storesearch+appdetails,
Chivalry: Medieval Warfare,$24.99 ,81.39%,2012-10-01,"337,271","25,145",multi only,Chivalry: Medieval Warfare,,,0,,storesearch+appdetails,
Warhammer: End Times - Vermintide,$29.99 ,78.44%,2015-10-01,"200,816","24,700",mixed,Warhammer: End Times - Vermintide,,,0,,storesearch+appdetails,
Banished,$19.99 ,88.77%,2014-02-01,"141,991","24,636",single only,Banished,,,0,,storesearch+appdetails,
Shadowrun Returns,$14.99 ,86.19%,2013-07-01,"24,406","24,329",single only,Shadowrun Returns,,,0,,storesearch+appdetails,
WEBFISHING,$4.99 ,95.87%,2024-10-01,"34,851","24,085",mixed,WEBFISHING,,,0,,storesearch+appdetails,
Dawn of Man,$12.49 ,84.85%,2019-03-01,"128,192","23,864",single only,Dawn of Man,,,0,,storesearch+appdetails,
Headsnatchers,$14.99 ,51.44%,2019-11-01,"6,007","23,574",multi only,Headsnatchers,,,0,,storesearch+appdetails,
Little Nightmares III,$39.99 ,46.62%,2025-10-01,"105,659","22,653",mixed,Little Nightmares III,,,0,,storesearch+appdetails,
They Are Billions,$29.99 ,83.81%,2019-06-01,"278,508","22,395",single only,They Are Billions,,,0,,storesearch+appdetails,
We Were Here Expeditions: The FriendShip,$3.99 ,88.40%,2023-09-01,"15,589","22,392",multi only,We Were Here Expeditions: The FriendShip,,,0,,storesearch+appdetails,
Jump Space,$19.99 ,84.42%,2025-09-01,"128,546","22,365",mixed,Jump Space,,,0,,storesearch+appdetails,
Bright Memory: Infinite,$19.99 ,90.11%,2021-11-01,"99,049","22,076",single only,Bright Memory: Infinite,,,0,,storesearch+appdetails,
House Flipper 2,$39.99 ,84.81%,2023-12-01,"83,077","21,945",mixed,House Flipper 2,,,0,,storesearch+appdetails,
My Time at Sandrock,$39.99 ,86.44%,2023-11-01,"138,047","21,778",mixed,My Time at Sandrock,,,0,,storesearch+appdetails,
Hell Let Loose,$49.99 ,81.01%,2021-07-01,"338,462","21,385",multi only,Hell Let Loose,,,0,,storesearch+appdetails,
POLYWAR,$1.99 ,67.41%,2016-12-01,753,"21,240",multi only,POLYWAR,,,0,,storesearch+appdetails,
Sands of Salzaar,$14.99 ,80.28%,2021-12-01,"91,468","21,047",single only,Sands of Salzaar,,,0,,storesearch+appdetails,
Pummel Party,$14.99 ,87.21%,2018-09-01,"163,630","20,957",mixed,Pummel Party,,,0,,storesearch+appdetails,
Starpoint Gemini 2,$34.99 ,67.91%,2014-09-01,"51,695","20,842",single only,Starpoint Gemini 2,,,0,,storesearch+appdetails,
Golf With Your Friends,$12.49 ,86.34%,2020-05-01,"85,570","20,750",mixed,Golf With Your Friends,,,0,,storesearch+appdetails,
Assetto Corsa,$19.99 ,91.63%,2014-12-01,"365,845","20,299",mixed,Assetto Corsa,,,0,,storesearch+appdetails,
Lost Castle 2,$14.99 ,77.94%,2024-07-01,"34,135","20,280",mixed,Lost Castle 2,,,0,,storesearch+appdetails,
Buckshot Roulette,$1.79 ,94.09%,2024-04-01,"75,323","20,226",mixed,Buckshot Roulette,,,0,,storesearch+appdetails,
Darkest Dungeon®,$1.99 ,90.57%,2016-01-01,"374,909","20,064",single only,Darkest Dungeon®,,,0,,storesearch+appdetails,
Instant Death,$1.50 ,66.22%,2018-01-01,238,"19,900",single only,Instant Death,,,0,,storesearch+appdetails,
FTL: Faster Than Light,$3.49 ,93.64%,2012-09-01,"63,770","19,301",single only,FTL: Faster Than Light,,,0,,storesearch+appdetails,
Kerbal Space Program,$39.99 ,93.95%,2015-04-01,"288,266","19,149",single only,Kerbal Space Program,,,0,,storesearch+appdetails,
Cuphead,$19.99 ,95.08%,2017-09-01,"350,309","19,026",mixed,Cuphead,,,0,,storesearch+appdetails,
Skul: The Hero Slayer,$19.99 ,91.67%,2021-01-01,"115,717","18,970",single only,Skul: The Hero Slayer,,,0,,storesearch+appdetails,
Hotline Miami 2: Wrong Number,$14.99 ,92.68%,2015-03-01,"84,301","18,950",single only,Hotline Miami 2: Wrong Number,,,0,,storesearch+appdetails,
Absolver,$29.99 ,71.19%,2017-08-01,"103,475","18,921",mixed,Absolver,,,0,,storesearch+appdetails,
Wasteland 2: Director's Cut,$29.99 ,80.35%,2014-09-01,"89,315","18,856",single only,Wasteland 2: Director's Cut,,,0,,storesearch+appdetails,
Atonement: Scourge of Time,$5.99 ,66.16%,2015-07-01,436,"18,727",single only,Atonement: Scourge of Time,,,0,,storesearch+appdetails,
Music Racer,$1.99 ,84.77%,2018-07-01,"2,295","18,509",mixed,Music Racer,,,0,,storesearch+appdetails,
Amazing Cultivation Simulator,$24.99 ,83.93%,2020-11-01,"115,791","18,349",single only,Amazing Cultivation Simulator,,,0,,storesearch+appdetails,
ASTRONEER,$29.99 ,90.84%,2016-12-01,"519,770","17,986",mixed,ASTRONEER,,,0,,storesearch+appdetails,
Plague Inc: Evolved,$14.99 ,92.76%,2016-02-01,"216,314","17,889",mixed,Plague Inc: Evolved,,,0,,storesearch+appdetails,
Firewatch,$19.99 ,89.26%,2016-02-01,"200,710","17,568",single only,Firewatch,,,0,,storesearch+appdetails,
Overcooked! 2,$24.99 ,89.15%,2018-08-01,"218,365","17,356",mixed,Overcooked! 2,,,0,,storesearch+appdetails,
SpeedRunners,$14.99 ,92.17%,2016-04-01,"67,853","17,212",mixed,SpeedRunners,,,0,,storesearch+appdetails,
The Texas Chain Saw Massacre,$14.99 ,65.31%,2023-08-01,"62,153","17,198",multi only,The Texas Chain Saw Massacre,,,0,,storesearch+appdetails,
Slime Rancher,$19.99 ,96.66%,2017-08-01,"257,846","17,059",single only,Slime Rancher,,,0,,storesearch+appdetails,
People Playground,$9.99 ,97.40%,2019-07-01,"97,753","17,015",single only,People Playground,,,0,,storesearch+appdetails,
Graveyard Keeper,$19.99 ,84.88%,2018-08-01,"129,510","16,993",single only,Graveyard Keeper,,,0,,storesearch+appdetails,
PICO PARK,$4.99 ,88.93%,2021-05-01,"62,810","16,802",multi only,PICO PARK,,,0,,storesearch+appdetails,
Don't Starve,$9.99 ,95.17%,2013-04-01,"214,611","16,796",single only,Don't Starve,,,0,,storesearch+appdetails,
GUNTOUCHABLES,$4.99 ,82.30%,2025-08-01,"12,484","16,284",mixed,GUNTOUCHABLES,,,0,,storesearch+appdetails,
Plants vs. Zombies GOTY Edition,$4.99 ,96.36%,2009-05-01,"122,005","16,225",single only,Plants vs. Zombies GOTY Edition,,,0,,storesearch+appdetails,
Prison Architect,$7.49 ,87.67%,2015-10-01,"209,711","16,211",single only,Prison Architect,,,0,,storesearch+appdetails,
Orcs Must Die! 2,$14.99 ,90.33%,2012-07-01,"39,686","16,119",mixed,Orcs Must Die! 2,,,0,,storesearch+appdetails,
House Flipper,$24.99 ,92.78%,2018-05-01,"259,095","15,910",single only,House Flipper,,,0,,storesearch+appdetails,
Enter the Gungeon,$5.99 ,93.82%,2016-04-01,"161,466","15,792",mixed,Enter the Gungeon,,,0,,storesearch+appdetails,
Turbo Pug,$1.99 ,87.01%,2015-11-01,"1,608","15,462",single only,Turbo Pug,,,0,,storesearch+appdetails,
Coral Island,$29.99 ,86.65%,2023-11-01,"144,160","15,418",mixed,Coral Island,,,0,,storesearch+appdetails,
Cybercube,$29.99 ,72.96%,2017-09-01,183,"15,394",single only,Cybercube,,,0,,storesearch+appdetails,
Meadow - A Shelter Game,$6.99 ,86.35%,2016-10-01,"25,973","15,036",multi only,Meadow - A Shelter Game,,,0,,storesearch+appdetails,
No More Room in Hell 2,$29.99 ,48.69%,2024-10-01,"88,392","14,980",multi only,No More Room in Hell 2,,,0,,storesearch+appdetails,
Dead Cells,$24.99 ,95.81%,2018-08-01,"398,560","14,910",single only,Dead Cells,,,0,,storesearch+appdetails,
BattleBlock Theater®,$14.99 ,95.58%,2014-05-01,"143,389","14,781",mixed,BattleBlock Theater®,,,0,,storesearch+appdetails,
The Long Dark,$19.99 ,89.13%,2017-08-01,"497,613","14,707",single only,The Long Dark,,,0,,storesearch+appdetails,
Into the Breach,$5.24 ,92.13%,2018-02-01,"94,527","14,682",single only,Into the Breach,,,0,,storesearch+appdetails,
Insurgency: Sandstorm,$29.99 ,83.92%,2018-12-01,"257,225","14,606",multi only,Insurgency: Sandstorm,,,0,,storesearch+appdetails,
Data Hacker: Initiation,$1.99 ,61.12%,2014-07-01,552,"14,518",single only,Data Hacker: Initiation,,,0,,storesearch+appdetails,
Dream Daddy: A Dad Dating Simulator,$14.99 ,88.62%,2017-07-01,"42,591","14,471",single only,Dream Daddy: A Dad Dating Simulator,,,0,,storesearch+appdetails,
PowerWash Simulator,$12.49 ,94.71%,2022-07-01,"86,411","14,178",mixed,PowerWash Simulator,,,0,,storesearch+appdetails,
Dead Bits,$4.99 ,59.45%,2014-06-01,"1,423","14,137",single only,Dead Bits,,,0,,storesearch+appdetails,
The Isle,$19.99 ,79.46%,2015-12-01,"240,906","14,131",multi only,The Isle,,,0,,storesearch+appdetails,
Across the Obelisk,$19.99 ,79.55%,2021-04-01,"33,281","14,037",mixed,Across the Obelisk,,,0,,storesearch+appdetails,
The Ascent,$29.99 ,72.68%,2021-07-01,"97,650","14,013",mixed,The Ascent,,,0,,storesearch+appdetails,
Serial Cleaner,$14.99 ,81.95%,2017-07-01,"6,749","13,958",single only,Serial Cleaner,,,0,,storesearch+appdetails,
Eastward,$24.99 ,82.20%,2021-09-01,"107,023","13,882",single only,Eastward,,,0,,storesearch+appdetails,
ShipLord,$3.40 ,60.66%,2015-12-01,448,"13,869",single only,ShipLord,,,0,,storesearch+appdetails,
Cosmoteer: Starship Architect & Commander,$19.99 ,91.96%,2022-10-01,"69,032","13,794",mixed,Cosmoteer: Starship Architect & Commander,,,0,,storesearch+appdetails,
Totally Accurate Battle Simulator,$19.99 ,96.49%,2021-04-01,"350,075","13,674",mixed,Totally Accurate Battle Simulator,,,0,,storesearch+appdetails,
Sanctum 2,$14.99 ,87.73%,2013-05-01,"33,446","13,621",mixed,Sanctum 2,,,0,,storesearch+appdetails,
Forager,$19.99 ,88.09%,2019-04-01,"115,711","13,438",single only,Forager,,,0,,storesearch+appdetails,
Dinkum,$19.99 ,90.08%,2025-04-01,"104,952","13,412",mixed,Dinkum,,,0,,storesearch+appdetails,
Terra Incognita Chapter One: The Descendant,$1.99 ,61.81%,2015-02-01,"1,333","13,352",single only,Terra Incognita Chapter One: The Descendant,,,0,,storesearch+appdetails,
Hurtworld,$24.99 ,74.88%,2019-12-01,"230,735","13,333",multi only,Hurtworld,,,0,,storesearch+appdetails,
Deponia: The Complete Journey,$29.99 ,82.63%,2014-07-01,"19,410","13,321",single only,Deponia: The Complete Journey,,,0,,storesearch+appdetails,
My Time at Portia,$29.99 ,89.91%,2019-01-01,"184,003","13,299",single only,My Time at Portia,,,0,,storesearch+appdetails,
Reign Of Kings,$9.99 ,56.75%,2015-12-01,"92,222","13,278",multi only,Reign Of Kings,,,0,,storesearch+appdetails,
Tumblestone,$24.99 ,74.77%,2016-07-01,"1,635","13,239",mixed,Tumblestone,,,0,,storesearch+appdetails,
RoBoRumble,$7.99 ,68.15%,1998-02-01,313,"13,029",mixed,RoBoRumble,,,0,,storesearch+appdetails,
"Ranch Simulator: Build, Hunt, Farm",$4.99 ,78.10%,2023-11-01,"93,275","12,624",mixed,"Ranch Simulator: Build, Hunt, Farm",,,0,,storesearch+appdetails,
The Binding of Isaac,$4.99 ,93.16%,2011-09-01,"64,711","12,575",single only,The Binding of Isaac,,,0,,storesearch+appdetails,
Tomato Way,$3.99 ,77.37%,2016-12-01,"1,486","12,550",single only,Tomato Way,,,0,,storesearch+appdetails,
DEVOUR,$9.99 ,89.35%,2021-01-01,"91,985","12,331",mixed,DEVOUR,,,0,,storesearch+appdetails,
Awesomenauts,$19.99 ,82.97%,2012-08-01,"83,143","12,156",mixed,Awesomenauts,,,0,,storesearch+appdetails,
Easy Red 2,$8.99 ,87.59%,2020-11-01,"52,350","12,026",mixed,Easy Red 2,,,0,,storesearch+appdetails,
Teenage Mutant Ninja Turtles: Shredder's Revenge,$24.99 ,91.95%,2022-06-01,"68,010","11,933",mixed,Teenage Mutant Ninja Turtles: Shredder's Revenge,,,0,,storesearch+appdetails,
BlazBlue Entropy Effect,$19.99 ,92.84%,2024-02-01,"82,454","11,918",mixed,BlazBlue Entropy Effect,,,0,,storesearch+appdetails,
Outlast,$14.99 ,95.13%,2013-09-01,"122,752","11,827",single only,Outlast,,,0,,storesearch+appdetails,
Rivals of Aether II,$29.99 ,78.20%,2024-10-01,"24,489","11,765",multi only,Rivals of Aether II,,,0,,storesearch+appdetails,
Magicka,$9.99 ,84.06%,2011-01-01,"45,647","11,727",mixed,Magicka,,,0,,storesearch+appdetails,
Spiritfarer®: Farewell Edition,$29.99 ,93.32%,2020-08-01,"118,899","11,726",mixed,Spiritfarer®: Farewell Edition,,,0,,storesearch+appdetails,
Kenshi,$29.99 ,94.18%,2018-12-01,"293,878","11,654",single only,Kenshi,,,0,,storesearch+appdetails,
The Past Within,$5.99 ,92.33%,2022-11-01,"37,374","11,642",multi only,The Past Within,,,0,,storesearch+appdetails,
Muse Dash,$2.99 ,89.11%,2019-06-01,"147,393","11,478",single only,Muse Dash,,,0,,storesearch+appdetails,
Super Mustache,$1.99 ,70.15%,2016-01-01,456,"11,227",single only,Super Mustache,,,0,,storesearch+appdetails,
The Escapists 2,$4.99 ,88.81%,2017-08-01,"144,901","11,202",mixed,The Escapists 2,,,0,,storesearch+appdetails,
Undertale,$9.99 ,95.73%,2015-09-01,"388,520","11,071",single only,Undertale,,,0,,storesearch+appdetails,
The Slormancer,$19.99 ,79.47%,2025-05-01,"42,100","10,989",single only,The Slormancer,,,0,,storesearch+appdetails,
The Jackbox Party Pack 3,$24.99 ,93.35%,2016-10-01,"17,604","10,972",mixed,The Jackbox Party Pack 3,,,0,,storesearch+appdetails,
Creativerse,$11.24 ,76.33%,2017-05-01,"116,191","10,929",mixed,Creativerse,,,0,,storesearch+appdetails,
Rain World,$24.99 ,92.41%,2017-03-01,"102,453","10,884",mixed,Rain World,,,0,,storesearch+appdetails,
Broken Dreams,$1.99 ,67.03%,2016-02-01,320,"10,797",mixed,Broken Dreams,,,0,,storesearch+appdetails,
"Hamlet or the Last Game without MMORPG Features, Shaders and Product Placement",$4.99 ,61.61%,2012-10-01,235,"10,714",single only,"Hamlet or the Last Game without MMORPG Features, Shaders and Product Placement",,,0,,storesearch+appdetails,
The Jackbox Party Pack 7,$29.99 ,92.80%,2020-10-01,"14,382","10,599",mixed,The Jackbox Party Pack 7,,,0,,storesearch+appdetails,
Hero Siege,$7.99 ,67.03%,2014-01-01,"66,078","10,427",mixed,Hero Siege,,,0,,storesearch+appdetails,
Wobbly Life,$16.24 ,95.13%,2025-09-01,"39,924","10,421",mixed,Wobbly Life,,,0,,storesearch+appdetails,
Ultimate Epic Battle Simulator,$14.99 ,75.06%,2017-04-01,"87,947","10,326",single only,Ultimate Epic Battle Simulator,,,0,,storesearch+appdetails,
LoveChoice,$1.99 ,90.72%,2021-11-01,"40,485","10,241",single only,LoveChoice,,,0,,storesearch+appdetails,
Windblown,$24.99 ,87.07%,2024-10-01,"66,821","10,179",mixed,Windblown,,,0,,storesearch+appdetails,
Goat Simulator,$9.99 ,89.45%,2014-04-01,"104,481","10,108",mixed,Goat Simulator,,,0,,storesearch+appdetails,
911 Operator,$14.99 ,86.64%,2017-02-01,"50,272","10,019",single only,911 Operator,,,0,,storesearch+appdetails,
Ravenswatch,$24.99 ,78.39%,2024-09-01,"92,440","10,018",mixed,Ravenswatch,,,0,,storesearch+appdetails,
Red Risk,$4.99 ,57.06%,2016-03-01,"1,697","9,996",mixed,Red Risk,,,0,,storesearch+appdetails,
For The King,$19.99 ,86.44%,2018-04-01,"137,869","9,993",mixed,For The King,,,0,,storesearch+appdetails,
Mini Motorways,$9.99 ,94.02%,2021-07-01,"38,086","9,914",single only,Mini Motorways,,,0,,storesearch+appdetails,
Bomber Crew,$15.99 ,85.59%,2017-10-01,"44,170","9,898",single only,Bomber Crew,,,0,,storesearch+appdetails,
Unrailed!,$19.99 ,91.04%,2020-09-01,"59,867","9,852",mixed,Unrailed!,,,0,,storesearch+appdetails,
Planets Under Attack,$11.99 ,70.86%,2012-09-01,749,"9,723",mixed,Planets Under Attack,,,0,,storesearch+appdetails,
Spelunky 2,$19.99 ,90.70%,2020-09-01,"27,458","9,702",mixed,Spelunky 2,,,0,,storesearch+appdetails,
"Warhammer 40,000: Inquisitor - Martyr",$49.99 ,74.77%,2018-06-01,"110,723","9,698",mixed,"Warhammer 40,000: Inquisitor - Martyr",,,0,,storesearch+appdetails,
BARRIER X,$2.99 ,82.05%,2016-05-01,"2,339","9,640",single only,BARRIER X,,,0,,storesearch+appdetails,
Multishop Tycoon Deluxe,$6.99 ,64.87%,2017-03-01,215,"9,577",single only,Multishop Tycoon Deluxe,,,0,,storesearch+appdetails,
Natural Selection 2,$4.99 ,83.08%,2012-10-01,"58,093","9,510",multi only,Natural Selection 2,,,0,,storesearch+appdetails,
This War of Mine,$19.99 ,91.51%,2014-11-01,"398,468","9,503",single only,This War of Mine,,,0,,storesearch+appdetails,
A Dance of Fire and Ice,$5.99 ,92.61%,2019-01-01,"77,034","9,330",single only,A Dance of Fire and Ice,,,0,,storesearch+appdetails,
Mount & Blade: With Fire & Sword,$9.99 ,85.84%,2011-05-01,"33,773","9,315",mixed,Mount & Blade: With Fire & Sword,,,0,,storesearch+appdetails,
Noita,$19.99 ,93.72%,2020-10-01,"181,180","9,256",single only,Noita,,,0,,storesearch+appdetails,
How to Survive,$14.99 ,80.93%,2013-10-01,"44,897","9,231",mixed,How to Survive,,,0,,storesearch+appdetails,
Day of Infamy,$14.99 ,80.54%,2017-03-01,"95,870","9,210",multi only,Day of Infamy,,,0,,storesearch+appdetails,
《蜀山：初章》买断版,$24.99 ,72.58%,2022-11-01,"17,931","9,202",multi only,《蜀山：初章》买断版,,,0,,storesearch+appdetails,
Ori and the Blind Forest: Definitive Edition,$19.99 ,93.57%,2016-04-01,"122,628","9,079",single only,Ori and the Blind Forest: Definitive Edition,,,0,,storesearch+appdetails,
Pizza Tower,$19.99 ,96.65%,2023-01-01,"55,342","9,074",mixed,Pizza Tower,,,0,,storesearch+appdetails,
Manual Samuel - Last Tuesday Edition,$9.99 ,80.15%,2016-10-01,"7,100","9,036",mixed,Manual Samuel - Last Tuesday Edition,,,0,,storesearch+appdetails,
Hydroneer,$14.99 ,84.54%,2020-05-01,"56,675","8,996",mixed,Hydroneer,,,0,,storesearch+appdetails,
Robot vs Birds Zombies,$4.99 ,59.21%,2013-06-01,128,"8,898",single only,Robot vs Birds Zombies,,,0,,storesearch+appdetails,
Data Hacker: Reboot,$1.99 ,59.05%,2015-04-01,948,"8,838",single only,Data Hacker: Reboot,,,0,,storesearch+appdetails,
Demonologist,$19.99 ,83.66%,2023-09-01,"73,159","8,806",mixed,Demonologist,,,0,,storesearch+appdetails,
Vengeance,$7.99 ,73.50%,2016-04-01,"3,295","8,732",mixed,Vengeance,,,0,,storesearch+appdetails,
BONEWORKS,$29.99 ,90.50%,2019-12-01,"100,471","8,717",single only,BONEWORKS,,,0,,storesearch+appdetails,
Sea of Stars,$34.99 ,86.92%,2023-08-01,"111,407","8,635",mixed,Sea of Stars,,,0,,storesearch+appdetails,
A Way Out,$2.99 ,86.67%,2018-03-01,"96,195","8,582",multi only,A Way Out,,,0,,storesearch+appdetails,
Serious Sam 4,$39.99 ,81.77%,2020-09-01,"61,230","8,522",mixed,Serious Sam 4,,,0,,storesearch+appdetails,
Chicken Shoot Gold,$12.99 ,68.47%,2003-11-01,547,"8,426",mixed,Chicken Shoot Gold,,,0,,storesearch+appdetails,
MIMESIS,$9.99 ,82.81%,2025-10-01,"51,804","8,417",multi only,MIMESIS,,,0,,storesearch+appdetails,
Dune: Spice Wars,$13.99 ,77.70%,2023-09-01,"131,627","8,397",mixed,Dune: Spice Wars,,,0,,storesearch+appdetails,
Teardown,$29.99 ,94.41%,2022-04-01,"215,059","8,339",single only,Teardown,,,0,,storesearch+appdetails,
gogh: Focus with Your Avatar,$11.99 ,87.28%,2025-04-01,"20,572","8,236",mixed,gogh: Focus with Your Avatar,,,0,,storesearch+appdetails,
The Legend of Bum-Bo,$14.99 ,78.58%,2019-11-01,"14,826","8,131",single only,The Legend of Bum-Bo,,,0,,storesearch+appdetails,
Contraband Police,$29.99 ,92.77%,2023-03-01,"92,725","8,124",single only,Contraband Police,,,0,,storesearch+appdetails,
Wildermyth,$24.99 ,92.41%,2021-06-01,"85,375","8,106",mixed,Wildermyth,,,0,,storesearch+appdetails,
Teamfight Manager,$9.99 ,84.15%,2021-03-01,"15,459","8,092",mixed,Teamfight Manager,,,0,,storesearch+appdetails,
Disco Elysium - The Final Cut,$39.99 ,91.50%,2019-10-01,"223,592","8,081",single only,Disco Elysium - The Final Cut,,,0,,storesearch+appdetails,
Rogue Legacy,$14.99 ,90.30%,2013-06-01,"26,038","8,079",single only,Rogue Legacy,,,0,,storesearch+appdetails,
State of Anarchy,$1.99 ,80.94%,2016-04-01,"1,912","8,048",single only,State of Anarchy,,,0,,storesearch+appdetails,
Twelve Minutes,$24.99 ,71.26%,2021-08-01,"46,543","8,021",single only,Twelve Minutes,,,0,,storesearch+appdetails,
Monday Night Combat,$4.99 ,75.55%,2011-01-01,"4,470","7,981",mixed,Monday Night Combat,,,0,,storesearch+appdetails,
Putrefaction 2: Void Walker,$4.99 ,74.18%,2017-05-01,"1,397","7,963",single only,Putrefaction 2: Void Walker,,,0,,storesearch+appdetails,
Outer Wilds,$24.99 ,94.20%,2020-06-01,"173,487","7,936",single only,Outer Wilds,,,0,,storesearch+appdetails,
Lobotomy Corporation | Monster Management Simulation,$24.99 ,92.42%,2018-04-01,"133,281","7,928",single only,Lobotomy Corporation | Monster Management Simulation,,,0,,storesearch+appdetails,
My Summer Car,$14.99 ,93.55%,2025-01-01,"140,204","7,897",single only,My Summer Car,,,0,,storesearch+appdetails,
Life is Feudal: Your Own,$19.99 ,64.98%,2015-11-01,"203,162","7,896",multi only,Life is Feudal: Your Own,,,0,,storesearch+appdetails,
Mind Spheres,$4.99 ,73.30%,2016-07-01,343,"7,870",single only,Mind Spheres,,,0,,storesearch+appdetails,
Voidtrain,$29.99 ,73.04%,2025-11-01,"119,176","7,824",mixed,Voidtrain,,,0,,storesearch+appdetails,
Beholder,$13.99 ,89.85%,2016-11-01,"86,283","7,817",single only,Beholder,,,0,,storesearch+appdetails,
Celeste,$19.99 ,96.07%,2018-01-01,"111,200","7,782",single only,Celeste,,,0,,storesearch+appdetails,
Citadel: Forged with Fire,$14.99 ,66.47%,2019-11-01,"74,386","7,777",mixed,Citadel: Forged with Fire,,,0,,storesearch+appdetails,
Game Dev Tycoon,$9.99 ,93.42%,2013-08-01,"62,592","7,761",single only,Game Dev Tycoon,,,0,,storesearch+appdetails,
Unheard - Voices of Crime,$6.99 ,94.10%,2019-03-01,"77,362","7,754",single only,Unheard - Voices of Crime,,,0,,storesearch+appdetails,
Squad 44,$19.99 ,73.58%,2018-08-01,"163,259","7,753",multi only,Squad 44,,,0,,storesearch+appdetails,
Absolum,$24.99 ,90.48%,2025-10-01,"43,257","7,642",mixed,Absolum,,,0,,storesearch+appdetails,
Madrobot X,$2.99 ,77.31%,2016-09-01,170,"7,601",single only,Madrobot X,,,0,,storesearch+appdetails,
Particula,$29.99 ,67.98%,2015-02-01,938,"7,590",mixed,Particula,,,0,,storesearch+appdetails,
Drug Dealer Simulator,$19.99 ,74.00%,2020-04-01,"43,958","7,574",single only,Drug Dealer Simulator,,,0,,storesearch+appdetails,
Divinity: Original Sin - Enhanced Edition,$5.99 ,87.78%,2015-10-01,"135,761","7,565",mixed,Divinity: Original Sin - Enhanced Edition,,,0,,storesearch+appdetails,
Youtubers Life,$19.99 ,75.91%,2016-05-01,"84,853","7,553",single only,Youtubers Life,,,0,,storesearch+appdetails,
Defense Grid: The Awakening,$9.99 ,92.68%,2008-12-01,"8,075","7,534",single only,Defense Grid: The Awakening,,,0,,storesearch+appdetails,
Keplerth,$14.99 ,81.82%,2022-05-01,"40,780","7,526",mixed,Keplerth,,,0,,storesearch+appdetails,
ShellShock Live,$9.99 ,91.28%,2020-05-01,"67,569","7,455",mixed,ShellShock Live,,,0,,storesearch+appdetails,
Torment: Tides of Numenera,$34.99 ,68.80%,2016-01-01,"56,716","7,430",single only,Torment: Tides of Numenera,,,0,,storesearch+appdetails,
Estranged: The Departure,$5.99 ,82.77%,2020-05-01,"5,949","7,399",single only,Estranged: The Departure,,,0,,storesearch+appdetails,
Survive in Space,$29.99 ,64.76%,2016-05-01,659,"7,386",single only,Survive in Space,,,0,,storesearch+appdetails,
Sanctum,$9.99 ,85.78%,2011-04-01,"15,016","7,380",mixed,Sanctum,,,0,,storesearch+appdetails,
Escape Simulator 2,$19.99 ,88.84%,2025-10-01,"23,133","7,340",mixed,Escape Simulator 2,,,0,,storesearch+appdetails,
A Hat in Time,$29.99 ,96.01%,2017-10-01,"95,083","7,312",mixed,A Hat in Time,,,0,,storesearch+appdetails,
Forts,$14.99 ,89.99%,2017-04-01,"79,790","7,280",mixed,Forts,,,0,,storesearch+appdetails,
嗜血印 Bloody Spell,$24.99 ,87.87%,2022-01-01,"167,410","7,267",single only,嗜血印 Bloody Spell,,,0,,storesearch+appdetails,
Shadowrun: Hong Kong - Extended Edition,$19.99 ,83.86%,2015-08-01,"39,283","7,260",single only,Shadowrun: Hong Kong - Extended Edition,,,0,,storesearch+appdetails,
Rock 'N' Roll Defense,$1.00 ,84.30%,2016-08-01,"1,403","7,252",single only,Rock 'N' Roll Defense,,,0,,storesearch+appdetails,
Satellite Reign,$29.99 ,69.87%,2015-08-01,"52,692","7,251",mixed,Satellite Reign,,,0,,storesearch+appdetails,
Amnesia: A Machine for Pigs,$5.99 ,68.40%,2013-09-01,"9,483","7,249",single only,Amnesia: A Machine for Pigs,,,0,,storesearch+appdetails,
Forward to the Sky,$7.99 ,78.91%,2015-01-01,"12,152","7,227",single only,Forward to the Sky,,,0,,storesearch+appdetails,
Aeon Command,$2.99 ,74.06%,2014-07-01,510,"7,189",single only,Aeon Command,,,0,,storesearch+appdetails,
Thief Simulator,$18.79 ,86.62%,2018-11-01,"122,866","7,188",single only,Thief Simulator,,,0,,storesearch+appdetails,
Black Mesa,$19.99 ,93.75%,2020-03-01,"261,864","7,158",mixed,Black Mesa,,,0,,storesearch+appdetails,
Abyssus,$24.99 ,82.51%,2025-08-01,"39,091","7,157",mixed,Abyssus,,,0,,storesearch+appdetails,
My Friend Pedro,$19.99 ,93.55%,2019-06-01,"80,403","7,117",single only,My Friend Pedro,,,0,,storesearch+appdetails,
Chrono Ark,$24.99 ,88.21%,2024-05-01,"41,481","7,084",single only,Chrono Ark,,,0,,storesearch+appdetails,
Alchemy Factory,$17.99 ,86.09%,2025-12-01,"19,623","7,015",mixed,Alchemy Factory,,,0,,storesearch+appdetails,
Pixel Puzzles 2: RADical ROACH,$4.99 ,70.85%,2016-08-01,143,"6,981",single only,Pixel Puzzles 2: RADical ROACH,,,0,,storesearch+appdetails,
Pantheon: Rise of the Fallen,$39.99 ,72.01%,2024-12-01,"20,790","6,908",multi only,Pantheon: Rise of the Fallen,,,0,,storesearch+appdetails,
Tinkerlands,$12.99 ,83.69%,2025-05-01,"25,936","6,887",mixed,Tinkerlands,,,0,,storesearch+appdetails,
Hotline Miami,$9.99 ,95.64%,2012-10-01,"56,303","6,878",single only,Hotline Miami,,,0,,storesearch+appdetails,
Nation Red,$2.99 ,84.89%,2010-08-01,"6,508","6,850",mixed,Nation Red,,,0,,storesearch+appdetails,
Barony,$9.99 ,89.29%,2015-06-01,"46,196","6,790",mixed,Barony,,,0,,storesearch+appdetails,
Transistor,$19.99 ,92.05%,2014-05-01,"90,735","6,727",single only,Transistor,,,0,,storesearch+appdetails,
Planetbase,$7.49 ,77.87%,2015-10-01,"109,645","6,670",single only,Planetbase,,,0,,storesearch+appdetails,
99 Waves to Die,$4.99 ,70.68%,2015-04-01,109,"6,655",single only,99 Waves to Die,,,0,,storesearch+appdetails,
Ratatan,$24.99 ,83.09%,2025-09-01,"28,845","6,649",mixed,Ratatan,,,0,,storesearch+appdetails,
The Jackbox Party Pack 6,$29.99 ,90.96%,2019-10-01,"12,835","6,630",mixed,The Jackbox Party Pack 6,,,0,,storesearch+appdetails,
Gold Mining Simulator,$19.99 ,71.22%,2017-10-01,"56,084","6,625",single only,Gold Mining Simulator,,,0,,storesearch+appdetails,
Escape Simulator,$19.99 ,91.70%,2021-10-01,"83,945","6,616",mixed,Escape Simulator,,,0,,storesearch+appdetails,
Cyberhunt,$1.00 ,82.29%,2017-05-01,776,"6,546",single only,Cyberhunt,,,0,,storesearch+appdetails,
Yooka-Laylee,$19.99 ,73.09%,2017-04-01,"27,002","6,508",mixed,Yooka-Laylee,,,0,,storesearch+appdetails,
Wizard of Legend,$15.99 ,88.60%,2018-05-01,"105,332","6,487",mixed,Wizard of Legend,,,0,,storesearch+appdetails,
Streets of Rage 4,$24.99 ,90.41%,2020-04-01,"46,596","6,438",mixed,Streets of Rage 4,,,0,,storesearch+appdetails,
Jamestown,$9.99 ,89.85%,2011-06-01,"2,879","6,432",mixed,Jamestown,,,0,,storesearch+appdetails,
GRAV,$19.99 ,47.19%,2015-01-01,"84,969","6,367",mixed,GRAV,,,0,,storesearch+appdetails,
Dungeon of Zolthan,$1.99 ,72.94%,2016-05-01,619,"6,356",single only,Dungeon of Zolthan,,,0,,storesearch+appdetails,
CARRION,$19.99 ,92.59%,2020-07-01,"81,328","6,347",single only,CARRION,,,0,,storesearch+appdetails,
The Headliners,$7.99 ,84.12%,2025-01-01,"41,364","6,315",mixed,The Headliners,,,0,,storesearch+appdetails,
Cozy Island,$8.99 ,88.38%,2025-09-01,"22,971","6,273",mixed,Cozy Island,,,0,,storesearch+appdetails,
Torchlight,$14.99 ,87.95%,2009-10-01,"12,652","6,217",single only,Torchlight,,,0,,storesearch+appdetails,
The Witness,$39.99 ,82.84%,2016-01-01,"118,373","6,185",single only,The Witness,,,0,,storesearch+appdetails,
Fast Food Simulator,$9.74 ,88.94%,2024-12-01,"35,601","6,172",mixed,Fast Food Simulator,,,0,,storesearch+appdetails,
Teria,$4.99 ,55.91%,2017-01-01,243,"6,163",single only,Teria,,,0,,storesearch+appdetails,
The Flame in the Flood,$14.99 ,74.24%,2016-02-01,"52,840","6,158",single only,The Flame in the Flood,,,0,,storesearch+appdetails,
"Papers, Please",$9.99 ,95.70%,2013-08-01,"120,771","6,129",single only,"Papers, Please",,,0,,storesearch+appdetails,
Overcast - Walden and the Werewolf,$4.99 ,60.29%,2014-04-01,"1,109","6,084",single only,Overcast - Walden and the Werewolf,,,0,,storesearch+appdetails,
Octave,$3.99 ,66.71%,2016-10-01,596,"6,083",single only,Octave,,,0,,storesearch+appdetails,
Legend of Grimrock,$14.99 ,90.54%,2012-04-01,"10,094","6,075",single only,Legend of Grimrock,,,0,,storesearch+appdetails,
Ale & Tale Tavern,$14.99 ,86.92%,2024-09-01,"41,304","6,075",mixed,Ale & Tale Tavern,,,0,,storesearch+appdetails,
SAMOLIOTIK,$21.68 ,81.58%,2016-03-01,"1,065","6,074",single only,SAMOLIOTIK,,,0,,storesearch+appdetails,
Roots of Pacha,$24.99 ,90.27%,2023-04-01,"44,552","6,062",mixed,Roots of Pacha,,,0,,storesearch+appdetails,
Desperados III,$9.99 ,93.99%,2020-06-01,"82,034","6,057",single only,Desperados III,,,0,,storesearch+appdetails,
Stranded Deep,$19.99 ,73.39%,2022-08-01,"348,249","6,036",mixed,Stranded Deep,,,0,,storesearch+appdetails,
BREACH IT,$4.99 ,48.53%,2017-05-01,"1,072","6,006",multi only,BREACH IT,,,0,,storesearch+appdetails,
Orcs Must Die!,$9.99 ,92.89%,2011-10-01,"11,143","6,000",single only,Orcs Must Die!,,,0,,storesearch+appdetails,
AudioSurf,$9.99 ,92.92%,2008-02-01,"14,518","5,977",single only,AudioSurf,,,0,,storesearch+appdetails,
Outlast 2,$19.99 ,89.56%,2017-04-01,"177,881","5,966",single only,Outlast 2,,,0,,storesearch+appdetails,
Dragon Cliff,$9.99 ,86.37%,2018-05-01,"31,373","5,953",single only,Dragon Cliff,,,0,,storesearch+appdetails,
Door Kickers 2: Task Force North,$24.99 ,93.40%,2025-02-01,"66,558","5,949",mixed,Door Kickers 2: Task Force North,,,0,,storesearch+appdetails,
SWORN,$15.49 ,77.98%,2025-09-01,"33,663","5,947",mixed,SWORN,,,0,,storesearch+appdetails,
Star Merc,$1.99 ,60.45%,2017-02-01,"1,702","5,944",single only,Star Merc,,,0,,storesearch+appdetails,
Depth Hunter 2: Deep Dive,$5.25 ,71.00%,2014-08-01,"2,486","5,847",single only,Depth Hunter 2: Deep Dive,,,0,,storesearch+appdetails,
Really Big Sky,$4.99 ,72.47%,2012-02-01,"1,063","5,784",mixed,Really Big Sky,,,0,,storesearch+appdetails,
Skater XL - The Ultimate Skateboarding Game,$39.99 ,84.06%,2020-07-01,"41,534","5,741",mixed,Skater XL - The Ultimate Skateboarding Game,,,0,,storesearch+appdetails,
TerraTech,$24.99 ,89.37%,2018-08-01,"118,206","5,726",mixed,TerraTech,,,0,,storesearch+appdetails,
ArsonVille,$4.99 ,76.86%,2016-11-01,228,"5,725",single only,ArsonVille,,,0,,storesearch+appdetails,
Travellers Rest,$17.99 ,86.08%,2020-07-01,"94,934","5,718",mixed,Travellers Rest,,,0,,storesearch+appdetails,
Rebel Galaxy,$19.99 ,82.97%,2015-10-01,"95,519","5,717",single only,Rebel Galaxy,,,0,,storesearch+appdetails,
Void Crew,$24.99 ,84.40%,2024-11-01,"59,335","5,716",mixed,Void Crew,,,0,,storesearch+appdetails,
Amnesia: The Dark Descent,$6.99 ,92.67%,2010-09-01,"36,757","5,666",single only,Amnesia: The Dark Descent,,,0,,storesearch+appdetails,
The Slopes,$4.99 ,61.83%,2017-05-01,71,"5,663",single only,The Slopes,,,0,,storesearch+appdetails,
Reset 1-1,$1.99 ,62.46%,2016-08-01,233,"5,657",single only,Reset 1-1,,,0,,storesearch+appdetails,
Roboquest,$24.99 ,93.05%,2023-11-01,"48,140","5,654",mixed,Roboquest,,,0,,storesearch+appdetails,
Hellblade: Senua's Sacrifice,$29.99 ,88.65%,2017-08-01,"190,398","5,653",single only,Hellblade: Senua's Sacrifice,,,0,,storesearch+appdetails,
Freebie,$1.99 ,70.89%,2016-06-01,345,"5,623",single only,Freebie,,,0,,storesearch+appdetails,
"Linea, the Game",$1.99 ,81.49%,2016-01-01,884,"5,592",single only,"Linea, the Game",,,0,,storesearch+appdetails,
Woodle Tree Adventures,$3.99 ,65.34%,2014-06-01,"1,574","5,592",mixed,Woodle Tree Adventures,,,0,,storesearch+appdetails,
SUPERHOT,$24.99 ,89.72%,2016-02-01,"134,444","5,584",single only,SUPERHOT,,,0,,storesearch+appdetails,
Friends vs Friends,$9.99 ,81.14%,2023-05-01,"29,518","5,578",multi only,Friends vs Friends,,,0,,storesearch+appdetails,
MY FIGHT,$3.99 ,61.34%,2016-09-01,241,"5,578",mixed,MY FIGHT,,,0,,storesearch+appdetails,
Drift Streets Japan,$2.25 ,63.36%,2015-12-01,"7,706","5,559",mixed,Drift Streets Japan,,,0,,storesearch+appdetails,
100% Orange Juice,$6.99 ,89.46%,2013-09-01,"33,867","5,486",mixed,100% Orange Juice,,,0,,storesearch+appdetails,
Risk of Rain (2013),$9.99 ,91.14%,2013-11-01,"48,378","5,462",mixed,Risk of Rain (2013),,,0,,storesearch+appdetails,
Drawful 2,$9.99 ,72.44%,2016-06-01,"10,517","5,430",multi only,Drawful 2,,,0,,storesearch+appdetails,
6 Nights,$2.99 ,62.40%,2016-09-01,66,"5,430",mixed,6 Nights,,,0,,storesearch+appdetails,
Isonzo,$5.99 ,81.10%,2022-09-01,"48,584","5,427",mixed,Isonzo,,,0,,storesearch+appdetails,
Battle Chasers: Nightwar,$7.49 ,84.75%,2017-10-01,"66,295","5,375",single only,Battle Chasers: Nightwar,,,0,,storesearch+appdetails,
Box Maze,$2.98 ,67.89%,2017-03-01,221,"5,313",mixed,Box Maze,,,0,,storesearch+appdetails,
Nuclear Dawn,$9.99 ,75.75%,2011-09-01,"16,436","5,283",multi only,Nuclear Dawn,,,0,,storesearch+appdetails,
Dream Stone,$4.99 ,56.76%,2017-03-01,169,"5,264",single only,Dream Stone,,,0,,storesearch+appdetails,
Puzzle Ball,$2.99 ,46.74%,2015-10-01,229,"5,207",mixed,Puzzle Ball,,,0,,storesearch+appdetails,
Best Plumber,$29.99 ,66.65%,2019-10-01,131,"5,189",single only,Best Plumber,,,0,,storesearch+appdetails,
Playing History 2 - Slave Trade,$3.00 ,61.23%,2013-09-01,581,"5,188",single only,Playing History 2 - Slave Trade,,,0,,storesearch+appdetails,
Scribblenauts Unlimited,$19.99 ,91.38%,2012-11-01,"24,204","5,180",single only,Scribblenauts Unlimited,,,0,,storesearch+appdetails,
Secret Neighbor: Hello Neighbor Multiplayer,$19.99 ,84.10%,2019-10-01,"125,806","5,174",multi only,Secret Neighbor: Hello Neighbor Multiplayer,,,0,,storesearch+appdetails,
Cosmic Dust & Rust,$1.99 ,62.62%,2016-05-01,536,"5,164",single only,Cosmic Dust & Rust,,,0,,storesearch+appdetails,
Miscreated,$29.99 ,65.18%,2018-12-01,"195,952","5,159",multi only,Miscreated,,,0,,storesearch+appdetails,
Super Meat Boy,$14.99 ,92.62%,2010-11-01,"27,103","5,153",single only,Super Meat Boy,,,0,,storesearch+appdetails,
NECROPOLIS: BRUTAL EDITION,$29.99 ,63.71%,2016-07-01,"45,399","5,148",mixed,NECROPOLIS: BRUTAL EDITION,,,0,,storesearch+appdetails,
Stick Fight: The Game,$4.99 ,92.23%,2017-09-01,"151,290","5,147",multi only,Stick Fight: The Game,,,0,,storesearch+appdetails,
The Tower Of Elements,$1.99 ,57.46%,2015-08-01,186,"5,139",single only,The Tower Of Elements,,,0,,storesearch+appdetails,
Acid Flip,$3.99 ,64.08%,2019-02-01,31,"5,130",single only,Acid Flip,,,0,,storesearch+appdetails,
Happy Maze,$9.99 ,68.59%,2016-12-01,252,"5,109",single only,Happy Maze,,,0,,storesearch+appdetails,
Dungeons of Dredmor,$7.99 ,90.52%,2011-07-01,"6,512","5,098",single only,Dungeons of Dredmor,,,0,,storesearch+appdetails,
Wargroove,$19.99 ,80.17%,2019-02-01,"36,515","5,065",mixed,Wargroove,,,0,,storesearch+appdetails,
Turmoil,$12.99 ,90.60%,2016-06-01,"59,441","5,055",mixed,Turmoil,,,0,,storesearch+appdetails,
Getting Over It with Bennett Foddy,$7.99 ,81.26%,2017-12-01,"185,028","5,054",single only,Getting Over It with Bennett Foddy,,,0,,storesearch+appdetails,
Duck Game,$12.99 ,94.66%,2015-06-01,"57,578","5,047",mixed,Duck Game,,,0,,storesearch+appdetails,
Rusty Lake Hotel,$1.99 ,93.16%,2016-01-01,"10,963","5,038",single only,Rusty Lake Hotel,,,0,,storesearch+appdetails,
Gum Guy,$3.99 ,64.73%,2017-01-01,85,"5,037",single only,Gum Guy,,,0,,storesearch+appdetails,
Shadow Tactics: Blades of the Shogun,$39.99 ,94.09%,2016-12-01,"169,523","5,037",single only,Shadow Tactics: Blades of the Shogun,,,0,,storesearch+appdetails,
AI War: Fleet Command,$9.99 ,79.01%,2009-10-01,"10,947","5,027",mixed,AI War: Fleet Command,,,0,,storesearch+appdetails,
Adorables,$29.99 ,75.10%,2016-03-01,577,"5,022",mixed,Adorables,,,0,,storesearch+appdetails,
Osteya,$4.99 ,57.75%,2015-11-01,239,"5,020",single only,Osteya,,,0,,storesearch+appdetails,
Gravity Den,$4.99 ,74.64%,2016-04-01,213,"5,014",single only,Gravity Den,,,0,,storesearch+appdetails,
Lead and Gold: Gangs of the Wild West,$9.99 ,69.63%,2010-04-01,"5,615","5,013",multi only,Lead and Gold: Gangs of the Wild West,,,0,,storesearch+appdetails,
Dude Simulator 3,$4.99 ,66.55%,2019-08-01,"1,124","5,006",single only,Dude Simulator 3,,,0,,storesearch+appdetails,
Running Gods,$4.99 ,62.90%,2016-09-01,175,"4,993",mixed,Running Gods,,,0,,storesearch+appdetails,
Memories of a Vagabond,$29.99 ,76.54%,2014-07-01,625,"4,991",single only,Memories of a Vagabond,,,0,,storesearch+appdetails,
Midnight Ghost Hunt,$19.99 ,74.86%,2024-03-01,"56,444","4,987",multi only,Midnight Ghost Hunt,,,0,,storesearch+appdetails,
RiotZ,$3.99 ,48.44%,2017-06-01,77,"4,971",multi only,RiotZ,,,0,,storesearch+appdetails,
Witch It,$19.99 ,86.93%,2020-10-01,"99,965","4,971",multi only,Witch It,,,0,,storesearch+appdetails,
Biped,$14.99 ,83.29%,2020-03-01,"48,201","4,961",mixed,Biped,,,0,,storesearch+appdetails,
Crime Simulator,$14.99 ,79.55%,2025-06-01,"23,729","4,956",mixed,Crime Simulator,,,0,,storesearch+appdetails,
Hyper Light Drifter,$19.99 ,90.71%,2016-03-01,"110,171","4,954",mixed,Hyper Light Drifter,,,0,,storesearch+appdetails,
The Jackbox Party Pack 2,$24.99 ,90.84%,2015-10-01,"12,634","4,937",mixed,The Jackbox Party Pack 2,,,0,,storesearch+appdetails,
Orcs Must Die! Deathtrap,$14.99 ,70.06%,2025-01-01,"18,687","4,915",mixed,Orcs Must Die! Deathtrap,,,0,,storesearch+appdetails,
Winter Novel,$4.99 ,78.89%,2016-08-01,688,"4,906",single only,Winter Novel,,,0,,storesearch+appdetails,
Chronicon,$13.99 ,91.43%,2020-08-01,"36,091","4,868",mixed,Chronicon,,,0,,storesearch+appdetails,
HIVESWAP: ACT 1,$7.99 ,88.98%,2017-09-01,"19,341","4,842",single only,HIVESWAP: ACT 1,,,0,,storesearch+appdetails,
Chaos Town,$4.99 ,66.78%,2017-05-01,106,"4,840",single only,Chaos Town,,,0,,storesearch+appdetails,
A Detective's Novel,$1.99 ,65.42%,2016-07-01,301,"4,826",single only,A Detective's Novel,,,0,,storesearch+appdetails,
Shadows 2: Perfidia,$9.99 ,71.51%,2017-03-01,628,"4,821",single only,Shadows 2: Perfidia,,,0,,storesearch+appdetails,
The Stanley Parable,$14.99 ,90.78%,2013-10-01,"69,640","4,818",single only,The Stanley Parable,,,0,,storesearch+appdetails,
Drift Horizon Online,$2.25 ,53.69%,2017-03-01,"2,806","4,779",mixed,Drift Horizon Online,,,0,,storesearch+appdetails,
Tactical Breach Wizards,$19.99 ,95.21%,2024-08-01,"51,315","4,761",single only,Tactical Breach Wizards,,,0,,storesearch+appdetails,
Outlaws of the Old West,$19.99 ,58.40%,2019-03-01,"41,044","4,751",mixed,Outlaws of the Old West,,,0,,storesearch+appdetails,
Shufflepuck Cantina Deluxe,$9.99 ,79.31%,2013-12-01,540,"4,747",single only,Shufflepuck Cantina Deluxe,,,0,,storesearch+appdetails,
Spin Rush,$29.99 ,71.10%,2016-09-01,228,"4,729",single only,Spin Rush,,,0,,storesearch+appdetails,
Miniballist,$9.99 ,66.53%,2018-03-01,76,"4,728",single only,Miniballist,,,0,,storesearch+appdetails,
The Jackbox Party Pack 8,$29.99 ,85.66%,2021-10-01,"7,179","4,723",multi only,The Jackbox Party Pack 8,,,0,,storesearch+appdetails,
Automation Empire,$29.99 ,64.33%,2019-11-01,"23,042","4,721",single only,Automation Empire,,,0,,storesearch+appdetails,
Sketch! Run!,$4.99 ,66.57%,2017-03-01,148,"4,721",single only,Sketch! Run!,,,0,,storesearch+appdetails,
Playing History: Vikings,$3.00 ,65.31%,2015-07-01,413,"4,692",single only,Playing History: Vikings,,,0,,storesearch+appdetails,
President for a Day - Corruption,$1.00 ,56.00%,2015-08-01,401,"4,686",single only,President for a Day - Corruption,,,0,,storesearch+appdetails,
Desolate Wastes: Vendor Chronicles,$1.99 ,55.81%,2017-07-01,218,"4,680",single only,Desolate Wastes: Vendor Chronicles,,,0,,storesearch+appdetails,
Charlie's Adventure,$4.99 ,58.07%,2016-11-01,223,"4,663",single only,Charlie's Adventure,,,0,,storesearch+appdetails,
Zero Gear,$4.99 ,74.85%,2010-01-01,669,"4,659",mixed,Zero Gear,,,0,,storesearch+appdetails,
Playing History - The Plague,$3.00 ,66.44%,2012-11-01,221,"4,658",single only,Playing History - The Plague,,,0,,storesearch+appdetails,
Organ Trail: Director's Cut,$4.99 ,84.71%,2013-03-01,"7,825","4,629",single only,Organ Trail: Director's Cut,,,0,,storesearch+appdetails,
Weird West: Definitive Edition,$39.99 ,76.19%,2022-03-01,"50,614","4,621",single only,Weird West: Definitive Edition,,,0,,storesearch+appdetails,
Dungeon Journey,$1.99 ,71.81%,2016-06-01,675,"4,618",single only,Dungeon Journey,,,0,,storesearch+appdetails,
Blasphemous,$24.99 ,88.36%,2019-09-01,"97,280","4,595",single only,Blasphemous,,,0,,storesearch+appdetails,
FaeVerse Alchemy,$5.99 ,64.68%,2024-09-01,"1,003","4,593",single only,FaeVerse Alchemy,,,0,,storesearch+appdetails,
Dino D-Day,$9.99 ,82.29%,2011-04-01,"15,788","4,585",multi only,Dino D-Day,,,0,,storesearch+appdetails,
Crashlands,$14.99 ,86.74%,2016-01-01,"42,553","4,580",mixed,Crashlands,,,0,,storesearch+appdetails,
Planetary Annihilation: TITANS,$29.99 ,82.67%,2015-08-01,"83,172","4,577",mixed,Planetary Annihilation: TITANS,,,0,,storesearch+appdetails,
City of Chains,$8.99 ,68.28%,2015-12-01,"1,292","4,570",single only,City of Chains,,,0,,storesearch+appdetails,
Purgatory,$1.99 ,58.28%,2016-06-01,383,"4,541",single only,Purgatory,,,0,,storesearch+appdetails,
Exile to Death,$4.99 ,48.84%,2018-06-01,"3,333","4,540",mixed,Exile to Death,,,0,,storesearch+appdetails,
President for a Day - Floodings,$1.00 ,63.07%,2015-08-01,419,"4,536",single only,President for a Day - Floodings,,,0,,storesearch+appdetails,
Cogs,$5.99 ,83.41%,2009-04-01,"1,316","4,532",single only,Cogs,,,0,,storesearch+appdetails,
12 is Better Than 6,$9.99 ,81.43%,2015-11-01,"16,511","4,517",single only,12 is Better Than 6,,,0,,storesearch+appdetails,
Toki Tori,$4.99 ,84.09%,2010-01-01,"36,516","4,511",single only,Toki Tori,,,0,,storesearch+appdetails,
Next Day: Survival,$9.99 ,61.60%,2018-05-01,"68,373","4,511",mixed,Next Day: Survival,,,0,,storesearch+appdetails,
Lift It,$4.98 ,56.89%,2017-01-01,225,"4,510",mixed,Lift It,,,0,,storesearch+appdetails,
Demented,$4.99 ,65.94%,2016-03-01,226,"4,507",single only,Demented,,,0,,storesearch+appdetails,
Magic Technology,$2.38 ,68.88%,2018-01-01,176,"4,477",single only,Magic Technology,,,0,,storesearch+appdetails,
The Banner Saga,$24.99 ,86.84%,2014-01-01,"35,526","4,476",single only,The Banner Saga,,,0,,storesearch+appdetails,
Beat Saber,$29.99 ,94.01%,2019-05-01,"162,019","4,472",mixed,Beat Saber,,,0,,storesearch+appdetails,
Albert and Otto,$4.99 ,61.75%,2015-10-01,"3,906","4,461",single only,Albert and Otto,,,0,,storesearch+appdetails,
The Far Frontier,$2.99 ,57.77%,2017-08-01,250,"4,457",single only,The Far Frontier,,,0,,storesearch+appdetails,
Cast n Chill,$14.99 ,92.15%,2025-06-01,"36,929","4,447",mixed,Cast n Chill,,,0,,storesearch+appdetails,
Wargame: Airland Battle,$19.99 ,84.23%,2013-05-01,"18,514","4,439",mixed,Wargame: Airland Battle,,,0,,storesearch+appdetails,
3 Coins At School,$4.98 ,48.04%,2016-04-01,119,"4,435",mixed,3 Coins At School,,,0,,storesearch+appdetails,
Interstellar Marines,$9.99 ,53.42%,2013-07-01,"38,736","4,426",mixed,Interstellar Marines,,,0,,storesearch+appdetails,
Defy Gravity Extended,$1.99 ,83.76%,2016-03-01,"3,093","4,412",single only,Defy Gravity Extended,,,0,,storesearch+appdetails,
Titan Souls,$14.99 ,77.39%,2015-04-01,"38,040","4,404",single only,Titan Souls,,,0,,storesearch+appdetails,
From Space,$14.99 ,66.07%,2022-11-01,"11,397","4,402",mixed,From Space,,,0,,storesearch+appdetails,
Green Game: TimeSwapper,$2.99 ,79.37%,2016-04-01,271,"4,394",single only,Green Game: TimeSwapper,,,0,,storesearch+appdetails,
The Long Drive,$15.99 ,87.76%,2019-09-01,"73,759","4,375",single only,The Long Drive,,,0,,storesearch+appdetails,
Broccoli Bob,$4.99 ,64.01%,2017-03-01,117,"4,370",single only,Broccoli Bob,,,0,,storesearch+appdetails,
Streets of Rogue,$19.99 ,93.79%,2019-07-01,"96,514","4,320",mixed,Streets of Rogue,,,0,,storesearch+appdetails,
BIT.TRIP BEAT,$9.99 ,76.68%,2010-11-01,"1,112","4,318",single only,BIT.TRIP BEAT,,,0,,storesearch+appdetails,
Through Abandoned: The Forest,$3.99 ,72.38%,2016-08-01,429,"4,313",single only,Through Abandoned: The Forest,,,0,,storesearch+appdetails,
Project Starship,$2.99 ,76.66%,2016-04-01,509,"4,300",mixed,Project Starship,,,0,,storesearch+appdetails,
Broforce,$14.99 ,95.23%,2015-10-01,"113,844","4,285",mixed,Broforce,,,0,,storesearch+appdetails,
Head Shot,$6.99 ,52.93%,2016-06-01,"1,180","4,255",multi only,Head Shot,,,0,,storesearch+appdetails,
Chowdertwo,$2.99 ,69.91%,2017-02-01,53,"4,255",single only,Chowdertwo,,,0,,storesearch+appdetails,
AaAaAA!!! - A Reckless Disregard for Gravity,$9.99 ,79.46%,2009-09-01,608,"4,253",single only,AaAaAA!!! - A Reckless Disregard for Gravity,,,0,,storesearch+appdetails,
Reus,$9.99 ,76.29%,2013-05-01,"17,495","4,252",single only,Reus,,,0,,storesearch+appdetails,
Figment,$19.99 ,84.45%,2017-09-01,"9,604","4,232",single only,Figment,,,0,,storesearch+appdetails,
The Incredible Adventures of Van Helsing,$14.99 ,80.84%,2013-05-01,"25,809","4,231",mixed,The Incredible Adventures of Van Helsing,,,0,,storesearch+appdetails,
Bastion,$14.99 ,93.41%,2011-08-01,"47,436","4,186",single only,Bastion,,,0,,storesearch+appdetails,
INSIDE,$24.99 ,95.37%,2016-07-01,"174,467","4,170",single only,INSIDE,,,0,,storesearch+appdetails,
And Yet It Moves,$9.99 ,67.74%,2009-04-01,"1,315","4,148",single only,And Yet It Moves,,,0,,storesearch+appdetails,
Legend of Grimrock 2,$23.99 ,87.55%,2014-10-01,"41,356","4,146",single only,Legend of Grimrock 2,,,0,,storesearch+appdetails,
Celia's Quest,$4.99 ,72.04%,2015-06-01,301,"4,140",single only,Celia's Quest,,,0,,storesearch+appdetails,
Poly Bridge,$9.99 ,89.00%,2016-07-01,"85,554","4,134",single only,Poly Bridge,,,0,,storesearch+appdetails,
UFO 50,$24.99 ,92.14%,2024-09-01,"18,112","4,130",mixed,UFO 50,,,0,,storesearch+appdetails,
Beat Hazard,$9.99 ,91.60%,2010-04-01,"8,256","4,123",mixed,Beat Hazard,,,0,,storesearch+appdetails,
The fall of gods,$2.99 ,66.71%,2015-12-01,785,"4,122",single only,The fall of gods,,,0,,storesearch+appdetails,
Astral Traveler,$4.99 ,57.74%,2017-09-01,148,"4,115",single only,Astral Traveler,,,0,,storesearch+appdetails,
Xenobox VR,$4.99 ,67.06%,2017-07-01,104,"4,114",single only,Xenobox VR,,,0,,storesearch+appdetails,
The Culling Of The Cows,$4.99 ,72.30%,2014-05-01,795,"4,094",single only,The Culling Of The Cows,,,0,,storesearch+appdetails,
Ball of Wonder,$9.99 ,61.49%,2016-10-01,110,"4,094",mixed,Ball of Wonder,,,0,,storesearch+appdetails,
SOMA,$29.99 ,94.13%,2015-09-01,"128,397","4,072",single only,SOMA,,,0,,storesearch+appdetails,
ReignMaker,$14.99 ,61.31%,2014-04-01,601,"4,068",single only,ReignMaker,,,0,,storesearch+appdetails,
SUNLESS SEA,$18.99 ,81.02%,2015-02-01,"78,773","4,049",single only,SUNLESS SEA,,,0,,storesearch+appdetails,
AWA,$2.99 ,73.34%,2016-06-01,259,"4,039",single only,AWA,,,0,,storesearch+appdetails,
Calcu-Late,$1.99 ,56.93%,2016-03-01,153,"4,024",single only,Calcu-Late,,,0,,storesearch+appdetails,
Madballs in Babo:Invasion,$4.99 ,78.15%,2009-09-01,"1,571","4,017",mixed,Madballs in Babo:Invasion,,,0,,storesearch+appdetails,
Skullgirls 2nd Encore,$24.99 ,71.94%,2013-08-01,"75,296","4,016",mixed,Skullgirls 2nd Encore,,,0,,storesearch+appdetails,
Pyre,$19.99 ,87.74%,2017-07-01,"62,501","4,013",mixed,Pyre,,,0,,storesearch+appdetails,
State of Anarchy: Master of Mayhem,$1.60 ,79.21%,2017-03-01,"1,019","4,012",single only,State of Anarchy: Master of Mayhem,,,0,,storesearch+appdetails,
The Talos Principle,$29.99 ,93.39%,2014-12-01,"177,301","4,007",single only,The Talos Principle,,,0,,storesearch+appdetails,
Grocery Store Simulator,$14.99 ,88.58%,2024-11-01,"10,739","4,004",mixed,Grocery Store Simulator,,,0,,storesearch+appdetails,
Hover Hazard,$4.99 ,55.16%,2016-10-01,90,"4,002",mixed,Hover Hazard,,,0,,storesearch+appdetails,
Asteroid Bounty Hunter,$3.40 ,63.07%,2016-02-01,476,"3,999",single only,Asteroid Bounty Hunter,,,0,,storesearch+appdetails,
Grey Goo,$29.99 ,66.36%,2015-01-01,"46,257","3,999",mixed,Grey Goo,,,0,,storesearch+appdetails,
Medieval Engineers,$9.99 ,52.13%,2015-02-01,"105,962","3,984",mixed,Medieval Engineers,,,0,,storesearch+appdetails,
Candy Blast,$4.99 ,65.32%,2016-06-01,116,"3,970",single only,Candy Blast,,,0,,storesearch+appdetails,
The Construct,$4.99 ,60.04%,2016-09-01,177,"3,960",single only,The Construct,,,0,,storesearch+appdetails,
eSports Legend,$9.99 ,60.96%,2018-10-01,"6,941","3,960",single only,eSports Legend,,,0,,storesearch+appdetails,
Eron,$4.99 ,58.29%,2015-03-01,450,"3,950",single only,Eron,,,0,,storesearch+appdetails,
RUSH,$4.99 ,85.23%,2010-12-01,"28,366","3,944",single only,RUSH,,,0,,storesearch+appdetails,
Farm Manager 2018,$19.99 ,69.73%,2018-04-01,"18,329","3,940",single only,Farm Manager 2018,,,0,,storesearch+appdetails,
Planet R-12,$1.99 ,77.93%,2016-05-01,509,"3,932",single only,Planet R-12,,,0,,storesearch+appdetails,
Take the Cake,$9.99 ,65.37%,2017-11-01,84,"3,913",single only,Take the Cake,,,0,,storesearch+appdetails,
The Jackbox Party Pack,$24.99 ,86.67%,2014-11-01,"11,211","3,913",mixed,The Jackbox Party Pack,,,0,,storesearch+appdetails,
Rogue Port - Red Nightmare,$4.98 ,71.58%,2016-05-01,487,"3,906",single only,Rogue Port - Red Nightmare,,,0,,storesearch+appdetails,
Shift Happens,$15.99 ,75.72%,2017-02-01,"16,802","3,905",mixed,Shift Happens,,,0,,storesearch+appdetails,
Spirit of Maya,$1.99 ,59.08%,2017-01-01,113,"3,903",single only,Spirit of Maya,,,0,,storesearch+appdetails,
The Jackbox Party Pack 4,$24.99 ,91.14%,2017-10-01,"8,162","3,902",multi only,The Jackbox Party Pack 4,,,0,,storesearch+appdetails,
Automobilista 2,$39.99 ,89.25%,2020-03-01,"46,635","3,896",mixed,Automobilista 2,,,0,,storesearch+appdetails,
Turbo Pug 3D,$1.99 ,65.54%,2016-09-01,350,"3,889",single only,Turbo Pug 3D,,,0,,storesearch+appdetails,
#KILLALLZOMBIES,$9.99 ,73.07%,2016-08-01,682,"3,879",mixed,#KILLALLZOMBIES,,,0,,storesearch+appdetails,
Heat Signature,$3.74 ,91.43%,2017-09-01,"38,772","3,877",single only,Heat Signature,,,0,,storesearch+appdetails,
Wreckfest,$14.99 ,86.58%,2018-06-01,"131,553","3,865",mixed,Wreckfest,,,0,,storesearch+appdetails,
Wild Terra 2: New Lands,$39.98 ,51.82%,2022-11-01,"20,696","3,859",multi only,Wild Terra 2: New Lands,,,0,,storesearch+appdetails,
Save Jesus,$4.99 ,85.86%,2016-08-01,"1,446","3,855",single only,Save Jesus,,,0,,storesearch+appdetails,
Digger Online,$7.99 ,48.89%,2015-06-01,"8,274","3,837",multi only,Digger Online,,,0,,storesearch+appdetails,
Goblet of Maya,$1.99 ,72.22%,2016-12-01,66,"3,829",single only,Goblet of Maya,,,0,,storesearch+appdetails,
Duo,$1.99 ,72.09%,2016-12-01,138,"3,818",single only,Duo,,,0,,storesearch+appdetails,
The Ship: Murder Party,$9.99 ,83.13%,2006-07-01,"14,308","3,811",mixed,The Ship: Murder Party,,,0,,storesearch+appdetails,
Town of Salem,$4.99 ,86.42%,2014-12-01,"36,780","3,787",multi only,Town of Salem,,,0,,storesearch+appdetails,
Defense of Egypt: Cleopatra Mission,$4.99 ,66.67%,2016-10-01,262,"3,759",single only,Defense of Egypt: Cleopatra Mission,,,0,,storesearch+appdetails,
Trine 2: Complete Story,$19.99 ,93.08%,2013-06-01,"38,674","3,755",mixed,Trine 2: Complete Story,,,0,,storesearch+appdetails,
Banner of the Maid,$16.99 ,84.44%,2019-05-01,"40,358","3,737",mixed,Banner of the Maid,,,0,,storesearch+appdetails,
SteamWorld Dig 2,$3.00 ,92.51%,2017-09-01,"21,214","3,736",single only,SteamWorld Dig 2,,,0,,storesearch+appdetails,
Space Pirates and Zombies,$9.99 ,87.15%,2011-08-01,"4,910","3,735",single only,Space Pirates and Zombies,,,0,,storesearch+appdetails,
Spoko and Poko,$4.99 ,56.60%,2015-05-01,102,"3,723",single only,Spoko and Poko,,,0,,storesearch+appdetails,
Little Witch Nobeta,$24.99 ,80.53%,2022-09-01,"47,821","3,707",single only,Little Witch Nobeta,,,0,,storesearch+appdetails,
Knock on the Coffin Lid,$24.99 ,80.78%,2024-08-01,"64,210","3,690",single only,Knock on the Coffin Lid,,,0,,storesearch+appdetails,
Faeria,$19.99 ,81.25%,2017-03-01,"25,956","3,675",mixed,Faeria,,,0,,storesearch+appdetails,
Pixel Survivors,$3.99 ,62.16%,2016-05-01,"1,152","3,617",single only,Pixel Survivors,,,0,,storesearch+appdetails,
DYSMANTLE,$19.99 ,88.32%,2021-11-01,"60,378","3,614",mixed,DYSMANTLE,,,0,,storesearch+appdetails,
Zoop! - Hunter's Grimm,$1.99 ,58.34%,2017-03-01,519,"3,605",single only,Zoop! - Hunter's Grimm,,,0,,storesearch+appdetails,
Autonauts,$19.99 ,86.46%,2019-10-01,"20,677","3,598",single only,Autonauts,,,0,,storesearch+appdetails,
Ninja Stealth 3,$4.99 ,76.03%,2017-12-01,346,"3,596",single only,Ninja Stealth 3,,,0,,storesearch+appdetails,
Talisman: Digital Classic Edition,$6.99 ,76.49%,2014-02-01,"19,737","3,590",mixed,Talisman: Digital Classic Edition,,,0,,storesearch+appdetails,
Wargame: European Escalation,$9.99 ,75.52%,2012-02-01,"10,007","3,588",mixed,Wargame: European Escalation,,,0,,storesearch+appdetails,
Han Xiongnu Wars,$6.99 ,59.10%,2017-12-01,"12,656","3,580",mixed,Han Xiongnu Wars,,,0,,storesearch+appdetails,
Mind Games,$4.99 ,65.55%,2016-03-01,478,"3,570",single only,Mind Games,,,0,,storesearch+appdetails,
Shadows of Doubt,$24.99 ,81.12%,2024-09-01,"85,748","3,562",single only,Shadows of Doubt,,,0,,storesearch+appdetails,
Daily Chthonicle: Editor's Edition,$3.99 ,69.07%,2016-09-01,934,"3,557",single only,Daily Chthonicle: Editor's Edition,,,0,,storesearch+appdetails,
Five Nights at Freddy's: Sister Location,$7.99 ,87.87%,2016-10-01,"41,018","3,549",single only,Five Nights at Freddy's: Sister Location,,,0,,storesearch+appdetails,
Stack,$4.99 ,66.43%,2017-05-01,79,"3,537",single only,Stack,,,0,,storesearch+appdetails,
Plebby Quest: The Crusades,$19.99 ,82.35%,2020-04-01,"11,674","3,533",single only,Plebby Quest: The Crusades,,,0,,storesearch+appdetails,
Beasts of Bermuda,$19.99 ,68.29%,2018-12-01,"26,724","3,523",multi only,Beasts of Bermuda,,,0,,storesearch+appdetails,
Nobody Saves the World,$24.99 ,88.27%,2022-01-01,"40,350","3,517",mixed,Nobody Saves the World,,,0,,storesearch+appdetails,
KovaaK's,$9.99 ,91.22%,2018-04-01,"39,057","3,512",single only,KovaaK's,,,0,,storesearch+appdetails,
Windward,$9.99 ,77.24%,2015-05-01,"56,132","3,510",mixed,Windward,,,0,,storesearch+appdetails,
Call Of The Mighty Warriors,$1.00 ,57.76%,2016-06-01,188,"3,502",single only,Call Of The Mighty Warriors,,,0,,storesearch+appdetails,
We Happy Few,$59.99 ,75.30%,2018-08-01,"161,243","3,498",single only,We Happy Few,,,0,,storesearch+appdetails,
PANICORE,$4.99 ,77.64%,2024-05-01,"28,264","3,498",mixed,PANICORE,,,0,,storesearch+appdetails,
Surgeon Simulator,$9.99 ,80.43%,2013-04-01,"18,413","3,487",single only,Surgeon Simulator,,,0,,storesearch+appdetails,
Ikki Unite,$11.99 ,73.58%,2023-02-01,"2,159","3,487",mixed,Ikki Unite,,,0,,storesearch+appdetails,
Rento Fortune: Online Dice Board Game (大富翁),$4.99 ,50.37%,2017-07-01,"14,953","3,485",mixed,Rento Fortune: Online Dice Board Game (大富翁),,,0,,storesearch+appdetails,
Zombie Wars: Invasion,$4.99 ,58.70%,2016-01-01,307,"3,484",single only,Zombie Wars: Invasion,,,0,,storesearch+appdetails,
SYNTHETIK: Legion Rising,$19.99 ,91.45%,2018-03-01,"24,702","3,458",mixed,SYNTHETIK: Legion Rising,,,0,,storesearch+appdetails,
Bendy and the Ink Machine,$19.99 ,87.32%,2017-02-01,"57,676","3,457",single only,Bendy and the Ink Machine,,,0,,storesearch+appdetails,
This Is the Police 2,$3.74 ,73.47%,2018-07-01,"30,485","3,451",single only,This Is the Police 2,,,0,,storesearch+appdetails,
Mining Mechs,$2.99 ,86.40%,2023-10-01,"3,889","3,450",mixed,Mining Mechs,,,0,,storesearch+appdetails,
Cubway,$3.99 ,66.87%,2016-08-01,350,"3,441",single only,Cubway,,,0,,storesearch+appdetails,
Neighboring Islands,$1.99 ,71.70%,2017-05-01,"1,922","3,436",single only,Neighboring Islands,,,0,,storesearch+appdetails,
Zombie Ballz,$4.99 ,64.02%,2017-02-01,969,"3,435",single only,Zombie Ballz,,,0,,storesearch+appdetails,
CrossCode,$19.99 ,90.61%,2018-09-01,"76,357","3,429",single only,CrossCode,,,0,,storesearch+appdetails,
Secrets of Grindea,$14.99 ,86.58%,2024-02-01,"75,958","3,419",mixed,Secrets of Grindea,,,0,,storesearch+appdetails,
Train Fever,$19.99 ,63.15%,2014-09-01,"17,252","3,406",single only,Train Fever,,,0,,storesearch+appdetails,
Snake Pass,$19.99 ,77.13%,2017-03-01,"10,814","3,406",single only,Snake Pass,,,0,,storesearch+appdetails,
Keep Talking and Nobody Explodes,$14.99 ,94.83%,2015-10-01,"118,279","3,386",multi only,Keep Talking and Nobody Explodes,,,0,,storesearch+appdetails,
Greyfox RPG,$1.26 ,73.16%,2015-02-01,"1,788","3,385",single only,Greyfox RPG,,,0,,storesearch+appdetails,
Unalive,$4.99 ,74.09%,2017-01-01,157,"3,382",single only,Unalive,,,0,,storesearch+appdetails,
RX squad,$4.99 ,65.30%,2016-07-01,84,"3,379",single only,RX squad,,,0,,storesearch+appdetails,
Mindustry,$9.99 ,93.69%,2019-09-01,"43,799","3,376",mixed,Mindustry,,,0,,storesearch+appdetails,
Hunter Roulette,$1.99 ,79.32%,2025-06-01,"9,918","3,371",multi only,Hunter Roulette,,,0,,storesearch+appdetails,
Dungeon Rushers,$14.99 ,60.89%,2016-09-01,"13,086","3,371",mixed,Dungeon Rushers,,,0,,storesearch+appdetails,
Soldiers Lost Forever (1914-1918),$4.99 ,55.75%,2018-07-01,130,"3,363",single only,Soldiers Lost Forever (1914-1918),,,0,,storesearch+appdetails,
Vindictive Drive,$2.99 ,62.14%,2017-05-01,265,"3,354",single only,Vindictive Drive,,,0,,storesearch+appdetails,
The Escapists,$17.99 ,88.05%,2015-02-01,"103,661","3,354",single only,The Escapists,,,0,,storesearch+appdetails,
Outrage,$3.99 ,59.18%,2016-04-01,321,"3,345",single only,Outrage,,,0,,storesearch+appdetails,
Despotism 3k,$7.99 ,75.01%,2018-11-01,"7,575","3,341",single only,Despotism 3k,,,0,,storesearch+appdetails,
The Ball,$9.99 ,71.31%,2010-10-01,"3,902","3,337",single only,The Ball,,,0,,storesearch+appdetails,
Dungreed,$9.99 ,90.62%,2018-02-01,"26,059","3,332",single only,Dungreed,,,0,,storesearch+appdetails,
Occupy Mars: The Game,$14.99 ,70.00%,2026-01-01,"62,056","3,319",mixed,Occupy Mars: The Game,,,0,,storesearch+appdetails,
Hue,$14.99 ,89.83%,2016-08-01,"6,139","3,316",single only,Hue,,,0,,storesearch+appdetails,
Journey,$14.99 ,92.30%,2020-06-01,"76,645","3,313",mixed,Journey,,,0,,storesearch+appdetails,
Creeper World 3: Arc Eternal,$14.99 ,92.81%,2014-03-01,"12,898","3,303",single only,Creeper World 3: Arc Eternal,,,0,,storesearch+appdetails,
Upside Down,$29.99 ,77.28%,2017-02-01,354,"3,296",single only,Upside Down,,,0,,storesearch+appdetails,
上帝之城 I：监狱帝国 [City of God I - Prison Empire],$18.99 ,67.77%,2018-07-01,"9,694","3,284",single only,上帝之城 I：监狱帝国 [City of God I - Prison Empire],,,0,,storesearch+appdetails,
Craft The World,$18.99 ,86.41%,2014-11-01,"110,608","3,283",mixed,Craft The World,,,0,,storesearch+appdetails,
Space Pilgrim Episode II: Epsilon Indi,$1.99 ,80.62%,2016-01-01,"1,555","3,278",single only,Space Pilgrim Episode II: Epsilon Indi,,,0,,storesearch+appdetails,
Neon Prism,$29.99 ,62.59%,2016-11-01,278,"3,272",single only,Neon Prism,,,0,,storesearch+appdetails,
Perfect Fit - Totemland,$3.99 ,65.96%,2016-11-01,161,"3,261",single only,Perfect Fit - Totemland,,,0,,storesearch+appdetails,
Broken Age,$14.28 ,81.40%,2014-01-01,"18,296","3,260",single only,Broken Age,,,0,,storesearch+appdetails,
Hammerwatch,$9.99 ,86.52%,2013-08-01,"19,244","3,253",mixed,Hammerwatch,,,0,,storesearch+appdetails,
Doug and Lily,$4.99 ,74.93%,2017-03-01,119,"3,246",single only,Doug and Lily,,,0,,storesearch+appdetails,
UnderMine,$19.99 ,87.89%,2020-08-01,"43,530","3,245",single only,UnderMine,,,0,,storesearch+appdetails,
Pixel Puzzles 2: Birds,$4.99 ,73.69%,2015-02-01,271,"3,242",single only,Pixel Puzzles 2: Birds,,,0,,storesearch+appdetails,
ICEY,$10.99 ,88.08%,2016-11-01,"103,366","3,240",single only,ICEY,,,0,,storesearch+appdetails,
Gratuitous Space Battles,$14.99 ,68.22%,2009-11-01,"3,418","3,231",single only,Gratuitous Space Battles,,,0,,storesearch+appdetails,
Farm Manager 2021,$19.99 ,76.43%,2021-05-01,"26,666","3,227",single only,Farm Manager 2021,,,0,,storesearch+appdetails,
Pavlov,$24.99 ,87.43%,2024-12-01,"51,673","3,221",multi only,Pavlov,,,0,,storesearch+appdetails,
Hell Yeah! Wrath of the Dead Rabbit,$14.99 ,82.35%,2012-10-01,"3,272","3,204",single only,Hell Yeah! Wrath of the Dead Rabbit,,,0,,storesearch+appdetails,
Space Pilgrim Episode III: Delta Pavonis,$1.99 ,77.97%,2016-02-01,"1,045","3,186",single only,Space Pilgrim Episode III: Delta Pavonis,,,0,,storesearch+appdetails,
Caster,$9.99 ,77.00%,2009-03-01,"1,109","3,184",single only,Caster,,,0,,storesearch+appdetails,
Cat or Bread?,$1.99 ,86.24%,2017-05-01,349,"3,169",single only,Cat or Bread?,,,0,,storesearch+appdetails,
OMORI,$19.99 ,95.57%,2020-12-01,"104,606","3,166",single only,OMORI,,,0,,storesearch+appdetails,
Revenge of the Titans,$14.99 ,78.15%,2011-03-01,"2,732","3,155",single only,Revenge of the Titans,,,0,,storesearch+appdetails,
Stealth Inc 2: A Game of Clones,$14.99 ,72.42%,2015-04-01,"1,633","3,142",single only,Stealth Inc 2: A Game of Clones,,,0,,storesearch+appdetails,
Atom Zombie Smasher,$9.99 ,85.65%,2011-03-01,"2,174","3,139",mixed,Atom Zombie Smasher,,,0,,storesearch+appdetails,
Mist Survival,$10.99 ,74.81%,2018-08-01,"88,182","3,136",single only,Mist Survival,,,0,,storesearch+appdetails,
Robo Do It,$4.99 ,65.08%,2017-02-01,201,"3,131",single only,Robo Do It,,,0,,storesearch+appdetails,
Super Mega Neo Pug,$1.99 ,79.37%,2016-05-01,584,"3,131",single only,Super Mega Neo Pug,,,0,,storesearch+appdetails,
Act of Aggression - Reboot Edition,$29.99 ,65.29%,2015-09-01,"35,317","3,131",mixed,Act of Aggression - Reboot Edition,,,0,,storesearch+appdetails,
Defend Your Life: TD,$9.99 ,75.96%,2015-04-01,"1,301","3,130",single only,Defend Your Life: TD,,,0,,storesearch+appdetails,
Flesh Eaters,$4.99 ,68.61%,2016-05-01,"2,119","3,127",single only,Flesh Eaters,,,0,,storesearch+appdetails,
Energy Invasion,$2.99 ,58.04%,2018-01-01,142,"3,114",single only,Energy Invasion,,,0,,storesearch+appdetails,
Little Kite,$6.99 ,76.83%,2017-09-01,644,"3,104",single only,Little Kite,,,0,,storesearch+appdetails,
Crisis in the Kremlin,$4.99 ,80.10%,2017-03-01,"6,303","3,095",single only,Crisis in the Kremlin,,,0,,storesearch+appdetails,
UnEpic,$12.99 ,88.67%,2014-07-01,"34,705","3,095",mixed,UnEpic,,,0,,storesearch+appdetails,
This Is the Police,$3.74 ,80.53%,2016-08-01,"56,712","3,093",single only,This Is the Police,,,0,,storesearch+appdetails,
Iron Sea Defenders,$14.99 ,75.35%,2016-09-01,293,"3,087",single only,Iron Sea Defenders,,,0,,storesearch+appdetails,
Hatred,$5.99 ,82.66%,2015-06-01,"46,178","3,085",single only,Hatred,,,0,,storesearch+appdetails,
Home Behind,$5.99 ,81.89%,2016-06-01,"30,773","3,083",single only,Home Behind,,,0,,storesearch+appdetails,
Overcooked! All You Can Eat,$11.99 ,71.17%,2021-03-01,"50,734","3,077",mixed,Overcooked! All You Can Eat,,,0,,storesearch+appdetails,
Barn Finders,$17.79 ,79.44%,2020-06-01,"18,090","3,069",single only,Barn Finders,,,0,,storesearch+appdetails,
Gang Beasts,$19.99 ,84.04%,2017-12-01,"250,685","3,062",multi only,Gang Beasts,,,0,,storesearch+appdetails,
Regions Of Ruin,$11.99 ,83.46%,2018-02-01,"14,257","3,062",single only,Regions Of Ruin,,,0,,storesearch+appdetails,
Partisans 1941,$29.99 ,79.85%,2020-10-01,"50,178","3,061",single only,Partisans 1941,,,0,,storesearch+appdetails,
Spaceport Hope,$1.99 ,72.42%,2016-04-01,"1,368","3,055",single only,Spaceport Hope,,,0,,storesearch+appdetails,
Anomaly 2,$14.99 ,75.59%,2013-05-01,"4,064","3,055",mixed,Anomaly 2,,,0,,storesearch+appdetails,
妄想破绽 Broken Delusion,$6.99 ,59.19%,2019-11-01,"8,060","3,043",single only,妄想破绽 Broken Delusion,,,0,,storesearch+appdetails,
Goblin Cleanup,$19.99 ,85.40%,2025-09-01,"27,567","3,042",mixed,Goblin Cleanup,,,0,,storesearch+appdetails,
Catch a Falling Star,$1.99 ,68.99%,2016-03-01,300,"3,013",single only,Catch a Falling Star,,,0,,storesearch+appdetails,
hack_me 2,$5.99 ,66.00%,2017-03-01,"1,143","3,012",single only,hack_me 2,,,0,,storesearch+appdetails,
Space Farmers,$9.99 ,71.10%,2014-04-01,"1,262","3,007",multi only,Space Farmers,,,0,,storesearch+appdetails,
Ancient Guardian,$7.99 ,67.48%,2019-12-01,444,"3,007",single only,Ancient Guardian,,,0,,storesearch+appdetails,
Strike Force Heroes,$19.99 ,78.29%,2023-11-01,"27,060","3,004",mixed,Strike Force Heroes,,,0,,storesearch+appdetails,
Our Wonderful World,$4.99 ,68.24%,2016-11-01,71,"3,002",single only,Our Wonderful World,,,0,,storesearch+appdetails,
Cranium Conundrum,$5.99 ,43.34%,2016-09-01,144,"3,002",mixed,Cranium Conundrum,,,0,,storesearch+appdetails,
Lovely Planet,$5.99 ,86.79%,2014-07-01,"4,985","2,999",single only,Lovely Planet,,,0,,storesearch+appdetails,
Nihilist Simulator,$1.99 ,75.60%,2017-12-01,161,"2,997",single only,Nihilist Simulator,,,0,,storesearch+appdetails,
Dicey Dungeons,$14.99 ,87.08%,2019-08-01,"25,739","2,994",single only,Dicey Dungeons,,,0,,storesearch+appdetails,
Halcyon 6: Starbase Commander,$14.99 ,79.94%,2016-09-01,"23,890","2,988",single only,Halcyon 6: Starbase Commander,,,0,,storesearch+appdetails,
Recettear: An Item Shop's Tale,$19.99 ,92.88%,2010-09-01,"16,789","2,986",single only,Recettear: An Item Shop's Tale,,,0,,storesearch+appdetails,
Caveman World: Mountains of Unga Boonga,$1.99 ,71.82%,2016-04-01,"1,428","2,982",single only,Caveman World: Mountains of Unga Boonga,,,0,,storesearch+appdetails,
CRYPTARK,$14.99 ,79.09%,2017-06-01,"11,966","2,975",mixed,CRYPTARK,,,0,,storesearch+appdetails,
Notes of Soul,$10.80 ,75.89%,2019-01-01,"46,066","2,968",multi only,Notes of Soul,,,0,,storesearch+appdetails,
Pixel Puzzles 2: Anime,$4.99 ,71.49%,2015-03-01,887,"2,960",single only,Pixel Puzzles 2: Anime,,,0,,storesearch+appdetails,
Stone Age Wars,$1.99 ,65.80%,2017-01-01,260,"2,959",single only,Stone Age Wars,,,0,,storesearch+appdetails,
Super Switch,$4.99 ,74.58%,2016-08-01,175,"2,950",single only,Super Switch,,,0,,storesearch+appdetails,
Gatekeeper,$14.99 ,80.86%,2025-08-01,"21,621","2,946",mixed,Gatekeeper,,,0,,storesearch+appdetails,
Gun Rocket,$1.99 ,71.89%,2016-05-01,677,"2,940",mixed,Gun Rocket,,,0,,storesearch+appdetails,
ATOM RPG: Post-apocalyptic indie game,$14.99 ,80.32%,2018-12-01,"67,760","2,938",single only,ATOM RPG: Post-apocalyptic indie game,,,0,,storesearch+appdetails,
Star Chronicles: Delta Quadrant,$1.99 ,58.54%,2015-07-01,248,"2,936",single only,Star Chronicles: Delta Quadrant,,,0,,storesearch+appdetails,
Grim Legends: The Forsaken Bride,$14.99 ,90.71%,2014-02-01,"2,673","2,931",single only,Grim Legends: The Forsaken Bride,,,0,,storesearch+appdetails,
We Were Here Together,$12.99 ,80.79%,2019-10-01,"48,907","2,930",multi only,We Were Here Together,,,0,,storesearch+appdetails,
Idol Manager,$19.99 ,84.45%,2021-07-01,"22,946","2,930",single only,Idol Manager,,,0,,storesearch+appdetails,
Little Fighter 2 Remastered,$15.88 ,74.52%,2025-07-01,"14,787","2,929",mixed,Little Fighter 2 Remastered,,,0,,storesearch+appdetails,
Rivals of Aether,$29.99 ,93.98%,2017-03-01,"60,916","2,922",mixed,Rivals of Aether,,,0,,storesearch+appdetails,
Spelunky,$14.99 ,89.90%,2013-08-01,"28,097","2,919",mixed,Spelunky,,,0,,storesearch+appdetails,
The Night of the Rabbit,$19.99 ,86.01%,2013-05-01,"5,957","2,918",single only,The Night of the Rabbit,,,0,,storesearch+appdetails,
Sixtieth Kilometer,$4.99 ,75.88%,2016-08-01,967,"2,911",single only,Sixtieth Kilometer,,,0,,storesearch+appdetails,
Legend of Mysteria RPG,$1.26 ,68.29%,2015-10-01,"1,162","2,906",single only,Legend of Mysteria RPG,,,0,,storesearch+appdetails,
Death's Life,$2.99 ,67.27%,2016-10-01,284,"2,904",single only,Death's Life,,,0,,storesearch+appdetails,
Expeditions: Viking,$2.99 ,80.53%,2017-04-01,"34,483","2,901",single only,Expeditions: Viking,,,0,,storesearch+appdetails,
Age of History II,$4.99 ,88.30%,2018-11-01,"56,560","2,901",mixed,Age of History II,,,0,,storesearch+appdetails,
Welcome to ParadiZe,$29.99 ,65.04%,2024-02-01,"19,814","2,900",mixed,Welcome to ParadiZe,,,0,,storesearch+appdetails,
Flash Doll,$8.99 ,77.59%,2025-02-01,"3,505","2,899",mixed,Flash Doll,,,0,,storesearch+appdetails,
Full Bore,$14.99 ,78.34%,2014-05-01,"1,453","2,892",single only,Full Bore,,,0,,storesearch+appdetails,
Rhythm Doctor,$19.99 ,96.00%,2025-12-01,"45,131","2,892",mixed,Rhythm Doctor,,,0,,storesearch+appdetails,
Tequila Zombies 3,$2.99 ,66.54%,2017-04-01,296,"2,891",single only,Tequila Zombies 3,,,0,,storesearch+appdetails,
Void Bastards,$29.99 ,83.13%,2019-05-01,"39,279","2,886",single only,Void Bastards,,,0,,storesearch+appdetails,
Indivisible,$19.99 ,69.31%,2019-10-01,"40,926","2,883",mixed,Indivisible,,,0,,storesearch+appdetails,
Frederic: Evil Strikes Back,$7.99 ,81.09%,2014-05-01,852,"2,882",single only,Frederic: Evil Strikes Back,,,0,,storesearch+appdetails,
Call to Arms,$14.99 ,77.95%,2018-04-01,"98,510","2,882",mixed,Call to Arms,,,0,,storesearch+appdetails,
Golf It!,$8.99 ,88.67%,2023-08-01,"37,339","2,877",mixed,Golf It!,,,0,,storesearch+appdetails,
Merlin adventurer store,$2.99 ,75.45%,2016-12-01,407,"2,875",single only,Merlin adventurer store,,,0,,storesearch+appdetails,
Shovel Knight: Treasure Trove,$39.99 ,93.19%,2014-06-01,"61,419","2,875",mixed,Shovel Knight: Treasure Trove,,,0,,storesearch+appdetails,
Hand of Fate 2,$29.99 ,81.81%,2017-11-01,"60,414","2,873",single only,Hand of Fate 2,,,0,,storesearch+appdetails,
Campfire: One of Us Is the Killer,$4.99 ,58.03%,2016-12-01,382,"2,870",multi only,Campfire: One of Us Is the Killer,,,0,,storesearch+appdetails,
Quiplash,$9.99 ,85.76%,2015-06-01,"7,556","2,855",multi only,Quiplash,,,0,,storesearch+appdetails,
Relic Hunters Legend,$19.99 ,66.92%,2025-08-01,"31,138","2,847",mixed,Relic Hunters Legend,,,0,,storesearch+appdetails,
Defend The Highlands,$4.99 ,73.66%,2015-11-01,700,"2,844",single only,Defend The Highlands,,,0,,storesearch+appdetails,
Dungeons: The Eye of Draconus,$2.99 ,46.72%,2014-08-01,331,"2,840",mixed,Dungeons: The Eye of Draconus,,,0,,storesearch+appdetails,
The Mean Greens - Plastic Warfare,$9.99 ,79.59%,2015-12-01,"38,218","2,836",multi only,The Mean Greens - Plastic Warfare,,,0,,storesearch+appdetails,
West of Loathing,$10.99 ,94.72%,2017-08-01,"33,766","2,835",single only,West of Loathing,,,0,,storesearch+appdetails,
Mycopunk,$14.99 ,85.76%,2025-07-01,"21,620","2,832",mixed,Mycopunk,,,0,,storesearch+appdetails,
Where's My Helmet?,$29.99 ,65.55%,2016-05-01,322,"2,830",single only,Where's My Helmet?,,,0,,storesearch+appdetails,
Trivia Night,$4.99 ,59.52%,2022-05-01,215,"2,829",mixed,Trivia Night,,,0,,storesearch+appdetails,
Greedland,$12.63 ,81.00%,2025-09-01,"15,189","2,818",mixed,Greedland,,,0,,storesearch+appdetails,
Life is Hard,$9.99 ,60.52%,2021-08-01,"5,442","2,816",single only,Life is Hard,,,0,,storesearch+appdetails,
The Henry Stickmin Collection,$14.99 ,96.85%,2020-08-01,"52,409","2,812",single only,The Henry Stickmin Collection,,,0,,storesearch+appdetails,
Cataegis : The White Wind,$4.99 ,74.03%,2015-09-01,344,"2,809",single only,Cataegis : The White Wind,,,0,,storesearch+appdetails,
SteamWorld Dig,$3.00 ,90.93%,2013-12-01,"12,306","2,805",single only,SteamWorld Dig,,,0,,storesearch+appdetails,
Stick It to the Stickman,$4.99 ,94.03%,2025-08-01,"20,896","2,800",mixed,Stick It to the Stickman,,,0,,storesearch+appdetails,
Otaku's Adventure,$6.99 ,91.86%,2019-05-01,"21,330","2,792",single only,Otaku's Adventure,,,0,,storesearch+appdetails,
Galagan's Island: Reprymian Rising,$4.99 ,73.69%,2015-06-01,228,"2,788",mixed,Galagan's Island: Reprymian Rising,,,0,,storesearch+appdetails,
Killsquad,$29.99 ,68.54%,2019-07-01,"31,511","2,784",mixed,Killsquad,,,0,,storesearch+appdetails,
Little Big Workshop,$19.99 ,80.63%,2019-10-01,"24,424","2,774",single only,Little Big Workshop,,,0,,storesearch+appdetails,
Spikit,$1.99 ,75.30%,2016-08-01,174,"2,771",single only,Spikit,,,0,,storesearch+appdetails,
Ship Graveyard Simulator 2,$24.99 ,75.30%,2023-08-01,"17,765","2,765",mixed,Ship Graveyard Simulator 2,,,0,,storesearch+appdetails,
Shatter,$1.99 ,88.53%,2010-03-01,"1,882","2,761",mixed,Shatter,,,0,,storesearch+appdetails,
Nanobots,$3.99 ,57.82%,2016-03-01,147,"2,759",single only,Nanobots,,,0,,storesearch+appdetails,
Astro Colony,$19.99 ,79.49%,2022-11-01,"33,241","2,751",mixed,Astro Colony,,,0,,storesearch+appdetails,
Atomic Reconstruction,$1.99 ,68.93%,2016-09-01,180,"2,749",single only,Atomic Reconstruction,,,0,,storesearch+appdetails,
Anna's Quest,$19.99 ,84.35%,2015-07-01,"5,520","2,749",single only,Anna's Quest,,,0,,storesearch+appdetails,
"Warhammer 40,000: Mechanicus",$29.99 ,88.94%,2018-11-01,"47,696","2,748",single only,"Warhammer 40,000: Mechanicus",,,0,,storesearch+appdetails,
The Jackbox Party Pack 5,$29.99 ,89.63%,2018-10-01,"8,950","2,748",mixed,The Jackbox Party Pack 5,,,0,,storesearch+appdetails,
Nihilumbra,$7.99 ,84.97%,2013-09-01,"10,201","2,740",single only,Nihilumbra,,,0,,storesearch+appdetails,
Solar 2,$9.99 ,86.90%,2011-06-01,"4,017","2,739",single only,Solar 2,,,0,,storesearch+appdetails,
Thimbleweed Park™,$19.99 ,89.52%,2017-03-01,"25,899","2,733",single only,Thimbleweed Park™,,,0,,storesearch+appdetails,
Lords of the Black Sun,$24.99 ,24.96%,2014-09-01,"1,752","2,730",mixed,Lords of the Black Sun,,,0,,storesearch+appdetails,
The Lost Crown,$9.99 ,77.96%,2008-07-01,"1,403","2,729",single only,The Lost Crown,,,0,,storesearch+appdetails,
Infinitum,$4.99 ,76.31%,2017-01-01,198,"2,728",single only,Infinitum,,,0,,storesearch+appdetails,
CUBOTS The Origins,$2.99 ,64.75%,2017-08-01,515,"2,727",single only,CUBOTS The Origins,,,0,,storesearch+appdetails,
Guacamelee! Super Turbo Championship Edition,$14.99 ,89.51%,2014-08-01,"8,919","2,723",mixed,Guacamelee! Super Turbo Championship Edition,,,0,,storesearch+appdetails,
Mordheim: City of the Damned,$19.99 ,68.97%,2015-11-01,"77,250","2,715",mixed,Mordheim: City of the Damned,,,0,,storesearch+appdetails,
Royal Defense,$14.99 ,68.28%,2014-11-01,518,"2,713",single only,Royal Defense,,,0,,storesearch+appdetails,
Strategic War in Europe,$5.99 ,49.06%,2014-03-01,819,"2,713",mixed,Strategic War in Europe,,,0,,storesearch+appdetails,
Machine Learning: Episode I,$4.99 ,68.52%,2016-09-01,401,"2,706",single only,Machine Learning: Episode I,,,0,,storesearch+appdetails,
Chompy Chomp Chomp,$1.99 ,66.92%,2014-05-01,408,"2,705",mixed,Chompy Chomp Chomp,,,0,,storesearch+appdetails,
Shadowrun: Dragonfall - Director's Cut,$14.99 ,86.57%,2014-09-01,"35,453","2,703",single only,Shadowrun: Dragonfall - Director's Cut,,,0,,storesearch+appdetails,
Child of Light,$14.99 ,89.12%,2014-04-01,"49,620","2,696",mixed,Child of Light,,,0,,storesearch+appdetails,
The Life Of Greather,$1.99 ,58.41%,2016-08-01,211,"2,684",single only,The Life Of Greather,,,0,,storesearch+appdetails,
Lost Crew,$1.99 ,73.87%,2016-09-01,226,"2,681",single only,Lost Crew,,,0,,storesearch+appdetails,
Satellite Repairman,$1.99 ,63.73%,2017-02-01,493,"2,676",single only,Satellite Repairman,,,0,,storesearch+appdetails,
Democracy 3,$24.99 ,72.57%,2013-10-01,"27,852","2,674",single only,Democracy 3,,,0,,storesearch+appdetails,
Project Hospital,$24.99 ,86.36%,2018-10-01,"68,388","2,673",single only,Project Hospital,,,0,,storesearch+appdetails,
Lethal League Blaze,$19.99 ,93.66%,2018-10-01,"22,408","2,673",mixed,Lethal League Blaze,,,0,,storesearch+appdetails,
G2 Fighter / 基因特工,$15.99 ,75.93%,2019-08-01,"13,467","2,670",mixed,G2 Fighter / 基因特工,,,0,,storesearch+appdetails,
Dust: An Elysian Tail,$14.99 ,92.85%,2013-05-01,"26,516","2,669",single only,Dust: An Elysian Tail,,,0,,storesearch+appdetails,
Heroes of Hammerwatch,$14.99 ,85.20%,2018-03-01,"36,025","2,662",mixed,Heroes of Hammerwatch,,,0,,storesearch+appdetails,
Trine Enchanted Edition,$14.99 ,93.20%,2009-07-01,"21,468","2,659",mixed,Trine Enchanted Edition,,,0,,storesearch+appdetails,
Clustertruck,$14.99 ,91.24%,2016-09-01,"64,176","2,658",single only,Clustertruck,,,0,,storesearch+appdetails,
Chowderchu,$2.99 ,56.09%,2016-01-01,122,"2,651",single only,Chowderchu,,,0,,storesearch+appdetails,
Super Hexagon,$2.99 ,94.65%,2012-11-01,"8,114","2,650",single only,Super Hexagon,,,0,,storesearch+appdetails,
Timberman VS,$1.99 ,87.72%,2018-10-01,"1,072","2,649",mixed,Timberman VS,,,0,,storesearch+appdetails,
Epic Battle Fantasy 5,$24.99 ,95.06%,2018-11-01,"19,675","2,648",single only,Epic Battle Fantasy 5,,,0,,storesearch+appdetails,
Gunpoint,$9.99 ,94.81%,2013-06-01,"21,079","2,647",single only,Gunpoint,,,0,,storesearch+appdetails,
Deponia Doomsday,$19.99 ,82.73%,2016-03-01,"16,355","2,644",single only,Deponia Doomsday,,,0,,storesearch+appdetails,
Jumps,$6.99 ,86.57%,2017-03-01,470,"2,642",single only,Jumps,,,0,,storesearch+appdetails,
Primal Carnage,$4.99 ,74.55%,2012-10-01,"34,645","2,631",multi only,Primal Carnage,,,0,,storesearch+appdetails,
Long Live The Queen,$2.99 ,91.76%,2013-11-01,"12,300","2,623",single only,Long Live The Queen,,,0,,storesearch+appdetails,
The Midnight Walkers,$15.99 ,60.44%,2026-01-01,"29,718","2,621",multi only,The Midnight Walkers,,,0,,storesearch+appdetails,
Out There Somewhere,$9.99 ,90.00%,2016-03-01,"7,679","2,615",single only,Out There Somewhere,,,0,,storesearch+appdetails,
Big Pharma,$24.99 ,74.53%,2015-08-01,"25,866","2,614",single only,Big Pharma,,,0,,storesearch+appdetails,
Blackguards,$9.99 ,61.11%,2014-01-01,"9,144","2,609",single only,Blackguards,,,0,,storesearch+appdetails,
Marble Run 2D,$5.99 ,68.53%,2018-02-01,197,"2,602",single only,Marble Run 2D,,,0,,storesearch+appdetails,
Level Zero: Extraction,$19.99 ,51.21%,2025-01-01,"35,366","2,601",multi only,Level Zero: Extraction,,,0,,storesearch+appdetails,
Kabounce,$14.99 ,87.10%,2018-05-01,"5,945","2,597",mixed,Kabounce,,,0,,storesearch+appdetails,
Ice Lakes,$14.99 ,82.13%,2016-04-01,"10,586","2,595",mixed,Ice Lakes,,,0,,storesearch+appdetails,
Face It - A game to fight inner demons,$3.99 ,72.43%,2017-06-01,"1,193","2,594",single only,Face It - A game to fight inner demons,,,0,,storesearch+appdetails,
Empathy: Path of Whispers,$19.99 ,57.95%,2017-05-01,"2,737","2,591",single only,Empathy: Path of Whispers,,,0,,storesearch+appdetails,
Re:Legend,$24.99 ,54.92%,2019-08-01,"18,632","2,589",mixed,Re:Legend,,,0,,storesearch+appdetails,
Cannons-Defenders: Steam Edition,$4.99 ,63.70%,2017-04-01,129,"2,585",single only,Cannons-Defenders: Steam Edition,,,0,,storesearch+appdetails,
Energy Cycle,$2.99 ,65.71%,2016-01-01,334,"2,585",single only,Energy Cycle,,,0,,storesearch+appdetails,
Yet Another Zombie Defense HD,$3.99 ,80.84%,2017-08-01,"9,989","2,573",mixed,Yet Another Zombie Defense HD,,,0,,storesearch+appdetails,
The Final Take,$1.99 ,62.55%,2016-06-01,683,"2,571",single only,The Final Take,,,0,,storesearch+appdetails,
FEZ,$9.99 ,90.35%,2013-05-01,"23,881","2,571",single only,FEZ,,,0,,storesearch+appdetails,
NEKOPARA Vol. 3,$9.99 ,94.13%,2017-05-01,"53,080","2,571",single only,NEKOPARA Vol. 3,,,0,,storesearch+appdetails,
Chip,$4.99 ,79.20%,2014-04-01,563,"2,569",single only,Chip,,,0,,storesearch+appdetails,
Putrefaction,$2.99 ,66.68%,2015-08-01,945,"2,561",single only,Putrefaction,,,0,,storesearch+appdetails,
Hero,$4.99 ,68.01%,2017-02-01,538,"2,560",single only,Hero,,,0,,storesearch+appdetails,
Redactem,$4.99 ,65.02%,2016-08-01,420,"2,558",single only,Redactem,,,0,,storesearch+appdetails,
Ostalgie: The Berlin Wall,$5.99 ,86.96%,2018-03-01,"2,729","2,548",single only,Ostalgie: The Berlin Wall,,,0,,storesearch+appdetails,
The Underground Man,$1.99 ,76.28%,2016-09-01,"7,526","2,542",single only,The Underground Man,,,0,,storesearch+appdetails,
Death's Gambit: Afterlife,$19.99 ,78.95%,2018-08-01,"58,645","2,538",single only,Death's Gambit: Afterlife,,,0,,storesearch+appdetails,
The Wild Eight,$24.99 ,66.50%,2019-10-01,"153,134","2,538",mixed,The Wild Eight,,,0,,storesearch+appdetails,
GRIS,$14.99 ,94.64%,2018-12-01,"134,308","2,535",single only,GRIS,,,0,,storesearch+appdetails,
Tisnart Tiles,$9.99 ,71.44%,2015-08-01,113,"2,532",single only,Tisnart Tiles,,,0,,storesearch+appdetails,
A Few Quick Matches,$6.99 ,81.42%,2025-08-01,"7,141","2,529",mixed,A Few Quick Matches,,,0,,storesearch+appdetails,
Whispering Willows,$9.99 ,78.62%,2014-07-01,"5,956","2,527",single only,Whispering Willows,,,0,,storesearch+appdetails,
The Sheltered,$4.99 ,59.71%,2015-04-01,262,"2,526",single only,The Sheltered,,,0,,storesearch+appdetails,
Bonny's Adventure,$3.99 ,65.93%,2017-04-01,80,"2,524",single only,Bonny's Adventure,,,0,,storesearch+appdetails,
Prehistoric Kingdom,$29.99 ,86.40%,2022-04-01,"72,784","2,520",single only,Prehistoric Kingdom,,,0,,storesearch+appdetails,
Project Highrise,$19.99 ,82.22%,2016-09-01,"39,959","2,515",single only,Project Highrise,,,0,,storesearch+appdetails,
Polygon Attack,$1.99 ,80.95%,2016-12-01,481,"2,512",single only,Polygon Attack,,,0,,storesearch+appdetails,
Unpacking,$19.99 ,91.44%,2021-11-01,"67,975","2,512",single only,Unpacking,,,0,,storesearch+appdetails,
Flat Kingdom Paper's Cut Edition,$7.99 ,68.40%,2016-04-01,"1,212","2,509",single only,Flat Kingdom Paper's Cut Edition,,,0,,storesearch+appdetails,
We Are The Dwarves,$14.99 ,67.60%,2016-02-01,"9,744","2,508",mixed,We Are The Dwarves,,,0,,storesearch+appdetails,
Renown,$24.99 ,59.67%,2025-09-01,"32,650","2,507",multi only,Renown,,,0,,storesearch+appdetails,
Pit People®,$19.99 ,90.01%,2018-03-01,"79,149","2,504",mixed,Pit People®,,,0,,storesearch+appdetails,
Inside My Radio,$14.99 ,82.01%,2015-05-01,"1,911","2,499",single only,Inside My Radio,,,0,,storesearch+appdetails,
BuildMoreCubes,$4.99 ,67.15%,2016-11-01,207,"2,490",single only,BuildMoreCubes,,,0,,storesearch+appdetails,
Victor Vran ARPG,$19.99 ,83.15%,2015-07-01,"48,024","2,485",mixed,Victor Vran ARPG,,,0,,storesearch+appdetails,
Barro F,$1.14 ,80.71%,2020-02-01,"1,129","2,484",mixed,Barro F,,,0,,storesearch+appdetails,
E.Y.E: Divine Cybermancy,$9.99 ,82.22%,2011-07-01,"19,686","2,481",mixed,E.Y.E: Divine Cybermancy,,,0,,storesearch+appdetails,
Hungry Flame,$29.99 ,65.99%,2017-03-01,228,"2,477",single only,Hungry Flame,,,0,,storesearch+appdetails,
A SECOND BEFORE US,$3.99 ,55.70%,2017-05-01,442,"2,473",single only,A SECOND BEFORE US,,,0,,storesearch+appdetails,
The Wonderful End of the World,$9.99 ,74.81%,2008-01-01,375,"2,454",single only,The Wonderful End of the World,,,0,,storesearch+appdetails,
Door Kickers: Action Squad,$13.99 ,92.04%,2018-09-01,"27,002","2,454",mixed,Door Kickers: Action Squad,,,0,,storesearch+appdetails,
Carton,$29.99 ,63.64%,2016-10-01,256,"2,452",single only,Carton,,,0,,storesearch+appdetails,
Tetropunk,$4.99 ,72.72%,2017-12-01,155,"2,446",single only,Tetropunk,,,0,,storesearch+appdetails,
CryptoMoneya,$1.99 ,64.73%,2017-09-01,996,"2,441",single only,CryptoMoneya,,,0,,storesearch+appdetails,
Serious Sam 3: BFE,$29.99 ,86.54%,2011-11-01,"39,867","2,439",mixed,Serious Sam 3: BFE,,,0,,storesearch+appdetails,
Astral Ascent,$24.99 ,91.75%,2023-11-01,"27,528","2,432",mixed,Astral Ascent,,,0,,storesearch+appdetails,
Salt and Sanctuary,$17.99 ,87.40%,2016-05-01,"82,645","2,430",mixed,Salt and Sanctuary,,,0,,storesearch+appdetails,
Slash It Ultimate,$29.99 ,67.39%,2017-07-01,986,"2,429",single only,Slash It Ultimate,,,0,,storesearch+appdetails,
Robothorium,$14.99 ,66.94%,2019-01-01,"6,834","2,426",mixed,Robothorium,,,0,,storesearch+appdetails,
Puzzle Cube,$1.99 ,71.89%,2016-10-01,196,"2,416",single only,Puzzle Cube,,,0,,storesearch+appdetails,
Deponia,$9.99 ,84.93%,2012-08-01,"11,812","2,409",single only,Deponia,,,0,,storesearch+appdetails,
The Odyssey: Winds of Athena,$4.99 ,65.49%,2015-11-01,804,"2,408",single only,The Odyssey: Winds of Athena,,,0,,storesearch+appdetails,
Space Pilgrim Episode IV: Sol,$1.99 ,82.79%,2016-03-01,687,"2,402",single only,Space Pilgrim Episode IV: Sol,,,0,,storesearch+appdetails,
City Car Driving,$24.99 ,81.06%,2016-11-01,"67,189","2,399",single only,City Car Driving,,,0,,storesearch+appdetails,
Blackguards 2,$9.99 ,64.49%,2015-01-01,"7,887","2,398",single only,Blackguards 2,,,0,,storesearch+appdetails,
Rebound,$1.99 ,69.44%,2016-04-01,51,"2,396",single only,Rebound,,,0,,storesearch+appdetails,
Machine Made: Rebirth,$4.99 ,72.43%,2017-10-01,370,"2,395",single only,Machine Made: Rebirth,,,0,,storesearch+appdetails,
Wretch: Divine Ascent,$14.99 ,76.64%,2025-11-01,"4,632","2,393",mixed,Wretch: Divine Ascent,,,0,,storesearch+appdetails,
Faerie Solitaire,$14.99 ,86.91%,2010-09-01,"1,224","2,389",single only,Faerie Solitaire,,,0,,storesearch+appdetails,
Frederic: Resurrection of Music,$2.99 ,82.24%,2014-05-01,816,"2,387",single only,Frederic: Resurrection of Music,,,0,,storesearch+appdetails,
Pilam Sky,$3.99 ,69.43%,2018-02-01,144,"2,386",mixed,Pilam Sky,,,0,,storesearch+appdetails,
Energy Balance,$2.99 ,65.28%,2015-07-01,274,"2,378",single only,Energy Balance,,,0,,storesearch+appdetails,
Divide By Sheep,$4.99 ,86.99%,2015-07-01,"1,831","2,378",single only,Divide By Sheep,,,0,,storesearch+appdetails,
SolarGun,$7.99 ,77.30%,2017-07-01,256,"2,376",single only,SolarGun,,,0,,storesearch+appdetails,
Inmates,$9.99 ,58.30%,2017-10-01,"1,726","2,373",single only,Inmates,,,0,,storesearch+appdetails,
Antichamber,$19.99 ,92.72%,2013-01-01,"19,334","2,369",single only,Antichamber,,,0,,storesearch+appdetails,
Edna & Harvey: Harvey's New Eyes,$19.99 ,85.30%,2012-10-01,"3,935","2,368",single only,Edna & Harvey: Harvey's New Eyes,,,0,,storesearch+appdetails,
Shard Games,$7.99 ,40.35%,2016-07-01,220,"2,367",multi only,Shard Games,,,0,,storesearch+appdetails,
One Step From Eden,$19.99 ,90.38%,2020-03-01,"33,150","2,360",mixed,One Step From Eden,,,0,,storesearch+appdetails,
The Last Tinker™: City of Colors,$19.99 ,77.25%,2014-05-01,"2,344","2,358",single only,The Last Tinker™: City of Colors,,,0,,storesearch+appdetails,
Blockland,$9.99 ,71.65%,2007-02-01,"20,127","2,358",mixed,Blockland,,,0,,storesearch+appdetails,
Patch Quest,$14.99 ,89.50%,2023-03-01,"10,270","2,356",mixed,Patch Quest,,,0,,storesearch+appdetails,
Brother Wings,$19.99 ,60.82%,2017-01-01,115,"2,351",single only,Brother Wings,,,0,,storesearch+appdetails,
Labyronia RPG,$1.26 ,72.67%,2015-08-01,"2,978","2,350",single only,Labyronia RPG,,,0,,storesearch+appdetails,
Munin,$4.99 ,77.77%,2014-06-01,"1,864","2,349",single only,Munin,,,0,,storesearch+appdetails,
EGG RAIDERS,$4.99 ,21.92%,2024-10-01,"2,956","2,349",mixed,EGG RAIDERS,,,0,,storesearch+appdetails,
Sunless Skies: Sovereign Edition,$24.99 ,81.47%,2019-01-01,"29,296","2,344",single only,Sunless Skies: Sovereign Edition,,,0,,storesearch+appdetails,
Dead Synchronicity: Tomorrow Comes Today,$9.99 ,79.83%,2015-04-01,"5,017","2,339",single only,Dead Synchronicity: Tomorrow Comes Today,,,0,,storesearch+appdetails,
Decay: The Mare,$4.99 ,73.54%,2015-02-01,"3,356","2,338",single only,Decay: The Mare,,,0,,storesearch+appdetails,
Freedom Fighter,$4.99 ,62.38%,2017-05-01,106,"2,337",single only,Freedom Fighter,,,0,,storesearch+appdetails,
The Jackbox Party Pack 9,$29.99 ,78.91%,2022-10-01,"4,915","2,337",mixed,The Jackbox Party Pack 9,,,0,,storesearch+appdetails,
Detention,$11.99 ,80.56%,2017-01-01,"55,406","2,335",single only,Detention,,,0,,storesearch+appdetails,
Colortone,$6.99 ,66.44%,2015-10-01,"1,612","2,333",single only,Colortone,,,0,,storesearch+appdetails,
Fraymakers,$19.99 ,74.91%,2023-01-01,"13,537","2,333",mixed,Fraymakers,,,0,,storesearch+appdetails,
Labyronia RPG 2,$1.26 ,72.32%,2015-08-01,"1,653","2,325",single only,Labyronia RPG 2,,,0,,storesearch+appdetails,
Ship of Fools,$21.99 ,79.51%,2022-11-01,"32,450","2,324",mixed,Ship of Fools,,,0,,storesearch+appdetails,
The Cave,$14.99 ,84.00%,2013-01-01,"14,748","2,320",mixed,The Cave,,,0,,storesearch+appdetails,
Last Floor,$9.99 ,67.36%,2020-03-01,906,"2,313",single only,Last Floor,,,0,,storesearch+appdetails,
Overcooked,$16.99 ,87.57%,2016-08-01,"96,615","2,313",mixed,Overcooked,,,0,,storesearch+appdetails,
Beyond The Wire,$9.99 ,62.29%,2022-08-01,"41,960","2,312",multi only,Beyond The Wire,,,0,,storesearch+appdetails,
McPixel,$4.99 ,81.39%,2012-09-01,"3,350","2,311",single only,McPixel,,,0,,storesearch+appdetails,
Tiny and Big: Grandpa's Leftovers,$11.99 ,88.20%,2012-06-01,"4,505","2,311",single only,Tiny and Big: Grandpa's Leftovers,,,0,,storesearch+appdetails,
Linked,$3.99 ,85.47%,2017-02-01,221,"2,308",single only,Linked,,,0,,storesearch+appdetails,
Strange Night,$1.00 ,59.01%,2016-07-01,794,"2,299",single only,Strange Night,,,0,,storesearch+appdetails,
BOKURA,$5.49 ,89.09%,2023-08-01,"22,212","2,292",multi only,BOKURA,,,0,,storesearch+appdetails,
Lost Socks: Naughty Brothers,$8.38 ,77.54%,2016-10-01,326,"2,289",single only,Lost Socks: Naughty Brothers,,,0,,storesearch+appdetails,
Mahjong World Contest (麻将),$14.99 ,79.21%,2016-10-01,290,"2,288",single only,Mahjong World Contest (麻将),,,0,,storesearch+appdetails,
Space Pirates And Zombies 2,$19.99 ,76.34%,2017-11-01,"49,181","2,283",single only,Space Pirates And Zombies 2,,,0,,storesearch+appdetails,
Crypt of the NecroDancer,$14.99 ,93.39%,2015-04-01,"81,862","2,282",mixed,Crypt of the NecroDancer,,,0,,storesearch+appdetails,
The Temporal Invasion,$6.99 ,65.84%,2016-07-01,"1,653","2,280",single only,The Temporal Invasion,,,0,,storesearch+appdetails,
Runestone Keeper,$9.99 ,81.21%,2015-03-01,"7,052","2,280",single only,Runestone Keeper,,,0,,storesearch+appdetails,
Dark Arcana: The Carnival,$14.99 ,84.05%,2012-10-01,"1,090","2,280",single only,Dark Arcana: The Carnival,,,0,,storesearch+appdetails,
Go-Go Town!,$24.99 ,90.13%,2024-06-01,"21,063","2,280",mixed,Go-Go Town!,,,0,,storesearch+appdetails,
Choppa (Classic),$1.99 ,72.75%,2017-02-01,175,"2,274",single only,Choppa (Classic),,,0,,storesearch+appdetails,
Soul Gambler,$2.99 ,83.59%,2013-08-01,"1,790","2,273",single only,Soul Gambler,,,0,,storesearch+appdetails,
Rock of Ages 2: Bigger & Boulder™,$4.49 ,82.34%,2017-08-01,"23,506","2,273",mixed,Rock of Ages 2: Bigger & Boulder™,,,0,,storesearch+appdetails,
ROUNDS,$5.99 ,93.35%,2021-04-01,"22,157","2,269",multi only,ROUNDS,,,0,,storesearch+appdetails,
Dark Scavenger,$4.99 ,79.74%,2014-05-01,916,"2,263",single only,Dark Scavenger,,,0,,storesearch+appdetails,
Chill the Piro,$1.99 ,66.33%,2016-04-01,125,"2,261",single only,Chill the Piro,,,0,,storesearch+appdetails,
Steel Division 2,$39.99 ,77.66%,2019-06-01,"66,850","2,260",mixed,Steel Division 2,,,0,,storesearch+appdetails,
Monster Prom 2: Monster Camp,$11.99 ,93.09%,2020-10-01,"16,390","2,252",mixed,Monster Prom 2: Monster Camp,,,0,,storesearch+appdetails,
Jet Racing Extreme: The First Encounter,$3.99 ,69.24%,2015-07-01,"1,003","2,248",mixed,Jet Racing Extreme: The First Encounter,,,0,,storesearch+appdetails,
Skyborn,$14.99 ,83.13%,2014-02-01,"7,337","2,245",single only,Skyborn,,,0,,storesearch+appdetails,
"GO AWAY, THERE'S KUMIS OVER THERE!",$4.99 ,70.27%,2016-10-01,251,"2,240",single only,"GO AWAY, THERE'S KUMIS OVER THERE!",,,0,,storesearch+appdetails,
Project: Gorgon,$18.74 ,82.65%,2026-01-01,"18,218","2,236",multi only,Project: Gorgon,,,0,,storesearch+appdetails,
Ace Of Words,$4.99 ,62.41%,2016-05-01,196,"2,234",single only,Ace Of Words,,,0,,storesearch+appdetails,
Luminosity,$4.99 ,74.14%,2015-04-01,226,"2,226",single only,Luminosity,,,0,,storesearch+appdetails,
China: Mao's legacy,$6.99 ,86.62%,2019-05-01,"5,085","2,225",single only,China: Mao's legacy,,,0,,storesearch+appdetails,
Masked Shooters 2,$29.99 ,68.01%,2016-01-01,"1,202","2,215",mixed,Masked Shooters 2,,,0,,storesearch+appdetails,
Nidhogg,$9.99 ,87.35%,2014-01-01,"18,038","2,215",mixed,Nidhogg,,,0,,storesearch+appdetails,
Chained Echoes,$24.99 ,86.51%,2022-12-01,"45,698","2,212",single only,Chained Echoes,,,0,,storesearch+appdetails,
风信楼,$11.99 ,90.50%,2021-10-01,"14,293","2,212",single only,风信楼,,,0,,storesearch+appdetails,
Robot Legions Reborn,$2.99 ,69.50%,2016-07-01,156,"2,206",mixed,Robot Legions Reborn,,,0,,storesearch+appdetails,
Overdungeon,$14.99 ,77.01%,2019-08-01,"14,090","2,205",single only,Overdungeon,,,0,,storesearch+appdetails,
Vector Thrust,$3.74 ,48.13%,2015-07-01,"4,252","2,200",mixed,Vector Thrust,,,0,,storesearch+appdetails,
Gomo,$4.99 ,74.20%,2013-12-01,"1,472","2,199",single only,Gomo,,,0,,storesearch+appdetails,
Spellcaster University,$8.74 ,80.22%,2021-06-01,"37,302","2,197",single only,Spellcaster University,,,0,,storesearch+appdetails,
Slash It,$39.99 ,81.23%,2016-12-01,602,"2,196",single only,Slash It,,,0,,storesearch+appdetails,
Fort Defense,$4.49 ,72.49%,2015-05-01,485,"2,193",single only,Fort Defense,,,0,,storesearch+appdetails,
The Adventurer - Episode 1: Beginning of the End,$4.99 ,57.83%,2017-07-01,333,"2,191",single only,The Adventurer - Episode 1: Beginning of the End,,,0,,storesearch+appdetails,
PIXELMAN,$1.99 ,75.72%,2018-02-01,294,"2,191",single only,PIXELMAN,,,0,,storesearch+appdetails,
SKYHILL,$9.99 ,75.96%,2015-10-01,"18,481","2,182",single only,SKYHILL,,,0,,storesearch+appdetails,
Hand of Fate,$19.99 ,86.82%,2015-02-01,"71,517","2,178",single only,Hand of Fate,,,0,,storesearch+appdetails,
VVVVVV,$4.99 ,93.36%,2010-09-01,"7,822","2,174",single only,VVVVVV,,,0,,storesearch+appdetails,
Taimumari: Definitive Edition,$7.99 ,73.16%,2015-12-01,"1,305","2,157",single only,Taimumari: Definitive Edition,,,0,,storesearch+appdetails,
Savage Lands,$3.99 ,54.25%,2021-12-01,"112,773","2,157",mixed,Savage Lands,,,0,,storesearch+appdetails,
Frozen Synapse,$24.99 ,79.77%,2011-05-01,"6,475","2,155",mixed,Frozen Synapse,,,0,,storesearch+appdetails,
The Whispered World Special Edition,$19.99 ,72.82%,2014-05-01,"3,023","2,150",single only,The Whispered World Special Edition,,,0,,storesearch+appdetails,
Nine-Ball Roulette,$3.99 ,84.29%,2025-12-01,"4,570","2,146",multi only,Nine-Ball Roulette,,,0,,storesearch+appdetails,
Reversion - The Meeting (2nd Chapter),$2.49 ,70.05%,2013-03-01,392,"2,145",single only,Reversion - The Meeting (2nd Chapter),,,0,,storesearch+appdetails,
Guns of Icarus Alliance,$4.99 ,73.45%,2017-03-01,"10,029","2,142",multi only,Guns of Icarus Alliance,,,0,,storesearch+appdetails,
Child Phobia: Nightcoming Fears,$1.09 ,66.34%,2016-12-01,175,"2,135",single only,Child Phobia: Nightcoming Fears,,,0,,storesearch+appdetails,
Ookibloks,$1.99 ,78.91%,2015-10-01,151,"2,133",single only,Ookibloks,,,0,,storesearch+appdetails,
Dear RED - Extended,$2.99 ,62.71%,2016-04-01,676,"2,130",single only,Dear RED - Extended,,,0,,storesearch+appdetails,
Little Inferno,$14.99 ,92.35%,2012-11-01,"12,132","2,129",single only,Little Inferno,,,0,,storesearch+appdetails,
The Prism,$4.99 ,67.31%,2015-09-01,298,"2,129",mixed,The Prism,,,0,,storesearch+appdetails,
Dead Drop,$4.99 ,74.01%,2017-04-01,265,"2,128",multi only,Dead Drop,,,0,,storesearch+appdetails,
Freeman: Guerrilla Warfare,$24.99 ,64.46%,2018-02-01,"74,475","2,127",single only,Freeman: Guerrilla Warfare,,,0,,storesearch+appdetails,
Star Boss,$4.99 ,67.48%,2017-11-01,64,"2,127",single only,Star Boss,,,0,,storesearch+appdetails,
Pikuniku,$12.99 ,92.97%,2019-01-01,"23,501","2,123",mixed,Pikuniku,,,0,,storesearch+appdetails,
Species: Unknown,$9.99 ,91.34%,2025-10-01,"21,325","2,121",mixed,Species: Unknown,,,0,,storesearch+appdetails,
Hyposphere,$2.99 ,65.61%,2016-05-01,387,"2,120",single only,Hyposphere,,,0,,storesearch+appdetails,
Bunch of Heroes,$4.99 ,49.13%,2011-09-01,734,"2,115",mixed,Bunch of Heroes,,,0,,storesearch+appdetails,
Project Wingman,$24.99 ,91.61%,2020-12-01,"58,772","2,113",single only,Project Wingman,,,0,,storesearch+appdetails,
Melissa K. and the Heart of Gold Collector's Edition,$9.99 ,68.25%,2014-09-01,750,"2,109",single only,Melissa K. and the Heart of Gold Collector's Edition,,,0,,storesearch+appdetails,
X-Morph: Defense,$19.99 ,88.31%,2017-08-01,"18,738","2,108",mixed,X-Morph: Defense,,,0,,storesearch+appdetails,
Sally Face - Episode One,$2.99 ,95.07%,2016-12-01,"51,499","2,107",single only,Sally Face - Episode One,,,0,,storesearch+appdetails,
Legend Creatures(传奇生物),$4.99 ,86.55%,2020-03-01,"7,446","2,105",single only,Legend Creatures(传奇生物),,,0,,storesearch+appdetails,
Mini Metro,$9.99 ,93.58%,2015-11-01,"53,531","2,104",single only,Mini Metro,,,0,,storesearch+appdetails,
Ratz Instagib,$8.99 ,86.52%,2016-07-01,"5,505","2,102",multi only,Ratz Instagib,,,0,,storesearch+appdetails,
Chime,$4.99 ,87.91%,2010-09-01,463,"2,099",single only,Chime,,,0,,storesearch+appdetails,
Dear Esther: Landmark Edition,$9.99 ,72.86%,2017-02-01,"6,359","2,097",single only,Dear Esther: Landmark Edition,,,0,,storesearch+appdetails,
Grim Legends 2: Song of the Dark Swan,$14.99 ,90.56%,2014-09-01,"2,249","2,090",single only,Grim Legends 2: Song of the Dark Swan,,,0,,storesearch+appdetails,
Take Thy Throne,$1.99 ,65.48%,2016-07-01,969,"2,071",mixed,Take Thy Throne,,,0,,storesearch+appdetails,
Magicians & Looters,$6.99 ,78.22%,2014-07-01,678,"2,069",single only,Magicians & Looters,,,0,,storesearch+appdetails,
GemCraft - Frostborn Wrath,$12.99 ,85.00%,2020-01-01,"5,368","2,063",single only,GemCraft - Frostborn Wrath,,,0,,storesearch+appdetails,
Metamorfose S,$4.99 ,74.96%,2017-07-01,619,"2,059",single only,Metamorfose S,,,0,,storesearch+appdetails,
The Uncertain: Last Quiet Day,$9.99 ,73.92%,2016-09-01,"17,685","2,058",single only,The Uncertain: Last Quiet Day,,,0,,storesearch+appdetails,
Drunken Fight Simulator,$4.99 ,68.52%,2017-01-01,186,"2,058",mixed,Drunken Fight Simulator,,,0,,storesearch+appdetails,
Coma: Mortuary,$5.99 ,55.77%,2014-05-01,796,"2,057",single only,Coma: Mortuary,,,0,,storesearch+appdetails,
Neon Space 2,$29.99 ,66.44%,2016-07-01,364,"2,050",single only,Neon Space 2,,,0,,storesearch+appdetails,
Gnomoria,$14.99 ,73.05%,2016-02-01,"17,307","2,050",single only,Gnomoria,,,0,,storesearch+appdetails,
White Day: A Labyrinth Named School,$29.99 ,78.49%,2017-08-01,"19,222","2,050",single only,White Day: A Labyrinth Named School,,,0,,storesearch+appdetails,
World of Goo,$14.99 ,91.24%,2008-10-01,"10,553","2,045",single only,World of Goo,,,0,,storesearch+appdetails,
STORM AREA 51: AYY LMAO EDITION,$2.99 ,74.27%,2019-09-01,"1,285","2,044",mixed,STORM AREA 51: AYY LMAO EDITION,,,0,,storesearch+appdetails,
Door Kickers,$19.99 ,91.49%,2014-10-01,"54,746","2,041",mixed,Door Kickers,,,0,,storesearch+appdetails,
Move or Die,$14.99 ,87.43%,2016-01-01,"74,636","2,038",mixed,Move or Die,,,0,,storesearch+appdetails,
Ampu-Tea,$4.99 ,60.55%,2014-05-01,605,"2,037",single only,Ampu-Tea,,,0,,storesearch+appdetails,
Anomaly Defenders,$9.99 ,73.56%,2014-05-01,"1,267","2,032",single only,Anomaly Defenders,,,0,,storesearch+appdetails,
Scarab Tales,$4.99 ,77.54%,2015-07-01,155,"2,031",single only,Scarab Tales,,,0,,storesearch+appdetails,
Spandex Force: Champion Rising,$4.99 ,63.76%,2015-06-01,177,"2,027",single only,Spandex Force: Champion Rising,,,0,,storesearch+appdetails,
Kingdom Rush - Tower Defense,$9.99 ,94.70%,2014-01-01,"23,355","2,022",single only,Kingdom Rush - Tower Defense,,,0,,storesearch+appdetails,
Wayout,$1.99 ,83.48%,2016-11-01,"2,709","2,021",single only,Wayout,,,0,,storesearch+appdetails,
Farabel,$9.99 ,68.20%,2016-10-01,"1,366","2,020",single only,Farabel,,,0,,storesearch+appdetails,
Brothers - A Tale of Two Sons,$14.99 ,92.60%,2013-09-01,"46,152","2,019",single only,Brothers - A Tale of Two Sons,,,0,,storesearch+appdetails,
DOKA 2 KISHKI EDITION,$2.99 ,80.96%,2018-11-01,"7,995","2,018",single only,DOKA 2 KISHKI EDITION,,,0,,storesearch+appdetails,
I'm Titanium,$7.99 ,46.68%,2017-07-01,121,"2,017",mixed,I'm Titanium,,,0,,storesearch+appdetails,
Wayout 2: Hex,$1.99 ,80.15%,2017-02-01,"1,467","2,014",single only,Wayout 2: Hex,,,0,,storesearch+appdetails,
Untitled Goose Game,$19.99 ,93.63%,2020-09-01,"123,807","2,014",mixed,Untitled Goose Game,,,0,,storesearch+appdetails,
GRIME,$24.99 ,82.82%,2021-08-01,"27,331","2,012",single only,GRIME,,,0,,storesearch+appdetails,
Ramify,$2.99 ,76.37%,2017-04-01,94,"2,011",single only,Ramify,,,0,,storesearch+appdetails,
Journey of a Roach,$6.99 ,85.39%,2013-11-01,"2,470","2,011",single only,Journey of a Roach,,,0,,storesearch+appdetails,
Deadfall Adventures,$4.99 ,71.12%,2013-11-01,"18,149","2,010",mixed,Deadfall Adventures,,,0,,storesearch+appdetails,
Rivais Em Batalha,$4.99 ,67.69%,2017-01-01,347,"2,009",multi only,Rivais Em Batalha,,,0,,storesearch+appdetails,
Shot Shot Tactic,$5.99 ,45.40%,2016-12-01,448,"2,006",multi only,Shot Shot Tactic,,,0,,storesearch+appdetails,
Square n Fair,$3.99 ,76.48%,2017-01-01,138,"2,001",single only,Square n Fair,,,0,,storesearch+appdetails,
Kingdom Rush Origins - Tower Defense,$14.99 ,92.61%,2018-10-01,"28,428","2,000",single only,Kingdom Rush Origins - Tower Defense,,,0,,storesearch+appdetails,
Binaries,$11.99 ,78.23%,2016-04-01,"1,030","1,998",single only,Binaries,,,0,,storesearch+appdetails,
Fly and Destroy,$4.99 ,57.53%,2016-07-01,305,"1,996",single only,Fly and Destroy,,,0,,storesearch+appdetails,
Dexodonex,$4.99 ,77.44%,2016-12-01,175,"1,992",single only,Dexodonex,,,0,,storesearch+appdetails,
Actual Sunlight,$4.99 ,70.71%,2014-04-01,994,"1,990",single only,Actual Sunlight,,,0,,storesearch+appdetails,
Russian Roads,$1.99 ,64.48%,2018-01-01,177,"1,989",single only,Russian Roads,,,0,,storesearch+appdetails,
Randal's Monday,$19.99 ,75.30%,2014-11-01,"5,595","1,988",single only,Randal's Monday,,,0,,storesearch+appdetails,
Clones,$1.99 ,71.14%,2010-11-01,619,"1,986",mixed,Clones,,,0,,storesearch+appdetails,
Magicite,$9.99 ,82.75%,2014-06-01,"40,287","1,985",mixed,Magicite,,,0,,storesearch+appdetails,
Fake Colours,$14.99 ,76.33%,2015-01-01,296,"1,984",single only,Fake Colours,,,0,,storesearch+appdetails,
Startup Company,$12.99 ,79.26%,2020-04-01,"49,005","1,984",single only,Startup Company,,,0,,storesearch+appdetails,
UnderRail,$14.99 ,83.76%,2015-12-01,"39,199","1,981",single only,UnderRail,,,0,,storesearch+appdetails,
Beholder 2,$17.99 ,84.67%,2018-12-01,"36,113","1,981",single only,Beholder 2,,,0,,storesearch+appdetails,
Chicken Labyrinth Puzzles,$4.99 ,64.83%,2018-03-01,146,"1,980",single only,Chicken Labyrinth Puzzles,,,0,,storesearch+appdetails,
BOKURA: planet,$5.49 ,72.57%,2025-04-01,"4,983","1,976",multi only,BOKURA: planet,,,0,,storesearch+appdetails,
Tooth and Tail,$19.99 ,77.40%,2017-09-01,"57,611","1,975",mixed,Tooth and Tail,,,0,,storesearch+appdetails,
Toadled Classic,$3.99 ,79.24%,2016-09-01,666,"1,973",single only,Toadled Classic,,,0,,storesearch+appdetails,
QuestRun,$2.99 ,55.74%,2014-04-01,387,"1,968",single only,QuestRun,,,0,,storesearch+appdetails,
Moncage,$14.99 ,89.23%,2021-11-01,"27,793","1,965",single only,Moncage,,,0,,storesearch+appdetails,
Sparkle 3 Genesis,$4.99 ,68.36%,2015-04-01,788,"1,964",single only,Sparkle 3 Genesis,,,0,,storesearch+appdetails,
Life is Feudal: Forest Village,$22.48 ,65.18%,2017-05-01,"91,785","1,962",single only,Life is Feudal: Forest Village,,,0,,storesearch+appdetails,
SpaceChem,$4.99 ,88.90%,2011-03-01,"9,070","1,962",single only,SpaceChem,,,0,,storesearch+appdetails,
Valdis Story: Abyssal City,$14.99 ,80.78%,2013-09-01,"13,315","1,959",single only,Valdis Story: Abyssal City,,,0,,storesearch+appdetails,
Wurm Unlimited,$29.99 ,69.49%,2015-10-01,"49,863","1,958",mixed,Wurm Unlimited,,,0,,storesearch+appdetails,
Tower Wars,$7.99 ,69.92%,2012-08-01,"9,591","1,956",mixed,Tower Wars,,,0,,storesearch+appdetails,
! That Bastard Is Trying To Steal Our Gold !,$2.99 ,64.70%,2016-03-01,163,"1,951",single only,! That Bastard Is Trying To Steal Our Gold !,,,0,,storesearch+appdetails,
Meta Ghost: Breaking Show,$17.99 ,66.36%,2024-04-01,"7,028","1,950",mixed,Meta Ghost: Breaking Show,,,0,,storesearch+appdetails,
Blast-off,$2.98 ,81.20%,2018-01-01,437,"1,948",single only,Blast-off,,,0,,storesearch+appdetails,
Juicy Realm,$9.99 ,84.58%,2018-05-01,"15,831","1,944",mixed,Juicy Realm,,,0,,storesearch+appdetails,
Clone Drone in the Danger Zone,$19.99 ,94.30%,2021-07-01,"33,486","1,944",mixed,Clone Drone in the Danger Zone,,,0,,storesearch+appdetails,
Wizard of Legend 2,$24.99 ,54.90%,2025-06-01,"29,015","1,942",mixed,Wizard of Legend 2,,,0,,storesearch+appdetails,
Anomaly: Warzone Earth,$9.99 ,84.07%,2011-04-01,"2,607","1,941",single only,Anomaly: Warzone Earth,,,0,,storesearch+appdetails,
Nuclear Throne,$11.99 ,93.71%,2015-12-01,"53,666","1,941",mixed,Nuclear Throne,,,0,,storesearch+appdetails,
Byte Family,$4.99 ,76.92%,2016-10-01,108,"1,936",single only,Byte Family,,,0,,storesearch+appdetails,
Bang Bang Barrage,$7.99 ,90.17%,2025-08-01,"3,284","1,934",mixed,Bang Bang Barrage,,,0,,storesearch+appdetails,
CrazyCars3D,$2.99 ,64.95%,2016-03-01,428,"1,933",mixed,CrazyCars3D,,,0,,storesearch+appdetails,
Anomaly Korea,$4.99 ,74.47%,2013-11-01,891,"1,932",single only,Anomaly Korea,,,0,,storesearch+appdetails,
Lethal League,$13.99 ,91.00%,2014-08-01,"24,182","1,929",mixed,Lethal League,,,0,,storesearch+appdetails,
The Banner Saga 2,$24.99 ,86.28%,2016-04-01,"45,230","1,924",single only,The Banner Saga 2,,,0,,storesearch+appdetails,
One Finger Death Punch,$4.99 ,95.33%,2014-03-01,"14,245","1,921",single only,One Finger Death Punch,,,0,,storesearch+appdetails,
Westboro,$3.99 ,65.02%,2017-04-01,"2,414","1,920",single only,Westboro,,,0,,storesearch+appdetails,
Mount & Blade,$9.99 ,89.15%,2008-09-01,"29,433","1,918",single only,Mount & Blade,,,0,,storesearch+appdetails,
Obduction,$29.99 ,77.28%,2016-08-01,"47,318","1,915",single only,Obduction,,,0,,storesearch+appdetails,
Gordian Quest,$19.99 ,85.98%,2022-06-01,"33,068","1,913",mixed,Gordian Quest,,,0,,storesearch+appdetails,
Trepang2,$29.99 ,90.91%,2023-06-01,"57,608","1,911",single only,Trepang2,,,0,,storesearch+appdetails,
Hellpoint,$34.99 ,71.03%,2020-07-01,"34,457","1,911",mixed,Hellpoint,,,0,,storesearch+appdetails,
Marble Mayhem: Fragile Ball,$1.99 ,65.28%,2015-07-01,699,"1,910",single only,Marble Mayhem: Fragile Ball,,,0,,storesearch+appdetails,
Alter World,$4.99 ,65.05%,2015-05-01,322,"1,908",single only,Alter World,,,0,,storesearch+appdetails,
Bright Memory,$7.99 ,88.39%,2020-03-01,"132,400","1,907",single only,Bright Memory,,,0,,storesearch+appdetails,
The Seeker,$4.99 ,73.16%,2016-09-01,167,"1,905",single only,The Seeker,,,0,,storesearch+appdetails,
The Dark Stone from Mebara,$7.99 ,60.66%,2015-02-01,318,"1,901",single only,The Dark Stone from Mebara,,,0,,storesearch+appdetails,
The Swords of Ditto: Mormo's Curse,$2.99 ,62.15%,2018-04-01,"24,386","1,893",mixed,The Swords of Ditto: Mormo's Curse,,,0,,storesearch+appdetails,
Hiiro,$2.99 ,79.93%,2016-07-01,"2,071","1,892",single only,Hiiro,,,0,,storesearch+appdetails,
The Adventures of Tree,$5.99 ,73.46%,2015-05-01,728,"1,891",single only,The Adventures of Tree,,,0,,storesearch+appdetails,
Star Valor,$24.99 ,85.17%,2022-08-01,"17,092","1,891",single only,Star Valor,,,0,,storesearch+appdetails,
Offspring Fling!,$7.99 ,77.54%,2012-05-01,"1,352","1,889",single only,Offspring Fling!,,,0,,storesearch+appdetails,
Fireworks Mania - An Explosive Simulator,$14.99 ,93.70%,2020-12-01,"13,913","1,889",mixed,Fireworks Mania - An Explosive Simulator,,,0,,storesearch+appdetails,
The Haunting of Billy Classic,$2.99 ,60.28%,2016-02-01,162,"1,886",single only,The Haunting of Billy Classic,,,0,,storesearch+appdetails,
Fearless Fantasy,$6.99 ,71.63%,2014-05-01,"1,140","1,886",single only,Fearless Fantasy,,,0,,storesearch+appdetails,
FEMINAZI: The Triggering,$1.99 ,75.67%,2017-02-01,"1,946","1,882",single only,FEMINAZI: The Triggering,,,0,,storesearch+appdetails,
Winexy,$4.99 ,62.36%,2017-01-01,743,"1,881",single only,Winexy,,,0,,storesearch+appdetails,
Hektor,$9.99 ,60.63%,2015-03-01,"3,628","1,880",single only,Hektor,,,0,,storesearch+appdetails,
Ultimate Arena,$4.99 ,76.24%,2016-08-01,"2,129","1,878",single only,Ultimate Arena,,,0,,storesearch+appdetails,
Old Coin Pusher Friends 2,$3.99 ,83.80%,2023-05-01,"1,594","1,875",mixed,Old Coin Pusher Friends 2,,,0,,storesearch+appdetails,
War of Rights,$29.99 ,86.04%,2018-12-01,"76,327","1,874",multi only,War of Rights,,,0,,storesearch+appdetails,
Cube Runner,$39.99 ,79.16%,2016-12-01,379,"1,871",single only,Cube Runner,,,0,,storesearch+appdetails,
Bionic Dues,$9.99 ,71.93%,2013-10-01,"3,234","1,869",single only,Bionic Dues,,,0,,storesearch+appdetails,
Oh...Sir! The Hollywood Roast,$3.99 ,78.53%,2017-05-01,"1,357","1,868",mixed,Oh...Sir! The Hollywood Roast,,,0,,storesearch+appdetails,
Violett Remastered,$9.99 ,63.68%,2013-12-01,"1,259","1,867",single only,Violett Remastered,,,0,,storesearch+appdetails,
Slavistan,$2.99 ,83.75%,2016-07-01,"1,368","1,861",single only,Slavistan,,,0,,storesearch+appdetails,
Bomb Royale,$4.99 ,59.90%,2024-12-01,184,"1,858",mixed,Bomb Royale,,,0,,storesearch+appdetails,
Pathless Woods,$19.99 ,75.52%,2024-04-01,"15,444","1,857",mixed,Pathless Woods,,,0,,storesearch+appdetails,
Pixel Privateers,$14.99 ,68.12%,2017-02-01,"14,286","1,854",mixed,Pixel Privateers,,,0,,storesearch+appdetails,
Intralism,$2.99 ,83.55%,2016-11-01,"3,936","1,854",mixed,Intralism,,,0,,storesearch+appdetails,
Potatoman Seeks the Troof,$3.99 ,71.23%,2014-12-01,934,"1,852",single only,Potatoman Seeks the Troof,,,0,,storesearch+appdetails,
Stonehearth,$19.99 ,73.92%,2018-07-01,"126,914","1,851",mixed,Stonehearth,,,0,,storesearch+appdetails,
Monster Prom 4: Monster Con,$14.99 ,94.10%,2025-04-01,"9,560","1,839",mixed,Monster Prom 4: Monster Con,,,0,,storesearch+appdetails,
Grimind,$9.99 ,61.55%,2014-02-01,301,"1,838",single only,Grimind,,,0,,storesearch+appdetails,
Rhino's Rage,$4.99 ,46.76%,2015-03-01,151,"1,838",mixed,Rhino's Rage,,,0,,storesearch+appdetails,
HIVESWAP: ACT 2,$14.99 ,82.21%,2020-11-01,"4,711","1,837",single only,HIVESWAP: ACT 2,,,0,,storesearch+appdetails,
Little Walker,$3.73 ,77.90%,2016-04-01,186,"1,836",single only,Little Walker,,,0,,storesearch+appdetails,
Lowglow,$3.99 ,84.00%,2015-12-01,675,"1,826",single only,Lowglow,,,0,,storesearch+appdetails,
Sapiens,$24.99 ,80.49%,2022-07-01,"41,659","1,826",mixed,Sapiens,,,0,,storesearch+appdetails,
Battlepaths,$2.99 ,66.44%,2012-10-01,444,"1,819",single only,Battlepaths,,,0,,storesearch+appdetails,
Omega Crafter,$24.99 ,75.03%,2025-05-01,"13,910","1,819",mixed,Omega Crafter,,,0,,storesearch+appdetails,
Spoids,$4.99 ,66.67%,2017-02-01,131,"1,816",single only,Spoids,,,0,,storesearch+appdetails,
Octodad: Dadliest Catch,$7.49 ,91.32%,2014-01-01,"20,684","1,815",mixed,Octodad: Dadliest Catch,,,0,,storesearch+appdetails,
Electrician Simulator,$17.99 ,77.84%,2022-09-01,"22,594","1,810",single only,Electrician Simulator,,,0,,storesearch+appdetails,
Shutter,$1.99 ,69.78%,2015-04-01,668,"1,809",single only,Shutter,,,0,,storesearch+appdetails,
Anomaly Warzone Earth Mobile Campaign,$4.99 ,74.65%,2013-11-01,736,"1,804",single only,Anomaly Warzone Earth Mobile Campaign,,,0,,storesearch+appdetails,
Bear Haven Nights,$4.99 ,77.78%,2016-01-01,406,"1,802",single only,Bear Haven Nights,,,0,,storesearch+appdetails,
Greenwood the Last Ritual,$2.99 ,58.27%,2017-01-01,330,"1,801",single only,Greenwood the Last Ritual,,,0,,storesearch+appdetails,
Sky Battles,$4.99 ,55.73%,2015-03-01,265,"1,801",mixed,Sky Battles,,,0,,storesearch+appdetails,
NORTH,$1.99 ,61.89%,2016-04-01,755,"1,800",single only,NORTH,,,0,,storesearch+appdetails,
Abyss: The Wraiths of Eden,$14.99 ,85.78%,2012-10-01,"1,800","1,798",single only,Abyss: The Wraiths of Eden,,,0,,storesearch+appdetails,
Finding Hope,$9.99 ,66.88%,2017-01-01,165,"1,795",single only,Finding Hope,,,0,,storesearch+appdetails,
Guild of Dungeoneering Ultimate Edition,$19.99 ,74.31%,2015-07-01,"19,916","1,793",single only,Guild of Dungeoneering Ultimate Edition,,,0,,storesearch+appdetails,
Santa Rockstar,$4.99 ,76.97%,2016-12-01,511,"1,793",single only,Santa Rockstar,,,0,,storesearch+appdetails,
Return of the Obra Dinn,$19.99 ,94.72%,2018-10-01,"80,670","1,792",single only,Return of the Obra Dinn,,,0,,storesearch+appdetails,
Dwarflings,$2.99 ,61.50%,2017-03-01,356,"1,791",single only,Dwarflings,,,0,,storesearch+appdetails,
Fell Seal: Arbiter's Mark,$29.99 ,85.14%,2019-04-01,"36,937","1,791",single only,Fell Seal: Arbiter's Mark,,,0,,storesearch+appdetails,
Timore Inferno,$4.99 ,56.63%,2016-06-01,333,"1,790",single only,Timore Inferno,,,0,,storesearch+appdetails,
Yargis - Space Melee,$2.99 ,56.89%,2015-06-01,374,"1,790",mixed,Yargis - Space Melee,,,0,,storesearch+appdetails,
Sins Of The Demon RPG,$1.99 ,80.13%,2016-05-01,"4,995","1,787",single only,Sins Of The Demon RPG,,,0,,storesearch+appdetails,
Zup! Zero 2,$1.99 ,89.53%,2018-09-01,596,"1,783",single only,Zup! Zero 2,,,0,,storesearch+appdetails,
ISLANDERS,$4.99 ,92.06%,2019-04-01,"49,131","1,783",single only,ISLANDERS,,,0,,storesearch+appdetails,
Eventide: Slavic Fable,$14.99 ,87.25%,2016-01-01,"2,103","1,777",single only,Eventide: Slavic Fable,,,0,,storesearch+appdetails,
Invisible Mind,$4.99 ,73.40%,2016-08-01,177,"1,775",single only,Invisible Mind,,,0,,storesearch+appdetails,
LOVE,$2.99 ,85.75%,2014-02-01,"1,715","1,774",single only,LOVE,,,0,,storesearch+appdetails,
Monster Prom 3: Monster Roadtrip,$11.99 ,92.98%,2022-10-01,"13,110","1,774",mixed,Monster Prom 3: Monster Roadtrip,,,0,,storesearch+appdetails,
Viscera Cleanup Detail,$12.99 ,90.20%,2015-10-01,"66,225","1,773",mixed,Viscera Cleanup Detail,,,0,,storesearch+appdetails,
The Secret Order 2: Masked Intent,$14.99 ,75.93%,2015-11-01,977,"1,772",single only,The Secret Order 2: Masked Intent,,,0,,storesearch+appdetails,
Mr Blaster,$1.99 ,61.00%,2017-07-01,105,"1,770",mixed,Mr Blaster,,,0,,storesearch+appdetails,
HARDCORE MECHA,$19.99 ,80.01%,2019-06-01,"16,047","1,770",mixed,HARDCORE MECHA,,,0,,storesearch+appdetails,
Murder Miners,$2.99 ,83.72%,2014-07-01,"26,944","1,769",mixed,Murder Miners,,,0,,storesearch+appdetails,
Simple Ball: Extended Edition,$1.99 ,68.01%,2016-07-01,139,"1,758",single only,Simple Ball: Extended Edition,,,0,,storesearch+appdetails,
Animal Rivals,$6.99 ,52.92%,2017-04-01,161,"1,758",mixed,Animal Rivals,,,0,,storesearch+appdetails,
Session: Skate Sim,$39.99 ,80.92%,2022-09-01,"35,648","1,757",single only,Session: Skate Sim,,,0,,storesearch+appdetails,
Pixel Puzzles 2: Space,$4.99 ,79.94%,2016-02-01,317,"1,753",single only,Pixel Puzzles 2: Space,,,0,,storesearch+appdetails,
The guard of dungeon,$1.99 ,57.55%,2017-03-01,216,"1,751",single only,The guard of dungeon,,,0,,storesearch+appdetails,
Animal Shelter,$19.99 ,84.33%,2022-03-01,"30,083","1,750",single only,Animal Shelter,,,0,,storesearch+appdetails,
Leap Up no jutsu,$5.99 ,87.01%,2016-12-01,132,"1,748",single only,Leap Up no jutsu,,,0,,storesearch+appdetails,
Second Warfare,$14.99 ,33.33%,2015-06-01,327,"1,748",mixed,Second Warfare,,,0,,storesearch+appdetails,
Trine 4: The Nightmare Prince,$29.99 ,86.59%,2019-10-01,"45,059","1,744",mixed,Trine 4: The Nightmare Prince,,,0,,storesearch+appdetails,
Thea: The Awakening,$19.99 ,83.00%,2015-11-01,"45,194","1,742",single only,Thea: The Awakening,,,0,,storesearch+appdetails,
Eastwood VR,$3.99 ,42.83%,2017-05-01,86,"1,741",mixed,Eastwood VR,,,0,,storesearch+appdetails,
Tales of the Orient: The Rising Sun,$9.99 ,76.86%,2015-02-01,391,"1,739",single only,Tales of the Orient: The Rising Sun,,,0,,storesearch+appdetails,
Aven Colony,$29.99 ,70.28%,2017-07-01,"25,787","1,738",single only,Aven Colony,,,0,,storesearch+appdetails,
Toy Smash Kaboom!,$13.99 ,82.96%,2025-12-01,"2,982","1,732",mixed,Toy Smash Kaboom!,,,0,,storesearch+appdetails,
Three Digits,$1.99 ,68.91%,2015-08-01,192,"1,731",single only,Three Digits,,,0,,storesearch+appdetails,
Voxel Tycoon,$24.99 ,76.30%,2021-04-01,"29,063","1,728",single only,Voxel Tycoon,,,0,,storesearch+appdetails,
Neon Space,$29.99 ,67.85%,2016-05-01,531,"1,726",single only,Neon Space,,,0,,storesearch+appdetails,
Five Nights at Freddy's 2,$7.99 ,91.62%,2014-11-01,"53,925","1,725",single only,Five Nights at Freddy's 2,,,0,,storesearch+appdetails,
Tribloos 2,$4.99 ,77.52%,2013-01-01,304,"1,719",single only,Tribloos 2,,,0,,storesearch+appdetails,
Merchants of Kaidan,$14.99 ,75.02%,2014-11-01,"2,148","1,716",single only,Merchants of Kaidan,,,0,,storesearch+appdetails,
Blair Witch,$5.99 ,77.05%,2019-08-01,"26,497","1,716",single only,Blair Witch,,,0,,storesearch+appdetails,
The Incredible Adventures of Van Helsing II,$14.99 ,67.11%,2014-05-01,"12,258","1,714",mixed,The Incredible Adventures of Van Helsing II,,,0,,storesearch+appdetails,
Tinboy,$4.99 ,59.90%,2015-09-01,296,"1,713",single only,Tinboy,,,0,,storesearch+appdetails,
BitMaster,$2.99 ,60.86%,2016-10-01,463,"1,713",single only,BitMaster,,,0,,storesearch+appdetails,
Nova Drift,$17.99 ,93.13%,2024-08-01,"24,473","1,713",single only,Nova Drift,,,0,,storesearch+appdetails,
Aragami,$19.99 ,87.67%,2016-10-01,"80,067","1,713",mixed,Aragami,,,0,,storesearch+appdetails,
Dreamfall Chapters,$24.99 ,79.72%,2017-07-01,"66,132","1,711",single only,Dreamfall Chapters,,,0,,storesearch+appdetails,
The Juicer,$10.99 ,82.79%,2012-09-01,291,"1,711",single only,The Juicer,,,0,,storesearch+appdetails,
Total Tank Simulator,$19.99 ,77.22%,2020-05-01,"38,723","1,707",single only,Total Tank Simulator,,,0,,storesearch+appdetails,
Father´s Island,$4.99 ,58.80%,2016-06-01,335,"1,706",single only,Father´s Island,,,0,,storesearch+appdetails,
Guacamelee! Gold Edition,$14.99 ,89.97%,2013-08-01,"5,665","1,698",mixed,Guacamelee! Gold Edition,,,0,,storesearch+appdetails,
Gladiator Trainer,$1.99 ,66.52%,2016-11-01,990,"1,695",single only,Gladiator Trainer,,,0,,storesearch+appdetails,
Before the Echo,$4.99 ,82.10%,2011-10-01,808,"1,694",single only,Before the Echo,,,0,,storesearch+appdetails,
Wanda - A Beautiful Apocalypse,$1.99 ,57.18%,2016-06-01,687,"1,693",single only,Wanda - A Beautiful Apocalypse,,,0,,storesearch+appdetails,
Spellbind : Luppe's tale,$4.99 ,65.11%,2016-03-01,126,"1,690",single only,Spellbind : Luppe's tale,,,0,,storesearch+appdetails,
Extremely Powerful Capybaras,$5.99 ,62.02%,2023-12-01,"5,858","1,689",mixed,Extremely Powerful Capybaras,,,0,,storesearch+appdetails,
Millie,$3.99 ,79.01%,2014-04-01,802,"1,688",single only,Millie,,,0,,storesearch+appdetails,
Legend of Dungeon,$9.99 ,70.52%,2013-09-01,"7,700","1,688",mixed,Legend of Dungeon,,,0,,storesearch+appdetails,
Deadlight,$14.99 ,77.01%,2012-10-01,"17,069","1,678",single only,Deadlight,,,0,,storesearch+appdetails,
Ultimate General: Civil War,$29.99 ,86.38%,2017-07-01,"63,389","1,678",single only,Ultimate General: Civil War,,,0,,storesearch+appdetails,
Five Nights at Freddy's 4,$7.99 ,90.61%,2015-07-01,"48,460","1,675",single only,Five Nights at Freddy's 4,,,0,,storesearch+appdetails,
Super Killer Hornet: Resurrection,$2.99 ,60.45%,2014-02-01,308,"1,674",single only,Super Killer Hornet: Resurrection,,,0,,storesearch+appdetails,
GROUND BRANCH,$29.99 ,86.89%,2018-08-01,"111,295","1,674",mixed,GROUND BRANCH,,,0,,storesearch+appdetails,
Avenger Bird,$3.99 ,67.79%,2017-01-01,163,"1,670",single only,Avenger Bird,,,0,,storesearch+appdetails,
Elementary My Dear Majesty!,$1.99 ,68.22%,2013-11-01,245,"1,670",single only,Elementary My Dear Majesty!,,,0,,storesearch+appdetails,
Clockwork Tales: Of Glass and Ink,$14.99 ,87.02%,2013-08-01,"2,010","1,669",single only,Clockwork Tales: Of Glass and Ink,,,0,,storesearch+appdetails,
Leave Me Alone: A Trip To Hell,$1.99 ,70.84%,2016-04-01,295,"1,662",single only,Leave Me Alone: A Trip To Hell,,,0,,storesearch+appdetails,
Crea,$14.99 ,72.64%,2016-06-01,"40,190","1,662",mixed,Crea,,,0,,storesearch+appdetails,
Alice's Patchworks 2,$14.99 ,75.16%,2016-10-01,214,"1,661",single only,Alice's Patchworks 2,,,0,,storesearch+appdetails,
Bloons TD 5,$9.99 ,92.04%,2014-11-01,"15,174","1,660",mixed,Bloons TD 5,,,0,,storesearch+appdetails,
12 Labours of Hercules II: The Cretan Bull,$2.99 ,86.43%,2015-06-01,"1,064","1,655",single only,12 Labours of Hercules II: The Cretan Bull,,,0,,storesearch+appdetails,
Galactic Landing,$1.99 ,56.49%,2016-12-01,96,"1,653",single only,Galactic Landing,,,0,,storesearch+appdetails,
Cat Quest,$12.99 ,91.93%,2017-08-01,"22,731","1,651",single only,Cat Quest,,,0,,storesearch+appdetails,
GONE Fishing,$9.99 ,85.64%,2025-06-01,"8,232","1,651",mixed,GONE Fishing,,,0,,storesearch+appdetails,
The Butterfly Sign,$4.99 ,60.71%,2016-12-01,785,"1,650",single only,The Butterfly Sign,,,0,,storesearch+appdetails,
The Emerald Maiden: Symphony of Dreams,$14.99 ,80.14%,2016-02-01,"1,048","1,650",single only,The Emerald Maiden: Symphony of Dreams,,,0,,storesearch+appdetails,
Hexoscope,$2.99 ,81.03%,2016-08-01,305,"1,650",single only,Hexoscope,,,0,,storesearch+appdetails,
Rogue Heroes: Ruins of Tasos,$19.99 ,75.90%,2021-02-01,"21,030","1,649",mixed,Rogue Heroes: Ruins of Tasos,,,0,,storesearch+appdetails,
No Time to Relax,$13.99 ,87.97%,2019-02-01,"8,593","1,649",mixed,No Time to Relax,,,0,,storesearch+appdetails,
RUSSIA BATTLEGROUNDS,$2.99 ,75.01%,2018-07-01,"16,439","1,646",mixed,RUSSIA BATTLEGROUNDS,,,0,,storesearch+appdetails,
Fishermurs,$4.99 ,64.82%,2017-06-01,"1,554","1,645",mixed,Fishermurs,,,0,,storesearch+appdetails,
Through the Mirror,$4.99 ,74.01%,2017-01-01,116,"1,643",single only,Through the Mirror,,,0,,storesearch+appdetails,
The End Is Nigh,$14.99 ,89.73%,2017-07-01,"18,056","1,641",single only,The End Is Nigh,,,0,,storesearch+appdetails,
Styx: Master of Shadows,$19.99 ,81.18%,2014-10-01,"81,435","1,639",single only,Styx: Master of Shadows,,,0,,storesearch+appdetails,
Cube Land Arena,$1.00 ,59.91%,2016-03-01,291,"1,634",single only,Cube Land Arena,,,0,,storesearch+appdetails,
Day D: Tower Rush,$14.99 ,68.92%,2016-07-01,278,"1,632",single only,Day D: Tower Rush,,,0,,storesearch+appdetails,
Tank Assault X,$1.99 ,58.07%,2017-04-01,112,"1,631",single only,Tank Assault X,,,0,,storesearch+appdetails,
Pine,$24.99 ,71.46%,2019-10-01,"34,523","1,630",single only,Pine,,,0,,storesearch+appdetails,
A Bird Story,$3.99 ,82.75%,2014-11-01,"16,235","1,628",single only,A Bird Story,,,0,,storesearch+appdetails,
Smithy,$4.99 ,70.13%,2016-06-01,179,"1,627",single only,Smithy,,,0,,storesearch+appdetails,
Girl Amazon Survival,$2.99 ,44.69%,2016-08-01,738,"1,625",mixed,Girl Amazon Survival,,,0,,storesearch+appdetails,
Rest House,$4.99 ,35.94%,2020-03-01,264,"1,623",mixed,Rest House,,,0,,storesearch+appdetails,
School Labyrinth,$6.99 ,78.48%,2024-02-01,"2,634","1,620",mixed,School Labyrinth,,,0,,storesearch+appdetails,
Xenonauts,$24.99 ,84.11%,2014-06-01,"30,921","1,619",single only,Xenonauts,,,0,,storesearch+appdetails,
Commander Cool 2,$2.99 ,82.97%,2015-12-01,574,"1,619",mixed,Commander Cool 2,,,0,,storesearch+appdetails,
Fields XY,$3.99 ,71.23%,2017-04-01,95,"1,616",single only,Fields XY,,,0,,storesearch+appdetails,
Reigns,$2.99 ,84.64%,2016-08-01,"23,277","1,612",single only,Reigns,,,0,,storesearch+appdetails,
Weedcraft Inc,$19.99 ,76.93%,2019-04-01,"12,125","1,609",single only,Weedcraft Inc,,,0,,storesearch+appdetails,
Malavision: The Beginning,$4.99 ,57.58%,2016-10-01,356,"1,608",single only,Malavision: The Beginning,,,0,,storesearch+appdetails,
Horizon Shift,$4.99 ,72.27%,2015-05-01,385,"1,608",single only,Horizon Shift,,,0,,storesearch+appdetails,
Weapon Shop Fantasy,$9.99 ,76.18%,2017-02-01,"12,463","1,607",single only,Weapon Shop Fantasy,,,0,,storesearch+appdetails,
Tower Unite,$19.99 ,87.86%,2025-04-01,"47,940","1,603",mixed,Tower Unite,,,0,,storesearch+appdetails,
GemCraft - Chasing Shadows,$9.99 ,91.41%,2015-04-01,"9,211","1,601",single only,GemCraft - Chasing Shadows,,,0,,storesearch+appdetails,
Madness Cubed,$1.99 ,74.96%,2016-05-01,"2,347","1,601",mixed,Madness Cubed,,,0,,storesearch+appdetails,
Sun Blast: Star Fighter,$1.99 ,63.67%,2015-04-01,601,"1,600",single only,Sun Blast: Star Fighter,,,0,,storesearch+appdetails,
Time Mysteries 2: The Ancient Spectres,$14.99 ,57.82%,2011-11-01,679,"1,598",single only,Time Mysteries 2: The Ancient Spectres,,,0,,storesearch+appdetails,
Age of Steel: Recharge,$6.99 ,71.52%,2016-01-01,677,"1,593",single only,Age of Steel: Recharge,,,0,,storesearch+appdetails,
No-brainer Heroes 挂机吧！勇者,$9.99 ,71.85%,2019-11-01,"5,097","1,591",single only,No-brainer Heroes 挂机吧！勇者,,,0,,storesearch+appdetails,
hack_me,$5.99 ,59.06%,2016-11-01,"3,866","1,589",single only,hack_me,,,0,,storesearch+appdetails,
Crown Champion: Legends of the Arena,$4.99 ,76.07%,2016-10-01,"2,106","1,577",single only,Crown Champion: Legends of the Arena,,,0,,storesearch+appdetails,
Geocore,$2.99 ,57.03%,2015-07-01,"1,051","1,577",mixed,Geocore,,,0,,storesearch+appdetails,
FORCED: Slightly Better Edition,$14.99 ,71.87%,2013-10-01,"11,898","1,577",mixed,FORCED: Slightly Better Edition,,,0,,storesearch+appdetails,
King's Guard TD,$4.99 ,56.94%,2016-06-01,306,"1,576",single only,King's Guard TD,,,0,,storesearch+appdetails,
Katana ZERO,$14.99 ,96.34%,2019-04-01,"100,268","1,575",single only,Katana ZERO,,,0,,storesearch+appdetails,
Pankapu,$11.99 ,63.07%,2016-09-01,"5,042","1,572",single only,Pankapu,,,0,,storesearch+appdetails,
Ninja Stealth 2,$4.99 ,66.96%,2017-01-01,275,"1,570",single only,Ninja Stealth 2,,,0,,storesearch+appdetails,
Castle Story,$9.99 ,63.96%,2017-08-01,"37,056","1,565",mixed,Castle Story,,,0,,storesearch+appdetails,
"Cook, Serve, Delicious!",$12.99 ,91.14%,2013-10-01,"6,366","1,560",mixed,"Cook, Serve, Delicious!",,,0,,storesearch+appdetails,
Trianguluv,$1.99 ,76.54%,2017-03-01,172,"1,557",single only,Trianguluv,,,0,,storesearch+appdetails,
A Long Way Down,$17.99 ,63.54%,2020-08-01,"4,020","1,556",single only,A Long Way Down,,,0,,storesearch+appdetails,
Mighty No. 9,$19.99 ,50.20%,2016-06-01,"18,960","1,556",mixed,Mighty No. 9,,,0,,storesearch+appdetails,
The Shadowland,$4.99 ,57.27%,2016-07-01,247,"1,551",single only,The Shadowland,,,0,,storesearch+appdetails,
I am not a Monster: First Contact,$9.08 ,73.51%,2018-09-01,"8,326","1,551",single only,I am not a Monster: First Contact,,,0,,storesearch+appdetails,
Panzer Warfare,$1.99 ,60.13%,2016-08-01,200,"1,551",mixed,Panzer Warfare,,,0,,storesearch+appdetails,
Overture,$4.99 ,72.23%,2015-01-01,"4,892","1,546",single only,Overture,,,0,,storesearch+appdetails,
Inexistence,$2.99 ,63.11%,2016-02-01,"2,017","1,542",single only,Inexistence,,,0,,storesearch+appdetails,
变量 Variables,$10.99 ,82.06%,2019-07-01,"2,631","1,541",single only,变量 Variables,,,0,,storesearch+appdetails,
Five Nights at Freddy's,$4.99 ,92.10%,2014-08-01,"75,096","1,536",single only,Five Nights at Freddy's,,,0,,storesearch+appdetails,
12 Labours of Hercules,$2.99 ,89.86%,2015-03-01,"1,165","1,535",single only,12 Labours of Hercules,,,0,,storesearch+appdetails,
9 Clues: The Secret of Serpent Creek,$14.99 ,85.65%,2013-07-01,"1,369","1,533",single only,9 Clues: The Secret of Serpent Creek,,,0,,storesearch+appdetails,
Baba Is You,$14.99 ,95.44%,2019-03-01,"43,736","1,533",single only,Baba Is You,,,0,,storesearch+appdetails,
Bio Inc. Redemption,$12.99 ,84.82%,2018-03-01,"16,021","1,532",mixed,Bio Inc. Redemption,,,0,,storesearch+appdetails,
Happy Room,$2.49 ,87.03%,2016-12-01,"9,029","1,530",single only,Happy Room,,,0,,storesearch+appdetails,
Bad Rats: the Rats' Revenge,$1.99 ,77.38%,2009-07-01,"3,227","1,529",single only,Bad Rats: the Rats' Revenge,,,0,,storesearch+appdetails,
Subsistence,$13.99 ,70.84%,2016-10-01,"105,225","1,527",mixed,Subsistence,,,0,,storesearch+appdetails,
West Hunt,$9.99 ,80.29%,2023-03-01,"9,141","1,525",mixed,West Hunt,,,0,,storesearch+appdetails,
Jianghu Survivor,$6.99 ,82.69%,2023-06-01,"2,837","1,525",mixed,Jianghu Survivor,,,0,,storesearch+appdetails,
懒人修仙传,$3.99 ,58.84%,2018-11-01,"2,411","1,522",single only,懒人修仙传,,,0,,storesearch+appdetails,
Heckabomb,$5.99 ,60.91%,2015-02-01,295,"1,519",single only,Heckabomb,,,0,,storesearch+appdetails,
PERFECT ANGLE: The puzzle game based on optical illusions,$9.99 ,72.63%,2015-12-01,531,"1,515",single only,PERFECT ANGLE: The puzzle game based on optical illusions,,,0,,storesearch+appdetails,
Bunnyrama,$2.99 ,73.08%,2016-12-01,182,"1,515",single only,Bunnyrama,,,0,,storesearch+appdetails,
Barro 2020,$4.99 ,81.29%,2019-11-01,936,"1,510",mixed,Barro 2020,,,0,,storesearch+appdetails,
Monster Prom,$11.99 ,90.66%,2018-04-01,"34,997","1,510",mixed,Monster Prom,,,0,,storesearch+appdetails,
Lucius,$9.99 ,79.21%,2012-10-01,"13,874","1,509",single only,Lucius,,,0,,storesearch+appdetails,
Automation - The Car Company Tycoon Game,$29.99 ,91.39%,2015-03-01,"69,154","1,508",mixed,Automation - The Car Company Tycoon Game,,,0,,storesearch+appdetails,
Verdict Guilty - 유죄 평결,$4.99 ,80.53%,2016-06-01,"1,379","1,507",mixed,Verdict Guilty - 유죄 평결,,,0,,storesearch+appdetails,
Perfect Heist 2,$9.99 ,89.43%,2021-12-01,"9,650","1,505",mixed,Perfect Heist 2,,,0,,storesearch+appdetails,
Approaching Blocks,$1.99 ,62.21%,2016-06-01,202,"1,501",single only,Approaching Blocks,,,0,,storesearch+appdetails,
Ultimus bellum,$9.99 ,56.10%,2017-11-01,212,"1,500",single only,Ultimus bellum,,,0,,storesearch+appdetails,
Grim Fandango Remastered,$14.99 ,87.94%,2015-01-01,"39,767","1,500",single only,Grim Fandango Remastered,,,0,,storesearch+appdetails,
DungeonUp,$4.99 ,75.43%,2014-11-01,"1,110","1,499",single only,DungeonUp,,,0,,storesearch+appdetails,
Aozora Meikyuu,$4.99 ,74.56%,2016-01-01,"2,918","1,498",single only,Aozora Meikyuu,,,0,,storesearch+appdetails,
Subterra,$1.99 ,61.41%,2017-09-01,947,"1,497",single only,Subterra,,,0,,storesearch+appdetails,
Never Return,$13.99 ,70.95%,2021-08-01,"10,784","1,491",mixed,Never Return,,,0,,storesearch+appdetails,
Tears of a Dragon,$1.99 ,77.09%,2017-07-01,237,"1,490",single only,Tears of a Dragon,,,0,,storesearch+appdetails,
Element TD 2 - Tower Defense,$14.99 ,85.91%,2021-04-01,"12,847","1,490",mixed,Element TD 2 - Tower Defense,,,0,,storesearch+appdetails,
Black Home,$9.99 ,62.23%,2015-08-01,548,"1,489",single only,Black Home,,,0,,storesearch+appdetails,
Space Run,$4.99 ,81.87%,2014-06-01,"5,554","1,488",single only,Space Run,,,0,,storesearch+appdetails,
The Campaign Series: Fall Weiss,$5.99 ,47.49%,2014-05-01,381,"1,488",mixed,The Campaign Series: Fall Weiss,,,0,,storesearch+appdetails,
Colony Survival,$24.95 ,89.28%,2017-06-01,"79,890","1,488",mixed,Colony Survival,,,0,,storesearch+appdetails,
InfiniPicross,$1.99 ,64.21%,2017-03-01,136,"1,484",single only,InfiniPicross,,,0,,storesearch+appdetails,
DeathMetal,$2.99 ,64.83%,2016-11-01,137,"1,482",single only,DeathMetal,,,0,,storesearch+appdetails,
Crying Suns,$24.99 ,83.17%,2019-09-01,"28,962","1,479",single only,Crying Suns,,,0,,storesearch+appdetails,
Dead Man's Draw,$6.99 ,78.68%,2014-02-01,841,"1,478",single only,Dead Man's Draw,,,0,,storesearch+appdetails,
The Deed: Dynasty,$2.99 ,80.25%,2016-05-01,"3,051","1,478",single only,The Deed: Dynasty,,,0,,storesearch+appdetails,
Blastercell,$4.99 ,57.17%,2017-05-01,46,"1,476",single only,Blastercell,,,0,,storesearch+appdetails,
Ion Fury,$24.99 ,88.10%,2019-08-01,"24,600","1,471",single only,Ion Fury,,,0,,storesearch+appdetails,
Ratropolis,$7.19 ,85.35%,2020-12-01,"23,330","1,470",single only,Ratropolis,,,0,,storesearch+appdetails,
CUFFBUST,$9.99 ,55.00%,2025-10-01,"12,242","1,470",mixed,CUFFBUST,,,0,,storesearch+appdetails,
Rise to Ruins,$14.99 ,85.27%,2019-10-01,"51,640","1,469",single only,Rise to Ruins,,,0,,storesearch+appdetails,
Despot's Game: Dystopian Battle Simulator,$19.99 ,81.19%,2022-09-01,"29,596","1,463",mixed,Despot's Game: Dystopian Battle Simulator,,,0,,storesearch+appdetails,
東方憑依華　～ Antinomy of Common Flowers.,$24.99 ,87.03%,2018-01-01,"16,694","1,463",mixed,東方憑依華　～ Antinomy of Common Flowers.,,,0,,storesearch+appdetails,
Solarix,$19.99 ,61.10%,2015-04-01,"4,348","1,459",single only,Solarix,,,0,,storesearch+appdetails,
Oddworld: New 'n' Tasty,$19.99 ,82.64%,2015-02-01,"28,362","1,457",single only,Oddworld: New 'n' Tasty,,,0,,storesearch+appdetails,
9 Clues 2: The Ward,$14.99 ,86.18%,2015-07-01,"1,507","1,449",single only,9 Clues 2: The Ward,,,0,,storesearch+appdetails,
FAR: Lone Sails,$1.49 ,93.08%,2018-05-01,"58,365","1,449",single only,FAR: Lone Sails,,,0,,storesearch+appdetails,
EVERSPACE™,$19.99 ,76.68%,2017-05-01,"117,109","1,448",single only,EVERSPACE™,,,0,,storesearch+appdetails,
Survival Kingdom,$2.99 ,57.75%,2016-10-01,450,"1,445",single only,Survival Kingdom,,,0,,storesearch+appdetails,
ORCS,$1.99 ,76.57%,2016-05-01,690,"1,445",single only,ORCS,,,0,,storesearch+appdetails,
The Vanishing of Ethan Carter,$19.99 ,85.78%,2014-09-01,"73,658","1,443",single only,The Vanishing of Ethan Carter,,,0,,storesearch+appdetails,
Blightbound,$19.99 ,61.88%,2021-07-01,"18,830","1,439",mixed,Blightbound,,,0,,storesearch+appdetails,
Bulby - Diamond Course,$1.99 ,57.18%,2017-01-01,267,"1,438",mixed,Bulby - Diamond Course,,,0,,storesearch+appdetails,
The Walking Dead: Saints & Sinners,$19.99 ,83.62%,2020-01-01,"37,111","1,436",single only,The Walking Dead: Saints & Sinners,,,0,,storesearch+appdetails,
Them's Fightin' Herds,$19.99 ,78.64%,2020-04-01,"17,582","1,436",mixed,Them's Fightin' Herds,,,0,,storesearch+appdetails,
Demon Hunter: Chronicles from Beyond,$14.99 ,61.46%,2014-12-01,707,"1,433",single only,Demon Hunter: Chronicles from Beyond,,,0,,storesearch+appdetails,
Within the blade,$10.99 ,79.91%,2019-08-01,"4,195","1,433",single only,Within the blade,,,0,,storesearch+appdetails,
Teleglitch: Die More Edition,$12.99 ,81.83%,2013-07-01,"7,619","1,431",single only,Teleglitch: Die More Edition,,,0,,storesearch+appdetails,
Songs of Silence,$29.99 ,77.72%,2024-11-01,"28,081","1,430",mixed,Songs of Silence,,,0,,storesearch+appdetails,
The Banner Saga 3,$24.99 ,76.87%,2018-07-01,"18,778","1,428",single only,The Banner Saga 3,,,0,,storesearch+appdetails,
Pid,$19.99 ,80.04%,2012-10-01,"5,240","1,427",mixed,Pid,,,0,,storesearch+appdetails,
Silica,$19.99 ,74.15%,2023-05-01,"64,187","1,425",mixed,Silica,,,0,,storesearch+appdetails,
Rooftops & Alleys: The Parkour Game,$24.99 ,91.88%,2025-06-01,"29,260","1,425",mixed,Rooftops & Alleys: The Parkour Game,,,0,,storesearch+appdetails,
A Demon's Game - Episode 1,$5.99 ,68.21%,2017-02-01,366,"1,423",single only,A Demon's Game - Episode 1,,,0,,storesearch+appdetails,
Paint the Town Red,$19.99 ,93.89%,2021-07-01,"59,344","1,423",mixed,Paint the Town Red,,,0,,storesearch+appdetails,
Ridge,$4.99 ,58.06%,2016-06-01,600,"1,422",single only,Ridge,,,0,,storesearch+appdetails,
Pathologic 2,$34.99 ,89.26%,2019-05-01,"60,497","1,422",single only,Pathologic 2,,,0,,storesearch+appdetails,
Heat,$19.99 ,48.73%,2020-06-01,"26,266","1,422",mixed,Heat,,,0,,storesearch+appdetails,
Intruder,$19.99 ,87.50%,2019-03-01,"27,713","1,421",multi only,Intruder,,,0,,storesearch+appdetails,
Triangle,$1.99 ,64.75%,2017-02-01,87,"1,421",single only,Triangle,,,0,,storesearch+appdetails,
The Barbarian and the Subterranean Caves,$4.99 ,68.84%,2017-02-01,428,"1,417",single only,The Barbarian and the Subterranean Caves,,,0,,storesearch+appdetails,
TaleSpire,$24.99 ,87.44%,2021-04-01,"81,291","1,416",multi only,TaleSpire,,,0,,storesearch+appdetails,
Beans: The Coffee Shop Simulator,$4.99 ,64.64%,2017-06-01,510,"1,416",single only,Beans: The Coffee Shop Simulator,,,0,,storesearch+appdetails,
Sheltered,$14.99 ,79.52%,2016-03-01,"63,853","1,413",single only,Sheltered,,,0,,storesearch+appdetails,
Two Digits,$1.99 ,67.96%,2015-05-01,348,"1,410",single only,Two Digits,,,0,,storesearch+appdetails,
Dead State: Reanimated,$19.99 ,71.04%,2014-12-01,"30,333","1,408",single only,Dead State: Reanimated,,,0,,storesearch+appdetails,
Sparkle 2 Evo,$4.99 ,71.21%,2011-11-01,"1,418","1,408",single only,Sparkle 2 Evo,,,0,,storesearch+appdetails,
寄居隅怪奇事件簿 Hermitage Strange Case Files,$9.99 ,77.71%,2018-11-01,"12,875","1,404",single only,寄居隅怪奇事件簿 Hermitage Strange Case Files,,,0,,storesearch+appdetails,
Frankenstein: Master of Death,$4.99 ,79.89%,2015-03-01,"1,289","1,404",single only,Frankenstein: Master of Death,,,0,,storesearch+appdetails,
Raiders of Blackveil,$19.99 ,51.60%,2025-12-01,"10,530","1,402",mixed,Raiders of Blackveil,,,0,,storesearch+appdetails,
Symploke: Legend of Gustavo Bueno (Chapter 2),$1.99 ,72.22%,2017-12-01,60,"1,401",single only,Symploke: Legend of Gustavo Bueno (Chapter 2),,,0,,storesearch+appdetails,
Mechanic Escape,$4.99 ,80.51%,2014-04-01,515,"1,400",single only,Mechanic Escape,,,0,,storesearch+appdetails,
Thorne - Death Merchants,$9.99 ,76.37%,2016-03-01,"1,419","1,399",single only,Thorne - Death Merchants,,,0,,storesearch+appdetails,
Foresight,$4.99 ,70.88%,2014-11-01,533,"1,399",mixed,Foresight,,,0,,storesearch+appdetails,
Monster Sanctuary,$4.99 ,88.97%,2020-12-01,"48,511","1,397",mixed,Monster Sanctuary,,,0,,storesearch+appdetails,
Rogue'n Roll,$4.99 ,66.27%,2017-02-01,90,"1,395",single only,Rogue'n Roll,,,0,,storesearch+appdetails,
Games&Girls,$1.99 ,69.01%,2017-04-01,"2,149","1,395",single only,Games&Girls,,,0,,storesearch+appdetails,
PuzzleQuest: Challenge of the Warlords,$9.99 ,82.38%,2007-10-01,"2,438","1,392",mixed,PuzzleQuest: Challenge of the Warlords,,,0,,storesearch+appdetails,
OutDrive,$2.99 ,73.74%,2016-02-01,"4,029","1,391",single only,OutDrive,,,0,,storesearch+appdetails,
The Long Journey Home,$9.99 ,58.19%,2017-05-01,"29,226","1,390",single only,The Long Journey Home,,,0,,storesearch+appdetails,
Rise of Industry,$29.99 ,71.26%,2019-05-01,"70,239","1,388",single only,Rise of Industry,,,0,,storesearch+appdetails,
Thorne - Son of Slaves (Ep.2),$9.99 ,76.00%,2016-08-01,803,"1,387",single only,Thorne - Son of Slaves (Ep.2),,,0,,storesearch+appdetails,
The Last Campfire,$14.99 ,95.09%,2021-10-01,"23,001","1,381",single only,The Last Campfire,,,0,,storesearch+appdetails,
Rusty Lake Paradise,$3.99 ,92.05%,2018-01-01,"17,048","1,380",single only,Rusty Lake Paradise,,,0,,storesearch+appdetails,
Barro F22,$1.68 ,79.97%,2022-04-01,341,"1,375",mixed,Barro F22,,,0,,storesearch+appdetails,
Disc Jam,$14.99 ,73.88%,2017-03-01,"10,583","1,374",mixed,Disc Jam,,,0,,storesearch+appdetails,
Rock of Ages,$2.99 ,88.40%,2011-09-01,"8,576","1,371",mixed,Rock of Ages,,,0,,storesearch+appdetails,
Knights of Pen and Paper +1 Edition,$9.99 ,79.70%,2013-06-01,"7,301","1,368",single only,Knights of Pen and Paper +1 Edition,,,0,,storesearch+appdetails,
Touhou Luna Nights,$17.99 ,94.73%,2019-02-01,"50,909","1,368",single only,Touhou Luna Nights,,,0,,storesearch+appdetails,
CAT Interstellar,$9.99 ,69.39%,2017-10-01,"20,790","1,367",single only,CAT Interstellar,,,0,,storesearch+appdetails,
Backseat Drivers,$9.99 ,75.91%,2025-10-01,"10,322","1,366",multi only,Backseat Drivers,,,0,,storesearch+appdetails,
Secret Ponchos,$14.99 ,68.40%,2015-10-01,"7,275","1,365",multi only,Secret Ponchos,,,0,,storesearch+appdetails,
Cheap Golf,$4.99 ,77.79%,2018-11-01,304,"1,365",single only,Cheap Golf,,,0,,storesearch+appdetails,
Barro Racing,$4.99 ,80.14%,2020-09-01,656,"1,355",mixed,Barro Racing,,,0,,storesearch+appdetails,
Dead In Vinland,$19.99 ,74.21%,2018-04-01,"14,562","1,353",single only,Dead In Vinland,,,0,,storesearch+appdetails,
Duke of Alpha Centauri,$29.99 ,72.77%,2016-12-01,437,"1,351",single only,Duke of Alpha Centauri,,,0,,storesearch+appdetails,
The Inevitability,$4.98 ,56.19%,2017-04-01,116,"1,350",single only,The Inevitability,,,0,,storesearch+appdetails,
Heliborne Collection,$29.99 ,72.04%,2017-10-01,"30,650","1,349",mixed,Heliborne Collection,,,0,,storesearch+appdetails,
Thea 2: The Shattering,$24.99 ,75.32%,2019-05-01,"18,170","1,349",mixed,Thea 2: The Shattering,,,0,,storesearch+appdetails,
Blood Ties,$9.99 ,59.52%,2016-10-01,130,"1,345",single only,Blood Ties,,,0,,storesearch+appdetails,
Archimedes,$1.99 ,72.76%,2016-10-01,429,"1,341",single only,Archimedes,,,0,,storesearch+appdetails,
Tea Party Simulator 2015™,$9.99 ,66.54%,2015-04-01,909,"1,339",single only,Tea Party Simulator 2015™,,,0,,storesearch+appdetails,
The Room Three,$5.99 ,93.02%,2018-11-01,"15,860","1,339",single only,The Room Three,,,0,,storesearch+appdetails,
Breaking Box,$9.99 ,81.48%,2023-08-01,633,"1,336",mixed,Breaking Box,,,0,,storesearch+appdetails,
Stygian: Reign of the Old Ones,$19.99 ,64.77%,2019-09-01,"18,839","1,335",single only,Stygian: Reign of the Old Ones,,,0,,storesearch+appdetails,
Gensokyo Night Festival,$12.99 ,70.41%,2019-10-01,"23,758","1,333",single only,Gensokyo Night Festival,,,0,,storesearch+appdetails,
DG2: Defense Grid 2,$14.99 ,83.12%,2014-09-01,"17,564","1,331",mixed,DG2: Defense Grid 2,,,0,,storesearch+appdetails,
Vertiginous Golf,$9.99 ,56.61%,2014-03-01,"1,486","1,330",mixed,Vertiginous Golf,,,0,,storesearch+appdetails,
ABZU,$19.99 ,90.95%,2016-08-01,"85,788","1,329",single only,ABZU,,,0,,storesearch+appdetails,
Marble Duel: Sphere-Matching Tactical Fantasy,$14.99 ,60.37%,2015-11-01,524,"1,328",single only,Marble Duel: Sphere-Matching Tactical Fantasy,,,0,,storesearch+appdetails,
Tenrow,$2.99 ,74.45%,2016-04-01,178,"1,327",single only,Tenrow,,,0,,storesearch+appdetails,
The Growth Journey,$3.99 ,56.20%,2016-01-01,155,"1,324",single only,The Growth Journey,,,0,,storesearch+appdetails,
Legioncraft,$13.99 ,75.74%,2022-08-01,"9,794","1,324",single only,Legioncraft,,,0,,storesearch+appdetails,
The Incredible Adventures of Van Helsing: Final Cut,$44.99 ,74.25%,2015-11-01,"19,612","1,322",mixed,The Incredible Adventures of Van Helsing: Final Cut,,,0,,storesearch+appdetails,
Dungeons of Sundaria,$9.99 ,72.70%,2023-12-01,"18,493","1,318",mixed,Dungeons of Sundaria,,,0,,storesearch+appdetails,
Owlboy,$19.99 ,81.22%,2016-11-01,"42,975","1,317",single only,Owlboy,,,0,,storesearch+appdetails,
Threads of Destiny,$9.99 ,59.06%,2015-12-01,176,"1,314",single only,Threads of Destiny,,,0,,storesearch+appdetails,
FootLOL: Epic Soccer League,$9.99 ,78.96%,2013-08-01,"4,979","1,310",mixed,FootLOL: Epic Soccer League,,,0,,storesearch+appdetails,
Hyper Box,$4.99 ,69.61%,2016-03-01,186,"1,309",single only,Hyper Box,,,0,,storesearch+appdetails,
Reventure,$4.99 ,91.94%,2019-06-01,"11,207","1,309",single only,Reventure,,,0,,storesearch+appdetails,
Conquest of Elysium 5,$29.99 ,85.75%,2021-08-01,"8,761","1,309",mixed,Conquest of Elysium 5,,,0,,storesearch+appdetails,
Professional Farmer: Cattle and Crops,$19.99 ,65.15%,2017-06-01,"11,939","1,308",single only,Professional Farmer: Cattle and Crops,,,0,,storesearch+appdetails,
Crab Dub,$2.99 ,67.35%,2017-01-01,175,"1,308",single only,Crab Dub,,,0,,storesearch+appdetails,
Board Defenders,$4.99 ,76.58%,2016-09-01,241,"1,307",single only,Board Defenders,,,0,,storesearch+appdetails,
it's always monday,$1.99 ,73.23%,2016-11-01,526,"1,305",single only,it's always monday,,,0,,storesearch+appdetails,
Yonder: The Cloud Catcher Chronicles,$24.99 ,79.10%,2017-07-01,"63,799","1,305",single only,Yonder: The Cloud Catcher Chronicles,,,0,,storesearch+appdetails,
The Rewinder,$14.38 ,92.81%,2021-09-01,"21,863","1,304",single only,The Rewinder,,,0,,storesearch+appdetails,
"Warhammer 40,000: Inquisitor - Prophecy",$24.99 ,77.10%,2019-07-01,"13,980","1,298",mixed,"Warhammer 40,000: Inquisitor - Prophecy",,,0,,storesearch+appdetails,
Beyond Magic,$9.99 ,65.30%,2017-02-01,191,"1,294",single only,Beyond Magic,,,0,,storesearch+appdetails,
Ghostlords,$4.99 ,80.14%,2016-11-01,334,"1,294",single only,Ghostlords,,,0,,storesearch+appdetails,
Vampire Legends: The True Story of Kisilova,$14.99 ,81.21%,2015-12-01,"1,410","1,291",single only,Vampire Legends: The True Story of Kisilova,,,0,,storesearch+appdetails,
Aborigenus,$3.99 ,72.38%,2018-10-01,379,"1,290",single only,Aborigenus,,,0,,storesearch+appdetails,
Raging Loop,$29.99 ,92.94%,2017-08-01,"15,588","1,288",single only,Raging Loop,,,0,,storesearch+appdetails,
Darksburg,$2.99 ,61.45%,2020-09-01,"23,223","1,287",mixed,Darksburg,,,0,,storesearch+appdetails,
The Final Station,$14.99 ,84.90%,2016-08-01,"42,585","1,284",single only,The Final Station,,,0,,storesearch+appdetails,
Letter Quest: Grimm's Journey Remastered,$7.99 ,85.07%,2015-08-01,"1,374","1,284",single only,Letter Quest: Grimm's Journey Remastered,,,0,,storesearch+appdetails,
The Jackbox Party Pack 10,$29.99 ,62.94%,2023-10-01,"3,739","1,284",mixed,The Jackbox Party Pack 10,,,0,,storesearch+appdetails,
Flix The Flea,$2.99 ,58.29%,2014-10-01,133,"1,282",single only,Flix The Flea,,,0,,storesearch+appdetails,
Last Heroes 3,$9.99 ,64.08%,2016-04-01,277,"1,282",single only,Last Heroes 3,,,0,,storesearch+appdetails,
Ring of Pain,$19.99 ,88.36%,2020-10-01,"8,817","1,280",single only,Ring of Pain,,,0,,storesearch+appdetails,
Infested Planet,$14.99 ,89.69%,2014-03-01,"10,329","1,280",single only,Infested Planet,,,0,,storesearch+appdetails,
CastleStorm,$9.99 ,85.02%,2013-07-01,"5,195","1,280",mixed,CastleStorm,,,0,,storesearch+appdetails,
BomberZone,$6.99 ,77.96%,2016-05-01,541,"1,279",single only,BomberZone,,,0,,storesearch+appdetails,
Machinarium,$19.99 ,92.74%,2009-10-01,"30,803","1,279",single only,Machinarium,,,0,,storesearch+appdetails,
Judgment: Apocalypse Survival Simulation,$19.99 ,77.78%,2018-05-01,"60,348","1,277",single only,Judgment: Apocalypse Survival Simulation,,,0,,storesearch+appdetails,
Agrou,$4.99 ,83.65%,2020-07-01,"8,074","1,273",multi only,Agrou,,,0,,storesearch+appdetails,
Escape: VR,$1.99 ,73.57%,2017-04-01,85,"1,273",single only,Escape: VR,,,0,,storesearch+appdetails,
Blood of the Werewolf,$1.74 ,57.78%,2014-05-01,730,"1,272",single only,Blood of the Werewolf,,,0,,storesearch+appdetails,
qop 2,$1.99 ,88.07%,2017-12-01,484,"1,272",single only,qop 2,,,0,,storesearch+appdetails,
Slasher's Keep,$13.99 ,79.70%,2020-11-01,"15,654","1,269",single only,Slasher's Keep,,,0,,storesearch+appdetails,
The Vagrant,$3.99 ,87.07%,2018-07-01,"26,537","1,268",single only,The Vagrant,,,0,,storesearch+appdetails,
Nantucket,$17.99 ,75.58%,2018-01-01,"9,864","1,261",single only,Nantucket,,,0,,storesearch+appdetails,
Starpoint Gemini Warlords,$34.99 ,71.29%,2017-05-01,"65,156","1,260",single only,Starpoint Gemini Warlords,,,0,,storesearch+appdetails,
Tetris® Effect: Connected,$39.99 ,91.89%,2021-08-01,"17,339","1,259",mixed,Tetris® Effect: Connected,,,0,,storesearch+appdetails,
Exanima,$14.99 ,78.67%,2015-04-01,"94,522","1,256",single only,Exanima,,,0,,storesearch+appdetails,
Distant Worlds: Universe,$29.99 ,72.52%,2014-05-01,"23,931","1,254",single only,Distant Worlds: Universe,,,0,,storesearch+appdetails,
macdows 95,$4.99 ,86.29%,2019-09-01,768,"1,254",single only,macdows 95,,,0,,storesearch+appdetails,
Blood Harvest 3,$2.99 ,69.68%,2018-06-01,547,"1,252",single only,Blood Harvest 3,,,0,,storesearch+appdetails,
Power-Up,$2.99 ,56.39%,2014-02-01,165,"1,251",single only,Power-Up,,,0,,storesearch+appdetails,
Tactics & Strategy Master 2:Princess of Holy Light（圣光战姬）,$4.99 ,57.77%,2018-10-01,"2,503","1,251",single only,Tactics & Strategy Master 2:Princess of Holy Light（圣光战姬）,,,0,,storesearch+appdetails,
Mother Russia Bleeds,$14.99 ,84.04%,2016-09-01,"23,693","1,250",mixed,Mother Russia Bleeds,,,0,,storesearch+appdetails,
Alien Shooter 2 Conscription,$9.99 ,76.94%,2012-05-01,"1,539","1,249",single only,Alien Shooter 2 Conscription,,,0,,storesearch+appdetails,
Death and Taxes,$12.99 ,84.02%,2020-02-01,"17,868","1,249",single only,Death and Taxes,,,0,,storesearch+appdetails,
Karting,$1.99 ,79.78%,2021-04-01,581,"1,247",mixed,Karting,,,0,,storesearch+appdetails,
Jade's Journey 2,$8.00 ,60.85%,2017-05-01,164,"1,243",single only,Jade's Journey 2,,,0,,storesearch+appdetails,
Dungeon Escape,$3.98 ,75.60%,2016-05-01,"2,131","1,238",single only,Dungeon Escape,,,0,,storesearch+appdetails,
Mad Nords: Probably an Epic Quest,$5.99 ,83.60%,2016-12-01,823,"1,238",single only,Mad Nords: Probably an Epic Quest,,,0,,storesearch+appdetails,
Cave Story+,$14.99 ,89.92%,2011-11-01,"16,827","1,235",single only,Cave Story+,,,0,,storesearch+appdetails,
Space Fuss,$4.99 ,70.10%,2017-02-01,342,"1,235",mixed,Space Fuss,,,0,,storesearch+appdetails,
Swords and Soldiers HD,$5.99 ,74.71%,2010-12-01,"1,992","1,235",mixed,Swords and Soldiers HD,,,0,,storesearch+appdetails,
POPixel,$2.99 ,66.83%,2016-06-01,118,"1,233",single only,POPixel,,,0,,storesearch+appdetails,
NEKOPARA Vol. 2,$9.99 ,94.20%,2016-02-01,"51,584","1,228",single only,NEKOPARA Vol. 2,,,0,,storesearch+appdetails,
Yet Another World,$5.99 ,68.68%,2015-11-01,267,"1,226",single only,Yet Another World,,,0,,storesearch+appdetails,
Last Heroes 2,$9.99 ,64.12%,2016-01-01,277,"1,225",single only,Last Heroes 2,,,0,,storesearch+appdetails,
Receiver,$4.99 ,77.12%,2013-04-01,"6,073","1,224",single only,Receiver,,,0,,storesearch+appdetails,
SPACECOM,$9.99 ,65.54%,2014-09-01,"1,793","1,223",mixed,SPACECOM,,,0,,storesearch+appdetails,
Star of Providence,$14.99 ,92.78%,2017-06-01,"8,060","1,222",single only,Star of Providence,,,0,,storesearch+appdetails,
PixelJunk™ Eden,$9.99 ,75.48%,2012-02-01,"1,394","1,221",single only,PixelJunk™ Eden,,,0,,storesearch+appdetails,
港詭實錄ParanormalHK,$12.99 ,87.61%,2020-01-01,"60,089","1,221",single only,港詭實錄ParanormalHK,,,0,,storesearch+appdetails,
A-Gents,$4.99 ,73.09%,2016-04-01,451,"1,216",mixed,A-Gents,,,0,,storesearch+appdetails,
10 Second Ninja X,$9.99 ,76.05%,2016-07-01,"1,958","1,215",single only,10 Second Ninja X,,,0,,storesearch+appdetails,
Serious Sam HD: The First Encounter,$14.99 ,90.46%,2009-11-01,"16,705","1,214",mixed,Serious Sam HD: The First Encounter,,,0,,storesearch+appdetails,
Tick Tock: A Tale for Two,$5.99 ,83.55%,2019-03-01,"18,529","1,213",multi only,Tick Tock: A Tale for Two,,,0,,storesearch+appdetails,
Sullen,$2.99 ,64.73%,2016-12-01,62,"1,211",single only,Sullen,,,0,,storesearch+appdetails,
Spellmasons,$19.99 ,87.79%,2023-01-01,"5,188","1,211",mixed,Spellmasons,,,0,,storesearch+appdetails,
"10,000,000",$4.99 ,86.30%,2013-01-01,"1,646","1,210",single only,"10,000,000",,,0,,storesearch+appdetails,
Edge of Space,$14.99 ,34.81%,2015-09-01,"16,267","1,210",mixed,Edge of Space,,,0,,storesearch+appdetails,
Who's Your Daddy?!,$9.99 ,78.56%,2015-12-01,"94,949","1,209",multi only,Who's Your Daddy?!,,,0,,storesearch+appdetails,
Rescue HQ - The Tycoon,$19.99 ,75.86%,2019-05-01,"14,606","1,209",single only,Rescue HQ - The Tycoon,,,0,,storesearch+appdetails,
Rampage Knights,$12.99 ,89.15%,2015-09-01,"24,005","1,206",mixed,Rampage Knights,,,0,,storesearch+appdetails,
TheoTown,$9.99 ,90.61%,2019-06-01,"9,971","1,203",mixed,TheoTown,,,0,,storesearch+appdetails,
Evoland,$2.99 ,80.19%,2013-04-01,"11,195","1,202",single only,Evoland,,,0,,storesearch+appdetails,
Deadlings: Rotten Edition,$3.99 ,77.46%,2014-11-01,471,"1,201",single only,Deadlings: Rotten Edition,,,0,,storesearch+appdetails,
Antisphere,$1.99 ,60.68%,2017-07-01,"1,199","1,201",mixed,Antisphere,,,0,,storesearch+appdetails,
LASERS,$2.99 ,65.64%,2024-01-01,"2,083","1,201",mixed,LASERS,,,0,,storesearch+appdetails,
Empire of the Gods,$2.99 ,67.56%,2008-05-01,312,"1,200",single only,Empire of the Gods,,,0,,storesearch+appdetails,
1931: Scheherazade at the Library of Pergamum,$1.99 ,68.02%,2015-03-01,"1,598","1,200",single only,1931: Scheherazade at the Library of Pergamum,,,0,,storesearch+appdetails,
Draw Rider,$9.99 ,69.89%,2016-03-01,450,"1,200",mixed,Draw Rider,,,0,,storesearch+appdetails,
Gone Home,$14.99 ,75.73%,2013-08-01,"15,794","1,198",single only,Gone Home,,,0,,storesearch+appdetails,
Spooky Cats,$2.99 ,78.55%,2015-06-01,693,"1,197",single only,Spooky Cats,,,0,,storesearch+appdetails,
King Lucas,$4.99 ,62.43%,2016-12-01,864,"1,194",mixed,King Lucas,,,0,,storesearch+appdetails,
Oh...Sir!! The Insult Simulator,$1.99 ,87.48%,2016-10-01,"6,965","1,193",mixed,Oh...Sir!! The Insult Simulator,,,0,,storesearch+appdetails,
La-Mulana 2,$24.99 ,81.18%,2018-07-01,"7,935","1,191",single only,La-Mulana 2,,,0,,storesearch+appdetails,
Bladed fury,$9.99 ,83.28%,2018-12-01,"17,844","1,191",single only,Bladed fury,,,0,,storesearch+appdetails,
Earthtongue,$4.99 ,82.01%,2015-04-01,887,"1,189",single only,Earthtongue,,,0,,storesearch+appdetails,
Farm Frenzy: Heave Ho,$4.99 ,79.60%,2015-08-01,334,"1,188",single only,Farm Frenzy: Heave Ho,,,0,,storesearch+appdetails,
A Princess' Tale,$9.99 ,57.37%,2016-05-01,204,"1,186",single only,A Princess' Tale,,,0,,storesearch+appdetails,
Choose Wisely,$9.99 ,66.17%,2018-01-01,581,"1,186",single only,Choose Wisely,,,0,,storesearch+appdetails,
Slackers - Carts of Glory,$12.99 ,87.18%,2024-09-01,"8,333","1,185",mixed,Slackers - Carts of Glory,,,0,,storesearch+appdetails,
Touhou Genso Wanderer -Reloaded-,$34.99 ,88.65%,2018-10-01,"19,432","1,183",single only,Touhou Genso Wanderer -Reloaded-,,,0,,storesearch+appdetails,
Dots eXtreme,$1.99 ,78.68%,2016-06-01,236,"1,181",single only,Dots eXtreme,,,0,,storesearch+appdetails,
Hob,$19.99 ,85.39%,2017-09-01,"68,812","1,179",single only,Hob,,,0,,storesearch+appdetails,
EXFIL,$19.99 ,49.58%,2024-12-01,"16,534","1,178",mixed,EXFIL,,,0,,storesearch+appdetails,
Tannenberg,$3.99 ,84.06%,2019-02-01,"48,769","1,177",mixed,Tannenberg,,,0,,storesearch+appdetails,
Milford Heaven - Luken's Chronicles,$2.98 ,56.60%,2016-06-01,193,"1,176",single only,Milford Heaven - Luken's Chronicles,,,0,,storesearch+appdetails,
LOST EPIC,$17.99 ,69.95%,2022-07-01,"11,141","1,175",mixed,LOST EPIC,,,0,,storesearch+appdetails,
When Our Journey Ends - A Visual Novel,$6.99 ,62.94%,2017-01-01,552,"1,174",single only,When Our Journey Ends - A Visual Novel,,,0,,storesearch+appdetails,
interLOGIC,$3.99 ,67.05%,2017-02-01,246,"1,174",single only,interLOGIC,,,0,,storesearch+appdetails,
Aiball,$1.99 ,50.72%,2016-06-01,368,"1,174",mixed,Aiball,,,0,,storesearch+appdetails,
SHENZHEN I/O,$7.49 ,91.40%,2016-11-01,"38,974","1,170",single only,SHENZHEN I/O,,,0,,storesearch+appdetails,
Bacon Tales - Between Pigs and Wolves,$1.99 ,62.39%,2017-08-01,116,"1,166",single only,Bacon Tales - Between Pigs and Wolves,,,0,,storesearch+appdetails,
Time Mysteries 3: The Final Enigma,$14.99 ,78.33%,2013-01-01,"1,233","1,166",single only,Time Mysteries 3: The Final Enigma,,,0,,storesearch+appdetails,
Enemy Mind,$9.99 ,80.40%,2014-06-01,947,"1,165",mixed,Enemy Mind,,,0,,storesearch+appdetails,
LISA: The Painful,$19.99 ,92.95%,2014-12-01,"37,954","1,162",single only,LISA: The Painful,,,0,,storesearch+appdetails,
This Book Is A Dungeon,$4.99 ,67.82%,2015-10-01,"1,019","1,161",single only,This Book Is A Dungeon,,,0,,storesearch+appdetails,
Boundless,$19.99 ,67.78%,2018-09-01,"57,539","1,160",multi only,Boundless,,,0,,storesearch+appdetails,
Slide Ride Arcade,$4.99 ,56.05%,2016-06-01,38,"1,159",single only,Slide Ride Arcade,,,0,,storesearch+appdetails,
Kitchen Wars,$4.99 ,69.20%,2025-08-01,"2,311","1,153",mixed,Kitchen Wars,,,0,,storesearch+appdetails,
Receiver 2,$19.99 ,87.19%,2020-04-01,"8,812","1,150",single only,Receiver 2,,,0,,storesearch+appdetails,
Roguelands,$9.99 ,77.79%,2015-11-01,"36,283","1,150",mixed,Roguelands,,,0,,storesearch+appdetails,
Wrath of Anna,$14.99 ,37.47%,2018-04-01,"2,716","1,149",mixed,Wrath of Anna,,,0,,storesearch+appdetails,
Fallen,$1.99 ,62.04%,2016-12-01,420,"1,149",mixed,Fallen,,,0,,storesearch+appdetails,
Realpolitiks,$14.99 ,60.36%,2017-02-01,"9,970","1,148",single only,Realpolitiks,,,0,,storesearch+appdetails,
Diehard Dungeon,$1.99 ,69.87%,2012-09-01,"2,379","1,146",single only,Diehard Dungeon,,,0,,storesearch+appdetails,
Scam Line,$4.99 ,80.54%,2026-01-01,"1,466","1,145",multi only,Scam Line,,,0,,storesearch+appdetails,
The White Door,$3.99 ,90.70%,2020-01-01,"9,573","1,144",single only,The White Door,,,0,,storesearch+appdetails,
Algo Bot,$9.99 ,75.06%,2018-02-01,"1,371","1,143",single only,Algo Bot,,,0,,storesearch+appdetails,
Mount Your Friends,$4.99 ,92.21%,2014-07-01,"16,947","1,141",mixed,Mount Your Friends,,,0,,storesearch+appdetails,
Just Die Already,$14.99 ,79.70%,2021-05-01,"16,735","1,136",mixed,Just Die Already,,,0,,storesearch+appdetails,
Dread Tomb,$9.99 ,57.05%,2025-03-01,"1,069","1,132",mixed,Dread Tomb,,,0,,storesearch+appdetails,
The Bloodline,$19.99 ,80.14%,2023-10-01,"55,250","1,130",single only,The Bloodline,,,0,,storesearch+appdetails,
Angels Fall First,$17.99 ,79.05%,2015-10-01,"51,487","1,130",mixed,Angels Fall First,,,0,,storesearch+appdetails,
Epic Battle Fantasy 4,$14.99 ,92.85%,2014-02-01,"13,432","1,128",single only,Epic Battle Fantasy 4,,,0,,storesearch+appdetails,
STRAFE: Gold Edition,$3.74 ,70.09%,2017-05-01,"11,928","1,126",single only,STRAFE: Gold Edition,,,0,,storesearch+appdetails,
WILL: A Wonderful World / WILL：美好世界,$14.99 ,89.45%,2017-06-01,"33,217","1,126",single only,WILL: A Wonderful World / WILL：美好世界,,,0,,storesearch+appdetails,
Gem Monster,$2.99 ,62.89%,2016-12-01,113,"1,123",single only,Gem Monster,,,0,,storesearch+appdetails,
"Forgotten, Not Lost - A Kinetic Novel",$1.99 ,81.74%,2016-04-01,"1,033","1,120",single only,"Forgotten, Not Lost - A Kinetic Novel",,,0,,storesearch+appdetails,
SteamWorld Heist,$14.99 ,90.13%,2016-06-01,"22,516","1,120",single only,SteamWorld Heist,,,0,,storesearch+appdetails,
武林志（Wushu Chronicles）,$12.99 ,62.67%,2019-04-01,"10,056","1,118",single only,武林志（Wushu Chronicles）,,,0,,storesearch+appdetails,
Jalopy,$1.49 ,74.63%,2018-03-01,"41,875","1,118",single only,Jalopy,,,0,,storesearch+appdetails,
Food Truck Simulator,$19.99 ,66.80%,2022-09-01,"11,877","1,115",single only,Food Truck Simulator,,,0,,storesearch+appdetails,
Indie Game: The Movie,$9.99 ,87.83%,2012-06-01,"2,181","1,114",single only,Indie Game: The Movie,,,0,,storesearch+appdetails,
Fling to the Finish,$19.99 ,82.19%,2024-01-01,"10,446","1,112",mixed,Fling to the Finish,,,0,,storesearch+appdetails,
Solitaire Beach Season,$14.99 ,65.87%,2016-10-01,116,"1,110",single only,Solitaire Beach Season,,,0,,storesearch+appdetails,
Mad Dojo,$3.99 ,61.29%,2018-06-01,235,"1,109",single only,Mad Dojo,,,0,,storesearch+appdetails,
Tempest: Pirate Action RPG,$14.99 ,67.66%,2016-08-01,"35,322","1,109",mixed,Tempest: Pirate Action RPG,,,0,,storesearch+appdetails,
Bulb Boy,$8.99 ,83.10%,2015-10-01,"3,535","1,108",single only,Bulb Boy,,,0,,storesearch+appdetails,
Community Garden,$9.99 ,34.58%,2017-10-01,100,"1,106",multi only,Community Garden,,,0,,storesearch+appdetails,
Missileman Origins,$1.99 ,68.00%,2017-02-01,59,"1,106",single only,Missileman Origins,,,0,,storesearch+appdetails,
Just Ignore Them,$3.48 ,71.63%,2017-04-01,"4,493","1,103",single only,Just Ignore Them,,,0,,storesearch+appdetails,
Goodbye Deponia,$19.99 ,85.26%,2013-10-01,"5,753","1,103",single only,Goodbye Deponia,,,0,,storesearch+appdetails,
StrikeForce Kitty,$9.99 ,84.91%,2018-02-01,"1,511","1,102",single only,StrikeForce Kitty,,,0,,storesearch+appdetails,
Weapon of Choice DX,$5.99 ,72.73%,2015-09-01,"1,085","1,101",single only,Weapon of Choice DX,,,0,,storesearch+appdetails,
Adventurer Manager,$4.99 ,58.67%,2014-12-01,"2,925","1,100",single only,Adventurer Manager,,,0,,storesearch+appdetails,
Strike Suit Zero,$19.98 ,74.25%,2013-01-01,"9,557","1,093",single only,Strike Suit Zero,,,0,,storesearch+appdetails,
IN-VERT: Definitive Edition,$4.99 ,74.07%,2018-03-01,278,"1,092",single only,IN-VERT: Definitive Edition,,,0,,storesearch+appdetails,
Animal Shelter 2,$24.99 ,77.75%,2025-07-01,"14,778","1,092",mixed,Animal Shelter 2,,,0,,storesearch+appdetails,
Ironcast,$14.99 ,69.37%,2015-03-01,"3,817","1,089",single only,Ironcast,,,0,,storesearch+appdetails,
Squishy the Suicidal Pig,$5.99 ,80.47%,2014-10-01,"1,537","1,089",single only,Squishy the Suicidal Pig,,,0,,storesearch+appdetails,
Viractal: Will You Trust Your Party?,$19.99 ,81.24%,2026-01-01,"3,660","1,085",mixed,Viractal: Will You Trust Your Party?,,,0,,storesearch+appdetails,
Dominions 5 - Warriors of the Faith,$39.99 ,89.66%,2017-11-01,"11,752","1,085",mixed,Dominions 5 - Warriors of the Faith,,,0,,storesearch+appdetails,
MachiaVillain,$19.99 ,63.42%,2018-05-01,"8,197","1,084",single only,MachiaVillain,,,0,,storesearch+appdetails,
Max Gentlemen Sexy Business!,$19.99 ,88.25%,2020-02-01,"10,577","1,084",single only,Max Gentlemen Sexy Business!,,,0,,storesearch+appdetails,
Uncrashed : FPV Drone Simulator,$14.99 ,91.49%,2021-09-01,"21,455","1,084",mixed,Uncrashed : FPV Drone Simulator,,,0,,storesearch+appdetails,
Gods Will Be Watching,$9.99 ,68.52%,2014-07-01,"14,308","1,082",single only,Gods Will Be Watching,,,0,,storesearch+appdetails,
Impossible Quest,$1.99 ,69.56%,2016-06-01,"1,038","1,079",single only,Impossible Quest,,,0,,storesearch+appdetails,
Car Mechanic Simulator 2014,$6.99 ,80.55%,2014-01-01,"7,450","1,078",single only,Car Mechanic Simulator 2014,,,0,,storesearch+appdetails,
Zotrix - Solar Division,$14.99 ,64.75%,2016-04-01,329,"1,077",single only,Zotrix - Solar Division,,,0,,storesearch+appdetails,
Neon Warp,$1.99 ,71.02%,2016-07-01,279,"1,077",single only,Neon Warp,,,0,,storesearch+appdetails,
ibb & obb,$11.99 ,86.81%,2014-05-01,"25,561","1,076",multi only,ibb & obb,,,0,,storesearch+appdetails,
DISTRAINT 2,$8.99 ,91.95%,2018-11-01,"6,288","1,076",single only,DISTRAINT 2,,,0,,storesearch+appdetails,
Thomas Was Alone,$9.99 ,90.92%,2012-11-01,"7,499","1,072",single only,Thomas Was Alone,,,0,,storesearch+appdetails,
SimAirport,$24.99 ,76.84%,2020-02-01,"38,399","1,071",single only,SimAirport,,,0,,storesearch+appdetails,
Dino Run DX,$5.99 ,88.89%,2015-09-01,"3,248","1,070",single only,Dino Run DX,,,0,,storesearch+appdetails,
Chosen 2,$4.99 ,60.10%,2017-03-01,951,"1,067",single only,Chosen 2,,,0,,storesearch+appdetails,
THE LONGING,$12.98 ,89.31%,2020-03-01,"24,136","1,063",single only,THE LONGING,,,0,,storesearch+appdetails,
Elendia Ceus,$9.99 ,62.90%,2019-07-01,180,"1,061",single only,Elendia Ceus,,,0,,storesearch+appdetails,
Job the Leprechaun,$2.99 ,74.02%,2015-07-01,596,"1,061",single only,Job the Leprechaun,,,0,,storesearch+appdetails,
Kindergarten 2,$14.99 ,94.44%,2019-07-01,"9,298","1,060",single only,Kindergarten 2,,,0,,storesearch+appdetails,
Slash It 2,$39.99 ,82.76%,2017-01-01,943,"1,059",single only,Slash It 2,,,0,,storesearch+appdetails,
CortexGear: AngryDroids,$5.99 ,27.33%,2015-09-01,232,"1,059",mixed,CortexGear: AngryDroids,,,0,,storesearch+appdetails,
Internet Cafe Simulator,$9.99 ,71.38%,2019-10-01,"16,784","1,058",single only,Internet Cafe Simulator,,,0,,storesearch+appdetails,
MAZE LORD,$4.99 ,80.92%,2016-06-01,367,"1,057",single only,MAZE LORD,,,0,,storesearch+appdetails,
Feed and Grow: Fish,$14.99 ,76.54%,2016-01-01,"56,903","1,056",mixed,Feed and Grow: Fish,,,0,,storesearch+appdetails,
Beeswing,$4.99 ,82.72%,2014-12-01,351,"1,054",single only,Beeswing,,,0,,storesearch+appdetails,
Far Away,$12.99 ,94.06%,2021-08-01,"17,908","1,053",single only,Far Away,,,0,,storesearch+appdetails,
Hospital 666,$7.99 ,69.72%,2024-03-01,"3,133","1,053",mixed,Hospital 666,,,0,,storesearch+appdetails,
Revolution Ace,$4.99 ,69.53%,2014-03-01,"1,372","1,050",mixed,Revolution Ace,,,0,,storesearch+appdetails,
Wrack,$9.99 ,66.98%,2014-09-01,"3,080","1,049",single only,Wrack,,,0,,storesearch+appdetails,
Starion Tactics,$9.99 ,42.19%,2014-09-01,218,"1,045",mixed,Starion Tactics,,,0,,storesearch+appdetails,
Weird Hero,$3.99 ,63.84%,2016-11-01,416,"1,044",single only,Weird Hero,,,0,,storesearch+appdetails,
Chasm,$19.99 ,71.07%,2018-07-01,"18,547","1,043",single only,Chasm,,,0,,storesearch+appdetails,
Evoland 2,$4.99 ,84.03%,2015-08-01,"27,051","1,043",single only,Evoland 2,,,0,,storesearch+appdetails,
Breakwaters: Crystal Tides,$19.99 ,61.16%,2021-12-01,"31,995","1,043",mixed,Breakwaters: Crystal Tides,,,0,,storesearch+appdetails,
Don't open the doors!,$10.99 ,79.27%,2016-11-01,"3,524","1,042",single only,Don't open the doors!,,,0,,storesearch+appdetails,
Clockwise,$1.99 ,60.59%,2017-05-01,248,"1,039",single only,Clockwise,,,0,,storesearch+appdetails,
The Deer God,$14.99 ,62.34%,2015-02-01,"4,849","1,039",single only,The Deer God,,,0,,storesearch+appdetails,
"Good Pizza, Great Pizza - Cooking Simulator Game",$9.99 ,85.59%,2023-01-01,"15,511","1,039",single only,"Good Pizza, Great Pizza - Cooking Simulator Game",,,0,,storesearch+appdetails,
Cashtronauts,$2.99 ,65.17%,2016-09-01,333,"1,037",mixed,Cashtronauts,,,0,,storesearch+appdetails,
Retro City Rampage™ DX,$14.99 ,84.36%,2014-11-01,"7,126","1,035",single only,Retro City Rampage™ DX,,,0,,storesearch+appdetails,
Observation,$24.99 ,76.24%,2020-05-01,"20,414","1,034",single only,Observation,,,0,,storesearch+appdetails,
Death Coming/死神来了,$6.99 ,86.43%,2017-11-01,"25,192","1,034",single only,Death Coming/死神来了,,,0,,storesearch+appdetails,
NiuMa,$5.99 ,84.38%,2025-08-01,"1,050","1,033",multi only,NiuMa,,,0,,storesearch+appdetails,
Dead Effect,$4.99 ,71.17%,2014-12-01,"16,985","1,032",single only,Dead Effect,,,0,,storesearch+appdetails,
Alien Shooter TD,$9.99 ,80.85%,2017-01-01,"2,353","1,032",single only,Alien Shooter TD,,,0,,storesearch+appdetails,
DLC Quest,$2.99 ,85.50%,2013-03-01,"4,089","1,032",single only,DLC Quest,,,0,,storesearch+appdetails,
Castle Flipper,$18.99 ,63.05%,2021-05-01,"8,124","1,031",single only,Castle Flipper,,,0,,storesearch+appdetails,
Hot Lava,$19.99 ,89.99%,2019-09-01,"31,110","1,030",mixed,Hot Lava,,,0,,storesearch+appdetails,
Zup!,$1.99 ,91.32%,2016-10-01,"3,990","1,029",single only,Zup!,,,0,,storesearch+appdetails,
Alien Shooter,$4.99 ,91.72%,2003-09-01,"6,275","1,029",single only,Alien Shooter,,,0,,storesearch+appdetails,
One Finger Death Punch 2,$7.99 ,92.57%,2019-04-01,"6,461","1,027",single only,One Finger Death Punch 2,,,0,,storesearch+appdetails,
Feral Fury,$6.99 ,73.68%,2017-04-01,"1,407","1,026",single only,Feral Fury,,,0,,storesearch+appdetails,
Antihorror,$1.99 ,68.57%,2016-07-01,247,"1,024",single only,Antihorror,,,0,,storesearch+appdetails,
Mini Thief,$4.99 ,59.86%,2018-10-01,"4,059","1,024",mixed,Mini Thief,,,0,,storesearch+appdetails,
Soccertron,$2.99 ,68.41%,2015-03-01,635,"1,022",mixed,Soccertron,,,0,,storesearch+appdetails,
Hokko Life,$19.99 ,65.08%,2022-09-01,"29,176","1,020",single only,Hokko Life,,,0,,storesearch+appdetails,
Polygoneer,$1.00 ,76.24%,2017-08-01,774,"1,018",single only,Polygoneer,,,0,,storesearch+appdetails,
Razenroth,$4.99 ,76.40%,2015-08-01,"1,281","1,018",single only,Razenroth,,,0,,storesearch+appdetails,
Pogostuck: Rage With Your Friends,$6.99 ,81.11%,2019-02-01,"4,662","1,018",mixed,Pogostuck: Rage With Your Friends,,,0,,storesearch+appdetails,
Shieldwall,$17.99 ,84.36%,2023-04-01,"30,532","1,018",mixed,Shieldwall,,,0,,storesearch+appdetails,
We Were Here Too,$9.99 ,77.51%,2018-02-01,"28,629","1,017",multi only,We Were Here Too,,,0,,storesearch+appdetails,
Zombillie,$4.99 ,74.32%,2016-04-01,317,"1,017",single only,Zombillie,,,0,,storesearch+appdetails,
ICED,$9.98 ,64.35%,2017-05-01,"2,293","1,015",single only,ICED,,,0,,storesearch+appdetails,
Ninja Stealth,$4.99 ,67.98%,2016-06-01,926,"1,015",single only,Ninja Stealth,,,0,,storesearch+appdetails,
The Bridge,$9.99 ,84.04%,2013-02-01,"8,824","1,015",single only,The Bridge,,,0,,storesearch+appdetails,
Yokai's Secret,$1.99 ,86.95%,2020-02-01,"30,031","1,015",single only,Yokai's Secret,,,0,,storesearch+appdetails,
Lunar Flight,$14.99 ,76.80%,2012-01-01,"2,621","1,015",mixed,Lunar Flight,,,0,,storesearch+appdetails,
Psebay,$24.99 ,80.01%,2017-07-01,512,"1,014",single only,Psebay,,,0,,storesearch+appdetails,
Solitaire Christmas. Match 2 Cards,$14.99 ,67.20%,2015-12-01,153,"1,013",single only,Solitaire Christmas. Match 2 Cards,,,0,,storesearch+appdetails,
魔物讨伐团,$12.99 ,61.53%,2018-08-01,"4,082","1,012",single only,魔物讨伐团,,,0,,storesearch+appdetails,
Tormentor❌Punisher,$7.99 ,82.20%,2017-06-01,"1,694","1,012",mixed,Tormentor❌Punisher,,,0,,storesearch+appdetails,
All Alone: VR,$3.99 ,66.32%,2017-03-01,117,"1,011",single only,All Alone: VR,,,0,,storesearch+appdetails,
Sophie's Curse,$4.99 ,77.24%,2016-03-01,"1,989","1,011",single only,Sophie's Curse,,,0,,storesearch+appdetails,
Circle Empires,$8.99 ,86.25%,2018-08-01,"16,803","1,011",single only,Circle Empires,,,0,,storesearch+appdetails,
Kingdom Rush Frontiers - Tower Defense,$9.99 ,93.84%,2016-07-01,"21,775","1,011",single only,Kingdom Rush Frontiers - Tower Defense,,,0,,storesearch+appdetails,
Conan Unconquered,$19.99 ,66.21%,2019-05-01,"15,670","1,011",mixed,Conan Unconquered,,,0,,storesearch+appdetails,
Townopolis,$4.99 ,63.09%,2008-10-01,391,"1,010",single only,Townopolis,,,0,,storesearch+appdetails,
Reassembly,$14.99 ,90.47%,2015-02-01,"37,304","1,010",single only,Reassembly,,,0,,storesearch+appdetails,
Dungeons of Betrayal,$9.99 ,68.49%,2019-06-01,223,"1,008",single only,Dungeons of Betrayal,,,0,,storesearch+appdetails,
Toaster Jam,$1.99 ,86.74%,2018-11-01,275,"1,008",single only,Toaster Jam,,,0,,storesearch+appdetails,
WASD : The Adventure of Tori,$3.99 ,81.22%,2025-10-01,325,"1,006",multi only,WASD : The Adventure of Tori,,,0,,storesearch+appdetails,
Mind Unleashed,$2.99 ,57.77%,2016-05-01,325,"1,006",single only,Mind Unleashed,,,0,,storesearch+appdetails,
VR Shooter Guns,$1.99 ,67.09%,2017-09-01,377,"1,003",single only,VR Shooter Guns,,,0,,storesearch+appdetails,
Vault of the Void,$17.99 ,88.89%,2022-10-01,"9,434","1,003",single only,Vault of the Void,,,0,,storesearch+appdetails,
Hero of the Kingdom,$7.99 ,90.36%,2012-12-01,"4,503","1,003",single only,Hero of the Kingdom,,,0,,storesearch+appdetails,
The Beast Inside,$2.49 ,80.82%,2019-10-01,"37,691","1,002",single only,The Beast Inside,,,0,,storesearch+appdetails,
HoPiKo,$6.99 ,70.44%,2017-01-01,453,"1,001",single only,HoPiKo,,,0,,storesearch+appdetails,
Epic Quest of the 4 Crystals,$9.99 ,70.56%,2015-09-01,"1,208","1,001",single only,Epic Quest of the 4 Crystals,,,0,,storesearch+appdetails,
Don't Shout Together,$3.49 ,34.88%,2024-06-01,"1,951","1,000",mixed,Don't Shout Together,,,0,,storesearch+appdetails,
COCKHEAD,$6.99 ,60.48%,2020-09-01,"4,560",999,single only,COCKHEAD,,,0,,storesearch+appdetails,
Zombie Party,$9.99 ,80.11%,2016-06-01,"3,518",999,mixed,Zombie Party,,,0,,storesearch+appdetails,
Police Stories,$19.99 ,82.62%,2019-09-01,"55,067",998,mixed,Police Stories,,,0,,storesearch+appdetails,
A Plunge into Darkness,$9.99 ,69.85%,2020-03-01,205,997,single only,A Plunge into Darkness,,,0,,storesearch+appdetails,
Pixel: ru²,$9.99 ,65.00%,2015-03-01,610,994,single only,Pixel: ru²,,,0,,storesearch+appdetails,
Tomato Jones,$4.99 ,77.17%,2016-07-01,"1,008",994,single only,Tomato Jones,,,0,,storesearch+appdetails,
Half Minute Hero: Super Mega Neo Climax Ultimate Boy,$9.99 ,82.06%,2012-09-01,"3,133",993,mixed,Half Minute Hero: Super Mega Neo Climax Ultimate Boy,,,0,,storesearch+appdetails,
Starlaxis Supernova Edition,$2.99 ,56.90%,2015-02-01,256,992,single only,Starlaxis Supernova Edition,,,0,,storesearch+appdetails,
Fantasy of Expedition,$9.99 ,75.98%,2020-09-01,"3,873",992,single only,Fantasy of Expedition,,,0,,storesearch+appdetails,
"Hot Dogs, Horseshoes & Hand Grenades",$19.99 ,94.84%,2016-04-01,"30,119",992,single only,"Hot Dogs, Horseshoes & Hand Grenades",,,0,,storesearch+appdetails,
HEART of CROWN Online,$29.99 ,79.01%,2025-12-01,"3,941",991,mixed,HEART of CROWN Online,,,0,,storesearch+appdetails,
RoboMatch,$2.99 ,59.29%,2017-03-01,101,990,single only,RoboMatch,,,0,,storesearch+appdetails,
Wells,$4.99 ,69.68%,2017-01-01,415,988,single only,Wells,,,0,,storesearch+appdetails,
Star Saviors,$1.99 ,78.77%,2016-05-01,"2,085",988,mixed,Star Saviors,,,0,,storesearch+appdetails,
Dead,$4.99 ,83.67%,2018-04-01,768,987,single only,Dead,,,0,,storesearch+appdetails,
Victim of Xen,$9.99 ,58.94%,2014-05-01,382,986,single only,Victim of Xen,,,0,,storesearch+appdetails,
Koala Kids,$1.99 ,83.04%,2015-06-01,374,986,mixed,Koala Kids,,,0,,storesearch+appdetails,
Jade's Journey,$8.00 ,57.02%,2016-12-01,224,985,single only,Jade's Journey,,,0,,storesearch+appdetails,
Stonerid,$4.99 ,63.09%,2013-12-01,293,985,single only,Stonerid,,,0,,storesearch+appdetails,
Transport INC,$11.99 ,67.65%,2020-08-01,"9,320",985,single only,Transport INC,,,0,,storesearch+appdetails,
Dragon Climax,$3.99 ,75.43%,2017-12-01,374,985,single only,Dragon Climax,,,0,,storesearch+appdetails,
qop 3,$1.99 ,87.54%,2018-06-01,436,985,single only,qop 3,,,0,,storesearch+appdetails,
Hand Simulator: Survival,$2.99 ,84.02%,2019-12-01,"11,054",985,mixed,Hand Simulator: Survival,,,0,,storesearch+appdetails,
3DRPG,$1.99 ,59.67%,2016-01-01,780,983,single only,3DRPG,,,0,,storesearch+appdetails,
IronBorn,$9.99 ,60.44%,2018-09-01,238,983,single only,IronBorn,,,0,,storesearch+appdetails,
A Dump in the Dark,$2.99 ,64.89%,2018-01-01,"1,145",983,single only,A Dump in the Dark,,,0,,storesearch+appdetails,
Shadows on the Vatican - Act I: Greed,$6.99 ,71.11%,2014-06-01,"1,691",983,single only,Shadows on the Vatican - Act I: Greed,,,0,,storesearch+appdetails,
Steam and Metal,$4.99 ,64.64%,2015-02-01,374,980,single only,Steam and Metal,,,0,,storesearch+appdetails,
A Timely Intervention,$9.99 ,74.38%,2017-03-01,359,980,single only,A Timely Intervention,,,0,,storesearch+appdetails,
Gunslugs 2,$9.99 ,54.12%,2015-01-01,345,980,mixed,Gunslugs 2,,,0,,storesearch+appdetails,
Almightree: The Last Dreamer,$4.99 ,71.08%,2015-09-01,513,980,mixed,Almightree: The Last Dreamer,,,0,,storesearch+appdetails,
Blueprint Tycoon,$2.99 ,77.99%,2016-05-01,"9,575",978,single only,Blueprint Tycoon,,,0,,storesearch+appdetails,
Doodle Devil,$9.99 ,71.11%,2017-05-01,601,977,single only,Doodle Devil,,,0,,storesearch+appdetails,
Saturday Morning RPG,$6.99 ,72.54%,2014-01-01,"2,001",977,single only,Saturday Morning RPG,,,0,,storesearch+appdetails,
Surfingers,$1.99 ,75.96%,2016-01-01,578,977,mixed,Surfingers,,,0,,storesearch+appdetails,
gravilon,$2.99 ,58.25%,2015-03-01,949,975,single only,gravilon,,,0,,storesearch+appdetails,
Cavern of Time,$9.99 ,64.28%,2017-02-01,308,974,single only,Cavern of Time,,,0,,storesearch+appdetails,
PixelJunk™ Monsters Ultimate,$9.99 ,76.94%,2013-08-01,"1,247",974,mixed,PixelJunk™ Monsters Ultimate,,,0,,storesearch+appdetails,
Phantom Signal — Sci-Fi Strategy Game,$5.99 ,78.31%,2018-01-01,"2,279",972,single only,Phantom Signal — Sci-Fi Strategy Game,,,0,,storesearch+appdetails,
Vox Populi Vox Dei 2,$2.99 ,80.41%,2015-03-01,"1,113",969,single only,Vox Populi Vox Dei 2,,,0,,storesearch+appdetails,
Avalanche 2: Super Avalanche,$4.99 ,78.80%,2015-06-01,238,969,mixed,Avalanche 2: Super Avalanche,,,0,,storesearch+appdetails,
Camera Obscura,$1.99 ,69.70%,2015-02-01,"1,473",966,single only,Camera Obscura,,,0,,storesearch+appdetails,
Just Shapes & Beats,$19.99 ,95.36%,2018-05-01,"35,477",966,mixed,Just Shapes & Beats,,,0,,storesearch+appdetails,
The Lords of the Earth Flame,$9.99 ,64.07%,2016-09-01,705,965,single only,The Lords of the Earth Flame,,,0,,storesearch+appdetails,
Freedom Planet 2,$24.99 ,91.05%,2022-09-01,"9,848",964,single only,Freedom Planet 2,,,0,,storesearch+appdetails,
Onyx,$9.99 ,57.75%,2017-04-01,217,962,single only,Onyx,,,0,,storesearch+appdetails,
Tomato Jones 2,$4.99 ,73.72%,2017-05-01,354,962,single only,Tomato Jones 2,,,0,,storesearch+appdetails,
HOARD,$3.99 ,77.12%,2011-04-01,"2,134",962,mixed,HOARD,,,0,,storesearch+appdetails,
Luna Sky,$12.99 ,58.97%,2015-10-01,423,961,single only,Luna Sky,,,0,,storesearch+appdetails,
Adventures On The Polluted Islands,$2.99 ,65.08%,2017-02-01,166,961,single only,Adventures On The Polluted Islands,,,0,,storesearch+appdetails,
Vecitas,$7.99 ,44.78%,2017-04-01,93,961,mixed,Vecitas,,,0,,storesearch+appdetails,
Survival Machine,$19.99 ,71.25%,2025-05-01,"23,616",961,mixed,Survival Machine,,,0,,storesearch+appdetails,
Legends of the Universe - StarCore,$1.99 ,70.39%,2016-07-01,201,960,single only,Legends of the Universe - StarCore,,,0,,storesearch+appdetails,
NEKOPARA Vol. 0,$2.99 ,91.42%,2015-08-01,"38,205",960,single only,NEKOPARA Vol. 0,,,0,,storesearch+appdetails,
StarMade,$14.99 ,66.05%,2014-11-01,"73,904",960,mixed,StarMade,,,0,,storesearch+appdetails,
Spirit of the North,$19.99 ,81.98%,2020-05-01,"19,465",958,single only,Spirit of the North,,,0,,storesearch+appdetails,
Cheaters Cheetah,$9.99 ,60.14%,2025-03-01,"6,036",956,mixed,Cheaters Cheetah,,,0,,storesearch+appdetails,
Alien Attack,$1.99 ,71.89%,2016-06-01,270,956,mixed,Alien Attack,,,0,,storesearch+appdetails,
Orczz,$2.99 ,81.61%,2016-11-01,86,955,single only,Orczz,,,0,,storesearch+appdetails,
The Tale of a Common Man,$9.99 ,84.71%,2016-09-01,704,954,single only,The Tale of a Common Man,,,0,,storesearch+appdetails,
>observer_,$29.98 ,76.34%,2017-08-01,"51,539",953,single only,>observer_,,,0,,storesearch+appdetails,
Bloodstained: Curse of the Moon,$9.99 ,90.83%,2018-05-01,"15,119",953,single only,Bloodstained: Curse of the Moon,,,0,,storesearch+appdetails,
Divekick,$4.99 ,80.24%,2013-08-01,"3,106",953,mixed,Divekick,,,0,,storesearch+appdetails,
Plazma Being,$1.99 ,72.19%,2015-02-01,800,952,single only,Plazma Being,,,0,,storesearch+appdetails,
Story of a Cube,$5.99 ,69.62%,2016-03-01,248,951,single only,Story of a Cube,,,0,,storesearch+appdetails,
Sinless + OST,$4.99 ,73.58%,2015-12-01,890,951,single only,Sinless + OST,,,0,,storesearch+appdetails,
Trover Saves the Universe,$29.99 ,87.05%,2019-06-01,"24,061",951,single only,Trover Saves the Universe,,,0,,storesearch+appdetails,
Unravel Two,$2.99 ,76.69%,2018-06-01,"37,220",951,mixed,Unravel Two,,,0,,storesearch+appdetails,
Evil Tag,$1.99 ,65.16%,2017-04-01,704,949,multi only,Evil Tag,,,0,,storesearch+appdetails,
Electronic Super Joy,$7.99 ,86.28%,2013-08-01,"3,855",949,single only,Electronic Super Joy,,,0,,storesearch+appdetails,
Chroma Squad,$14.99 ,89.85%,2015-04-01,"18,791",949,single only,Chroma Squad,,,0,,storesearch+appdetails,
重明鸟 Bright Bird,$9.99 ,71.11%,2020-03-01,"3,871",948,single only,重明鸟 Bright Bird,,,0,,storesearch+appdetails,
Power Hover,$1.99 ,82.96%,2017-01-01,482,948,single only,Power Hover,,,0,,storesearch+appdetails,
Deathtrap,$19.99 ,80.73%,2015-02-01,"15,403",948,mixed,Deathtrap,,,0,,storesearch+appdetails,
The Beginner's Guide,$9.99 ,86.30%,2015-10-01,"40,017",947,single only,The Beginner's Guide,,,0,,storesearch+appdetails,
Braid,$14.99 ,90.54%,2009-04-01,"17,035",947,single only,Braid,,,0,,storesearch+appdetails,
False Front,$8.99 ,71.91%,2023-07-01,"1,556",947,mixed,False Front,,,0,,storesearch+appdetails,
Mike was Сursed,$11.18 ,62.19%,2018-04-01,331,946,single only,Mike was Сursed,,,0,,storesearch+appdetails,
The Basement Collection,$3.99 ,82.79%,2012-08-01,"2,335",944,single only,The Basement Collection,,,0,,storesearch+appdetails,
Ashes of Immortality,$9.99 ,69.29%,2015-06-01,397,943,single only,Ashes of Immortality,,,0,,storesearch+appdetails,
Tank Destroyer,$4.99 ,71.58%,2017-03-01,309,943,single only,Tank Destroyer,,,0,,storesearch+appdetails,
Undefeated,$9.99 ,74.42%,2015-04-01,"1,546",943,single only,Undefeated,,,0,,storesearch+appdetails,
DRAGON: A Game About a Dragon,$4.99 ,66.34%,2015-04-01,"1,451",941,single only,DRAGON: A Game About a Dragon,,,0,,storesearch+appdetails,
吞食孔明传 Tunshi Kongming Legends,$9.99 ,69.65%,2019-04-01,"12,239",941,single only,吞食孔明传 Tunshi Kongming Legends,,,0,,storesearch+appdetails,
Invisibox,$1.99 ,78.37%,2017-10-01,113,940,single only,Invisibox,,,0,,storesearch+appdetails,
Solar Flux,$9.99 ,70.09%,2013-10-01,461,939,single only,Solar Flux,,,0,,storesearch+appdetails,
Aaero,$14.99 ,78.60%,2017-04-01,"2,682",939,single only,Aaero,,,0,,storesearch+appdetails,
Fix Me Fix You,$6.99 ,74.40%,2017-03-01,421,938,single only,Fix Me Fix You,,,0,,storesearch+appdetails,
Rabbit Island,$1.99 ,60.71%,2016-07-01,98,937,single only,Rabbit Island,,,0,,storesearch+appdetails,
Ironclad Tactics,$7.49 ,66.01%,2013-09-01,"1,533",937,mixed,Ironclad Tactics,,,0,,storesearch+appdetails,
EXIT,$7.99 ,79.73%,2016-12-01,261,936,single only,EXIT,,,0,,storesearch+appdetails,
Super Sanctum TD,$4.99 ,82.68%,2013-05-01,"1,075",936,single only,Super Sanctum TD,,,0,,storesearch+appdetails,
Rick and Morty: Virtual Rick-ality,$29.99 ,72.12%,2017-04-01,"23,911",935,single only,Rick and Morty: Virtual Rick-ality,,,0,,storesearch+appdetails,
永远消失的幻想乡 ～ The Disappearing of Gensokyo,$10.99 ,80.91%,2018-01-01,"34,972",934,single only,永远消失的幻想乡 ～ The Disappearing of Gensokyo,,,0,,storesearch+appdetails,
Not The Robots,$9.99 ,74.47%,2013-12-01,"2,676",933,single only,Not The Robots,,,0,,storesearch+appdetails,
Software Inc.,$22.99 ,91.25%,2015-05-01,"40,746",933,mixed,Software Inc.,,,0,,storesearch+appdetails,
Iconoclasts,$19.99 ,83.47%,2018-01-01,"23,420",932,single only,Iconoclasts,,,0,,storesearch+appdetails,
Glass Masquerade 2: Illusions,$4.99 ,87.40%,2019-02-01,"4,882",932,single only,Glass Masquerade 2: Illusions,,,0,,storesearch+appdetails,
Particle Fleet: Emergence,$14.99 ,87.42%,2016-09-01,"8,038",932,single only,Particle Fleet: Emergence,,,0,,storesearch+appdetails,
Gunnheim,$9.99 ,41.74%,2015-08-01,"2,087",930,mixed,Gunnheim,,,0,,storesearch+appdetails,
Surfasaurus,$1.99 ,75.03%,2016-08-01,81,928,single only,Surfasaurus,,,0,,storesearch+appdetails,
Abyss Odyssey,$4.49 ,61.49%,2014-07-01,"10,397",928,mixed,Abyss Odyssey,,,0,,storesearch+appdetails,
Cubicle Quest,$4.99 ,70.19%,2015-02-01,"1,409",927,single only,Cubicle Quest,,,0,,storesearch+appdetails,
Cat on a Diet,$4.99 ,79.66%,2016-02-01,610,927,single only,Cat on a Diet,,,0,,storesearch+appdetails,
Rescue Team,$4.99 ,80.43%,2011-05-01,386,927,single only,Rescue Team,,,0,,storesearch+appdetails,
Cube Destroyer,$4.99 ,80.94%,2016-02-01,527,927,single only,Cube Destroyer,,,0,,storesearch+appdetails,
Labyrinthine Dreams,$1.39 ,73.02%,2015-05-01,800,926,single only,Labyrinthine Dreams,,,0,,storesearch+appdetails,
Ultimate Admiral: Age of Sail,$29.99 ,75.86%,2021-04-01,"25,262",926,single only,Ultimate Admiral: Age of Sail,,,0,,storesearch+appdetails,
BIT.TRIP RUNNER,$9.99 ,82.84%,2011-02-01,"2,522",926,single only,BIT.TRIP RUNNER,,,0,,storesearch+appdetails,
Cybarian: The Time Travelling Warrior,$4.99 ,58.04%,2018-11-01,"1,615",925,single only,Cybarian: The Time Travelling Warrior,,,0,,storesearch+appdetails,
Airscape - The Fall of Gravity,$4.99 ,79.04%,2015-08-01,"3,716",925,single only,Airscape - The Fall of Gravity,,,0,,storesearch+appdetails,
Envy the Dead,$2.99 ,63.25%,2016-09-01,"1,142",924,single only,Envy the Dead,,,0,,storesearch+appdetails,
Ultimate Fishing® Simulator 2,$19.99 ,66.72%,2025-05-01,"15,947",924,mixed,Ultimate Fishing® Simulator 2,,,0,,storesearch+appdetails,
Exit the Gungeon,$9.99 ,72.72%,2020-03-01,"10,703",923,single only,Exit the Gungeon,,,0,,storesearch+appdetails,
"Please, Don’t Touch Anything",$4.99 ,85.77%,2015-03-01,"13,442",923,single only,"Please, Don’t Touch Anything",,,0,,storesearch+appdetails,
The Incredible Adventures of Van Helsing III,$14.99 ,62.78%,2015-05-01,"8,764",923,mixed,The Incredible Adventures of Van Helsing III,,,0,,storesearch+appdetails,
Hard Reset Extended Edition,$14.99 ,79.26%,2012-07-01,"5,780",921,single only,Hard Reset Extended Edition,,,0,,storesearch+appdetails,
On A Roll 3D,$3.99 ,79.33%,2015-02-01,774,921,single only,On A Roll 3D,,,0,,storesearch+appdetails,
Zotrix,$12.99 ,57.18%,2015-07-01,"1,689",920,single only,Zotrix,,,0,,storesearch+appdetails,
American Fugitive,$19.99 ,72.54%,2019-05-01,"18,526",920,single only,American Fugitive,,,0,,storesearch+appdetails,
Prison Run and Gun,$3.99 ,84.70%,2016-03-01,690,920,single only,Prison Run and Gun,,,0,,storesearch+appdetails,
Alien Shooter: Revisited,$4.99 ,62.29%,2009-04-01,925,919,single only,Alien Shooter: Revisited,,,0,,storesearch+appdetails,
RAM BOE,$1.99 ,57.31%,2016-04-01,145,918,single only,RAM BOE,,,0,,storesearch+appdetails,
Ideology in Friction,$6.24 ,83.04%,2019-06-01,"15,985",918,single only,Ideology in Friction,,,0,,storesearch+appdetails,
RUINER,$19.99 ,87.13%,2017-09-01,"69,126",918,single only,RUINER,,,0,,storesearch+appdetails,
NEOVERSE,$19.99 ,81.29%,2020-02-01,"19,561",917,single only,NEOVERSE,,,0,,storesearch+appdetails,
Megaquarium,$24.99 ,91.38%,2018-09-01,"22,528",917,single only,Megaquarium,,,0,,storesearch+appdetails,
Starmancer,$14.99 ,62.50%,2021-08-01,"37,636",916,single only,Starmancer,,,0,,storesearch+appdetails,
The Last Tree,$1.99 ,66.24%,2017-05-01,120,915,single only,The Last Tree,,,0,,storesearch+appdetails,
My Pet Rock,$2.99 ,66.57%,2017-01-01,133,915,single only,My Pet Rock,,,0,,storesearch+appdetails,
Renowned Explorers: International Society,$19.99 ,87.76%,2015-09-01,"26,786",915,single only,Renowned Explorers: International Society,,,0,,storesearch+appdetails,
Gato Roboto,$7.99 ,90.96%,2019-05-01,"10,394",915,single only,Gato Roboto,,,0,,storesearch+appdetails,
Girlfriend Rescue,$9.99 ,78.31%,2015-07-01,"1,972",914,single only,Girlfriend Rescue,,,0,,storesearch+appdetails,
Neverout,$3.99 ,61.50%,2017-05-01,734,913,single only,Neverout,,,0,,storesearch+appdetails,
Oh No! Bugs!,$1.99 ,73.68%,2016-08-01,161,913,mixed,Oh No! Bugs!,,,0,,storesearch+appdetails,
Final Bravely,$3.99 ,68.31%,2017-01-01,396,910,single only,Final Bravely,,,0,,storesearch+appdetails,
Another Brick in The Mall,$16.99 ,79.77%,2020-04-01,"24,127",910,single only,Another Brick in The Mall,,,0,,storesearch+appdetails,
Ultimate General: Gettysburg,$19.99 ,77.76%,2014-10-01,"20,506",910,mixed,Ultimate General: Gettysburg,,,0,,storesearch+appdetails,
Parvaneh: Legacy of the Light's Guardians,$9.99 ,59.54%,2016-08-01,332,907,single only,Parvaneh: Legacy of the Light's Guardians,,,0,,storesearch+appdetails,
Ambrosia,$14.99 ,90.21%,2021-01-01,"16,182",904,single only,Ambrosia,,,0,,storesearch+appdetails,
House of Caravan,$1.99 ,65.34%,2015-04-01,"1,990",903,single only,House of Caravan,,,0,,storesearch+appdetails,
VERLIES II,$2.99 ,56.82%,2015-09-01,"1,670",902,single only,VERLIES II,,,0,,storesearch+appdetails,
Khet 2.0,$9.99 ,79.20%,2014-10-01,"1,237",902,mixed,Khet 2.0,,,0,,storesearch+appdetails,
Elmarion: Dragon time,$2.99 ,69.28%,2020-03-01,"12,093",901,single only,Elmarion: Dragon time,,,0,,storesearch+appdetails,
Opus Magnum,$19.99 ,94.01%,2017-12-01,"32,461",901,single only,Opus Magnum,,,0,,storesearch+appdetails,
Zombie Playground™,$9.99 ,44.63%,2016-10-01,"2,500",901,mixed,Zombie Playground™,,,0,,storesearch+appdetails,
"BEAR, VODKA, STALINGRAD!🐻",$3.99 ,87.99%,2020-03-01,"1,239",899,single only,"BEAR, VODKA, STALINGRAD!🐻",,,0,,storesearch+appdetails,
Astronarch,$14.99 ,84.43%,2021-01-01,"2,962",898,single only,Astronarch,,,0,,storesearch+appdetails,
Oriental Empires,$29.99 ,77.73%,2017-09-01,"48,706",896,mixed,Oriental Empires,,,0,,storesearch+appdetails,
Serious Sam II,$9.99 ,87.57%,2005-10-01,"20,272",894,mixed,Serious Sam II,,,0,,storesearch+appdetails,
Battle Cry of Freedom,$10.00 ,70.29%,2022-03-01,"14,004",893,multi only,Battle Cry of Freedom,,,0,,storesearch+appdetails,
Pixel Puzzles 2: Christmas,$4.99 ,79.38%,2018-11-01,138,892,single only,Pixel Puzzles 2: Christmas,,,0,,storesearch+appdetails,
Colt Canyon,$14.99 ,84.29%,2020-06-01,"6,116",891,mixed,Colt Canyon,,,0,,storesearch+appdetails,
The Swapper,$14.99 ,91.11%,2013-05-01,"20,986",890,single only,The Swapper,,,0,,storesearch+appdetails,
The Last Sin,$1.99 ,63.77%,2021-01-01,140,889,single only,The Last Sin,,,0,,storesearch+appdetails,
Dead Age,$14.99 ,79.26%,2016-07-01,"22,705",888,single only,Dead Age,,,0,,storesearch+appdetails,
Annie Amber,$2.99 ,59.47%,2016-06-01,461,886,single only,Annie Amber,,,0,,storesearch+appdetails,
Polarity,$12.99 ,77.04%,2014-11-01,"5,138",886,mixed,Polarity,,,0,,storesearch+appdetails,
Beyond Reality,$9.99 ,74.26%,2016-01-01,916,884,single only,Beyond Reality,,,0,,storesearch+appdetails,
Ghost of a Tale,$19.99 ,88.39%,2018-03-01,"67,210",883,single only,Ghost of a Tale,,,0,,storesearch+appdetails,
Music Killer,$1.99 ,67.28%,2019-10-01,"1,092",883,mixed,Music Killer,,,0,,storesearch+appdetails,
Emily is Away <3,$9.99 ,88.51%,2021-04-01,"10,064",882,single only,Emily is Away <3,,,0,,storesearch+appdetails,
Rusty Lake: Roots,$3.99 ,93.65%,2016-10-01,"15,440",881,single only,Rusty Lake: Roots,,,0,,storesearch+appdetails,
Children of Colossus,$4.99 ,58.21%,2016-12-01,225,880,single only,Children of Colossus,,,0,,storesearch+appdetails,
Get The Gems,$2.99 ,71.57%,2016-11-01,103,879,single only,Get The Gems,,,0,,storesearch+appdetails,
3089 -- Futuristic Action RPG,$6.99 ,67.49%,2014-01-01,"1,867",877,single only,3089 -- Futuristic Action RPG,,,0,,storesearch+appdetails,
Domino Sky,$3.99 ,75.31%,2016-04-01,531,877,single only,Domino Sky,,,0,,storesearch+appdetails,
It Lurks Below,$19.99 ,79.14%,2019-05-01,"12,581",875,single only,It Lurks Below,,,0,,storesearch+appdetails,
Green Moon,$6.99 ,56.10%,2015-05-01,127,874,single only,Green Moon,,,0,,storesearch+appdetails,
Spectraball,$4.99 ,72.51%,2008-10-01,418,874,single only,Spectraball,,,0,,storesearch+appdetails,
Hard West,$19.99 ,73.10%,2015-11-01,"41,477",874,single only,Hard West,,,0,,storesearch+appdetails,
The Musketeers: Victoria's Quest,$3.99 ,60.47%,2014-01-01,251,872,single only,The Musketeers: Victoria's Quest,,,0,,storesearch+appdetails,
Cockroach Simulator,$2.99 ,77.64%,2016-09-01,"3,394",871,multi only,Cockroach Simulator,,,0,,storesearch+appdetails,
Three Fourths Home: Extended Edition,$4.99 ,61.36%,2015-03-01,606,871,single only,Three Fourths Home: Extended Edition,,,0,,storesearch+appdetails,
Hare In The Hat,$1.99 ,65.03%,2015-04-01,390,870,single only,Hare In The Hat,,,0,,storesearch+appdetails,
Arvale,$9.99 ,65.28%,2015-08-01,397,870,single only,Arvale,,,0,,storesearch+appdetails,
Lichdom: Battlemage,$9.99 ,55.69%,2014-08-01,"17,459",868,single only,Lichdom: Battlemage,,,0,,storesearch+appdetails,
Dig or Die,$11.99 ,87.24%,2018-07-01,"63,205",868,mixed,Dig or Die,,,0,,storesearch+appdetails,
Tales of Maj'Eyal,$6.99 ,91.68%,2012-12-01,"20,906",867,single only,Tales of Maj'Eyal,,,0,,storesearch+appdetails,
Cat Goes Fishing,$6.99 ,91.71%,2015-01-01,"20,058",867,single only,Cat Goes Fishing,,,0,,storesearch+appdetails,
Holy Potatoes! We’re in Space?!,$9.99 ,64.78%,2017-02-01,"13,034",865,single only,Holy Potatoes! We’re in Space?!,,,0,,storesearch+appdetails,
Cold Waters,$39.99 ,84.14%,2017-06-01,"59,839",865,single only,Cold Waters,,,0,,storesearch+appdetails,
Void Invaders,$2.99 ,79.93%,2015-08-01,458,864,single only,Void Invaders,,,0,,storesearch+appdetails,
Splatter - Zombiecalypse Now,$2.50 ,85.93%,2014-06-01,"3,682",864,mixed,Splatter - Zombiecalypse Now,,,0,,storesearch+appdetails,
Founders' Fortune,$21.99 ,77.33%,2020-12-01,"23,257",863,single only,Founders' Fortune,,,0,,storesearch+appdetails,
iO,$4.99 ,74.82%,2014-12-01,"1,196",862,single only,iO,,,0,,storesearch+appdetails,
Enigmatis 2: The Mists of Ravenwood,$14.99 ,92.04%,2013-09-01,"3,401",861,single only,Enigmatis 2: The Mists of Ravenwood,,,0,,storesearch+appdetails,
Dungeon Munchies,$19.99 ,93.88%,2022-07-01,"23,414",861,single only,Dungeon Munchies,,,0,,storesearch+appdetails,
Ultimate Space Commando,$9.99 ,71.94%,2015-05-01,683,860,mixed,Ultimate Space Commando,,,0,,storesearch+appdetails,
Root,$14.99 ,87.03%,2020-09-01,"28,632",860,mixed,Root,,,0,,storesearch+appdetails,
Liar Game,$2.99 ,69.50%,2025-04-01,132,858,multi only,Liar Game,,,0,,storesearch+appdetails,
Jump King,$12.99 ,87.64%,2019-05-01,"17,902",858,single only,Jump King,,,0,,storesearch+appdetails,
Aegis Defenders,$19.99 ,75.08%,2018-02-01,"9,398",855,mixed,Aegis Defenders,,,0,,storesearch+appdetails,
ScourgeBringer,$16.99 ,83.24%,2020-10-01,"21,904",854,single only,ScourgeBringer,,,0,,storesearch+appdetails,
Liftoff®: FPV Drone Racing,$19.99 ,92.53%,2018-09-01,"35,631",854,mixed,Liftoff®: FPV Drone Racing,,,0,,storesearch+appdetails,
PIXEL ZUMBI,$1.99 ,67.75%,2018-02-01,"5,548",853,single only,PIXEL ZUMBI,,,0,,storesearch+appdetails,
SOLITUNE,$1.99 ,71.58%,2016-11-01,397,853,single only,SOLITUNE,,,0,,storesearch+appdetails,
ULTIMATE HARDBASS DEFENCE,$1.99 ,87.57%,2019-04-01,"5,911",853,mixed,ULTIMATE HARDBASS DEFENCE,,,0,,storesearch+appdetails,
SEUM: Speedrunners from Hell,$14.99 ,90.69%,2016-07-01,"9,906",852,single only,SEUM: Speedrunners from Hell,,,0,,storesearch+appdetails,
Intensive Exposure,$4.99 ,79.73%,2016-09-01,881,851,single only,Intensive Exposure,,,0,,storesearch+appdetails,
Magic Quest,$1.99 ,61.31%,2016-05-01,204,850,single only,Magic Quest,,,0,,storesearch+appdetails,
Christmas Adventure: Candy Storm,$1.99 ,84.00%,2016-04-01,484,850,single only,Christmas Adventure: Candy Storm,,,0,,storesearch+appdetails,
Arctico,$9.99 ,68.90%,2022-02-01,"20,460",849,mixed,Arctico,,,0,,storesearch+appdetails,
Record of Lodoss War-Deedlit in Wonder Labyrinth-,$19.99 ,89.98%,2021-03-01,"32,412",848,single only,Record of Lodoss War-Deedlit in Wonder Labyrinth-,,,0,,storesearch+appdetails,
Zenge,$1.99 ,91.00%,2016-04-01,"4,123",847,single only,Zenge,,,0,,storesearch+appdetails,
Mercenary Kings: Reloaded Edition,$19.99 ,68.50%,2014-03-01,"11,053",846,mixed,Mercenary Kings: Reloaded Edition,,,0,,storesearch+appdetails,
while True: learn(),$12.99 ,88.63%,2019-01-01,"36,067",844,single only,while True: learn(),,,0,,storesearch+appdetails,
Emily is Away Too,$4.99 ,90.11%,2017-05-01,"12,260",844,single only,Emily is Away Too,,,0,,storesearch+appdetails,
Remnants Of Isolation,$1.39 ,72.92%,2015-05-01,345,843,single only,Remnants Of Isolation,,,0,,storesearch+appdetails,
Lil Big Invasion,$1.99 ,79.04%,2016-08-01,190,843,single only,Lil Big Invasion,,,0,,storesearch+appdetails,
Onion Force,$4.99 ,73.80%,2016-03-01,242,842,single only,Onion Force,,,0,,storesearch+appdetails,
Party Hard,$9.99 ,87.76%,2015-08-01,"37,938",840,mixed,Party Hard,,,0,,storesearch+appdetails,
This Land Is My Land,$29.99 ,66.92%,2021-10-01,"82,946",839,single only,This Land Is My Land,,,0,,storesearch+appdetails,
MustScream,$6.99 ,44.55%,2025-07-01,"1,962",839,mixed,MustScream,,,0,,storesearch+appdetails,
Winter Resort Simulator 2,$24.99 ,78.76%,2020-11-01,"4,986",839,mixed,Winter Resort Simulator 2,,,0,,storesearch+appdetails,
Old Coin Pusher Friends,$3.99 ,82.83%,2021-10-01,"1,105",839,mixed,Old Coin Pusher Friends,,,0,,storesearch+appdetails,
HackyZack,$9.99 ,64.16%,2017-03-01,372,837,single only,HackyZack,,,0,,storesearch+appdetails,
Vampire: The Masquerade - Coteries of New York,$19.99 ,71.76%,2019-12-01,"10,526",836,single only,Vampire: The Masquerade - Coteries of New York,,,0,,storesearch+appdetails,
In Sink: A Co-op Escape Adventure,$14.99 ,82.87%,2024-11-01,"6,315",834,multi only,In Sink: A Co-op Escape Adventure,,,0,,storesearch+appdetails,
EPOCH,$1.99 ,76.22%,2014-06-01,608,834,single only,EPOCH,,,0,,storesearch+appdetails,
Type:Rider,$4.99 ,76.36%,2013-11-01,"1,467",834,single only,Type:Rider,,,0,,storesearch+appdetails,
Age of Invention,$2.99 ,63.32%,2013-01-01,276,833,single only,Age of Invention,,,0,,storesearch+appdetails,
Symphony,$4.99 ,80.26%,2012-08-01,"2,237",833,single only,Symphony,,,0,,storesearch+appdetails,
Oh My Gore!,$1.99 ,81.27%,2016-10-01,"1,101",833,single only,Oh My Gore!,,,0,,storesearch+appdetails,
Pool Nation,$6.99 ,85.72%,2013-10-01,"3,810",831,mixed,Pool Nation,,,0,,storesearch+appdetails,
Blades of the Righteous,$2.99 ,58.21%,2016-03-01,260,829,single only,Blades of the Righteous,,,0,,storesearch+appdetails,
DRIFT CE,$29.99 ,70.20%,2021-06-01,"29,492",827,mixed,DRIFT CE,,,0,,storesearch+appdetails,
Ionball 2: Ionstorm,$4.99 ,66.50%,2014-06-01,512,826,single only,Ionball 2: Ionstorm,,,0,,storesearch+appdetails,
OneShot,$5.99 ,96.55%,2016-12-01,"74,881",824,single only,OneShot,,,0,,storesearch+appdetails,
Bloodsports.TV,$9.99 ,74.30%,2015-03-01,"2,758",824,mixed,Bloodsports.TV,,,0,,storesearch+appdetails,
Jamsouls,$3.99 ,51.80%,2014-08-01,165,821,mixed,Jamsouls,,,0,,storesearch+appdetails,
DETOUR,$1.99 ,60.22%,2011-05-01,859,821,mixed,DETOUR,,,0,,storesearch+appdetails,
Intergalactic Bubbles,$1.99 ,75.22%,2015-05-01,811,816,single only,Intergalactic Bubbles,,,0,,storesearch+appdetails,
Super Panda Adventures,$4.99 ,87.29%,2014-07-01,"1,348",816,single only,Super Panda Adventures,,,0,,storesearch+appdetails,
Goblin Defenders: Steel‘n’ Wood,$2.99 ,64.72%,2013-08-01,217,815,single only,Goblin Defenders: Steel‘n’ Wood,,,0,,storesearch+appdetails,
Sentience: The Android's Tale,$4.99 ,80.44%,2017-06-01,"1,805",814,single only,Sentience: The Android's Tale,,,0,,storesearch+appdetails,
Force of Nature,$7.99 ,73.33%,2016-12-01,"55,233",814,mixed,Force of Nature,,,0,,storesearch+appdetails,
Plane Mechanic Simulator,$11.99 ,56.03%,2024-02-01,"12,059",813,single only,Plane Mechanic Simulator,,,0,,storesearch+appdetails,
School Years,$11.99 ,78.79%,2019-10-01,"3,744",813,single only,School Years,,,0,,storesearch+appdetails,
Gorogoa,$14.99 ,95.13%,2017-12-01,"42,893",813,single only,Gorogoa,,,0,,storesearch+appdetails,
Terrian Saga: KR-17,$4.99 ,68.59%,2014-07-01,396,812,single only,Terrian Saga: KR-17,,,0,,storesearch+appdetails,
Doodle God,$7.84 ,72.27%,2015-09-01,"4,482",812,single only,Doodle God,,,0,,storesearch+appdetails,
The Room,$4.99 ,95.62%,2014-07-01,"26,929",809,single only,The Room,,,0,,storesearch+appdetails,
Prime World: Defenders,$9.99 ,72.51%,2013-06-01,"2,895",808,single only,Prime World: Defenders,,,0,,storesearch+appdetails,
Overcrowd: A Commute 'Em Up,$19.99 ,78.07%,2020-10-01,"18,161",808,single only,Overcrowd: A Commute 'Em Up,,,0,,storesearch+appdetails,
Score a goal (Physical football),$1.50 ,62.82%,2016-12-01,136,807,single only,Score a goal (Physical football),,,0,,storesearch+appdetails,
CATO: Buttered Cat,$10.99 ,93.98%,2024-09-01,"8,046",807,mixed,CATO: Buttered Cat,,,0,,storesearch+appdetails,
Road Redemption,$19.99 ,80.57%,2019-10-01,"78,264",806,mixed,Road Redemption,,,0,,storesearch+appdetails,
Always Sometimes Monsters,$9.99 ,72.26%,2014-05-01,"5,849",805,single only,Always Sometimes Monsters,,,0,,storesearch+appdetails,
Endless Fables: The Minotaur's Curse,$14.99 ,83.03%,2016-12-01,909,805,single only,Endless Fables: The Minotaur's Curse,,,0,,storesearch+appdetails,
Redeemer: Enhanced Edition,$9.99 ,84.25%,2017-08-01,"12,552",802,mixed,Redeemer: Enhanced Edition,,,0,,storesearch+appdetails,
Hive,$9.99 ,78.10%,2013-11-01,"1,629",801,mixed,Hive,,,0,,storesearch+appdetails,
WhiteLily 1：丽丽公主,$2.99 ,88.68%,2018-08-01,"1,624",799,single only,WhiteLily 1：丽丽公主,,,0,,storesearch+appdetails,
CASE: Animatronics,$9.99 ,80.16%,2016-08-01,"13,179",798,single only,CASE: Animatronics,,,0,,storesearch+appdetails,
Rush Bros.,$9.99 ,58.92%,2013-05-01,538,797,mixed,Rush Bros.,,,0,,storesearch+appdetails,
Fran Bow,$14.99 ,95.06%,2015-08-01,"48,993",796,single only,Fran Bow,,,0,,storesearch+appdetails,
BIT.TRIP Presents... Runner2: Future Legend of Rhythm Alien,$14.99 ,88.03%,2013-02-01,"2,917",795,single only,BIT.TRIP Presents... Runner2: Future Legend of Rhythm Alien,,,0,,storesearch+appdetails,
La-Mulana,$14.99 ,76.77%,2013-04-01,"7,993",794,single only,La-Mulana,,,0,,storesearch+appdetails,
Star Ruler,$7.99 ,76.91%,2010-09-01,"3,462",794,mixed,Star Ruler,,,0,,storesearch+appdetails,
MMORPG Tycoon 2,$24.99 ,83.15%,2020-01-01,"26,140",792,single only,MMORPG Tycoon 2,,,0,,storesearch+appdetails,
Zup! 6,$1.99 ,89.84%,2017-09-01,"1,192",791,single only,Zup! 6,,,0,,storesearch+appdetails,
Axiom Verge,$19.99 ,87.52%,2015-05-01,"36,032",788,single only,Axiom Verge,,,0,,storesearch+appdetails,
Lumencraft,$19.99 ,73.85%,2023-02-01,"17,142",786,mixed,Lumencraft,,,0,,storesearch+appdetails,
Sphoxie,$2.99 ,72.86%,2018-05-01,40,785,single only,Sphoxie,,,0,,storesearch+appdetails,
FIVE NIGHTS AT FREDDY'S: HELP WANTED,$29.99 ,93.23%,2019-05-01,"29,656",785,single only,FIVE NIGHTS AT FREDDY'S: HELP WANTED,,,0,,storesearch+appdetails,
SURVIVAL: Postapocalypse Now,$14.99 ,55.70%,2019-12-01,"42,528",785,mixed,SURVIVAL: Postapocalypse Now,,,0,,storesearch+appdetails,
Tibetan Quest: Beyond the World's End,$14.99 ,61.73%,2016-04-01,491,784,single only,Tibetan Quest: Beyond the World's End,,,0,,storesearch+appdetails,
Some Some Convenience Store,$14.99 ,91.91%,2020-01-01,"7,919",783,single only,Some Some Convenience Store,,,0,,storesearch+appdetails,
Master Of Pottery,$5.99 ,92.73%,2019-11-01,"7,557",782,mixed,Master Of Pottery,,,0,,storesearch+appdetails,
KINGDOMS,$9.99 ,70.54%,2015-10-01,"48,348",781,single only,KINGDOMS,,,0,,storesearch+appdetails,
Drake Hollow,$29.99 ,74.67%,2020-10-01,"22,042",781,mixed,Drake Hollow,,,0,,storesearch+appdetails,
Slap City,$19.99 ,90.71%,2020-09-01,"6,766",781,mixed,Slap City,,,0,,storesearch+appdetails,
Shining Plume,$9.99 ,56.72%,2016-10-01,223,779,single only,Shining Plume,,,0,,storesearch+appdetails,
VolChaos,$1.99 ,62.61%,2015-12-01,150,779,single only,VolChaos,,,0,,storesearch+appdetails,
Shining Plume 2,$9.99 ,66.71%,2017-02-01,207,778,single only,Shining Plume 2,,,0,,storesearch+appdetails,
Cart Racer,$1.99 ,74.93%,2017-06-01,616,778,single only,Cart Racer,,,0,,storesearch+appdetails,
Human Resource Machine,$14.99 ,90.45%,2015-10-01,"24,493",778,single only,Human Resource Machine,,,0,,storesearch+appdetails,
Grab the Bottle,$2.99 ,76.80%,2017-05-01,372,777,single only,Grab the Bottle,,,0,,storesearch+appdetails,
STANDBY,$2.99 ,70.67%,2017-01-01,"2,307",776,single only,STANDBY,,,0,,storesearch+appdetails,
Hero of the Kingdom II,$8.99 ,90.22%,2015-02-01,"4,312",776,single only,Hero of the Kingdom II,,,0,,storesearch+appdetails,
RIOT: Civil Unrest,$16.99 ,66.28%,2019-02-01,"23,231",776,mixed,RIOT: Civil Unrest,,,0,,storesearch+appdetails,
Home Sweet Home EP2,$18.99 ,70.15%,2019-09-01,"5,947",775,single only,Home Sweet Home EP2,,,0,,storesearch+appdetails,
Evochron Mercenary,$14.99 ,72.73%,2012-01-01,"12,415",774,mixed,Evochron Mercenary,,,0,,storesearch+appdetails,
OH! RPG!,$9.99 ,68.98%,2015-12-01,"2,438",773,single only,OH! RPG!,,,0,,storesearch+appdetails,
Realms of Magic,$19.99 ,76.84%,2022-07-01,"13,520",773,single only,Realms of Magic,,,0,,storesearch+appdetails,
Pictopix,$6.99 ,91.46%,2017-01-01,"2,029",773,single only,Pictopix,,,0,,storesearch+appdetails,
Wanderlust: Rebirth,$4.99 ,51.92%,2011-06-01,809,773,mixed,Wanderlust: Rebirth,,,0,,storesearch+appdetails,
Heroes of Hellas 3: Athens,$2.99 ,83.86%,2015-03-01,384,772,single only,Heroes of Hellas 3: Athens,,,0,,storesearch+appdetails,
The House of Da Vinci,$19.99 ,84.14%,2017-11-01,"14,199",772,single only,The House of Da Vinci,,,0,,storesearch+appdetails,
Pesterquest,$11.99 ,85.52%,2019-09-01,"5,046",772,single only,Pesterquest,,,0,,storesearch+appdetails,
Sky Mercenaries,$9.99 ,64.42%,2014-12-01,358,772,mixed,Sky Mercenaries,,,0,,storesearch+appdetails,
Deadly 30,$4.99 ,74.14%,2014-01-01,"1,896",770,single only,Deadly 30,,,0,,storesearch+appdetails,
Zup! F,$1.99 ,93.76%,2019-12-01,"2,437",769,single only,Zup! F,,,0,,storesearch+appdetails,
Devolver Bootleg,$4.99 ,84.12%,2019-06-01,"2,962",768,single only,Devolver Bootleg,,,0,,storesearch+appdetails,
Fox & Flock,$1.99 ,77.65%,2015-06-01,509,768,mixed,Fox & Flock,,,0,,storesearch+appdetails,
Tiny Bridge: Ratventure,$1.99 ,65.74%,2015-05-01,"1,180",764,single only,Tiny Bridge: Ratventure,,,0,,storesearch+appdetails,
Chronology,$4.99 ,82.56%,2014-05-01,"1,215",764,single only,Chronology,,,0,,storesearch+appdetails,
EXAPUNKS,$9.99 ,90.20%,2018-10-01,"14,311",764,single only,EXAPUNKS,,,0,,storesearch+appdetails,
Fairy Tale Mysteries: The Puppet Thief,$14.99 ,63.07%,2016-01-01,604,763,single only,Fairy Tale Mysteries: The Puppet Thief,,,0,,storesearch+appdetails,
64,$2.99 ,85.73%,2017-03-01,"4,416",763,single only,64,,,0,,storesearch+appdetails,
Hidden Folks,$14.99 ,93.68%,2017-02-01,"30,156",763,single only,Hidden Folks,,,0,,storesearch+appdetails,
Krater,$14.99 ,54.88%,2012-06-01,"2,986",763,mixed,Krater,,,0,,storesearch+appdetails,
3079 -- Block Action RPG,$4.99 ,51.03%,2011-10-01,"1,780",762,mixed,3079 -- Block Action RPG,,,0,,storesearch+appdetails,
Turbo Dismount™,$9.99 ,90.47%,2014-05-01,"18,735",761,single only,Turbo Dismount™,,,0,,storesearch+appdetails,
Timber Tennis: Versus,$1.99 ,62.92%,2018-11-01,784,761,mixed,Timber Tennis: Versus,,,0,,storesearch+appdetails,
Spoiler Alert,$2.99 ,73.07%,2014-06-01,604,760,single only,Spoiler Alert,,,0,,storesearch+appdetails,
SPACEPLAN,$2.99 ,87.94%,2017-05-01,"3,489",760,single only,SPACEPLAN,,,0,,storesearch+appdetails,
Warsim: The Realm of Aslona,$3.99 ,91.39%,2022-12-01,"7,625",760,single only,Warsim: The Realm of Aslona,,,0,,storesearch+appdetails,
Death Road to Canada,$14.99 ,90.19%,2016-07-01,"42,673",759,mixed,Death Road to Canada,,,0,,storesearch+appdetails,
Little Sim World,$24.99 ,77.65%,2025-05-01,"11,111",758,mixed,Little Sim World,,,0,,storesearch+appdetails,
A.R.E.S.: Extinction Agenda,$4.99 ,66.82%,2011-01-01,748,756,single only,A.R.E.S.: Extinction Agenda,,,0,,storesearch+appdetails,
Reptilian Rebellion,$2.99 ,65.17%,2016-08-01,88,754,single only,Reptilian Rebellion,,,0,,storesearch+appdetails,
Beat Cop,$14.99 ,79.71%,2017-03-01,"26,292",754,single only,Beat Cop,,,0,,storesearch+appdetails,
Zup! 8,$1.99 ,91.85%,2018-02-01,"1,681",754,single only,Zup! 8,,,0,,storesearch+appdetails,
Fight The Dragon,$9.99 ,75.65%,2014-12-01,"19,263",754,mixed,Fight The Dragon,,,0,,storesearch+appdetails,
Terrorhedron Tower Defense,$1.99 ,80.00%,2014-07-01,"1,349",752,mixed,Terrorhedron Tower Defense,,,0,,storesearch+appdetails,
Last Remains,$19.99 ,52.93%,2025-02-01,"21,409",751,multi only,Last Remains,,,0,,storesearch+appdetails,
Townsmen - A Kingdom Rebuilt,$3.99 ,68.36%,2019-02-01,"7,488",751,single only,Townsmen - A Kingdom Rebuilt,,,0,,storesearch+appdetails,
Little Misfortune,$19.99 ,89.84%,2019-09-01,"27,391",750,single only,Little Misfortune,,,0,,storesearch+appdetails,
Universe Sandbox,$29.99 ,94.35%,2015-08-01,"172,844",750,single only,Universe Sandbox,,,0,,storesearch+appdetails,
Simmiland,$4.99 ,83.59%,2018-08-01,"9,244",749,single only,Simmiland,,,0,,storesearch+appdetails,
Eldest Souls,$19.99 ,71.04%,2021-07-01,"23,097",748,single only,Eldest Souls,,,0,,storesearch+appdetails,
Hiveswap Friendsim,$12.99 ,87.93%,2018-04-01,"4,691",747,single only,Hiveswap Friendsim,,,0,,storesearch+appdetails,
The Haunted: Hells Reach,$8.99 ,80.53%,2011-10-01,"2,476",745,mixed,The Haunted: Hells Reach,,,0,,storesearch+appdetails,
Grimoire Chronicles,$9.99 ,69.42%,2017-04-01,314,744,single only,Grimoire Chronicles,,,0,,storesearch+appdetails,
"Sir, You Are Being Hunted",$11.99 ,75.18%,2013-08-01,"19,804",744,mixed,"Sir, You Are Being Hunted",,,0,,storesearch+appdetails,
Pillar,$7.99 ,62.96%,2015-05-01,213,742,single only,Pillar,,,0,,storesearch+appdetails,
Costume Quest,$9.99 ,90.20%,2011-10-01,"3,597",742,single only,Costume Quest,,,0,,storesearch+appdetails,
The Purge Day,$2.99 ,57.79%,2016-11-01,306,740,single only,The Purge Day,,,0,,storesearch+appdetails,
KRUNCH,$9.99 ,62.00%,2012-12-01,112,740,single only,KRUNCH,,,0,,storesearch+appdetails,
Disoriented,$2.99 ,76.36%,2016-11-01,"2,130",740,single only,Disoriented,,,0,,storesearch+appdetails,
Layers of Fear 2 (2019),$19.99 ,69.66%,2019-05-01,"14,136",739,single only,Layers of Fear 2 (2019),,,0,,storesearch+appdetails,
Stone Story RPG,$29.99 ,85.96%,2023-07-01,"8,796",739,single only,Stone Story RPG,,,0,,storesearch+appdetails,
GentleMoon 2,$2.99 ,76.95%,2016-02-01,117,737,single only,GentleMoon 2,,,0,,storesearch+appdetails,
Abrix 2 - Diamond version,$1.99 ,77.48%,2016-04-01,143,736,single only,Abrix 2 - Diamond version,,,0,,storesearch+appdetails,
Anomalies,$3.99 ,70.97%,2016-10-01,306,733,single only,Anomalies,,,0,,storesearch+appdetails,
Oxenfree,$9.99 ,89.08%,2016-01-01,"45,476",733,single only,Oxenfree,,,0,,storesearch+appdetails,
Legendary Tales,$39.99 ,73.09%,2024-02-01,"18,871",733,mixed,Legendary Tales,,,0,,storesearch+appdetails,
Brushwood Buddies,$2.99 ,76.35%,2016-02-01,303,732,single only,Brushwood Buddies,,,0,,storesearch+appdetails,
Make America Great Again: The Trump Presidency,$2.99 ,82.27%,2016-09-01,"4,365",732,single only,Make America Great Again: The Trump Presidency,,,0,,storesearch+appdetails,
FortressCraft Evolved!,$12.99 ,70.16%,2015-11-01,"24,916",732,mixed,FortressCraft Evolved!,,,0,,storesearch+appdetails,
GoD Factory: Wingmen,$9.99 ,64.59%,2014-08-01,"2,858",731,multi only,GoD Factory: Wingmen,,,0,,storesearch+appdetails,
Superbrothers: Sword & Sworcery EP,$7.99 ,74.78%,2012-04-01,"7,362",731,single only,Superbrothers: Sword & Sworcery EP,,,0,,storesearch+appdetails,
Last Heroes,$9.99 ,65.03%,2015-11-01,401,727,single only,Last Heroes,,,0,,storesearch+appdetails,
Apotheon,$14.99 ,86.56%,2015-02-01,"23,224",727,single only,Apotheon,,,0,,storesearch+appdetails,
DOG GONE GOLFING,$4.99 ,67.24%,2017-08-01,116,726,mixed,DOG GONE GOLFING,,,0,,storesearch+appdetails,
Die With Glory — Point and Click Adventure Game,$5.99 ,57.80%,2017-05-01,671,725,single only,Die With Glory — Point and Click Adventure Game,,,0,,storesearch+appdetails,
Fiery Disaster,$1.99 ,52.51%,2016-11-01,404,724,mixed,Fiery Disaster,,,0,,storesearch+appdetails,
Crab Cakes Rescue,$6.99 ,64.22%,2014-11-01,105,723,single only,Crab Cakes Rescue,,,0,,storesearch+appdetails,
Along the Edge,$13.99 ,80.16%,2016-10-01,"4,045",722,single only,Along the Edge,,,0,,storesearch+appdetails,
Zup! S,$1.99 ,94.35%,2018-11-01,"6,368",722,single only,Zup! S,,,0,,storesearch+appdetails,
Expeditions: Conquistador,$1.99 ,75.88%,2013-05-01,"12,784",721,mixed,Expeditions: Conquistador,,,0,,storesearch+appdetails,
SIDE EFFECTS,$4.99 ,80.77%,2025-11-01,"5,125",721,mixed,SIDE EFFECTS,,,0,,storesearch+appdetails,
Our End of the World,$9.99 ,77.15%,2017-11-01,"28,860",720,single only,Our End of the World,,,0,,storesearch+appdetails,
Space Run Galaxy,$9.99 ,62.36%,2016-06-01,"3,819",720,mixed,Space Run Galaxy,,,0,,storesearch+appdetails,
The Adventures of Mr. Bobley,$1.99 ,61.65%,2015-06-01,221,717,single only,The Adventures of Mr. Bobley,,,0,,storesearch+appdetails,
Mind Snares: Alice's Journey,$14.99 ,83.25%,2015-04-01,"1,683",716,single only,Mind Snares: Alice's Journey,,,0,,storesearch+appdetails,
Zombo Buster Rising,$1.99 ,86.98%,2016-10-01,470,716,single only,Zombo Buster Rising,,,0,,storesearch+appdetails,
Prodeus,$24.99 ,89.67%,2022-09-01,"33,128",716,mixed,Prodeus,,,0,,storesearch+appdetails,
7 Billion Humans,$14.99 ,89.30%,2018-08-01,"16,174",715,single only,7 Billion Humans,,,0,,storesearch+appdetails,
Mountain Trap 2: Under the Cloak of Fear,$6.99 ,59.18%,2016-12-01,227,713,single only,Mountain Trap 2: Under the Cloak of Fear,,,0,,storesearch+appdetails,
Zeno Clash,$2.99 ,83.16%,2009-04-01,"5,319",712,single only,Zeno Clash,,,0,,storesearch+appdetails,
Zup! 3,$1.99 ,87.41%,2017-01-01,"2,634",712,single only,Zup! 3,,,0,,storesearch+appdetails,
Grow Home,$7.99 ,88.69%,2015-02-01,"23,062",712,single only,Grow Home,,,0,,storesearch+appdetails,
20XX,$14.99 ,87.89%,2017-08-01,"22,116",712,mixed,20XX,,,0,,storesearch+appdetails,
Risen Kingdom,$2.99 ,73.30%,2020-02-01,"3,197",711,single only,Risen Kingdom,,,0,,storesearch+appdetails,
Dracula's Legacy,$1.49 ,76.77%,2015-10-01,682,710,single only,Dracula's Legacy,,,0,,storesearch+appdetails,
Sundered®: Eldritch Edition,$19.99 ,79.57%,2017-07-01,"35,170",708,mixed,Sundered®: Eldritch Edition,,,0,,storesearch+appdetails,
Better Mart Simulator,$14.99 ,85.95%,2025-05-01,"2,429",708,mixed,Better Mart Simulator,,,0,,storesearch+appdetails,
You Must Build A Boat,$4.99 ,78.11%,2015-06-01,"3,422",706,single only,You Must Build A Boat,,,0,,storesearch+appdetails,
Hydrophobia: Prophecy,$4.99 ,59.46%,2011-05-01,"1,764",705,single only,Hydrophobia: Prophecy,,,0,,storesearch+appdetails,
Will You Snail?,$10.99 ,92.95%,2022-03-01,"4,015",705,single only,Will You Snail?,,,0,,storesearch+appdetails,
SCALPERS: Turtle & the Moonshine Gang,$9.99 ,61.18%,2018-03-01,526,704,mixed,SCALPERS: Turtle & the Moonshine Gang,,,0,,storesearch+appdetails,
Treasure Hunter Claire,$19.99 ,84.89%,2018-07-01,"17,285",702,single only,Treasure Hunter Claire,,,0,,storesearch+appdetails,
Knytt Underground,$6.99 ,78.87%,2013-10-01,"1,301",701,single only,Knytt Underground,,,0,,storesearch+appdetails,
Fibbage XL,$9.99 ,86.78%,2016-03-01,"1,070",700,multi only,Fibbage XL,,,0,,storesearch+appdetails,
Blocks That Matter,$4.99 ,74.19%,2011-08-01,"8,377",700,single only,Blocks That Matter,,,0,,storesearch+appdetails,
The Hat Man: Shadow Ward,$9.99 ,64.05%,2016-06-01,"3,640",699,single only,The Hat Man: Shadow Ward,,,0,,storesearch+appdetails,
RePete,$1.99 ,73.59%,2015-11-01,239,699,single only,RePete,,,0,,storesearch+appdetails,
WolfWars,$2.99 ,53.59%,2015-01-01,264,698,mixed,WolfWars,,,0,,storesearch+appdetails,
Beerman,$1.99 ,69.70%,2016-08-01,90,697,single only,Beerman,,,0,,storesearch+appdetails,
MASSIVE CHALICE,$19.99 ,70.21%,2015-06-01,"19,657",697,single only,MASSIVE CHALICE,,,0,,storesearch+appdetails,
Waveform,$1.68 ,79.45%,2012-03-01,"1,873",697,single only,Waveform,,,0,,storesearch+appdetails,
Shredders,$29.99 ,91.08%,2022-03-01,"9,211",697,mixed,Shredders,,,0,,storesearch+appdetails,
Among Trees,$14.99 ,66.40%,2021-11-01,"37,193",695,single only,Among Trees,,,0,,storesearch+appdetails,
Seven: Enhanced Edition,$29.99 ,73.66%,2017-12-01,"29,225",695,single only,Seven: Enhanced Edition,,,0,,storesearch+appdetails,
Survisland / 实境求生,$14.99 ,61.89%,2024-04-01,"21,086",695,mixed,Survisland / 实境求生,,,0,,storesearch+appdetails,
GROOVY,$5.99 ,55.83%,2016-05-01,535,694,single only,GROOVY,,,0,,storesearch+appdetails,
Tharsis,$14.99 ,68.07%,2016-01-01,"10,639",694,single only,Tharsis,,,0,,storesearch+appdetails,
Pinstripe,$14.99 ,85.53%,2017-04-01,"12,423",694,single only,Pinstripe,,,0,,storesearch+appdetails,
Fossil Echo,$9.99 ,60.15%,2016-07-01,"2,663",693,single only,Fossil Echo,,,0,,storesearch+appdetails,
Mythic Wonders: The Philosopher's Stone,$14.99 ,82.48%,2016-04-01,"1,576",693,single only,Mythic Wonders: The Philosopher's Stone,,,0,,storesearch+appdetails,
FAITH: The Unholy Trinity,$14.99 ,92.19%,2022-10-01,"27,420",693,single only,FAITH: The Unholy Trinity,,,0,,storesearch+appdetails,
Rabi-Ribi,$5.39 ,92.83%,2016-01-01,"54,700",693,single only,Rabi-Ribi,,,0,,storesearch+appdetails,
Hypership Out of Control,$1.99 ,75.09%,2015-09-01,135,691,single only,Hypership Out of Control,,,0,,storesearch+appdetails,
Run!ZombieFood!,$3.99 ,76.23%,2017-07-01,"8,109",691,single only,Run!ZombieFood!,,,0,,storesearch+appdetails,
Q REMASTERED,$8.99 ,78.41%,2023-05-01,"2,914",689,mixed,Q REMASTERED,,,0,,storesearch+appdetails,
Square Heroes,$12.99 ,79.24%,2015-04-01,846,689,mixed,Square Heroes,,,0,,storesearch+appdetails,
Telling Lies,$19.99 ,61.43%,2019-08-01,"16,621",687,single only,Telling Lies,,,0,,storesearch+appdetails,
Mark of the Ninja: Remastered,$19.99 ,92.92%,2018-10-01,"20,022",687,single only,Mark of the Ninja: Remastered,,,0,,storesearch+appdetails,
Tower of Time,$24.99 ,79.85%,2018-04-01,"26,815",686,single only,Tower of Time,,,0,,storesearch+appdetails,
Professional Fishing 2,$24.99 ,69.36%,2025-09-01,"2,430",686,mixed,Professional Fishing 2,,,0,,storesearch+appdetails,
Viscera Cleanup Detail: Santa's Rampage,$2.49 ,88.34%,2013-12-01,"6,816",686,mixed,Viscera Cleanup Detail: Santa's Rampage,,,0,,storesearch+appdetails,
Ghost Song,$19.99 ,79.34%,2022-11-01,"16,469",685,single only,Ghost Song,,,0,,storesearch+appdetails,
Delver,$14.99 ,84.20%,2018-02-01,"21,725",684,single only,Delver,,,0,,storesearch+appdetails,
Dungeon Warfare 2,$14.99 ,85.22%,2018-07-01,"3,949",684,single only,Dungeon Warfare 2,,,0,,storesearch+appdetails,
My Vow to My Liege,$9.99 ,88.57%,2020-09-01,"8,141",684,single only,My Vow to My Liege,,,0,,storesearch+appdetails,
Tricking 0,$14.99 ,76.78%,2022-03-01,"1,605",684,mixed,Tricking 0,,,0,,storesearch+appdetails,
Golf Gang,$9.99 ,79.99%,2022-05-01,"4,270",684,mixed,Golf Gang,,,0,,storesearch+appdetails,
Nomad Fleet,$4.99 ,63.85%,2015-07-01,"5,540",683,single only,Nomad Fleet,,,0,,storesearch+appdetails,
Undead Horde,$16.99 ,82.93%,2019-05-01,"12,952",683,single only,Undead Horde,,,0,,storesearch+appdetails,
Copter and Sky,$6.99 ,63.76%,2016-07-01,303,682,single only,Copter and Sky,,,0,,storesearch+appdetails,
The Messenger,$19.99 ,90.44%,2018-08-01,"30,789",679,single only,The Messenger,,,0,,storesearch+appdetails,
Subject 13,$9.99 ,57.10%,2015-05-01,"1,375",678,single only,Subject 13,,,0,,storesearch+appdetails,
MiniOne Racing,$4.99 ,58.30%,2008-12-01,182,678,mixed,MiniOne Racing,,,0,,storesearch+appdetails,
Plunder Panic,$5.98 ,79.34%,2022-09-01,"1,302",678,mixed,Plunder Panic,,,0,,storesearch+appdetails,
Holy Potatoes! A Weapon Shop?!,$9.99 ,69.42%,2015-07-01,"9,660",677,single only,Holy Potatoes! A Weapon Shop?!,,,0,,storesearch+appdetails,
Obenseuer,$19.99 ,89.20%,2018-12-01,"5,589",677,single only,Obenseuer,,,0,,storesearch+appdetails,
Fate of the World,$9.99 ,73.80%,2011-02-01,"2,055",675,single only,Fate of the World,,,0,,storesearch+appdetails,
Bakery Simulator,$15.99 ,65.57%,2022-05-01,"9,236",674,single only,Bakery Simulator,,,0,,storesearch+appdetails,
Ashen,$39.99 ,65.96%,2019-12-01,"49,460",674,mixed,Ashen,,,0,,storesearch+appdetails,
Vanguard Princess,$4.99 ,67.96%,2014-03-01,"8,932",674,mixed,Vanguard Princess,,,0,,storesearch+appdetails,
School 666,$9.99 ,80.04%,2025-06-01,"1,583",674,mixed,School 666,,,0,,storesearch+appdetails,
Trine 3: The Artifacts of Power,$21.99 ,62.21%,2015-08-01,"38,319",672,mixed,Trine 3: The Artifacts of Power,,,0,,storesearch+appdetails,
REDCON,$14.99 ,80.34%,2016-04-01,"5,487",670,single only,REDCON,,,0,,storesearch+appdetails,
Embr,$19.99 ,83.01%,2021-09-01,"13,594",670,mixed,Embr,,,0,,storesearch+appdetails,
Three Heroes,$3.99 ,66.68%,2015-09-01,"2,440",669,single only,Three Heroes,,,0,,storesearch+appdetails,
Winter Resort Simulator,$19.99 ,77.54%,2019-12-01,"4,427",668,single only,Winter Resort Simulator,,,0,,storesearch+appdetails,
Project Lounge,$4.99 ,62.79%,2021-07-01,486,668,mixed,Project Lounge,,,0,,storesearch+appdetails,
How To Survive: Third Person Standalone,$9.99 ,56.29%,2015-07-01,"15,260",667,single only,How To Survive: Third Person Standalone,,,0,,storesearch+appdetails,
Ground Pounders,$4.99 ,43.51%,2014-07-01,391,667,mixed,Ground Pounders,,,0,,storesearch+appdetails,
Gravity Cat,$1.99 ,73.97%,2016-07-01,827,666,single only,Gravity Cat,,,0,,storesearch+appdetails,
Taur,$24.99 ,76.83%,2020-02-01,"16,505",666,single only,Taur,,,0,,storesearch+appdetails,
Jupiter Hell,$24.99 ,87.84%,2021-08-01,"16,250",666,single only,Jupiter Hell,,,0,,storesearch+appdetails,
Coffee Crisis,$9.99 ,62.90%,2018-05-01,"2,025",666,mixed,Coffee Crisis,,,0,,storesearch+appdetails,
Spirit of the Island,$14.99 ,64.68%,2022-08-01,"16,498",665,mixed,Spirit of the Island,,,0,,storesearch+appdetails,
Deep Sky Derelicts,$19.99 ,71.94%,2018-09-01,"25,615",664,single only,Deep Sky Derelicts,,,0,,storesearch+appdetails,
Duelists of Eden,$4.99 ,90.04%,2024-03-01,"5,469",663,mixed,Duelists of Eden,,,0,,storesearch+appdetails,
Vampire's Fall: Origins,$12.99 ,75.62%,2020-01-01,"7,638",662,single only,Vampire's Fall: Origins,,,0,,storesearch+appdetails,
Knights of Pen and Paper 2,$7.99 ,83.81%,2015-10-01,"10,872",661,single only,Knights of Pen and Paper 2,,,0,,storesearch+appdetails,
Popup Dungeon,$24.99 ,71.91%,2020-08-01,"11,214",661,mixed,Popup Dungeon,,,0,,storesearch+appdetails,
Stacking,$9.99 ,85.14%,2012-03-01,"2,194",660,single only,Stacking,,,0,,storesearch+appdetails,
Arizona Sunshine®,$19.99 ,77.39%,2016-12-01,"53,703",658,single only,Arizona Sunshine®,,,0,,storesearch+appdetails,
Lords of Xulima,$19.99 ,76.89%,2014-11-01,"11,278",657,single only,Lords of Xulima,,,0,,storesearch+appdetails,
Mod and Play,$2.99 ,43.31%,2020-04-01,"5,260",656,multi only,Mod and Play,,,0,,storesearch+appdetails,
The Chosen RPG,$1.99 ,67.79%,2016-02-01,"4,804",656,single only,The Chosen RPG,,,0,,storesearch+appdetails,
妄想症：Deliver Me,$1.99 ,84.12%,2018-08-01,"10,377",656,single only,妄想症：Deliver Me,,,0,,storesearch+appdetails,
TouHou Makuka Sai ~ Fantastic Danmaku Festival Part II,$12.78 ,92.39%,2019-03-01,"5,504",656,single only,TouHou Makuka Sai ~ Fantastic Danmaku Festival Part II,,,0,,storesearch+appdetails,
Sir Whoopass™: Immortal Death,$16.99 ,78.79%,2022-08-01,"10,864",655,mixed,Sir Whoopass™: Immortal Death,,,0,,storesearch+appdetails,
Bunker - The Underground Game,$3.99 ,55.77%,2015-05-01,499,654,single only,Bunker - The Underground Game,,,0,,storesearch+appdetails,
Paper Dolls: Original / 纸人,$5.94 ,82.42%,2019-04-01,"22,714",654,single only,Paper Dolls: Original / 纸人,,,0,,storesearch+appdetails,
Frederic: Resurrection of Music Director's Cut,$5.99 ,79.79%,2016-04-01,778,654,mixed,Frederic: Resurrection of Music Director's Cut,,,0,,storesearch+appdetails,
Rising World,$14.99 ,82.96%,2014-12-01,"109,205",654,mixed,Rising World,,,0,,storesearch+appdetails,
Archvale,$14.99 ,85.13%,2021-12-01,"7,734",654,mixed,Archvale,,,0,,storesearch+appdetails,
Takoyaki Party Survival,$2.99 ,86.01%,2022-08-01,"1,112",654,mixed,Takoyaki Party Survival,,,0,,storesearch+appdetails,
Cthulhu Saves the World,$2.99 ,88.22%,2011-07-01,"3,587",653,single only,Cthulhu Saves the World,,,0,,storesearch+appdetails,
Cavern Kings,$4.99 ,63.87%,2014-09-01,"1,523",653,mixed,Cavern Kings,,,0,,storesearch+appdetails,
The Solus Project,$19.99 ,77.09%,2016-06-01,"177,860",652,single only,The Solus Project,,,0,,storesearch+appdetails,
Moving Out,$24.99 ,76.47%,2020-04-01,"22,847",652,mixed,Moving Out,,,0,,storesearch+appdetails,
Brave Alchemist Colette,$24.99 ,84.61%,2020-04-01,"8,681",651,single only,Brave Alchemist Colette,,,0,,storesearch+appdetails,
The Last Federation,$19.99 ,70.90%,2014-04-01,"8,464",650,single only,The Last Federation,,,0,,storesearch+appdetails,
Touhou Tenkuushou ~ Hidden Star in Four Seasons.,$14.99 ,94.62%,2017-08-01,"22,024",649,single only,Touhou Tenkuushou ~ Hidden Star in Four Seasons.,,,0,,storesearch+appdetails,
Windward Horizon,$19.99 ,76.21%,2025-05-01,"6,433",649,mixed,Windward Horizon,,,0,,storesearch+appdetails,
5D Chess With Multiverse Time Travel,$11.99 ,93.62%,2020-07-01,"22,475",649,mixed,5D Chess With Multiverse Time Travel,,,0,,storesearch+appdetails,
War Trigger Classic,$19.99 ,58.43%,2019-01-01,"3,204",648,multi only,War Trigger Classic,,,0,,storesearch+appdetails,
Draw The Way,$5.99 ,78.74%,2018-11-01,195,647,mixed,Draw The Way,,,0,,storesearch+appdetails,
Ghostlore,$19.99 ,76.57%,2023-05-01,"11,604",646,mixed,Ghostlore,,,0,,storesearch+appdetails,
Timeflow – Life Sim,$14.99 ,88.30%,2019-01-01,"2,803",646,mixed,Timeflow – Life Sim,,,0,,storesearch+appdetails,
APICO,$19.99 ,87.22%,2022-05-01,"10,325",645,mixed,APICO,,,0,,storesearch+appdetails,
Infernax,$19.99 ,88.91%,2022-02-01,"11,559",645,mixed,Infernax,,,0,,storesearch+appdetails,
VoidExpanse,$14.99 ,68.39%,2015-04-01,"16,990",644,mixed,VoidExpanse,,,0,,storesearch+appdetails,
Let's Minesweeper,$1.24 ,74.61%,2024-07-01,"1,487",644,mixed,Let's Minesweeper,,,0,,storesearch+appdetails,
Fate Tectonics,$4.99 ,70.38%,2015-09-01,952,643,single only,Fate Tectonics,,,0,,storesearch+appdetails,
INSOMNIA: The Ark,$29.99 ,58.25%,2018-09-01,"17,324",641,single only,INSOMNIA: The Ark,,,0,,storesearch+appdetails,
Block'hood,$14.99 ,71.37%,2017-05-01,"26,028",640,single only,Block'hood,,,0,,storesearch+appdetails,
Furi,$7.99 ,87.72%,2016-07-01,"46,000",640,single only,Furi,,,0,,storesearch+appdetails,
Dragon Spear,$14.99 ,61.42%,2018-08-01,"9,575",640,mixed,Dragon Spear,,,0,,storesearch+appdetails,
富豪派对重制版,$6.99 ,78.21%,2023-08-01,"2,073",639,multi only,富豪派对重制版,,,0,,storesearch+appdetails,
Retrowave,$2.99 ,92.83%,2022-05-01,"12,011",638,mixed,Retrowave,,,0,,storesearch+appdetails,
Share,$1.99 ,67.83%,2016-05-01,"1,079",637,single only,Share,,,0,,storesearch+appdetails,
Storm Of Spears RPG,$1.99 ,69.43%,2016-06-01,"5,600",637,single only,Storm Of Spears RPG,,,0,,storesearch+appdetails,
To the Moon,$9.99 ,94.69%,2011-11-01,"71,682",637,single only,To the Moon,,,0,,storesearch+appdetails,
Mini Airways - ATC simulator,$7.49 ,88.21%,2024-07-01,"5,655",637,mixed,Mini Airways - ATC simulator,,,0,,storesearch+appdetails,
Donut County,$12.99 ,89.47%,2018-08-01,"21,319",636,single only,Donut County,,,0,,storesearch+appdetails,
Moustache Mountain,$1.99 ,67.54%,2016-03-01,603,636,mixed,Moustache Mountain,,,0,,storesearch+appdetails,
WHAT THE GOLF?,$19.99 ,90.13%,2020-10-01,"14,274",636,mixed,WHAT THE GOLF?,,,0,,storesearch+appdetails,
Prehistoric Tales,$2.99 ,69.16%,2016-05-01,266,635,single only,Prehistoric Tales,,,0,,storesearch+appdetails,
Words for Evil,$2.99 ,75.21%,2014-08-01,"1,772",634,single only,Words for Evil,,,0,,storesearch+appdetails,
RiME,$29.99 ,87.19%,2017-05-01,"41,329",634,single only,RiME,,,0,,storesearch+appdetails,
Production Line : Car factory simulation,$24.99 ,79.31%,2019-03-01,"33,197",631,single only,Production Line : Car factory simulation,,,0,,storesearch+appdetails,
Defend Your Crypt,$2.99 ,71.76%,2016-07-01,237,630,single only,Defend Your Crypt,,,0,,storesearch+appdetails,
No Time To Live,$1.99 ,66.63%,2015-09-01,242,629,single only,No Time To Live,,,0,,storesearch+appdetails,
Everything,$14.99 ,80.30%,2017-04-01,"31,901",629,single only,Everything,,,0,,storesearch+appdetails,
Night Club Simulator,$14.99 ,62.17%,2025-07-01,"4,584",629,mixed,Night Club Simulator,,,0,,storesearch+appdetails,
Amazing Frog?,$19.99 ,91.51%,2014-11-01,"24,024",629,mixed,Amazing Frog?,,,0,,storesearch+appdetails,
Mimpi,$3.99 ,78.13%,2015-01-01,784,628,single only,Mimpi,,,0,,storesearch+appdetails,
九州：商旅（Nine Provinces: Caravan）,$8.99 ,85.97%,2021-02-01,"5,188",628,single only,九州：商旅（Nine Provinces: Caravan）,,,0,,storesearch+appdetails,
Drift86,$1.99 ,88.22%,2019-11-01,"3,351",628,mixed,Drift86,,,0,,storesearch+appdetails,
Cubemen,$3.99 ,67.77%,2012-03-01,660,627,mixed,Cubemen,,,0,,storesearch+appdetails,
Mondrian - Abstraction in Beauty,$4.99 ,61.38%,2015-09-01,165,626,single only,Mondrian - Abstraction in Beauty,,,0,,storesearch+appdetails,
Super GunWorld 2,$7.99 ,53.98%,2016-05-01,125,626,mixed,Super GunWorld 2,,,0,,storesearch+appdetails,
Rencounter,$5.99 ,67.55%,2016-11-01,"3,457",625,single only,Rencounter,,,0,,storesearch+appdetails,
An Assassin in Orlandes,$4.99 ,73.64%,2015-05-01,360,624,single only,An Assassin in Orlandes,,,0,,storesearch+appdetails,
DEAD OR SCHOOL,$24.99 ,81.19%,2019-06-01,"30,828",624,single only,DEAD OR SCHOOL,,,0,,storesearch+appdetails,
An Alien with a Magnet,$2.99 ,79.68%,2017-03-01,85,623,single only,An Alien with a Magnet,,,0,,storesearch+appdetails,
Reagan Gorbachev,$9.99 ,72.75%,2016-02-01,430,623,mixed,Reagan Gorbachev,,,0,,storesearch+appdetails,
Spectrum,$4.99 ,73.96%,2016-09-01,246,622,single only,Spectrum,,,0,,storesearch+appdetails,
Big Action Mega Fight!,$1.99 ,77.01%,2016-01-01,841,622,single only,Big Action Mega Fight!,,,0,,storesearch+appdetails,
Roadwarden,$10.99 ,90.97%,2022-09-01,"21,066",622,single only,Roadwarden,,,0,,storesearch+appdetails,
GRIP: Combat Racing,$22.48 ,82.10%,2018-11-01,"23,207",622,mixed,GRIP: Combat Racing,,,0,,storesearch+appdetails,
Diluvion: Resubmerged,$19.99 ,60.37%,2017-02-01,"14,305",621,single only,Diluvion: Resubmerged,,,0,,storesearch+appdetails,
Tetrobot and Co.,$9.99 ,89.35%,2013-10-01,"2,103",620,single only,Tetrobot and Co.,,,0,,storesearch+appdetails,
Valnir Rok Survival RPG,$9.99 ,44.99%,2017-09-01,"23,144",619,multi only,Valnir Rok Survival RPG,,,0,,storesearch+appdetails,
Crumble,$14.99 ,83.18%,2020-12-01,"3,192",619,mixed,Crumble,,,0,,storesearch+appdetails,
Horizon,$29.99 ,57.70%,2014-02-01,"6,341",618,single only,Horizon,,,0,,storesearch+appdetails,
Crayon Physics Deluxe,$19.99 ,81.66%,2009-01-01,"2,117",615,single only,Crayon Physics Deluxe,,,0,,storesearch+appdetails,
Unity of Command II,$29.99 ,76.80%,2019-11-01,"20,774",614,mixed,Unity of Command II,,,0,,storesearch+appdetails,
Cargo Commander,$4.99 ,78.52%,2012-11-01,"1,905",613,single only,Cargo Commander,,,0,,storesearch+appdetails,
Superflight,$2.99 ,93.60%,2017-11-01,"13,822",613,single only,Superflight,,,0,,storesearch+appdetails,
Magrunner: Dark Pulse,$19.99 ,70.40%,2013-06-01,"2,958",612,single only,Magrunner: Dark Pulse,,,0,,storesearch+appdetails,
Job Simulator,$19.99 ,88.10%,2016-04-01,"26,355",611,single only,Job Simulator,,,0,,storesearch+appdetails,
The Gold River Project,$24.99 ,61.47%,2026-01-01,"18,457",611,mixed,The Gold River Project,,,0,,storesearch+appdetails,
MOTHERGUNSHIP,$24.99 ,73.04%,2018-07-01,"14,753",611,mixed,MOTHERGUNSHIP,,,0,,storesearch+appdetails,
Genital Jousting,$6.99 ,89.52%,2018-01-01,"28,060",610,mixed,Genital Jousting,,,0,,storesearch+appdetails,
Saurian,$19.99 ,59.14%,2017-08-01,"21,680",609,single only,Saurian,,,0,,storesearch+appdetails,
One Last Chance,$3.99 ,63.19%,2016-04-01,601,609,single only,One Last Chance,,,0,,storesearch+appdetails,
Diib's Dilemma,$1.99 ,71.70%,1999-03-01,113,609,single only,Diib's Dilemma,,,0,,storesearch+appdetails,
时之回廊/Corridor of time,$10.99 ,61.25%,2019-08-01,"3,057",609,mixed,时之回廊/Corridor of time,,,0,,storesearch+appdetails,
Shelter 2,$24.99 ,82.26%,2015-03-01,"44,229",607,single only,Shelter 2,,,0,,storesearch+appdetails,
Overgrowth,$19.99 ,78.83%,2017-10-01,"39,276",606,mixed,Overgrowth,,,0,,storesearch+appdetails,
LUFTRAUSERS,$9.99 ,87.55%,2014-03-01,"8,216",605,single only,LUFTRAUSERS,,,0,,storesearch+appdetails,
EvilMorph,$4.99 ,73.81%,2017-02-01,326,604,single only,EvilMorph,,,0,,storesearch+appdetails,
Chinese Chess,$9.99 ,69.45%,2017-10-01,"2,117",604,mixed,Chinese Chess,,,0,,storesearch+appdetails,
Investigator,$4.99 ,66.77%,2016-06-01,"2,239",603,single only,Investigator,,,0,,storesearch+appdetails,
The Forgotten City,$24.99 ,93.37%,2021-07-01,"40,017",603,single only,The Forgotten City,,,0,,storesearch+appdetails,
Bounty Train,$9.99 ,68.10%,2017-05-01,"14,070",602,single only,Bounty Train,,,0,,storesearch+appdetails,
The Pillage,$2.99 ,76.40%,2018-06-01,113,602,single only,The Pillage,,,0,,storesearch+appdetails,
NEONomicon,$1.04 ,73.28%,2017-06-01,263,602,mixed,NEONomicon,,,0,,storesearch+appdetails,
Reigns: Three Kingdoms,$2.99 ,52.63%,2024-01-01,"2,128",601,mixed,Reigns: Three Kingdoms,,,0,,storesearch+appdetails,
Fairy Tale Mysteries 2: The Beanstalk,$14.99 ,71.37%,2015-10-01,686,600,single only,Fairy Tale Mysteries 2: The Beanstalk,,,0,,storesearch+appdetails,
8-Bit Armies,$14.99 ,78.58%,2016-04-01,"20,921",600,mixed,8-Bit Armies,,,0,,storesearch+appdetails,
One Hour One Life,$14.99 ,78.12%,2018-11-01,"29,036",599,multi only,One Hour One Life,,,0,,storesearch+appdetails,
Guns n Zombies,$7.75 ,66.93%,2014-10-01,"1,745",599,single only,Guns n Zombies,,,0,,storesearch+appdetails,
Savant - Ascent,$1.99 ,88.26%,2013-12-01,"3,785",599,single only,Savant - Ascent,,,0,,storesearch+appdetails,
Vintage Year,$3.99 ,72.46%,2015-01-01,526,598,single only,Vintage Year,,,0,,storesearch+appdetails,
SKIPCHASER,$4.99 ,64.08%,2018-06-01,510,596,single only,SKIPCHASER,,,0,,storesearch+appdetails,
Samsa and the Knights of Light,$4.99 ,67.81%,2015-12-01,449,596,single only,Samsa and the Knights of Light,,,0,,storesearch+appdetails,
WASTED,$12.99 ,73.80%,2016-06-01,"5,705",596,single only,WASTED,,,0,,storesearch+appdetails,
SpaceEngine,$29.99 ,93.49%,2019-06-01,"82,418",596,single only,SpaceEngine,,,0,,storesearch+appdetails,
Eventide 2: The Sorcerers Mirror,$14.99 ,73.66%,2016-10-01,"1,130",595,single only,Eventide 2: The Sorcerers Mirror,,,0,,storesearch+appdetails,
Fallen ~Makina and the City of Ruins~,$14.99 ,81.67%,2018-02-01,"18,425",595,single only,Fallen ~Makina and the City of Ruins~,,,0,,storesearch+appdetails,
Cradle,$12.99 ,68.82%,2015-07-01,"23,387",594,single only,Cradle,,,0,,storesearch+appdetails,
Nine Parchments,$19.99 ,75.19%,2017-12-01,"25,490",594,mixed,Nine Parchments,,,0,,storesearch+appdetails,
Retail Company Simulator,$11.99 ,86.03%,2024-08-01,"3,196",593,mixed,Retail Company Simulator,,,0,,storesearch+appdetails,
AtmaSphere,$3.99 ,75.96%,2018-02-01,"1,665",592,single only,AtmaSphere,,,0,,storesearch+appdetails,
Slum Ball VR Tournament,$14.99 ,77.43%,2018-05-01,"2,434",592,single only,Slum Ball VR Tournament,,,0,,storesearch+appdetails,
Detective Girl of the Steam City,$14.99 ,87.53%,2019-07-01,"10,783",591,single only,Detective Girl of the Steam City,,,0,,storesearch+appdetails,
Immortal Redneck,$19.95 ,86.33%,2017-04-01,"14,264",590,single only,Immortal Redneck,,,0,,storesearch+appdetails,
OUTBRK,$34.99 ,77.33%,2024-06-01,"18,601",590,mixed,OUTBRK,,,0,,storesearch+appdetails,
Rusted Warfare - RTS,$4.99 ,93.18%,2017-07-01,"13,375",589,mixed,Rusted Warfare - RTS,,,0,,storesearch+appdetails,
Caravan,$5.99 ,74.22%,2016-09-01,"2,771",588,single only,Caravan,,,0,,storesearch+appdetails,
Equilinox,$9.99 ,88.75%,2018-11-01,"16,317",588,single only,Equilinox,,,0,,storesearch+appdetails,
Wanderlust Adventures,$9.99 ,57.67%,2015-08-01,"9,066",587,mixed,Wanderlust Adventures,,,0,,storesearch+appdetails,
Full Metal Furies,$19.99 ,86.93%,2018-01-01,"17,114",587,mixed,Full Metal Furies,,,0,,storesearch+appdetails,
A Virus Named TOM,$9.99 ,55.08%,2012-08-01,"1,385",586,mixed,A Virus Named TOM,,,0,,storesearch+appdetails,
Ghost Sweeper,$3.99 ,76.65%,2016-07-01,717,584,single only,Ghost Sweeper,,,0,,storesearch+appdetails,
Dream Sketcher,$11.99 ,57.39%,2023-08-01,"4,717",584,mixed,Dream Sketcher,,,0,,storesearch+appdetails,
Asguaard,$12.99 ,72.28%,2015-04-01,"2,301",582,single only,Asguaard,,,0,,storesearch+appdetails,
Seeders,$9.99 ,55.10%,2015-08-01,249,582,mixed,Seeders,,,0,,storesearch+appdetails,
Superstatic,$4.99 ,58.79%,2015-09-01,263,581,single only,Superstatic,,,0,,storesearch+appdetails,
Death Fungeon,$2.99 ,73.10%,2018-08-01,"1,191",581,single only,Death Fungeon,,,0,,storesearch+appdetails,
KeyWe,$24.99 ,86.34%,2021-08-01,"12,845",581,mixed,KeyWe,,,0,,storesearch+appdetails,
Soulfire,$6.99 ,68.61%,2020-08-01,"4,067",579,multi only,Soulfire,,,0,,storesearch+appdetails,
MMM: Murder Most Misfortunate,$4.99 ,75.21%,2017-05-01,591,579,single only,MMM: Murder Most Misfortunate,,,0,,storesearch+appdetails,
Battlevoid: Harbinger,$9.99 ,75.41%,2016-02-01,"7,465",579,single only,Battlevoid: Harbinger,,,0,,storesearch+appdetails,
Spooky Heroes,$4.99 ,55.77%,2016-02-01,113,579,mixed,Spooky Heroes,,,0,,storesearch+appdetails,
SEDAP! A Culinary Adventure,$14.99 ,64.08%,2025-05-01,"3,857",578,mixed,SEDAP! A Culinary Adventure,,,0,,storesearch+appdetails,
Firewood,$4.99 ,69.94%,2017-08-01,667,577,single only,Firewood,,,0,,storesearch+appdetails,
Glorkian Warrior: The Trials Of Glork,$4.99 ,83.01%,2015-03-01,660,577,single only,Glorkian Warrior: The Trials Of Glork,,,0,,storesearch+appdetails,
Sweets Pusher Friends,$3.99 ,64.33%,2023-02-01,249,577,mixed,Sweets Pusher Friends,,,0,,storesearch+appdetails,
Stayin' Alive,$5.99 ,69.81%,2018-05-01,"5,308",577,mixed,Stayin' Alive,,,0,,storesearch+appdetails,
Painters Guild,$9.99 ,64.79%,2015-09-01,"2,339",576,single only,Painters Guild,,,0,,storesearch+appdetails,
Moonchild,$9.99 ,70.07%,2016-04-01,"1,198",576,single only,Moonchild,,,0,,storesearch+appdetails,
Fae Tactics,$19.99 ,81.36%,2020-07-01,"12,576",576,single only,Fae Tactics,,,0,,storesearch+appdetails,
Pumpkin Jack,$29.99 ,88.55%,2020-10-01,"17,867",576,single only,Pumpkin Jack,,,0,,storesearch+appdetails,
To The Rescue!,$19.99 ,64.73%,2021-11-01,"7,660",575,single only,To The Rescue!,,,0,,storesearch+appdetails,
Dwarfs!?,$9.99 ,74.06%,2011-05-01,"1,560",575,single only,Dwarfs!?,,,0,,storesearch+appdetails,
NEKOPARA Extra,$4.99 ,93.19%,2018-07-01,"16,430",575,single only,NEKOPARA Extra,,,0,,storesearch+appdetails,
Cyto,$3.99 ,69.88%,2014-07-01,223,574,single only,Cyto,,,0,,storesearch+appdetails,
How to Build a Magnificent Kingdom,$24.99 ,76.35%,2022-08-01,"6,101",573,single only,How to Build a Magnificent Kingdom,,,0,,storesearch+appdetails,
HIVE: Altenum Wars,$9.99 ,62.50%,2018-07-01,442,573,mixed,HIVE: Altenum Wars,,,0,,storesearch+appdetails,
Masked Forces,$4.99 ,64.19%,2016-11-01,"1,015",573,mixed,Masked Forces,,,0,,storesearch+appdetails,
Shank,$9.99 ,86.80%,2010-10-01,"6,701",573,mixed,Shank,,,0,,storesearch+appdetails,
Chef: A Restaurant Tycoon Game,$19.99 ,70.75%,2020-08-01,"11,671",572,single only,Chef: A Restaurant Tycoon Game,,,0,,storesearch+appdetails,
Grass Simulator,$4.99 ,57.47%,2015-04-01,"2,808",572,mixed,Grass Simulator,,,0,,storesearch+appdetails,
Last Days of Spring Visual Novel,$2.99 ,56.33%,2015-10-01,410,570,single only,Last Days of Spring Visual Novel,,,0,,storesearch+appdetails,
They Bleed Pixels,$9.99 ,80.02%,2012-08-01,"5,421",570,single only,They Bleed Pixels,,,0,,storesearch+appdetails,
Dustforce DX,$9.99 ,84.21%,2012-01-01,"3,511",570,single only,Dustforce DX,,,0,,storesearch+appdetails,
PARTICLE MACE,$4.99 ,83.58%,2015-01-01,"2,267",569,mixed,PARTICLE MACE,,,0,,storesearch+appdetails,
"Guns, Gore and Cannoli 2",$12.99 ,90.71%,2018-03-01,"27,119",568,mixed,"Guns, Gore and Cannoli 2",,,0,,storesearch+appdetails,
Subterrain,$16.98 ,73.22%,2016-01-01,"20,144",567,single only,Subterrain,,,0,,storesearch+appdetails,
Tallowmere,$3.99 ,85.05%,2015-03-01,"4,874",567,mixed,Tallowmere,,,0,,storesearch+appdetails,
Druidstone: The Secret of the Menhir Forest,$24.99 ,79.08%,2019-05-01,"16,340",566,single only,Druidstone: The Secret of the Menhir Forest,,,0,,storesearch+appdetails,
XIII,$3.99 ,39.85%,2020-11-01,"7,107",566,mixed,XIII,,,0,,storesearch+appdetails,
What Remains of Edith Finch,$19.99 ,93.89%,2017-04-01,"109,038",564,single only,What Remains of Edith Finch,,,0,,storesearch+appdetails,
Gatewalkers,$24.99 ,65.25%,2023-01-01,"11,263",564,mixed,Gatewalkers,,,0,,storesearch+appdetails,
Ymir,$34.99 ,72.74%,2019-03-01,"19,098",564,mixed,Ymir,,,0,,storesearch+appdetails,
ClickRaid,$4.99 ,74.28%,2017-10-01,666,564,mixed,ClickRaid,,,0,,storesearch+appdetails,
Axon TD: Uprising - Tower Defense,$19.99 ,82.22%,2024-09-01,"4,905",563,mixed,Axon TD: Uprising - Tower Defense,,,0,,storesearch+appdetails,
Bad Caterpillar,$1.99 ,85.32%,2016-10-01,102,562,single only,Bad Caterpillar,,,0,,storesearch+appdetails,
Assemble with Care,$7.99 ,88.15%,2020-03-01,"9,359",561,single only,Assemble with Care,,,0,,storesearch+appdetails,
Kindergarten,$4.99 ,93.79%,2017-06-01,"19,317",561,single only,Kindergarten,,,0,,storesearch+appdetails,
qop,$1.99 ,86.56%,2017-07-01,953,560,single only,qop,,,0,,storesearch+appdetails,
DreadOut: Keepers of The Dark,$6.99 ,75.37%,2016-03-01,"6,326",558,single only,DreadOut: Keepers of The Dark,,,0,,storesearch+appdetails,
Grow Up,$9.99 ,87.80%,2016-08-01,"8,962",558,single only,Grow Up,,,0,,storesearch+appdetails,
Dominions 4: Thrones of Ascension,$34.99 ,86.02%,2013-12-01,"14,093",557,mixed,Dominions 4: Thrones of Ascension,,,0,,storesearch+appdetails,
The Jackbox Party Starter,$19.99 ,87.11%,2022-06-01,"1,702",556,mixed,The Jackbox Party Starter,,,0,,storesearch+appdetails,
OneShift,$4.99 ,72.20%,2018-08-01,"1,561",555,single only,OneShift,,,0,,storesearch+appdetails,
Pixel Gladiator,$4.48 ,76.51%,2017-09-01,"3,127",555,single only,Pixel Gladiator,,,0,,storesearch+appdetails,
Locoland,$1.24 ,73.49%,2003-11-01,557,554,single only,Locoland,,,0,,storesearch+appdetails,
Demon Hunter 3: Revelation,$14.99 ,82.36%,2016-12-01,812,554,single only,Demon Hunter 3: Revelation,,,0,,storesearch+appdetails,
Oknytt,$4.99 ,85.39%,2013-07-01,979,554,single only,Oknytt,,,0,,storesearch+appdetails,
Shanhe,$6.99 ,72.57%,2023-07-01,"3,713",552,mixed,Shanhe,,,0,,storesearch+appdetails,
Topple Tactics,$3.99 ,85.01%,2023-10-01,"3,013",551,multi only,Topple Tactics,,,0,,storesearch+appdetails,
City of Fools,$7.99 ,66.82%,2015-07-01,247,551,single only,City of Fools,,,0,,storesearch+appdetails,
Line/Dash,$1.99 ,69.43%,2016-07-01,164,551,single only,Line/Dash,,,0,,storesearch+appdetails,
Sakura Dungeon,$9.99 ,86.81%,2016-06-01,"31,474",551,single only,Sakura Dungeon,,,0,,storesearch+appdetails,
140,$4.99 ,89.17%,2013-10-01,"3,826",551,single only,140,,,0,,storesearch+appdetails,
Royal Bounty HD,$2.99 ,57.49%,2015-08-01,"1,312",550,single only,Royal Bounty HD,,,0,,storesearch+appdetails,
David.,$1.99 ,74.90%,2014-03-01,"2,020",549,single only,David.,,,0,,storesearch+appdetails,
Boson X,$4.99 ,87.77%,2014-09-01,"1,130",549,single only,Boson X,,,0,,storesearch+appdetails,
Mad Combat Marines,$4.99 ,66.57%,2016-07-01,326,548,mixed,Mad Combat Marines,,,0,,storesearch+appdetails,
Motorcycle Mechanic Simulator 2021,$19.99 ,65.24%,2021-11-01,"16,206",547,single only,Motorcycle Mechanic Simulator 2021,,,0,,storesearch+appdetails,
Sword Legacy: Omen,$17.99 ,62.59%,2018-08-01,"8,002",546,single only,Sword Legacy: Omen,,,0,,storesearch+appdetails,
Jazzpunk: Director's Cut,$14.99 ,90.66%,2014-02-01,"12,622",546,single only,Jazzpunk: Director's Cut,,,0,,storesearch+appdetails,
Deliver Us The Moon,$24.99 ,85.95%,2019-10-01,"30,748",545,single only,Deliver Us The Moon,,,0,,storesearch+appdetails,
Shooting Stars!,$4.99 ,77.53%,2016-01-01,857,544,single only,Shooting Stars!,,,0,,storesearch+appdetails,
Lone Survivor: The Director's Cut,$9.99 ,80.99%,2012-04-01,"6,787",544,single only,Lone Survivor: The Director's Cut,,,0,,storesearch+appdetails,
Almighty: Kill Your Gods,$24.99 ,59.11%,2021-05-01,"7,785",544,mixed,Almighty: Kill Your Gods,,,0,,storesearch+appdetails,
Ahnayro: The Dream World,$4.99 ,80.63%,2016-06-01,"1,096",542,single only,Ahnayro: The Dream World,,,0,,storesearch+appdetails,
The Park®,$12.99 ,68.20%,2015-10-01,"16,512",541,single only,The Park®,,,0,,storesearch+appdetails,
Hide & Hold Out - H2o,$17.99 ,53.40%,2016-04-01,"18,276",540,multi only,Hide & Hold Out - H2o,,,0,,storesearch+appdetails,
Kautic - The Bald Wizard,$1.99 ,73.08%,2017-03-01,154,540,single only,Kautic - The Bald Wizard,,,0,,storesearch+appdetails,
Party Hard 2,$19.99 ,75.74%,2018-10-01,"24,335",540,mixed,Party Hard 2,,,0,,storesearch+appdetails,
Abandoned Archive,$5.99 ,88.11%,2025-11-01,"5,231",540,mixed,Abandoned Archive,,,0,,storesearch+appdetails,
Akuatica,$4.99 ,56.88%,2015-11-01,578,539,single only,Akuatica,,,0,,storesearch+appdetails,
Soul Smith of the Kingdom,$6.99 ,58.20%,2018-05-01,"1,414",538,single only,Soul Smith of the Kingdom,,,0,,storesearch+appdetails,
Coffin of Ashes,$6.99 ,86.10%,2016-12-01,"5,580",538,single only,Coffin of Ashes,,,0,,storesearch+appdetails,
Uplink,$11.99 ,86.92%,2006-08-01,"7,503",538,single only,Uplink,,,0,,storesearch+appdetails,
Project Unknown,$9.99 ,79.23%,2025-10-01,"6,177",538,mixed,Project Unknown,,,0,,storesearch+appdetails,
Rebel Cops,$2.49 ,73.14%,2019-09-01,"9,314",537,single only,Rebel Cops,,,0,,storesearch+appdetails,
Sakura Spirit,$2.99 ,76.40%,2014-07-01,"22,036",537,single only,Sakura Spirit,,,0,,storesearch+appdetails,
A Valley Without Wind,$14.99 ,58.77%,2012-04-01,607,537,mixed,A Valley Without Wind,,,0,,storesearch+appdetails,
Morphine,$2.99 ,68.94%,2015-10-01,"1,272",536,single only,Morphine,,,0,,storesearch+appdetails,
The Turing Test,$6.99 ,85.09%,2016-08-01,"31,401",536,single only,The Turing Test,,,0,,storesearch+appdetails,
Unfinished - An Artist's Lament,$4.99 ,61.60%,2015-08-01,299,535,single only,Unfinished - An Artist's Lament,,,0,,storesearch+appdetails,
Survivor Squad: Gauntlets,$4.99 ,69.72%,2015-11-01,"2,224",535,single only,Survivor Squad: Gauntlets,,,0,,storesearch+appdetails,
Battle Chef Brigade Deluxe,$19.99 ,91.11%,2017-11-01,"13,236",535,mixed,Battle Chef Brigade Deluxe,,,0,,storesearch+appdetails,
Where are my Internets?,$2.99 ,64.59%,2016-12-01,506,534,mixed,Where are my Internets?,,,0,,storesearch+appdetails,
Megamagic: Wizards of the Neon Age,$9.99 ,69.11%,2016-04-01,"1,474",534,mixed,Megamagic: Wizards of the Neon Age,,,0,,storesearch+appdetails,
Awareness Rooms,$4.99 ,77.28%,2016-06-01,"1,642",531,single only,Awareness Rooms,,,0,,storesearch+appdetails,
NEO Scavenger,$14.99 ,86.63%,2014-12-01,"33,239",531,single only,NEO Scavenger,,,0,,storesearch+appdetails,
Evil Bank Manager,$11.99 ,73.72%,2018-12-01,"33,766",530,single only,Evil Bank Manager,,,0,,storesearch+appdetails,
Ascender,$8.99 ,66.66%,2017-03-01,152,529,single only,Ascender,,,0,,storesearch+appdetails,
Golfing Over It with Alva Majo,$1.99 ,71.67%,2018-03-01,"1,833",528,single only,Golfing Over It with Alva Majo,,,0,,storesearch+appdetails,
Haywire on Fuel Station Zeta,$3.99 ,83.74%,2015-09-01,109,528,single only,Haywire on Fuel Station Zeta,,,0,,storesearch+appdetails,
Love Esquire - RPG/Dating Sim/Visual Novel,$24.99 ,85.66%,2019-10-01,"13,294",528,single only,Love Esquire - RPG/Dating Sim/Visual Novel,,,0,,storesearch+appdetails,
FOTONICA,$14.99 ,81.61%,2014-11-01,"2,656",528,mixed,FOTONICA,,,0,,storesearch+appdetails,
Freaky Awesome,$9.99 ,54.97%,2017-10-01,"4,403",527,mixed,Freaky Awesome,,,0,,storesearch+appdetails,
Onset,$18.99 ,65.42%,2019-12-01,"7,780",526,multi only,Onset,,,0,,storesearch+appdetails,
Monster Loves You!,$9.99 ,74.99%,2013-03-01,"4,382",526,single only,Monster Loves You!,,,0,,storesearch+appdetails,
Access Denied,$2.99 ,75.13%,2016-12-01,546,526,single only,Access Denied,,,0,,storesearch+appdetails,
Miner Warfare,$2.99 ,75.94%,2012-04-01,539,525,multi only,Miner Warfare,,,0,,storesearch+appdetails,
Centauri Sector,$4.99 ,58.36%,2015-06-01,622,525,single only,Centauri Sector,,,0,,storesearch+appdetails,
Love in the Glen,$5.99 ,59.54%,2016-06-01,452,525,single only,Love in the Glen,,,0,,storesearch+appdetails,
Left in the Dark: No One on Board,$14.99 ,79.19%,2013-08-01,"1,697",525,single only,Left in the Dark: No One on Board,,,0,,storesearch+appdetails,
Armed with Wings: Rearmed,$9.99 ,81.85%,2017-06-01,"6,587",524,mixed,Armed with Wings: Rearmed,,,0,,storesearch+appdetails,
Puzzle Chambers,$2.99 ,75.87%,2017-12-01,"1,004",523,single only,Puzzle Chambers,,,0,,storesearch+appdetails,
N++ (NPLUSPLUS),$14.99 ,89.94%,2016-08-01,"11,198",522,mixed,N++ (NPLUSPLUS),,,0,,storesearch+appdetails,
Submerged,$19.99 ,73.97%,2015-08-01,"25,277",521,single only,Submerged,,,0,,storesearch+appdetails,
I wanna be the Creator,$5.99 ,91.09%,2019-11-01,"8,051",520,mixed,I wanna be the Creator,,,0,,storesearch+appdetails,
Moons of Madness,$24.99 ,75.06%,2019-10-01,"20,882",519,single only,Moons of Madness,,,0,,storesearch+appdetails,
Hidden Paws,$2.99 ,80.80%,2018-03-01,"1,339",519,single only,Hidden Paws,,,0,,storesearch+appdetails,
Snakeybus,$9.99 ,89.47%,2019-05-01,"6,726",519,mixed,Snakeybus,,,0,,storesearch+appdetails,
Disastr_Blastr,$1.99 ,72.80%,2016-11-01,92,518,single only,Disastr_Blastr,,,0,,storesearch+appdetails,
High Strangeness,$4.99 ,73.89%,2015-05-01,363,518,single only,High Strangeness,,,0,,storesearch+appdetails,
Welcome to the Game II,$9.99 ,81.58%,2018-04-01,"13,132",518,single only,Welcome to the Game II,,,0,,storesearch+appdetails,
Contrast,$9.99 ,87.70%,2013-11-01,"15,775",518,single only,Contrast,,,0,,storesearch+appdetails,
Vagante,$14.99 ,86.16%,2018-02-01,"46,597",518,mixed,Vagante,,,0,,storesearch+appdetails,
Breach & Clear,$9.99 ,79.32%,2014-03-01,"15,262",517,single only,Breach & Clear,,,0,,storesearch+appdetails,
Hook,$1.99 ,93.91%,2015-01-01,"7,712",517,single only,Hook,,,0,,storesearch+appdetails,
Tales of the Lumminai,$6.99 ,56.25%,2017-12-01,161,516,single only,Tales of the Lumminai,,,0,,storesearch+appdetails,
Sweet Volley High,$9.99 ,64.06%,2016-10-01,985,516,single only,Sweet Volley High,,,0,,storesearch+appdetails,
Avadon: The Black Fortress,$9.99 ,76.52%,2011-08-01,"2,883",516,single only,Avadon: The Black Fortress,,,0,,storesearch+appdetails,
Strategy & Tactics: Wargame Collection,$9.99 ,66.14%,2016-04-01,"2,603",516,mixed,Strategy & Tactics: Wargame Collection,,,0,,storesearch+appdetails,
Last Days of Spring 2,$6.99 ,67.75%,2016-11-01,548,515,single only,Last Days of Spring 2,,,0,,storesearch+appdetails,
Reigns: Game of Thrones,$3.99 ,74.59%,2018-10-01,"11,730",515,single only,Reigns: Game of Thrones,,,0,,storesearch+appdetails,
Crash Wheels,$4.99 ,82.45%,2018-12-01,741,515,single only,Crash Wheels,,,0,,storesearch+appdetails,
Kitty Kitty Boing Boing: the Happy Adventure in Puzzle Garden!,$4.99 ,70.52%,2016-09-01,205,514,single only,Kitty Kitty Boing Boing: the Happy Adventure in Puzzle Garden!,,,0,,storesearch+appdetails,
Gunsmith,$19.99 ,70.52%,2018-05-01,"13,501",513,single only,Gunsmith,,,0,,storesearch+appdetails,
klocki,$1.99 ,93.07%,2016-07-01,"5,196",513,single only,klocki,,,0,,storesearch+appdetails,
No Time To Explain Remastered,$14.99 ,76.10%,2015-07-01,"10,426",513,mixed,No Time To Explain Remastered,,,0,,storesearch+appdetails,
Dark Devotion,$19.99 ,72.25%,2019-04-01,"21,910",512,single only,Dark Devotion,,,0,,storesearch+appdetails,
Zup! 9,$1.99 ,90.86%,2019-06-01,"1,060",512,single only,Zup! 9,,,0,,storesearch+appdetails,
Asteria,$4.99 ,54.36%,2014-07-01,513,512,mixed,Asteria,,,0,,storesearch+appdetails,
Pixel Galaxy,$2.99 ,79.06%,2015-10-01,750,512,mixed,Pixel Galaxy,,,0,,storesearch+appdetails,
Automachef,$14.99 ,69.26%,2019-07-01,"6,385",511,single only,Automachef,,,0,,storesearch+appdetails,
Arelite Core,$16.99 ,72.24%,2017-02-01,536,511,single only,Arelite Core,,,0,,storesearch+appdetails,
Blitz Breaker,$2.99 ,79.69%,2016-02-01,439,511,single only,Blitz Breaker,,,0,,storesearch+appdetails,
PHOGS!,$24.99 ,75.72%,2020-12-01,"10,272",511,mixed,PHOGS!,,,0,,storesearch+appdetails,
Super Amazing Wagon Adventure,$2.99 ,90.68%,2013-10-01,"3,092",510,single only,Super Amazing Wagon Adventure,,,0,,storesearch+appdetails,
Before Your Eyes,$9.99 ,95.64%,2021-04-01,"19,891",510,single only,Before Your Eyes,,,0,,storesearch+appdetails,
Serious Sam Fusion 2017 (beta),$14.99 ,89.56%,—,"6,165",508,mixed,Serious Sam Fusion 2017 (beta),,,0,,storesearch+appdetails,
Galactic Missile Defense,$1.99 ,56.81%,2017-06-01,302,507,single only,Galactic Missile Defense,,,0,,storesearch+appdetails,
Okhlos: Omega,$2.59 ,73.14%,2016-08-01,"9,452",507,single only,Okhlos: Omega,,,0,,storesearch+appdetails,
Super Chain Crusher Horizon,$14.99 ,54.30%,2014-09-01,187,507,mixed,Super Chain Crusher Horizon,,,0,,storesearch+appdetails,
IS Defense,$5.99 ,86.50%,2016-04-01,"4,667",506,single only,IS Defense,,,0,,storesearch+appdetails,
"BEARS, VODKA, BALALAIKA! 🐻",$3.99 ,85.73%,2019-11-01,"2,443",505,single only,"BEARS, VODKA, BALALAIKA! 🐻",,,0,,storesearch+appdetails,
Subterror,$7.99 ,83.55%,2025-01-01,"2,579",505,mixed,Subterror,,,0,,storesearch+appdetails,
De-Void,$7.99 ,60.04%,2016-09-01,870,504,single only,De-Void,,,0,,storesearch+appdetails,
Tropical Liquor,$9.99 ,75.86%,2018-03-01,"7,404",503,single only,Tropical Liquor,,,0,,storesearch+appdetails,
Seek Girl Ⅲ,$1.99 ,80.60%,2019-12-01,"14,530",503,single only,Seek Girl Ⅲ,,,0,,storesearch+appdetails,
Youth Feather,$2.99 ,85.10%,2019-08-01,"1,640",503,single only,Youth Feather,,,0,,storesearch+appdetails,
Triple Town,$9.99 ,86.42%,2012-12-01,"1,150",503,single only,Triple Town,,,0,,storesearch+appdetails,
Fated Souls 2,$9.99 ,65.82%,2016-12-01,180,502,single only,Fated Souls 2,,,0,,storesearch+appdetails,
hackmud,$18.99 ,73.75%,2016-09-01,"8,773",502,mixed,hackmud,,,0,,storesearch+appdetails,
Tiamat X,$1.99 ,58.23%,2015-05-01,257,501,single only,Tiamat X,,,0,,storesearch+appdetails,
DEADBOLT,$9.99 ,92.49%,2016-03-01,"19,505",501,single only,DEADBOLT,,,0,,storesearch+appdetails,
Steel Storm: Burning Retribution,$14.99 ,58.58%,2011-05-01,939,501,mixed,Steel Storm: Burning Retribution,,,0,,storesearch+appdetails,
A Bastard's Tale,$4.99 ,76.00%,2015-05-01,"1,673",500,single only,A Bastard's Tale,,,0,,storesearch+appdetails,
VERSUS SQUAD,$7.99 ,74.60%,2016-10-01,"11,691",500,mixed,VERSUS SQUAD,,,0,,storesearch+appdetails,
The Mosquito Gang,$5.99 ,70.01%,2025-05-01,"8,751",499,multi only,The Mosquito Gang,,,0,,storesearch+appdetails,
Mercury: Cascade into Madness,$8.99 ,71.46%,2017-08-01,227,499,single only,Mercury: Cascade into Madness,,,0,,storesearch+appdetails,
Iron Marines,$14.99 ,75.08%,2019-05-01,"10,812",498,single only,Iron Marines,,,0,,storesearch+appdetails,
Qbik,$4.99 ,81.52%,2017-11-01,249,498,single only,Qbik,,,0,,storesearch+appdetails,
Game Corp DX,$2.99 ,84.59%,2015-10-01,"8,747",498,single only,Game Corp DX,,,0,,storesearch+appdetails,
Caligo,$5.99 ,72.22%,2017-09-01,"2,490",497,single only,Caligo,,,0,,storesearch+appdetails,
Time Rifters,$9.99 ,82.09%,2014-10-01,"5,850",497,single only,Time Rifters,,,0,,storesearch+appdetails,
Blood and Gold: Caribbean!,$19.99 ,58.81%,2015-12-01,"7,777",497,mixed,Blood and Gold: Caribbean!,,,0,,storesearch+appdetails,
Mountain Crime: Requital,$2.99 ,80.81%,2011-12-01,526,496,single only,Mountain Crime: Requital,,,0,,storesearch+appdetails,
Scott Pilgrim vs. The World™: The Game – Complete Edition,$14.99 ,72.95%,2023-01-01,"13,295",496,mixed,Scott Pilgrim vs. The World™: The Game – Complete Edition,,,0,,storesearch+appdetails,
River City Girls,$29.99 ,81.09%,2019-09-01,"18,975",496,mixed,River City Girls,,,0,,storesearch+appdetails,
Learn Japanese To Survive! Hiragana Battle,$6.99 ,86.93%,2016-02-01,"24,231",495,single only,Learn Japanese To Survive! Hiragana Battle,,,0,,storesearch+appdetails,
Tesla Effect: A Tex Murphy Adventure,$19.99 ,82.79%,2014-05-01,"6,373",494,single only,Tesla Effect: A Tex Murphy Adventure,,,0,,storesearch+appdetails,
Slender: The Arrival,$19.99 ,85.63%,2013-10-01,"23,452",494,single only,Slender: The Arrival,,,0,,storesearch+appdetails,
Giana Sisters: Twisted Dreams,$14.99 ,74.81%,2012-10-01,"3,206",494,mixed,Giana Sisters: Twisted Dreams,,,0,,storesearch+appdetails,
You... and who else?,$9.99 ,57.79%,2017-03-01,455,493,single only,You... and who else?,,,0,,storesearch+appdetails,
TIS-100,$3.49 ,92.88%,2015-07-01,"22,762",493,single only,TIS-100,,,0,,storesearch+appdetails,
MO:Astray,$14.99 ,88.49%,2019-10-01,"16,966",492,single only,MO:Astray,,,0,,storesearch+appdetails,
Windjammers 2,$19.99 ,82.86%,2022-01-01,"5,739",492,mixed,Windjammers 2,,,0,,storesearch+appdetails,
Out There: Ω Edition,$14.99 ,72.85%,2015-04-01,"12,832",491,single only,Out There: Ω Edition,,,0,,storesearch+appdetails,
Syrian Warfare,$13.99 ,83.96%,2017-02-01,"19,504",491,single only,Syrian Warfare,,,0,,storesearch+appdetails,
Pilgrims,$6.99 ,92.69%,2019-10-01,"9,986",491,single only,Pilgrims,,,0,,storesearch+appdetails,
Big Journey to Home,$2.99 ,43.16%,2015-08-01,229,491,mixed,Big Journey to Home,,,0,,storesearch+appdetails,
Toilet Tycoon,$4.99 ,67.05%,2000-03-01,437,491,mixed,Toilet Tycoon,,,0,,storesearch+appdetails,
PERISH,$19.99 ,68.34%,2023-02-01,"5,515",491,mixed,PERISH,,,0,,storesearch+appdetails,
Journey of Greed,$6.99 ,84.73%,2019-10-01,"5,750",491,mixed,Journey of Greed,,,0,,storesearch+appdetails,
The Matriarch,$4.99 ,72.02%,2022-09-01,"6,926",490,multi only,The Matriarch,,,0,,storesearch+appdetails,
DubWars,$9.99 ,72.72%,2016-07-01,"1,300",490,single only,DubWars,,,0,,storesearch+appdetails,
Cyber Shadow,$19.99 ,79.96%,2021-01-01,"9,782",490,single only,Cyber Shadow,,,0,,storesearch+appdetails,
Fun with Ragdolls: The Game,$14.99 ,85.01%,2019-09-01,"6,628",490,single only,Fun with Ragdolls: The Game,,,0,,storesearch+appdetails,
Shantae and the Pirate's Curse,$19.99 ,89.02%,2015-04-01,"19,831",490,single only,Shantae and the Pirate's Curse,,,0,,storesearch+appdetails,
Skin Deep,$19.99 ,90.09%,2025-04-01,"10,806",490,single only,Skin Deep,,,0,,storesearch+appdetails,
Metaverse Keeper / 元能失控,$14.99 ,73.77%,2019-04-01,"5,605",490,mixed,Metaverse Keeper / 元能失控,,,0,,storesearch+appdetails,
INMOST,$14.99 ,88.11%,2020-08-01,"27,329",489,single only,INMOST,,,0,,storesearch+appdetails,
Sacred Citadel,$2.49 ,66.52%,2013-04-01,"4,600",489,mixed,Sacred Citadel,,,0,,storesearch+appdetails,
Among the Sleep - Enhanced Edition,$16.99 ,86.08%,2017-11-01,"26,086",488,single only,Among the Sleep - Enhanced Edition,,,0,,storesearch+appdetails,
Gold Hunter,$24.99 ,41.59%,2022-05-01,"6,158",488,mixed,Gold Hunter,,,0,,storesearch+appdetails,
Use Your Words,$14.99 ,84.16%,2017-04-01,"3,725",487,multi only,Use Your Words,,,0,,storesearch+appdetails,
Masked Shooters,$29.99 ,65.64%,2017-05-01,358,487,single only,Masked Shooters,,,0,,storesearch+appdetails,
Influent Language Learning Game,$19.99 ,70.93%,2014-03-01,"8,165",487,single only,Influent Language Learning Game,,,0,,storesearch+appdetails,
Pixel Heroes: Byte & Magic,$9.99 ,71.88%,2015-02-01,"3,319",487,single only,Pixel Heroes: Byte & Magic,,,0,,storesearch+appdetails,
NEKOPARA Vol. 1,$9.99 ,93.03%,2014-12-01,"91,018",487,single only,NEKOPARA Vol. 1,,,0,,storesearch+appdetails,
Star Sky,$3.99 ,71.07%,2015-10-01,"1,422",486,single only,Star Sky,,,0,,storesearch+appdetails,
Not Tonight,$19.99 ,79.80%,2018-08-01,"16,232",486,single only,Not Tonight,,,0,,storesearch+appdetails,
Osmos,$9.99 ,82.13%,2009-08-01,"3,714",486,single only,Osmos,,,0,,storesearch+appdetails,
Mayhemers,$6.99 ,77.34%,2025-02-01,"7,290",486,mixed,Mayhemers,,,0,,storesearch+appdetails,
Touhou Ibunseki - Ayaria Dawn: ReCreation,$18.99 ,80.34%,2019-11-01,"6,398",486,mixed,Touhou Ibunseki - Ayaria Dawn: ReCreation,,,0,,storesearch+appdetails,
Shotgun Farmers,$9.99 ,90.14%,2019-03-01,"16,697",486,mixed,Shotgun Farmers,,,0,,storesearch+appdetails,
Citystate,$14.99 ,71.96%,2018-02-01,"8,949",484,single only,Citystate,,,0,,storesearch+appdetails,
Seek Girl Ⅳ,$1.99 ,72.98%,2020-01-01,"10,984",484,single only,Seek Girl Ⅳ,,,0,,storesearch+appdetails,
Zup! 4,$1.99 ,86.96%,2017-02-01,"1,388",484,single only,Zup! 4,,,0,,storesearch+appdetails,
Ring Runner: Flight of the Sages,$4.99 ,78.61%,2013-07-01,"2,463",484,mixed,Ring Runner: Flight of the Sages,,,0,,storesearch+appdetails,
AER Memories of Old,$14.99 ,83.16%,2017-10-01,"19,381",483,single only,AER Memories of Old,,,0,,storesearch+appdetails,
Valley,$14.99 ,88.53%,2016-08-01,"36,177",483,single only,Valley,,,0,,storesearch+appdetails,
Zup! 7,$1.99 ,91.07%,2017-12-01,993,483,single only,Zup! 7,,,0,,storesearch+appdetails,
Arson and Plunder: Unleashed,$4.99 ,47.85%,2015-09-01,369,483,mixed,Arson and Plunder: Unleashed,,,0,,storesearch+appdetails,
Millennium 5 - The Battle of the Millennium,$9.99 ,57.17%,2014-11-01,985,482,single only,Millennium 5 - The Battle of the Millennium,,,0,,storesearch+appdetails,
Star Sky 2,$3.99 ,71.65%,2016-03-01,587,482,single only,Star Sky 2,,,0,,storesearch+appdetails,
Gravity Circuit,$16.99 ,90.16%,2023-07-01,"12,196",482,single only,Gravity Circuit,,,0,,storesearch+appdetails,
Never Alone (Kisima Ingitchuna),$14.99 ,78.59%,2014-11-01,"45,851",482,mixed,Never Alone (Kisima Ingitchuna),,,0,,storesearch+appdetails,
Finders,$1.49 ,72.74%,2013-08-01,672,481,single only,Finders,,,0,,storesearch+appdetails,
Passpartout: The Starving Artist,$9.99 ,85.67%,2017-06-01,"24,038",481,single only,Passpartout: The Starving Artist,,,0,,storesearch+appdetails,
Earth Overclocked,$4.99 ,74.14%,2015-12-01,"2,053",481,mixed,Earth Overclocked,,,0,,storesearch+appdetails,
M.A.S.S. Builder,$24.99 ,83.21%,2025-09-01,"57,958",481,mixed,M.A.S.S. Builder,,,0,,storesearch+appdetails,
Pocket Kingdom,$6.99 ,82.58%,2016-12-01,999,480,single only,Pocket Kingdom,,,0,,storesearch+appdetails,
Zombie Night Terror,$12.99 ,89.44%,2016-07-01,"17,424",480,single only,Zombie Night Terror,,,0,,storesearch+appdetails,
A Mass of Dead,$4.99 ,51.26%,2015-07-01,368,480,mixed,A Mass of Dead,,,0,,storesearch+appdetails,
ToeJam & Earl: Back in the Groove!,$14.99 ,83.22%,2019-03-01,"6,029",480,mixed,ToeJam & Earl: Back in the Groove!,,,0,,storesearch+appdetails,
Talewind,$8.99 ,56.60%,2016-09-01,661,479,single only,Talewind,,,0,,storesearch+appdetails,
GORN,$19.99 ,91.15%,2019-07-01,"22,187",479,single only,GORN,,,0,,storesearch+appdetails,
EmergeNYC,$24.99 ,62.12%,2016-11-01,"19,137",479,mixed,EmergeNYC,,,0,,storesearch+appdetails,
Crimsonland,$13.99 ,88.74%,2014-06-01,"6,142",479,mixed,Crimsonland,,,0,,storesearch+appdetails,
Pumpkin Days,$15.99 ,76.97%,2021-02-01,"3,895",478,mixed,Pumpkin Days,,,0,,storesearch+appdetails,
The King's Heroes,$7.48 ,60.06%,2017-09-01,587,477,single only,The King's Heroes,,,0,,storesearch+appdetails,
Shu,$9.99 ,71.18%,2016-10-01,970,477,single only,Shu,,,0,,storesearch+appdetails,
art of rally,$24.99 ,89.34%,2020-09-01,"19,092",477,single only,art of rally,,,0,,storesearch+appdetails,
Zup! 5,$1.99 ,89.72%,2017-06-01,"1,564",477,single only,Zup! 5,,,0,,storesearch+appdetails,
The Dolls: Reborn,$4.99 ,56.05%,2016-05-01,577,476,single only,The Dolls: Reborn,,,0,,storesearch+appdetails,
Fairspace,$8.99 ,61.69%,2015-10-01,504,476,single only,Fairspace,,,0,,storesearch+appdetails,
Boxing School,$9.99 ,83.71%,2019-01-01,"1,067",476,single only,Boxing School,,,0,,storesearch+appdetails,
Ken Follett's The Pillars of the Earth,$19.99 ,89.53%,2017-08-01,"37,667",476,single only,Ken Follett's The Pillars of the Earth,,,0,,storesearch+appdetails,
Ghost Exile,$14.99 ,85.30%,2022-01-01,"7,248",476,mixed,Ghost Exile,,,0,,storesearch+appdetails,
Claire,$9.99 ,63.48%,2014-07-01,"2,479",475,single only,Claire,,,0,,storesearch+appdetails,
The Mahjong Huntress,$4.99 ,65.51%,2016-05-01,289,475,single only,The Mahjong Huntress,,,0,,storesearch+appdetails,
Wailing Heights,$9.99 ,71.16%,2016-04-01,"1,713",475,single only,Wailing Heights,,,0,,storesearch+appdetails,
Midvinter,$2.99 ,76.76%,2016-05-01,294,475,single only,Midvinter,,,0,,storesearch+appdetails,
NSFW ~ Not a Simulator For Working,$2.99 ,78.12%,2016-10-01,807,475,single only,NSFW ~ Not a Simulator For Working,,,0,,storesearch+appdetails,
Train Valley 2,$14.99 ,86.26%,2019-04-01,"15,509",475,single only,Train Valley 2,,,0,,storesearch+appdetails,
Between Two Castles - Digital Edition,$12.99 ,41.41%,2019-11-01,"1,219",475,mixed,Between Two Castles - Digital Edition,,,0,,storesearch+appdetails,
Prevent The Fall,$9.99 ,59.14%,2017-07-01,"1,935",475,mixed,Prevent The Fall,,,0,,storesearch+appdetails,
The Blackout Club,$29.99 ,74.68%,2019-07-01,"35,391",475,mixed,The Blackout Club,,,0,,storesearch+appdetails,
Lost Wing,$7.99 ,66.87%,2020-07-01,379,474,single only,Lost Wing,,,0,,storesearch+appdetails,
Super Treasure Arena,$7.99 ,61.86%,2018-12-01,833,474,mixed,Super Treasure Arena,,,0,,storesearch+appdetails,
Dungeons of Eternity,$29.99 ,85.38%,2025-09-01,"8,264",474,mixed,Dungeons of Eternity,,,0,,storesearch+appdetails,
GET EVEN,$29.99 ,73.06%,2017-06-01,"21,840",473,single only,GET EVEN,,,0,,storesearch+appdetails,
Party Saboteurs: After Party,$9.99 ,62.57%,2016-03-01,876,473,mixed,Party Saboteurs: After Party,,,0,,storesearch+appdetails,
Only Up: With Friends,$4.99 ,66.63%,2023-08-01,"2,201",473,mixed,Only Up: With Friends,,,0,,storesearch+appdetails,
Audiosurf 2,$14.99 ,80.48%,2015-05-01,"20,003",473,mixed,Audiosurf 2,,,0,,storesearch+appdetails,
The StoryTale,$4.99 ,74.17%,2019-08-01,901,472,single only,The StoryTale,,,0,,storesearch+appdetails,
Biped 2,$19.99 ,63.13%,2025-11-01,"4,699",472,mixed,Biped 2,,,0,,storesearch+appdetails,
Draw Rider 2,$14.99 ,67.44%,2019-02-01,245,472,mixed,Draw Rider 2,,,0,,storesearch+appdetails,
Shut Eye,$4.99 ,56.17%,2016-10-01,355,471,single only,Shut Eye,,,0,,storesearch+appdetails,
Hit Tank PRO,$2.99 ,58.03%,2015-12-01,305,471,single only,Hit Tank PRO,,,0,,storesearch+appdetails,
Earn to Die 2,$4.99 ,88.82%,2016-05-01,"3,676",471,single only,Earn to Die 2,,,0,,storesearch+appdetails,
Infinifactory,$12.49 ,90.62%,2015-06-01,"27,116",471,single only,Infinifactory,,,0,,storesearch+appdetails,
Stars in Shadow,$24.99 ,75.02%,2017-01-01,"9,946",470,single only,Stars in Shadow,,,0,,storesearch+appdetails,
Zengeon,$19.99 ,64.02%,2019-06-01,"10,382",469,mixed,Zengeon,,,0,,storesearch+appdetails,
Pathfinder: Gallowspire Survivors,$6.99 ,59.03%,2024-04-01,"4,002",468,mixed,Pathfinder: Gallowspire Survivors,,,0,,storesearch+appdetails,
Doorways: Holy Mountains of Flesh,$19.99 ,74.68%,2016-08-01,"6,982",467,single only,Doorways: Holy Mountains of Flesh,,,0,,storesearch+appdetails,
Soul of War: Legions,$1.99 ,66.61%,2023-10-01,305,466,multi only,Soul of War: Legions,,,0,,storesearch+appdetails,
Shank 2,$9.99 ,79.68%,2012-02-01,"9,029",466,mixed,Shank 2,,,0,,storesearch+appdetails,
Car Trader Simulator,$9.99 ,68.72%,2020-11-01,"7,049",465,single only,Car Trader Simulator,,,0,,storesearch+appdetails,
Skyhook,$4.99 ,76.76%,2016-05-01,692,465,mixed,Skyhook,,,0,,storesearch+appdetails,
Dandy Ace,$19.99 ,82.95%,2021-03-01,"6,110",464,single only,Dandy Ace,,,0,,storesearch+appdetails,
Sword With Sauce,$4.99 ,84.05%,2018-03-01,"23,199",464,single only,Sword With Sauce,,,0,,storesearch+appdetails,
BREAK ARTS II,$14.99 ,71.09%,2018-02-01,"16,039",464,mixed,BREAK ARTS II,,,0,,storesearch+appdetails,
AK-xolotl: Together,$18.99 ,72.24%,2023-09-01,"11,331",464,mixed,AK-xolotl: Together,,,0,,storesearch+appdetails,
Orbit HD,$1.99 ,56.25%,2015-03-01,632,463,single only,Orbit HD,,,0,,storesearch+appdetails,
200% Mixed Juice!,$6.99 ,69.65%,2015-10-01,"3,710",463,mixed,200% Mixed Juice!,,,0,,storesearch+appdetails,
Distance,$24.99 ,89.42%,2018-09-01,"46,876",463,mixed,Distance,,,0,,storesearch+appdetails,
Super Jigsaw Puzzle,$4.99 ,80.03%,2018-02-01,327,462,single only,Super Jigsaw Puzzle,,,0,,storesearch+appdetails,
Grapple,$6.99 ,83.67%,2015-03-01,742,462,single only,Grapple,,,0,,storesearch+appdetails,
Small World,$2.49 ,66.45%,2013-12-01,"4,443",462,mixed,Small World,,,0,,storesearch+appdetails,
Demolish & Build 2018,$9.99 ,73.50%,2018-03-01,"7,643",462,mixed,Demolish & Build 2018,,,0,,storesearch+appdetails,
3 Stars of Destiny,$2.99 ,57.76%,2014-03-01,834,461,single only,3 Stars of Destiny,,,0,,storesearch+appdetails,
Happy Empire - A Bouquet for the Princess,$4.99 ,58.44%,2018-01-01,697,461,single only,Happy Empire - A Bouquet for the Princess,,,0,,storesearch+appdetails,
Holiday Bonus GOLD,$6.99 ,64.23%,2016-12-01,119,461,single only,Holiday Bonus GOLD,,,0,,storesearch+appdetails,
FRAMED Collection,$9.99 ,89.52%,2018-05-01,"5,288",461,single only,FRAMED Collection,,,0,,storesearch+appdetails,
Party Golf,$14.99 ,72.30%,2016-10-01,372,460,mixed,Party Golf,,,0,,storesearch+appdetails,
Flinthook,$14.99 ,70.93%,2017-04-01,"9,361",459,single only,Flinthook,,,0,,storesearch+appdetails,
Fleeting Iris,$19.99 ,71.39%,2021-04-01,"3,731",459,single only,Fleeting Iris,,,0,,storesearch+appdetails,
Puzzle Poker,$2.99 ,76.82%,2017-12-01,119,459,single only,Puzzle Poker,,,0,,storesearch+appdetails,
MUSYNX,$3.99 ,86.42%,2018-12-01,"13,052",458,single only,MUSYNX,,,0,,storesearch+appdetails,
Dungeon Warfare,$9.99 ,91.19%,2015-11-01,"5,842",458,single only,Dungeon Warfare,,,0,,storesearch+appdetails,
Yatagarasu Attack on Cataclysm,$14.99 ,61.81%,2015-07-01,"6,961",458,mixed,Yatagarasu Attack on Cataclysm,,,0,,storesearch+appdetails,
Megaton Rainfall,$15.99 ,69.56%,2017-11-01,"17,087",457,single only,Megaton Rainfall,,,0,,storesearch+appdetails,
Asura: Vengeance Edition,$9.99 ,80.32%,2017-04-01,"6,093",456,single only,Asura: Vengeance Edition,,,0,,storesearch+appdetails,
Finnish Army Simulator,$29.99 ,83.07%,2023-01-01,"3,107",456,single only,Finnish Army Simulator,,,0,,storesearch+appdetails,
Gaokao.Love.100Days,$9.99 ,87.12%,2015-05-01,"34,297",456,single only,Gaokao.Love.100Days,,,0,,storesearch+appdetails,
Belladonna,$6.99 ,68.70%,2015-02-01,"1,002",455,single only,Belladonna,,,0,,storesearch+appdetails,
SanctuaryRPG: Black Edition,$7.99 ,86.83%,2015-02-01,"7,331",455,single only,SanctuaryRPG: Black Edition,,,0,,storesearch+appdetails,
Pizza Express,$6.99 ,76.37%,2015-06-01,606,454,single only,Pizza Express,,,0,,storesearch+appdetails,
Divine Miko Koyori,$19.99 ,72.19%,2020-01-01,"4,662",453,single only,Divine Miko Koyori,,,0,,storesearch+appdetails,
Fictorum,$9.99 ,75.10%,2017-08-01,"14,073",453,single only,Fictorum,,,0,,storesearch+appdetails,
I Am Bread,$12.99 ,75.53%,2015-04-01,"35,403",453,single only,I Am Bread,,,0,,storesearch+appdetails,
CastleMiner Z,$5.99 ,79.24%,2011-11-01,"23,773",452,mixed,CastleMiner Z,,,0,,storesearch+appdetails,
The Albino Hunter (Original),$4.99 ,69.22%,2015-03-01,376,451,single only,The Albino Hunter (Original),,,0,,storesearch+appdetails,
KUUKIYOMI: Consider It! ONLINE,$8.99 ,49.26%,2022-06-01,"2,343",450,multi only,KUUKIYOMI: Consider It! ONLINE,,,0,,storesearch+appdetails,
The Dark Eye : Book of Heroes,$9.99 ,41.23%,2020-06-01,"3,204",450,mixed,The Dark Eye : Book of Heroes,,,0,,storesearch+appdetails,
Tina: Swordswoman of the Scarlet Prison,$14.99 ,79.10%,2019-08-01,"4,131",448,single only,Tina: Swordswoman of the Scarlet Prison,,,0,,storesearch+appdetails,
Zeno Clash 2,$4.49 ,75.11%,2013-04-01,"5,968",448,mixed,Zeno Clash 2,,,0,,storesearch+appdetails,
Deadly Days,$11.99 ,82.02%,2019-09-01,"6,064",447,single only,Deadly Days,,,0,,storesearch+appdetails,
Dyna Bomb,$3.99 ,69.78%,2016-05-01,"1,446",446,single only,Dyna Bomb,,,0,,storesearch+appdetails,
Kingsway,$9.99 ,88.00%,2017-07-01,"11,526",446,single only,Kingsway,,,0,,storesearch+appdetails,
Phantom Squad,$13.99 ,75.32%,2025-07-01,"3,624",446,mixed,Phantom Squad,,,0,,storesearch+appdetails,
Planet Smasher,$3.99 ,68.20%,2016-09-01,97,445,single only,Planet Smasher,,,0,,storesearch+appdetails,
Wayhaven Chronicles: Book Two,$8.99 ,88.67%,2020-05-01,459,444,single only,Wayhaven Chronicles: Book Two,,,0,,storesearch+appdetails,
Megapolis,$4.99 ,69.36%,2010-09-01,591,443,single only,Megapolis,,,0,,storesearch+appdetails,
Atomic Picnic,$13.99 ,70.88%,2024-11-01,"9,641",443,mixed,Atomic Picnic,,,0,,storesearch+appdetails,
Adventures of Shuggy,$4.99 ,81.07%,2012-06-01,599,443,mixed,Adventures of Shuggy,,,0,,storesearch+appdetails,
Ben and Ed - Blood Party,$14.99 ,84.22%,2018-02-01,"11,297",443,mixed,Ben and Ed - Blood Party,,,0,,storesearch+appdetails,
Heavenly Bodies,$19.99 ,91.80%,2021-12-01,"18,675",443,mixed,Heavenly Bodies,,,0,,storesearch+appdetails,
Kelipot,$13.99 ,80.69%,2020-11-01,"6,757",442,single only,Kelipot,,,0,,storesearch+appdetails,
Forged Battalion,$9.99 ,56.83%,2018-08-01,"11,131",442,mixed,Forged Battalion,,,0,,storesearch+appdetails,
Toilet Run,$2.99 ,68.75%,2018-09-01,94,441,single only,Toilet Run,,,0,,storesearch+appdetails,
Sacra Terra: Angelic Night,$2.99 ,80.87%,2011-06-01,666,440,single only,Sacra Terra: Angelic Night,,,0,,storesearch+appdetails,
Zombie Kill of the Week - Reborn,$6.99 ,85.74%,2015-03-01,"1,784",440,mixed,Zombie Kill of the Week - Reborn,,,0,,storesearch+appdetails,
Vairon's Wrath,$12.99 ,78.11%,2016-05-01,373,439,single only,Vairon's Wrath,,,0,,storesearch+appdetails,
PIPE by BMX Streets,$9.99 ,89.96%,2018-03-01,"7,091",439,single only,PIPE by BMX Streets,,,0,,storesearch+appdetails,
Beat Hazard 2,$18.99 ,82.94%,2019-10-01,"7,992",439,mixed,Beat Hazard 2,,,0,,storesearch+appdetails,
Weather Lord: The Successor's Path,$1.24 ,66.14%,2015-04-01,217,438,single only,Weather Lord: The Successor's Path,,,0,,storesearch+appdetails,
Orbital X,$2.99 ,73.59%,2016-08-01,133,438,single only,Orbital X,,,0,,storesearch+appdetails,
Out of Reach,$14.99 ,56.56%,2018-07-01,"70,058",437,mixed,Out of Reach,,,0,,storesearch+appdetails,
Eldritch,$14.99 ,84.09%,2013-10-01,"7,848",436,single only,Eldritch,,,0,,storesearch+appdetails,
Endless Alice,$7.99 ,85.40%,2025-01-01,"6,973",434,mixed,Endless Alice,,,0,,storesearch+appdetails,
DeathSpank,$4.49 ,88.87%,2010-10-01,"2,132",434,mixed,DeathSpank,,,0,,storesearch+appdetails,
Mecha Knights: Nightmare,$7.19 ,87.00%,2021-08-01,"11,093",433,single only,Mecha Knights: Nightmare,,,0,,storesearch+appdetails,
Life Goes On: Done to Death,$12.99 ,91.51%,2014-04-01,"14,224",432,single only,Life Goes On: Done to Death,,,0,,storesearch+appdetails,
Orangeblood,$19.99 ,67.67%,2020-01-01,"6,970",431,single only,Orangeblood,,,0,,storesearch+appdetails,
Kentucky Route Zero: PC Edition,$24.99 ,77.77%,2013-02-01,"24,775",431,single only,Kentucky Route Zero: PC Edition,,,0,,storesearch+appdetails,
Morphopolis,$3.99 ,80.59%,2014-08-01,"3,592",431,single only,Morphopolis,,,0,,storesearch+appdetails,
Hyper Bounce Blast,$4.99 ,82.10%,2016-05-01,152,431,single only,Hyper Bounce Blast,,,0,,storesearch+appdetails,
Shio,$11.99 ,75.69%,2017-05-01,"8,425",430,single only,Shio,,,0,,storesearch+appdetails,
The Last Haven,$4.99 ,59.47%,2023-02-01,"18,604",429,single only,The Last Haven,,,0,,storesearch+appdetails,
A Wizard's Lizard,$9.99 ,66.98%,2014-06-01,"2,533",429,single only,A Wizard's Lizard,,,0,,storesearch+appdetails,
Children of Zodiarcs,$4.49 ,67.42%,2017-07-01,"14,145",429,single only,Children of Zodiarcs,,,0,,storesearch+appdetails,
Between the Stars,$29.99 ,72.07%,2024-03-01,"38,125",429,single only,Between the Stars,,,0,,storesearch+appdetails,
Avernum: Escape From the Pit,$9.99 ,86.63%,2012-04-01,"6,448",429,single only,Avernum: Escape From the Pit,,,0,,storesearch+appdetails,
Hatoful Boyfriend,$9.99 ,91.03%,2014-09-01,"11,636",429,single only,Hatoful Boyfriend,,,0,,storesearch+appdetails,
Tumbleweed Destiny,$2.99 ,87.38%,2022-04-01,770,429,mixed,Tumbleweed Destiny,,,0,,storesearch+appdetails,
The Treasures of Montezuma 3,$3.99 ,63.42%,2011-05-01,436,428,single only,The Treasures of Montezuma 3,,,0,,storesearch+appdetails,
Princesses Never Lose!,$19.99 ,76.73%,2020-03-01,"6,740",428,single only,Princesses Never Lose!,,,0,,storesearch+appdetails,
Hover,$19.99 ,77.07%,2017-05-01,"21,444",428,mixed,Hover,,,0,,storesearch+appdetails,
FORCED SHOWDOWN,$19.99 ,78.71%,2016-03-01,"15,202",427,single only,FORCED SHOWDOWN,,,0,,storesearch+appdetails,
Rising Lords,$19.99 ,68.77%,2024-01-01,"14,881",427,mixed,Rising Lords,,,0,,storesearch+appdetails,
The Spatials,$9.99 ,65.93%,2015-03-01,"5,925",426,single only,The Spatials,,,0,,storesearch+appdetails,
Hell Architect,$24.99 ,66.48%,2021-08-01,"11,284",426,single only,Hell Architect,,,0,,storesearch+appdetails,
Z Dawn,$8.48 ,69.09%,2019-12-01,"5,200",426,single only,Z Dawn,,,0,,storesearch+appdetails,
Spinnortality | cyberpunk management sim,$9.99 ,73.14%,2019-02-01,"4,631",426,single only,Spinnortality | cyberpunk management sim,,,0,,storesearch+appdetails,
Pure Badminton,$19.99 ,77.87%,2025-12-01,"2,458",426,mixed,Pure Badminton,,,0,,storesearch+appdetails,
Elven Assassin,$19.99 ,79.10%,2022-09-01,"3,480",426,mixed,Elven Assassin,,,0,,storesearch+appdetails,
Doorways: Prelude,$9.99 ,60.32%,2013-09-01,"1,985",425,single only,Doorways: Prelude,,,0,,storesearch+appdetails,
Fortune Summoners,$19.99 ,80.12%,2012-01-01,"4,465",425,single only,Fortune Summoners,,,0,,storesearch+appdetails,
Survivor Squad,$2.99 ,66.64%,2013-11-01,"1,993",425,mixed,Survivor Squad,,,0,,storesearch+appdetails,
PixelJunk™ Shooter,$8.99 ,84.23%,2013-11-01,"1,292",425,mixed,PixelJunk™ Shooter,,,0,,storesearch+appdetails,
Murasaki,$4.99 ,81.30%,2016-05-01,"1,544",424,single only,Murasaki,,,0,,storesearch+appdetails,
8-Bit Hordes,$14.99 ,76.68%,2016-08-01,"8,872",424,mixed,8-Bit Hordes,,,0,,storesearch+appdetails,
Eets Munchies,$6.99 ,75.68%,2014-03-01,"1,592",423,single only,Eets Munchies,,,0,,storesearch+appdetails,
The Fall,$9.99 ,84.64%,2014-05-01,"12,068",423,single only,The Fall,,,0,,storesearch+appdetails,
Onward,$24.99 ,67.18%,2025-03-01,"39,281",423,mixed,Onward,,,0,,storesearch+appdetails,
Bunny Hop League,$5.99 ,68.33%,2017-04-01,"1,652",423,mixed,Bunny Hop League,,,0,,storesearch+appdetails,
Ghost 1.0,$12.99 ,86.81%,2016-06-01,"14,409",422,single only,Ghost 1.0,,,0,,storesearch+appdetails,
Aviary Attorney,$14.99 ,90.38%,2015-12-01,"9,006",422,single only,Aviary Attorney,,,0,,storesearch+appdetails,
Kopanito All-Stars Soccer,$5.99 ,81.53%,2016-11-01,"11,874",422,mixed,Kopanito All-Stars Soccer,,,0,,storesearch+appdetails,
Spirit Island,$24.99 ,87.49%,2020-07-01,"6,840",422,mixed,Spirit Island,,,0,,storesearch+appdetails,
Millennium 3 - Cry Wolf,$9.99 ,68.87%,2014-08-01,831,421,single only,Millennium 3 - Cry Wolf,,,0,,storesearch+appdetails,
Budget Cuts,$29.99 ,77.03%,2018-06-01,"16,105",421,single only,Budget Cuts,,,0,,storesearch+appdetails,
The Drone Racing League Simulator,$9.99 ,79.22%,2017-06-01,"10,164",421,mixed,The Drone Racing League Simulator,,,0,,storesearch+appdetails,
Angry Video Game Nerd Adventures,$4.99 ,84.99%,2013-09-01,"5,795",420,single only,Angry Video Game Nerd Adventures,,,0,,storesearch+appdetails,
Gunslugs,$4.99 ,69.37%,2015-06-01,381,420,mixed,Gunslugs,,,0,,storesearch+appdetails,
The Beasts Of 9500,$9.99 ,55.44%,2020-05-01,"3,279",418,multi only,The Beasts Of 9500,,,0,,storesearch+appdetails,
Three Dead Zed,$5.99 ,61.70%,2014-07-01,272,418,single only,Three Dead Zed,,,0,,storesearch+appdetails,
Tiki Man,$2.68 ,73.82%,2015-06-01,228,418,single only,Tiki Man,,,0,,storesearch+appdetails,
Dungeon Town,$19.99 ,74.72%,2021-09-01,"3,521",418,single only,Dungeon Town,,,0,,storesearch+appdetails,
TRISTOY,$6.99 ,58.03%,2015-01-01,668,417,multi only,TRISTOY,,,0,,storesearch+appdetails,
Ostrich Island,$4.99 ,78.09%,2015-01-01,823,417,mixed,Ostrich Island,,,0,,storesearch+appdetails,
Drop Out 0,$1.99 ,65.38%,2016-09-01,81,415,multi only,Drop Out 0,,,0,,storesearch+appdetails,
GOCCO OF WAR,$19.99 ,83.75%,2015-11-01,"11,962",415,mixed,GOCCO OF WAR,,,0,,storesearch+appdetails,
Victory At Sea Pacific,$39.99 ,59.78%,2018-09-01,"8,444",414,single only,Victory At Sea Pacific,,,0,,storesearch+appdetails,
Raw Data,$39.99 ,74.01%,2017-10-01,"24,265",414,mixed,Raw Data,,,0,,storesearch+appdetails,
Demolition Inc.,$5.99 ,73.07%,2011-09-01,697,413,single only,Demolition Inc.,,,0,,storesearch+appdetails,
Frozen Synapse 2,$29.99 ,62.48%,2018-09-01,"6,666",413,mixed,Frozen Synapse 2,,,0,,storesearch+appdetails,
Home Sheep Home: Farmageddon Party Edition,$9.99 ,90.76%,2014-02-01,"3,122",413,mixed,Home Sheep Home: Farmageddon Party Edition,,,0,,storesearch+appdetails,
Box: The Game,$4.99 ,56.78%,2019-01-01,369,412,single only,Box: The Game,,,0,,storesearch+appdetails,
The Last NightMary - A Lenda do Cabeça de Cuia,$3.99 ,76.26%,2015-11-01,"1,264",412,single only,The Last NightMary - A Lenda do Cabeça de Cuia,,,0,,storesearch+appdetails,
Beyond Contact,$19.99 ,69.11%,2023-04-01,"13,949",412,mixed,Beyond Contact,,,0,,storesearch+appdetails,
Infectonator 3: Apocalypse,$12.99 ,79.25%,2018-05-01,"6,936",411,single only,Infectonator 3: Apocalypse,,,0,,storesearch+appdetails,
The Coma: Recut,$14.99 ,81.44%,2017-09-01,"10,821",411,single only,The Coma: Recut,,,0,,storesearch+appdetails,
10 Miles To Safety,$9.99 ,69.54%,2020-10-01,"8,471",411,mixed,10 Miles To Safety,,,0,,storesearch+appdetails,
LYNE,$2.99 ,92.66%,2014-03-01,"8,432",410,single only,LYNE,,,0,,storesearch+appdetails,
Zafehouse: Diaries,$1.99 ,65.27%,2013-09-01,"2,642",409,single only,Zafehouse: Diaries,,,0,,storesearch+appdetails,
Perils of Man,$1.99 ,72.94%,2015-04-01,"1,482",409,single only,Perils of Man,,,0,,storesearch+appdetails,
Rise High,$1.99 ,60.28%,2017-12-01,18,408,mixed,Rise High,,,0,,storesearch+appdetails,
SUPER CRAZY RHYTHM CASTLE,$19.99 ,73.96%,2023-11-01,"2,171",408,mixed,SUPER CRAZY RHYTHM CASTLE,,,0,,storesearch+appdetails,
Insanely Twisted Shadow Planet,$14.99 ,82.28%,2012-04-01,"2,309",408,mixed,Insanely Twisted Shadow Planet,,,0,,storesearch+appdetails,
Build 'n Bump,$4.99 ,59.68%,2015-07-01,157,407,multi only,Build 'n Bump,,,0,,storesearch+appdetails,
Deviation Game,$14.99 ,81.75%,2025-12-01,899,407,multi only,Deviation Game,,,0,,storesearch+appdetails,
Silence of the Sleep,$4.99 ,71.37%,2014-10-01,"3,459",407,single only,Silence of the Sleep,,,0,,storesearch+appdetails,
Crypt of the Serpent King,$1.99 ,77.25%,2016-12-01,687,407,single only,Crypt of the Serpent King,,,0,,storesearch+appdetails,
Doorways: The Underworld,$9.99 ,65.59%,2014-09-01,"2,222",406,single only,Doorways: The Underworld,,,0,,storesearch+appdetails,
In Sound Mind,$34.99 ,91.89%,2021-09-01,"13,707",406,single only,In Sound Mind,,,0,,storesearch+appdetails,
Nightside,$4.99 ,58.88%,2015-04-01,"2,193",405,single only,Nightside,,,0,,storesearch+appdetails,
Sentinels of Freedom,$24.99 ,70.17%,2020-04-01,"1,767",405,single only,Sentinels of Freedom,,,0,,storesearch+appdetails,
Boo Men,$7.99 ,83.94%,2022-09-01,"4,842",404,mixed,Boo Men,,,0,,storesearch+appdetails,
Phantom Rose,$14.99 ,74.40%,2019-08-01,"5,892",403,single only,Phantom Rose,,,0,,storesearch+appdetails,
Qbeh-1: The Atlas Cube,$9.99 ,82.81%,2014-05-01,"3,305",402,single only,Qbeh-1: The Atlas Cube,,,0,,storesearch+appdetails,
Doom & Destiny,$9.99 ,91.79%,2011-08-01,"4,446",402,single only,Doom & Destiny,,,0,,storesearch+appdetails,
Party of Sin,$5.99 ,49.40%,2012-12-01,267,402,mixed,Party of Sin,,,0,,storesearch+appdetails,
Astroloot,$6.99 ,84.60%,2025-03-01,993,402,mixed,Astroloot,,,0,,storesearch+appdetails,
Skulls of the Shogun,$9.99 ,84.78%,2013-07-01,"4,440",402,mixed,Skulls of the Shogun,,,0,,storesearch+appdetails,
CATGIRL LOVER 2,$1.99 ,70.81%,2019-10-01,"1,031",401,single only,CATGIRL LOVER 2,,,0,,storesearch+appdetails,
Leanna's Slice of Life,$14.99 ,78.82%,2019-03-01,"8,005",401,single only,Leanna's Slice of Life,,,0,,storesearch+appdetails,
The Room Two,$4.99 ,95.24%,2016-07-01,"18,125",401,single only,The Room Two,,,0,,storesearch+appdetails,
Epistory - Typing Chronicles,$14.99 ,91.57%,2016-03-01,"34,082",400,single only,Epistory - Typing Chronicles,,,0,,storesearch+appdetails,
Truck & Logistics Simulator,$19.99 ,68.92%,2023-11-01,"21,179",400,mixed,Truck & Logistics Simulator,,,0,,storesearch+appdetails,
Wrench,$29.99 ,82.26%,2018-12-01,"21,006",400,mixed,Wrench,,,0,,storesearch+appdetails,
Ember,$9.99 ,72.00%,2016-09-01,"12,769",399,single only,Ember,,,0,,storesearch+appdetails,
Queen's Wish: The Conqueror,$19.99 ,77.76%,2019-09-01,"3,041",399,single only,Queen's Wish: The Conqueror,,,0,,storesearch+appdetails,
Calico,$11.99 ,83.96%,2020-12-01,"11,949",399,single only,Calico,,,0,,storesearch+appdetails,
泡沫冬景,$14.99 ,91.81%,2020-01-01,"11,464",399,single only,泡沫冬景,,,0,,storesearch+appdetails,
Puzzle With Your Friends,$4.99 ,79.97%,2018-04-01,372,399,mixed,Puzzle With Your Friends,,,0,,storesearch+appdetails,
GALAK-Z,$19.99 ,69.77%,2015-10-01,"3,734",397,single only,GALAK-Z,,,0,,storesearch+appdetails,
Beatbuddy: Tale of the Guardians,$9.99 ,72.26%,2013-08-01,"1,533",397,single only,Beatbuddy: Tale of the Guardians,,,0,,storesearch+appdetails,
Lara Croft GO,$9.99 ,89.36%,2016-12-01,"10,548",397,single only,Lara Croft GO,,,0,,storesearch+appdetails,
Fluffy Store,$1.99 ,92.97%,2019-08-01,"6,128",397,single only,Fluffy Store,,,0,,storesearch+appdetails,
Shard Squad,$5.59 ,81.10%,2025-11-01,"2,285",397,mixed,Shard Squad,,,0,,storesearch+appdetails,
Wizorb,$2.99 ,67.49%,2012-03-01,"1,003",396,single only,Wizorb,,,0,,storesearch+appdetails,
Void Vikings,$4.99 ,68.94%,2018-04-01,226,396,single only,Void Vikings,,,0,,storesearch+appdetails,
Escape Doodland,$9.99 ,73.64%,2018-11-01,"1,847",396,single only,Escape Doodland,,,0,,storesearch+appdetails,
One Dog Story,$6.48 ,74.44%,2017-04-01,"3,545",396,single only,One Dog Story,,,0,,storesearch+appdetails,
Event[0],$19.99 ,77.35%,2016-09-01,"21,867",396,single only,Event[0],,,0,,storesearch+appdetails,
Project Warlock,$12.00 ,84.40%,2018-12-01,"14,388",396,single only,Project Warlock,,,0,,storesearch+appdetails,
Lightmatter,$19.99 ,87.65%,2020-01-01,"7,287",396,single only,Lightmatter,,,0,,storesearch+appdetails,
Rocketbirds: Hardboiled Chicken,$4.99 ,77.05%,2012-10-01,"15,582",396,mixed,Rocketbirds: Hardboiled Chicken,,,0,,storesearch+appdetails,
Circuit Superstars,$19.99 ,82.74%,2023-10-01,"14,680",396,mixed,Circuit Superstars,,,0,,storesearch+appdetails,
Jones On Fire,$2.99 ,56.50%,2013-03-01,308,395,single only,Jones On Fire,,,0,,storesearch+appdetails,
Late Shift,$14.99 ,83.61%,2017-04-01,"32,302",395,single only,Late Shift,,,0,,storesearch+appdetails,
12 Labours of Hercules IV: Mother Nature (Platinum Edition),$2.99 ,84.97%,2015-12-01,528,395,single only,12 Labours of Hercules IV: Mother Nature (Platinum Edition),,,0,,storesearch+appdetails,
Timespinner,$19.99 ,82.66%,2018-09-01,"18,441",395,mixed,Timespinner,,,0,,storesearch+appdetails,
Vambrace: Cold Soul,$24.99 ,63.68%,2019-05-01,"7,789",394,single only,Vambrace: Cold Soul,,,0,,storesearch+appdetails,
Cosmophony,$4.99 ,74.29%,2015-07-01,426,394,single only,Cosmophony,,,0,,storesearch+appdetails,
Oceanhorn: Monster of Uncharted Seas,$14.99 ,76.66%,2015-03-01,"15,827",394,single only,Oceanhorn: Monster of Uncharted Seas,,,0,,storesearch+appdetails,
The Mercury Man,$3.99 ,77.87%,2018-05-01,"4,842",393,single only,The Mercury Man,,,0,,storesearch+appdetails,
Quell Zen,$6.99 ,83.63%,2016-07-01,154,393,single only,Quell Zen,,,0,,storesearch+appdetails,
Cepheus Protocol,$15.99 ,74.14%,2020-05-01,"19,507",393,mixed,Cepheus Protocol,,,0,,storesearch+appdetails,
MarZ: Tactical Base Defense,$21.99 ,74.60%,2019-04-01,"11,144",392,single only,MarZ: Tactical Base Defense,,,0,,storesearch+appdetails,
Another Adventure,$1.99 ,88.07%,2017-03-01,"6,366",392,single only,Another Adventure,,,0,,storesearch+appdetails,
Midnight,$4.99 ,68.08%,2016-01-01,296,391,single only,Midnight,,,0,,storesearch+appdetails,
50 years,$4.99 ,84.16%,2017-05-01,"1,377",391,single only,50 years,,,0,,storesearch+appdetails,
Penguins Arena: Sedna's World,$5.99 ,85.29%,2008-12-01,"1,301",391,mixed,Penguins Arena: Sedna's World,,,0,,storesearch+appdetails,
Dungelot: Shattered Lands,$9.99 ,72.05%,2016-02-01,"2,603",390,single only,Dungelot: Shattered Lands,,,0,,storesearch+appdetails,
Radical Dungeon Sweeper,$12.99 ,74.18%,2018-02-01,"1,639",390,single only,Radical Dungeon Sweeper,,,0,,storesearch+appdetails,
Zup! XS,$1.99 ,81.13%,2019-04-01,520,390,single only,Zup! XS,,,0,,storesearch+appdetails,
Zup! X,$1.99 ,93.13%,2018-05-01,"2,344",389,single only,Zup! X,,,0,,storesearch+appdetails,
Anomaly Exit,$5.99 ,85.64%,2024-03-01,"1,537",389,mixed,Anomaly Exit,,,0,,storesearch+appdetails,
Ace of Protectors,$1.99 ,57.09%,2016-06-01,277,388,single only,Ace of Protectors,,,0,,storesearch+appdetails,
The Cat! Porfirio's Adventure,$2.99 ,76.65%,2016-08-01,585,388,single only,The Cat! Porfirio's Adventure,,,0,,storesearch+appdetails,
West Sweety,$1.99 ,80.86%,2019-12-01,"20,221",388,single only,West Sweety,,,0,,storesearch+appdetails,
Party Panic,$16.99 ,73.33%,2017-08-01,"16,800",388,mixed,Party Panic,,,0,,storesearch+appdetails,
Touhou Kikeijuu ~ Wily Beast and Weakest Creature.,$14.99 ,91.38%,2019-08-01,"5,667",387,single only,Touhou Kikeijuu ~ Wily Beast and Weakest Creature.,,,0,,storesearch+appdetails,
Conga Master,$9.99 ,80.61%,2016-09-01,431,387,mixed,Conga Master,,,0,,storesearch+appdetails,
Doom & Destiny Advanced,$9.99 ,84.84%,2016-11-01,"2,438",387,mixed,Doom & Destiny Advanced,,,0,,storesearch+appdetails,
Gazing from beyond,$1.99 ,63.21%,2018-02-01,"2,672",386,single only,Gazing from beyond,,,0,,storesearch+appdetails,
Demon Hunter 2: New Chapter,$14.99 ,69.34%,2016-07-01,598,386,single only,Demon Hunter 2: New Chapter,,,0,,storesearch+appdetails,
Tacoma,$19.99 ,83.42%,2017-08-01,"22,887",386,single only,Tacoma,,,0,,storesearch+appdetails,
Drox Operative,$19.99 ,82.70%,2012-11-01,"2,411",386,mixed,Drox Operative,,,0,,storesearch+appdetails,
Skautfold: Shrouded in Sanity,$2.49 ,76.19%,2016-05-01,"3,178",385,single only,Skautfold: Shrouded in Sanity,,,0,,storesearch+appdetails,
Legend of Homebody,$5.99 ,77.78%,2021-07-01,"3,537",385,single only,Legend of Homebody,,,0,,storesearch+appdetails,
The Textorcist: The Story of Ray Bibbia,$14.99 ,77.87%,2019-02-01,"4,172",385,single only,The Textorcist: The Story of Ray Bibbia,,,0,,storesearch+appdetails,
Mr.President!,$9.99 ,80.85%,2016-10-01,"9,460",385,single only,Mr.President!,,,0,,storesearch+appdetails,
PAGUI打鬼,$19.99 ,79.25%,2019-10-01,"9,703",385,mixed,PAGUI打鬼,,,0,,storesearch+appdetails,
Regular Human Basketball,$4.99 ,78.20%,2018-08-01,"2,121",384,multi only,Regular Human Basketball,,,0,,storesearch+appdetails,
The Guest,$9.99 ,70.58%,2016-03-01,"4,420",384,single only,The Guest,,,0,,storesearch+appdetails,
Hexcells Infinite,$4.99 ,93.31%,2014-09-01,"2,585",384,single only,Hexcells Infinite,,,0,,storesearch+appdetails,
Hexcells,$2.99 ,93.48%,2014-02-01,"3,475",384,single only,Hexcells,,,0,,storesearch+appdetails,
Fox Hime Zero,$1.99 ,93.86%,2018-05-01,"12,287",383,single only,Fox Hime Zero,,,0,,storesearch+appdetails,
Salt,$14.99 ,73.91%,2018-02-01,"63,642",383,mixed,Salt,,,0,,storesearch+appdetails,
Face Noir,$9.99 ,62.72%,2013-10-01,719,382,single only,Face Noir,,,0,,storesearch+appdetails,
Millennium 4 - Beyond Sunset,$9.99 ,73.71%,2014-09-01,668,382,single only,Millennium 4 - Beyond Sunset,,,0,,storesearch+appdetails,
The Complex,$14.99 ,75.52%,2020-03-01,"15,995",382,single only,The Complex,,,0,,storesearch+appdetails,
VR: Vacate the Room (Virtual Reality Escape),$3.99 ,77.68%,2016-07-01,"1,092",382,single only,VR: Vacate the Room (Virtual Reality Escape),,,0,,storesearch+appdetails,
Windowkill,$4.99 ,91.95%,2024-02-01,"6,510",382,mixed,Windowkill,,,0,,storesearch+appdetails,
Grotesque Tactics: Evil Heroes,$9.99 ,59.70%,2010-10-01,"1,566",381,single only,Grotesque Tactics: Evil Heroes,,,0,,storesearch+appdetails,
The Deal,$9.99 ,77.36%,2017-02-01,377,381,single only,The Deal,,,0,,storesearch+appdetails,
Enigmatis: The Ghosts of Maple Creek,$14.99 ,80.96%,2011-09-01,"2,392",381,single only,Enigmatis: The Ghosts of Maple Creek,,,0,,storesearch+appdetails,
Haydee,$14.99 ,82.11%,2016-09-01,"41,190",381,single only,Haydee,,,0,,storesearch+appdetails,
Hamilton's Great Adventure,$9.99 ,67.03%,2011-05-01,594,381,mixed,Hamilton's Great Adventure,,,0,,storesearch+appdetails,
Dashy Square VR,$6.99 ,56.05%,2016-07-01,45,380,single only,Dashy Square VR,,,0,,storesearch+appdetails,
Outpost Zero,$19.99 ,48.77%,2019-07-01,"10,476",380,mixed,Outpost Zero,,,0,,storesearch+appdetails,
Yon Paradox,$2.99 ,59.01%,2016-05-01,864,379,single only,Yon Paradox,,,0,,storesearch+appdetails,
SPINGUN,$1.99 ,73.58%,2016-11-01,700,379,single only,SPINGUN,,,0,,storesearch+appdetails,
Avernum 3: Ruined World,$7.99 ,78.04%,2018-01-01,"4,502",379,single only,Avernum 3: Ruined World,,,0,,storesearch+appdetails,
SimpleRockets,$7.99 ,79.36%,2015-06-01,"3,596",379,single only,SimpleRockets,,,0,,storesearch+appdetails,
FlowScape,$14.99 ,80.31%,2019-08-01,"22,606",379,single only,FlowScape,,,0,,storesearch+appdetails,
Knuckle Sandwich,$19.99 ,80.37%,2023-11-01,"3,841",379,single only,Knuckle Sandwich,,,0,,storesearch+appdetails,
J.U.L.I.A.: Among the Stars,$19.99 ,81.48%,2014-09-01,"7,430",379,single only,J.U.L.I.A.: Among the Stars,,,0,,storesearch+appdetails,
Cubemen 2,$7.99 ,65.06%,2013-04-01,401,379,mixed,Cubemen 2,,,0,,storesearch+appdetails,
Steampunk Tower 2,$7.99 ,70.40%,2018-04-01,"2,319",378,single only,Steampunk Tower 2,,,0,,storesearch+appdetails,
Age of Gladiators,$7.98 ,73.92%,2016-02-01,"7,888",378,single only,Age of Gladiators,,,0,,storesearch+appdetails,
Final Slam 2,$3.99 ,27.40%,2014-06-01,180,378,mixed,Final Slam 2,,,0,,storesearch+appdetails,
Scrapnaut,$13.99 ,67.39%,2021-09-01,"9,646",378,mixed,Scrapnaut,,,0,,storesearch+appdetails,
Westerado: Double Barreled,$14.99 ,87.12%,2015-04-01,"14,854",377,mixed,Westerado: Double Barreled,,,0,,storesearch+appdetails,
KickBeat Steam Edition,$9.99 ,64.26%,2014-01-01,772,376,single only,KickBeat Steam Edition,,,0,,storesearch+appdetails,
Creature Romances: Kokonoe Kokoro,$2.99 ,72.12%,2018-03-01,860,376,single only,Creature Romances: Kokonoe Kokoro,,,0,,storesearch+appdetails,
Delivery from the Pain:Survival / 末日方舟:生存,$7.99 ,76.94%,2019-06-01,"10,904",376,single only,Delivery from the Pain:Survival / 末日方舟:生存,,,0,,storesearch+appdetails,
Color Symphony 2,$9.99 ,77.72%,2015-10-01,"1,681",376,single only,Color Symphony 2,,,0,,storesearch+appdetails,
Sickness,$9.99 ,80.12%,2016-01-01,"1,128",376,single only,Sickness,,,0,,storesearch+appdetails,
Forgotten Hill Mementoes,$1.99 ,83.17%,2018-03-01,485,376,single only,Forgotten Hill Mementoes,,,0,,storesearch+appdetails,
Bastard Bonds,$10.99 ,84.21%,2016-04-01,"8,003",376,single only,Bastard Bonds,,,0,,storesearch+appdetails,
Zup! 2,$1.99 ,92.33%,2016-12-01,"4,179",376,single only,Zup! 2,,,0,,storesearch+appdetails,
PewDiePie: Legend of the Brofist,$7.99 ,85.72%,2015-12-01,"14,064",376,mixed,PewDiePie: Legend of the Brofist,,,0,,storesearch+appdetails,
Quiplash 2 InterLASHional,$9.99 ,84.17%,2020-04-01,"1,277",375,multi only,Quiplash 2 InterLASHional,,,0,,storesearch+appdetails,
InnerSpace,$19.99 ,59.30%,2018-01-01,"5,611",375,single only,InnerSpace,,,0,,storesearch+appdetails,
Orwell: Ignorance is Strength,$9.99 ,73.23%,2018-02-01,"10,671",375,single only,Orwell: Ignorance is Strength,,,0,,storesearch+appdetails,
Smintheus,$4.99 ,73.89%,2021-11-01,91,375,single only,Smintheus,,,0,,storesearch+appdetails,
Circuits,$4.99 ,84.89%,2014-04-01,"3,166",375,single only,Circuits,,,0,,storesearch+appdetails,
Tetraminos,$9.99 ,67.92%,2017-02-01,244,375,mixed,Tetraminos,,,0,,storesearch+appdetails,
Sakura Agent,$2.49 ,69.08%,2017-01-01,"2,885",374,single only,Sakura Agent,,,0,,storesearch+appdetails,
Stories Untold,$9.99 ,84.10%,2017-02-01,"10,200",374,single only,Stories Untold,,,0,,storesearch+appdetails,
Pony Island,$4.99 ,92.67%,2016-01-01,"20,572",374,single only,Pony Island,,,0,,storesearch+appdetails,
Bierzerkers,$4.99 ,47.46%,2016-02-01,"4,730",374,mixed,Bierzerkers,,,0,,storesearch+appdetails,
FORTIFY,$1.97 ,89.60%,2016-08-01,"4,633",374,mixed,FORTIFY,,,0,,storesearch+appdetails,
Hero of the Kingdom III,$9.99 ,74.96%,2018-08-01,"2,589",373,single only,Hero of the Kingdom III,,,0,,storesearch+appdetails,
Silence,$19.99 ,80.86%,2016-11-01,"22,990",373,single only,Silence,,,0,,storesearch+appdetails,
Moe Jigsaw,$3.99 ,78.26%,2018-03-01,"1,880",372,single only,Moe Jigsaw,,,0,,storesearch+appdetails,
School Paranormal Laboratory,$3.99 ,55.27%,2024-04-01,182,372,mixed,School Paranormal Laboratory,,,0,,storesearch+appdetails,
Battle Worlds: Kronos,$4.99 ,64.51%,2013-11-01,"4,368",372,mixed,Battle Worlds: Kronos,,,0,,storesearch+appdetails,
HackHub - Ultimate Hacker Simulator,$10.19 ,85.24%,2026-01-01,"6,174",372,mixed,HackHub - Ultimate Hacker Simulator,,,0,,storesearch+appdetails,
Crystal Control II,$4.99 ,69.44%,2017-07-01,79,371,mixed,Crystal Control II,,,0,,storesearch+appdetails,
Melody's Escape,$9.99 ,89.60%,2016-05-01,"17,844",370,single only,Melody's Escape,,,0,,storesearch+appdetails,
Star Ruler 2,$19.99 ,77.13%,2015-03-01,"12,066",370,mixed,Star Ruler 2,,,0,,storesearch+appdetails,
Interplanetary: Enhanced Edition,$14.99 ,80.45%,2017-08-01,"4,953",370,mixed,Interplanetary: Enhanced Edition,,,0,,storesearch+appdetails,
Shootout on Cash Island,$1.99 ,78.46%,2018-01-01,720,369,single only,Shootout on Cash Island,,,0,,storesearch+appdetails,
Backrooms: Extractions,$6.99 ,70.56%,2025-04-01,"2,386",369,mixed,Backrooms: Extractions,,,0,,storesearch+appdetails,
Planet Centauri,$14.99 ,74.33%,2016-06-01,"56,435",369,mixed,Planet Centauri,,,0,,storesearch+appdetails,
Creaks,$19.99 ,91.51%,2020-07-01,"19,224",368,single only,Creaks,,,0,,storesearch+appdetails,
Obludia,$2.99 ,49.02%,2014-07-01,173,367,mixed,Obludia,,,0,,storesearch+appdetails,
BADLAND: Game of the Year Edition,$1.49 ,82.30%,2015-05-01,"9,408",367,mixed,BADLAND: Game of the Year Edition,,,0,,storesearch+appdetails,
Our world has not decayed,$1.99 ,79.70%,2019-10-01,"3,020",366,single only,Our world has not decayed,,,0,,storesearch+appdetails,
Tinkertown,$16.99 ,65.44%,2023-06-01,"17,522",365,mixed,Tinkertown,,,0,,storesearch+appdetails,
Feel The Snow,$12.99 ,84.17%,2019-12-01,"45,660",365,mixed,Feel The Snow,,,0,,storesearch+appdetails,
ScooterFlow,$15.99 ,91.11%,2021-11-01,"3,781",365,mixed,ScooterFlow,,,0,,storesearch+appdetails,
Tower of Guns,$14.99 ,76.92%,2014-03-01,"5,066",364,single only,Tower of Guns,,,0,,storesearch+appdetails,
Fear Therapy,$4.99 ,65.81%,2021-12-01,"7,024",364,mixed,Fear Therapy,,,0,,storesearch+appdetails,
S.W.I.N.E. HD Remaster,$9.99 ,86.06%,2019-05-01,"6,543",364,mixed,S.W.I.N.E. HD Remaster,,,0,,storesearch+appdetails,
Voodoo Garden,$2.99 ,73.39%,2016-08-01,"5,014",363,single only,Voodoo Garden,,,0,,storesearch+appdetails,
Venture Kid,$9.99 ,76.79%,2018-05-01,469,363,single only,Venture Kid,,,0,,storesearch+appdetails,
Kingdom Under Fire: The Crusaders,$9.99 ,86.82%,2020-02-01,"6,714",363,single only,Kingdom Under Fire: The Crusaders,,,0,,storesearch+appdetails,
EDGE,$6.99 ,87.83%,2011-08-01,"25,024",363,single only,EDGE,,,0,,storesearch+appdetails,
Painted Legend,$4.99 ,64.63%,2016-07-01,156,363,mixed,Painted Legend,,,0,,storesearch+appdetails,
Cognition: An Erica Reed Thriller,$14.99 ,77.99%,2013-09-01,"2,598",362,single only,Cognition: An Erica Reed Thriller,,,0,,storesearch+appdetails,
A Legionary's Life,$7.99 ,83.57%,2019-09-01,"4,539",362,single only,A Legionary's Life,,,0,,storesearch+appdetails,
Last Day of June,$19.99 ,83.86%,2017-08-01,"21,535",362,single only,Last Day of June,,,0,,storesearch+appdetails,
Serious Sam VR: The Last Hope,$29.99 ,80.74%,2017-09-01,"11,132",362,mixed,Serious Sam VR: The Last Hope,,,0,,storesearch+appdetails,
Kind Words (lo fi chill beats to write to),$4.99 ,95.02%,2019-09-01,"16,298",362,mixed,Kind Words (lo fi chill beats to write to),,,0,,storesearch+appdetails,
Sparkle ZERO,$4.99 ,59.08%,2016-03-01,531,361,single only,Sparkle ZERO,,,0,,storesearch+appdetails,
Rayless,$1.99 ,59.43%,2017-01-01,184,361,single only,Rayless,,,0,,storesearch+appdetails,
Opaline,$9.99 ,66.71%,2017-05-01,331,361,single only,Opaline,,,0,,storesearch+appdetails,
Isbarah,$13.99 ,71.57%,2015-02-01,871,361,single only,Isbarah,,,0,,storesearch+appdetails,
Niko: Through The Dream,$9.99 ,68.62%,2015-07-01,"2,108",360,single only,Niko: Through The Dream,,,0,,storesearch+appdetails,
Evolve or Die,$4.99 ,89.59%,2025-11-01,213,360,mixed,Evolve or Die,,,0,,storesearch+appdetails,
Costume Quest 2,$14.99 ,84.49%,2014-10-01,"5,070",359,single only,Costume Quest 2,,,0,,storesearch+appdetails,
Monster Boy and the Cursed Kingdom,$29.99 ,85.13%,2019-07-01,"13,368",359,single only,Monster Boy and the Cursed Kingdom,,,0,,storesearch+appdetails,
Open Sorcery,$3.99 ,90.08%,2017-02-01,"1,088",359,single only,Open Sorcery,,,0,,storesearch+appdetails,
Last Will,$8.99 ,71.54%,2016-08-01,"1,356",359,mixed,Last Will,,,0,,storesearch+appdetails,
Planet RIX-13,$2.99 ,84.96%,2017-05-01,296,358,single only,Planet RIX-13,,,0,,storesearch+appdetails,
Devil Daggers,$9.99 ,92.37%,2016-02-01,"19,504",358,single only,Devil Daggers,,,0,,storesearch+appdetails,
Unity of Command: Stalingrad Campaign,$9.99 ,74.49%,2012-10-01,"3,526",358,mixed,Unity of Command: Stalingrad Campaign,,,0,,storesearch+appdetails,
YORG.io,$3.99 ,84.92%,2019-05-01,"2,198",357,single only,YORG.io,,,0,,storesearch+appdetails,
Aurora Dusk: Steam Age,$9.99 ,77.01%,2016-04-01,"9,563",357,mixed,Aurora Dusk: Steam Age,,,0,,storesearch+appdetails,
Last Wood,$14.99 ,64.61%,2019-08-01,"8,755",356,single only,Last Wood,,,0,,storesearch+appdetails,
Home,$4.99 ,65.27%,2012-06-01,"1,263",356,single only,Home,,,0,,storesearch+appdetails,
Endless Road: Reborn,$9.99 ,71.52%,2018-09-01,"4,059",356,single only,Endless Road: Reborn,,,0,,storesearch+appdetails,
Turnip Boy Commits Tax Evasion,$14.99 ,92.20%,2021-04-01,"16,141",356,single only,Turnip Boy Commits Tax Evasion,,,0,,storesearch+appdetails,
Sakura Fantasy,$2.49 ,82.61%,2015-05-01,"10,211",355,single only,Sakura Fantasy,,,0,,storesearch+appdetails,
TowerFall Ascension,$14.99 ,91.05%,2014-03-01,"17,432",355,mixed,TowerFall Ascension,,,0,,storesearch+appdetails,
Wind Child,$9.99 ,71.18%,2016-03-01,499,354,single only,Wind Child,,,0,,storesearch+appdetails,
Public Defense Corp,$14.99 ,76.79%,2020-12-01,"3,710",354,single only,Public Defense Corp,,,0,,storesearch+appdetails,
Barro 2024,$4.99 ,71.30%,2024-08-01,200,354,mixed,Barro 2024,,,0,,storesearch+appdetails,
PANZER BALL,$4.99 ,85.10%,2020-08-01,"1,302",354,mixed,PANZER BALL,,,0,,storesearch+appdetails,
Proto Raider,$11.99 ,70.49%,2015-08-01,350,353,single only,Proto Raider,,,0,,storesearch+appdetails,
Beyond a Steel Sky,$34.99 ,83.90%,2020-07-01,"12,830",353,single only,Beyond a Steel Sky,,,0,,storesearch+appdetails,
Drive to Hell,$4.99 ,69.14%,2014-02-01,218,353,mixed,Drive to Hell,,,0,,storesearch+appdetails,
Just Xiangqi,$9.99 ,80.03%,2024-01-01,"3,777",353,mixed,Just Xiangqi,,,0,,storesearch+appdetails,
Chicory: A Colorful Tale,$19.99 ,93.60%,2021-06-01,"11,858",353,mixed,Chicory: A Colorful Tale,,,0,,storesearch+appdetails,
Explorers of the Abyss,$19.99 ,60.50%,2021-06-01,"2,813",352,single only,Explorers of the Abyss,,,0,,storesearch+appdetails,
iBomber Defense Pacific,$5.99 ,78.00%,2012-03-01,488,352,single only,iBomber Defense Pacific,,,0,,storesearch+appdetails,
Q.U.B.E. 2,$24.99 ,80.64%,2018-03-01,"7,631",352,single only,Q.U.B.E. 2,,,0,,storesearch+appdetails,
Card City Nights,$9.99 ,83.67%,2014-02-01,"2,062",352,single only,Card City Nights,,,0,,storesearch+appdetails,
"War, the Game",$6.99 ,65.38%,2015-01-01,"3,569",352,mixed,"War, the Game",,,0,,storesearch+appdetails,
NeuroVoider,$13.99 ,72.69%,2016-08-01,"10,192",352,mixed,NeuroVoider,,,0,,storesearch+appdetails,
The Other Side,$13.99 ,86.32%,2025-03-01,"2,818",352,mixed,The Other Side,,,0,,storesearch+appdetails,
MagNets,$7.99 ,67.93%,2015-01-01,96,349,single only,MagNets,,,0,,storesearch+appdetails,
Kona,$14.99 ,79.98%,2017-03-01,"43,175",349,single only,Kona,,,0,,storesearch+appdetails,
Mr. Shifty,$14.99 ,84.21%,2017-04-01,"8,428",349,single only,Mr. Shifty,,,0,,storesearch+appdetails,
Ricochet,$5.99 ,50.00%,2022-01-01,67,348,multi only,Ricochet,,,0,,storesearch+appdetails,
The Blackwell Legacy,$4.99 ,85.30%,2012-01-01,"2,907",348,single only,The Blackwell Legacy,,,0,,storesearch+appdetails,
The Sexy Brutale,$19.99 ,88.60%,2017-04-01,"19,763",348,single only,The Sexy Brutale,,,0,,storesearch+appdetails,
Roman's Christmas / 罗曼圣诞探案集,$10.99 ,90.99%,2020-02-01,"4,794",348,single only,Roman's Christmas / 罗曼圣诞探案集,,,0,,storesearch+appdetails,
Under A New Sun,$17.99 ,72.56%,2023-11-01,"5,143",348,mixed,Under A New Sun,,,0,,storesearch+appdetails,
Freedom Planet,$14.99 ,91.60%,2014-07-01,"16,123",347,single only,Freedom Planet,,,0,,storesearch+appdetails,
The Book of Legends,$9.99 ,64.12%,2014-03-01,"1,936",346,single only,The Book of Legends,,,0,,storesearch+appdetails,
Bad Rats Show,$1.99 ,75.17%,2016-07-01,"1,609",346,single only,Bad Rats Show,,,0,,storesearch+appdetails,
Chaos Reborn,$9.99 ,72.32%,2015-10-01,"30,930",346,mixed,Chaos Reborn,,,0,,storesearch+appdetails,
Making History II: The War of the World,$7.49 ,74.74%,2010-06-01,"2,964",346,mixed,Making History II: The War of the World,,,0,,storesearch+appdetails,
No Time,$10.39 ,92.54%,2019-04-01,"4,119",346,mixed,No Time,,,0,,storesearch+appdetails,
The Castle Doctrine,$3.99 ,49.23%,2014-01-01,873,345,multi only,The Castle Doctrine,,,0,,storesearch+appdetails,
Vagrant Hearts 2,$9.99 ,56.20%,2015-05-01,458,345,single only,Vagrant Hearts 2,,,0,,storesearch+appdetails,
Daymare: 1998,$27.98 ,67.59%,2019-09-01,"20,187",345,single only,Daymare: 1998,,,0,,storesearch+appdetails,
Mirror Maker,$1.99 ,69.07%,2019-01-01,"8,366",345,single only,Mirror Maker,,,0,,storesearch+appdetails,
Miracle Snack Shop,$9.99 ,92.55%,2018-12-01,"6,483",345,single only,Miracle Snack Shop,,,0,,storesearch+appdetails,
Warriors: Rise to Glory,$19.99 ,75.36%,2022-01-01,"4,524",345,mixed,Warriors: Rise to Glory,,,0,,storesearch+appdetails,
TrackDayR,$24.99 ,82.42%,2021-03-01,"5,166",345,mixed,TrackDayR,,,0,,storesearch+appdetails,
Gomoku Let's Go,$2.99 ,83.13%,2021-07-01,"1,900",345,mixed,Gomoku Let's Go,,,0,,storesearch+appdetails,
Through the Darkest of Times,$14.99 ,79.75%,2020-01-01,"7,678",344,single only,Through the Darkest of Times,,,0,,storesearch+appdetails,
Coin Crypt,$9.99 ,80.77%,2013-11-01,"1,426",344,single only,Coin Crypt,,,0,,storesearch+appdetails,
Crossfire: Dungeons,$3.99 ,48.77%,2007-01-01,380,344,mixed,Crossfire: Dungeons,,,0,,storesearch+appdetails,
NOROI KAGO: the Grudged Domain,$9.99 ,75.08%,2025-05-01,"1,742",344,mixed,NOROI KAGO: the Grudged Domain,,,0,,storesearch+appdetails,
Valiant: Resurrection,$9.99 ,64.46%,2015-05-01,554,343,single only,Valiant: Resurrection,,,0,,storesearch+appdetails,
Fingered,$1.87 ,72.00%,2015-08-01,"2,909",343,single only,Fingered,,,0,,storesearch+appdetails,
Minoria,$19.99 ,78.06%,2019-08-01,"15,919",343,single only,Minoria,,,0,,storesearch+appdetails,
Warstone TD,$14.99 ,79.85%,2018-05-01,"7,815",342,single only,Warstone TD,,,0,,storesearch+appdetails,
Beasts Battle,$3.99 ,67.91%,2016-06-01,231,342,mixed,Beasts Battle,,,0,,storesearch+appdetails,
CHERNOBYL: The Untold Story,$2.99 ,67.36%,2019-09-01,869,341,single only,CHERNOBYL: The Untold Story,,,0,,storesearch+appdetails,
Rubek,$2.99 ,71.90%,2016-10-01,862,340,single only,Rubek,,,0,,storesearch+appdetails,
Brawl To The West,$8.99 ,69.32%,2025-06-01,"4,132",340,mixed,Brawl To The West,,,0,,storesearch+appdetails,
Blanc,$14.99 ,74.33%,2023-02-01,"6,883",339,multi only,Blanc,,,0,,storesearch+appdetails,
MacGuffin's Curse,$9.99 ,76.05%,2012-04-01,266,339,single only,MacGuffin's Curse,,,0,,storesearch+appdetails,
Leisure Suit Larry - Wet Dreams Don't Dry,$29.99 ,82.54%,2018-11-01,"7,907",339,single only,Leisure Suit Larry - Wet Dreams Don't Dry,,,0,,storesearch+appdetails,
Grey Hack,$19.99 ,86.13%,2017-12-01,"16,039",339,mixed,Grey Hack,,,0,,storesearch+appdetails,
Wobbly Jungle,$1.99 ,75.88%,2016-04-01,117,338,single only,Wobbly Jungle,,,0,,storesearch+appdetails,
Save the Dodos,$2.99 ,79.03%,2016-04-01,601,338,single only,Save the Dodos,,,0,,storesearch+appdetails,
Skyward Collapse,$4.99 ,46.85%,2013-05-01,604,338,mixed,Skyward Collapse,,,0,,storesearch+appdetails,
Fantasy Versus,$6.99 ,72.34%,2018-05-01,"6,794",338,mixed,Fantasy Versus,,,0,,storesearch+appdetails,
Hotshot Racing,$19.99 ,73.76%,2020-09-01,"5,124",338,mixed,Hotshot Racing,,,0,,storesearch+appdetails,
Super Daryl Deluxe,$19.99 ,80.85%,2018-04-01,"1,852",338,mixed,Super Daryl Deluxe,,,0,,storesearch+appdetails,
Paint Chips,$14.99 ,80.98%,2021-05-01,723,337,multi only,Paint Chips,,,0,,storesearch+appdetails,
Farm for your Life,$9.99 ,77.30%,2013-06-01,"2,766",337,single only,Farm for your Life,,,0,,storesearch+appdetails,
Chaos on Deponia,$19.99 ,86.78%,2012-11-01,"5,418",337,single only,Chaos on Deponia,,,0,,storesearch+appdetails,
LOVE 2: kuso,$4.99 ,87.10%,2017-11-01,559,337,single only,LOVE 2: kuso,,,0,,storesearch+appdetails,
Bravada,$9.99 ,72.74%,2014-08-01,250,336,single only,Bravada,,,0,,storesearch+appdetails,
Marble Age,$5.99 ,78.32%,2015-03-01,"5,058",336,single only,Marble Age,,,0,,storesearch+appdetails,
Joe Danger 2: The Movie,$14.99 ,59.28%,2013-06-01,755,336,mixed,Joe Danger 2: The Movie,,,0,,storesearch+appdetails,
Awesome Metal Detecting,$8.23 ,62.43%,2017-05-01,835,336,mixed,Awesome Metal Detecting,,,0,,storesearch+appdetails,
PixelJunk™ Nom Nom Galaxy,$9.99 ,73.41%,2015-08-01,"9,063",336,mixed,PixelJunk™ Nom Nom Galaxy,,,0,,storesearch+appdetails,
The Adventure Pals,$14.99 ,87.77%,2018-04-01,"3,680",336,mixed,The Adventure Pals,,,0,,storesearch+appdetails,
Havocado: Ragdoll Fighter,$19.99 ,77.96%,2019-04-01,"3,185",335,multi only,Havocado: Ragdoll Fighter,,,0,,storesearch+appdetails,
Lucius II,$19.99 ,60.61%,2015-02-01,"8,419",335,single only,Lucius II,,,0,,storesearch+appdetails,
Doodle Mafia,$7.99 ,63.24%,2017-04-01,668,335,single only,Doodle Mafia,,,0,,storesearch+appdetails,
Miasmata,$14.99 ,74.13%,2012-11-01,"14,619",335,single only,Miasmata,,,0,,storesearch+appdetails,
Ikaruga,$9.99 ,90.28%,2014-02-01,"14,970",335,mixed,Ikaruga,,,0,,storesearch+appdetails,
The Sacred Tears TRUE,$2.99 ,65.63%,2014-09-01,"1,875",334,single only,The Sacred Tears TRUE,,,0,,storesearch+appdetails,
True or False,$4.50 ,65.69%,2016-09-01,"1,712",334,single only,True or False,,,0,,storesearch+appdetails,
Vagrant Hearts,$9.99 ,65.98%,2015-02-01,"1,113",334,single only,Vagrant Hearts,,,0,,storesearch+appdetails,
Scrap Garden,$9.99 ,72.48%,2016-05-01,"5,123",334,single only,Scrap Garden,,,0,,storesearch+appdetails,
The Dark Legions,$1.99 ,78.33%,2004-04-01,674,334,single only,The Dark Legions,,,0,,storesearch+appdetails,
Vessel,$4.99 ,82.87%,2012-03-01,"2,889",334,single only,Vessel,,,0,,storesearch+appdetails,
Calvino Noir,$4.99 ,62.67%,2015-08-01,"2,713",333,single only,Calvino Noir,,,0,,storesearch+appdetails,
NoLimits 2 Roller Coaster Simulation,$39.99 ,91.68%,2014-08-01,"6,760",333,single only,NoLimits 2 Roller Coaster Simulation,,,0,,storesearch+appdetails,
Antihero,$14.99 ,82.82%,2017-07-01,"10,040",333,mixed,Antihero,,,0,,storesearch+appdetails,
Borealis,$4.99 ,57.59%,2014-09-01,311,332,single only,Borealis,,,0,,storesearch+appdetails,
Maid of Sker,$24.99 ,75.93%,2020-07-01,"15,597",332,single only,Maid of Sker,,,0,,storesearch+appdetails,
Volgarr the Viking,$9.99 ,78.31%,2013-09-01,"4,654",332,single only,Volgarr the Viking,,,0,,storesearch+appdetails,
Shantae: Risky's Revenge - Director's Cut,$9.99 ,81.89%,2014-07-01,"9,736",332,single only,Shantae: Risky's Revenge - Director's Cut,,,0,,storesearch+appdetails,
Magicmaker,$9.99 ,84.66%,2014-09-01,"5,073",332,single only,Magicmaker,,,0,,storesearch+appdetails,
Contraption Maker,$12.99 ,86.71%,2014-07-01,"3,972",332,mixed,Contraption Maker,,,0,,storesearch+appdetails,
MANIC MINERS,$1.99 ,50.00%,2016-08-01,123,331,mixed,MANIC MINERS,,,0,,storesearch+appdetails,
Overruled!,$1.29 ,50.00%,2015-09-01,434,331,mixed,Overruled!,,,0,,storesearch+appdetails,
Out of Space,$14.99 ,76.63%,2020-02-01,"11,433",331,mixed,Out of Space,,,0,,storesearch+appdetails,
Train Mechanic Simulator 2017,$7.99 ,65.16%,2017-03-01,"5,694",330,single only,Train Mechanic Simulator 2017,,,0,,storesearch+appdetails,
Pathologic Classic HD,$12.99 ,84.45%,2015-10-01,"22,132",330,single only,Pathologic Classic HD,,,0,,storesearch+appdetails,
Shadowgrounds Survivor,$9.99 ,59.43%,2007-11-01,"1,081",330,mixed,Shadowgrounds Survivor,,,0,,storesearch+appdetails,
Storebound,$7.99 ,73.54%,2025-11-01,"6,759",330,mixed,Storebound,,,0,,storesearch+appdetails,
Sentinels of the Multiverse,$9.99 ,85.45%,2014-12-01,"4,658",330,mixed,Sentinels of the Multiverse,,,0,,storesearch+appdetails,
Sky Force Reloaded,$9.99 ,88.84%,2017-11-01,"7,773",330,mixed,Sky Force Reloaded,,,0,,storesearch+appdetails,
Basement,$18.88 ,68.15%,2019-11-01,"21,879",329,single only,Basement,,,0,,storesearch+appdetails,
Tinker Racers,$4.99 ,73.57%,2020-08-01,983,329,mixed,Tinker Racers,,,0,,storesearch+appdetails,
Shovel Knight Pocket Dungeon,$19.99 ,84.65%,2021-12-01,"4,246",329,mixed,Shovel Knight Pocket Dungeon,,,0,,storesearch+appdetails,
Norman's Great Illusion,$3.99 ,60.71%,2019-08-01,568,327,single only,Norman's Great Illusion,,,0,,storesearch+appdetails,
Unavowed,$14.99 ,91.38%,2018-08-01,"9,187",327,single only,Unavowed,,,0,,storesearch+appdetails,
Dungeon Souls,$12.99 ,71.45%,2016-12-01,"16,318",327,mixed,Dungeon Souls,,,0,,storesearch+appdetails,
Nidhogg 2,$14.99 ,77.74%,2017-08-01,"11,140",327,mixed,Nidhogg 2,,,0,,storesearch+appdetails,
Night is Coming,$24.99 ,64.09%,2025-04-01,"21,435",326,single only,Night is Coming,,,0,,storesearch+appdetails,
Dungeons of Edera,$14.99 ,65.81%,2022-06-01,"12,203",326,single only,Dungeons of Edera,,,0,,storesearch+appdetails,
Manifold Garden,$19.99 ,92.32%,2020-10-01,"23,926",326,single only,Manifold Garden,,,0,,storesearch+appdetails,
Nex Machina,$19.99 ,83.27%,2017-06-01,"23,386",326,mixed,Nex Machina,,,0,,storesearch+appdetails,
Adam's Venture Chronicles,$9.99 ,64.23%,2015-08-01,934,325,single only,Adam's Venture Chronicles,,,0,,storesearch+appdetails,
Bug Fables: The Everlasting Sapling,$19.99 ,93.72%,2019-11-01,"10,411",325,single only,Bug Fables: The Everlasting Sapling,,,0,,storesearch+appdetails,
Frosty Nights,$4.99 ,68.75%,2017-12-01,868,324,single only,Frosty Nights,,,0,,storesearch+appdetails,
Mutiny!!,$9.99 ,81.08%,2017-10-01,"3,215",324,single only,Mutiny!!,,,0,,storesearch+appdetails,
Endless Winter,$7.99 ,65.01%,2017-06-01,440,324,mixed,Endless Winter,,,0,,storesearch+appdetails,
Lawgivers II,$24.99 ,67.28%,2023-08-01,"7,573",324,mixed,Lawgivers II,,,0,,storesearch+appdetails,
Heart of Crown PC,$24.99 ,76.00%,2017-12-01,"6,139",324,mixed,Heart of Crown PC,,,0,,storesearch+appdetails,
Rhythm Fighter,$14.99 ,75.36%,2020-05-01,"1,922",323,single only,Rhythm Fighter,,,0,,storesearch+appdetails,
Home Sweet Home,$15.99 ,83.58%,2017-09-01,"28,530",323,single only,Home Sweet Home,,,0,,storesearch+appdetails,
Nimble Quest,$4.99 ,84.90%,2013-12-01,702,321,single only,Nimble Quest,,,0,,storesearch+appdetails,
Cobalt,$14.99 ,86.60%,2016-02-01,"6,416",321,mixed,Cobalt,,,0,,storesearch+appdetails,
Odysseus Kosmos and his Robot Quest (Complete Season),$14.99 ,73.57%,2017-12-01,"5,517",320,single only,Odysseus Kosmos and his Robot Quest (Complete Season),,,0,,storesearch+appdetails,
Legend of Merchant,$1.99 ,78.30%,2016-12-01,"2,107",320,single only,Legend of Merchant,,,0,,storesearch+appdetails,
King of Meat,$29.99 ,70.54%,2025-10-01,"4,691",320,mixed,King of Meat,,,0,,storesearch+appdetails,
Anna - Extended Edition,$9.99 ,59.46%,2013-04-01,"1,785",319,single only,Anna - Extended Edition,,,0,,storesearch+appdetails,
Japanese School Life,$9.99 ,77.79%,2016-11-01,"2,026",319,single only,Japanese School Life,,,0,,storesearch+appdetails,
Iron Fisticle,$8.99 ,78.54%,2014-09-01,"1,601",319,mixed,Iron Fisticle,,,0,,storesearch+appdetails,
Crawl,$14.99 ,91.63%,2017-04-01,"57,549",319,mixed,Crawl,,,0,,storesearch+appdetails,
Coffin Dodgers,$10.99 ,66.42%,2015-07-01,"2,521",318,mixed,Coffin Dodgers,,,0,,storesearch+appdetails,
The Invisible Hand,$12.99 ,77.08%,2021-05-01,"5,895",317,single only,The Invisible Hand,,,0,,storesearch+appdetails,
Streamer Daily,$3.59 ,82.96%,2020-03-01,"2,316",317,single only,Streamer Daily,,,0,,storesearch+appdetails,
Intrusion 2,$9.99 ,85.71%,2012-09-01,"3,247",317,single only,Intrusion 2,,,0,,storesearch+appdetails,
异常 | Exception,$3.99 ,92.22%,2019-07-01,"3,309",317,single only,异常 | Exception,,,0,,storesearch+appdetails,
12 orbits,$1.99 ,81.18%,2016-10-01,"2,613",316,multi only,12 orbits,,,0,,storesearch+appdetails,
99 Spirits,$9.99 ,57.74%,2013-05-01,"1,995",316,single only,99 Spirits,,,0,,storesearch+appdetails,
Truberbrook / Trüberbrook,$29.99 ,70.38%,2019-03-01,"12,323",316,single only,Truberbrook / Trüberbrook,,,0,,storesearch+appdetails,
CATGIRL LOVER,$1.99 ,73.23%,2019-06-01,"1,877",316,single only,CATGIRL LOVER,,,0,,storesearch+appdetails,
Final Exam,$4.99 ,80.40%,2013-11-01,"4,407",315,mixed,Final Exam,,,0,,storesearch+appdetails,
Oblivion's Edge,$1.99 ,70.33%,2016-11-01,78,314,single only,Oblivion's Edge,,,0,,storesearch+appdetails,
President Yukino,$14.99 ,73.89%,2018-10-01,"7,541",314,single only,President Yukino,,,0,,storesearch+appdetails,
KARAKARA,$9.99 ,86.54%,2016-06-01,"10,052",314,single only,KARAKARA,,,0,,storesearch+appdetails,
Vector Strain,$4.99 ,68.59%,2015-12-01,347,314,mixed,Vector Strain,,,0,,storesearch+appdetails,
Battlepillars Gold Edition,$4.99 ,78.60%,2014-04-01,592,314,mixed,Battlepillars Gold Edition,,,0,,storesearch+appdetails,
Hyper Knights,$4.99 ,83.63%,2017-05-01,"3,916",314,mixed,Hyper Knights,,,0,,storesearch+appdetails,
The Rule of Land: Pioneers,$10.99 ,64.93%,2023-07-01,"5,140",313,single only,The Rule of Land: Pioneers,,,0,,storesearch+appdetails,
Balrum,$14.99 ,75.42%,2016-03-01,"13,610",313,single only,Balrum,,,0,,storesearch+appdetails,
The Dweller,$4.99 ,88.16%,2016-05-01,643,313,single only,The Dweller,,,0,,storesearch+appdetails,
fault - milestone one,$14.99 ,88.71%,2013-08-01,"16,087",313,single only,fault - milestone one,,,0,,storesearch+appdetails,
Neon Chrome,$14.99 ,86.35%,2016-04-01,"5,036",313,mixed,Neon Chrome,,,0,,storesearch+appdetails,
Spin Rhythm XD,$19.99 ,93.27%,2023-03-01,"8,846",313,mixed,Spin Rhythm XD,,,0,,storesearch+appdetails,
Nubarron: The adventure of an unlucky gnome,$9.99 ,59.90%,2020-01-01,"1,566",312,single only,Nubarron: The adventure of an unlucky gnome,,,0,,storesearch+appdetails,
Hate Plus,$9.99 ,78.76%,2013-08-01,"2,476",312,single only,Hate Plus,,,0,,storesearch+appdetails,
ADOM (Ancient Domains Of Mystery),$14.99 ,80.75%,2015-11-01,"10,239",312,single only,ADOM (Ancient Domains Of Mystery),,,0,,storesearch+appdetails,
Liz ~The Tower and the Grimoire~,$14.99 ,83.21%,2020-02-01,"3,139",312,single only,Liz ~The Tower and the Grimoire~,,,0,,storesearch+appdetails,
Draw Puzzle 画之谜,$4.99 ,91.44%,2017-08-01,"1,847",312,single only,Draw Puzzle 画之谜,,,0,,storesearch+appdetails,
Fabula Mortis,$7.99 ,43.36%,2014-10-01,778,311,multi only,Fabula Mortis,,,0,,storesearch+appdetails,
The Hunting God,$1.99 ,63.73%,2017-07-01,880,311,single only,The Hunting God,,,0,,storesearch+appdetails,
Lost Marbles,$9.99 ,65.82%,2014-05-01,173,311,single only,Lost Marbles,,,0,,storesearch+appdetails,
Vertigo Void,$4.99 ,70.44%,2016-05-01,217,311,single only,Vertigo Void,,,0,,storesearch+appdetails,
CUSTOM ORDER MAID 3D2 It's a Night Magic,$40.00 ,79.37%,2019-07-01,"35,180",311,single only,CUSTOM ORDER MAID 3D2 It's a Night Magic,,,0,,storesearch+appdetails,
FRACT OSC,$14.99 ,80.84%,2014-04-01,"2,569",311,single only,FRACT OSC,,,0,,storesearch+appdetails,
Quadrilateral Cowboy,$19.99 ,86.77%,2016-07-01,"9,876",311,single only,Quadrilateral Cowboy,,,0,,storesearch+appdetails,
Speedball 2 HD,$9.99 ,64.31%,2013-12-01,846,311,mixed,Speedball 2 HD,,,0,,storesearch+appdetails,
Ghost Janitors,$8.99 ,80.66%,2025-11-01,"1,562",311,mixed,Ghost Janitors,,,0,,storesearch+appdetails,
Point Perfect,$4.99 ,63.43%,2014-07-01,361,310,single only,Point Perfect,,,0,,storesearch+appdetails,
Scribble Ships,$1.99 ,77.62%,2017-03-01,139,310,single only,Scribble Ships,,,0,,storesearch+appdetails,
Super Mega Baseball: Extra Innings,$12.99 ,85.04%,2015-08-01,"3,037",310,mixed,Super Mega Baseball: Extra Innings,,,0,,storesearch+appdetails,
Sakura Angels,$2.49 ,80.25%,2015-01-01,"26,545",309,single only,Sakura Angels,,,0,,storesearch+appdetails,
Lion Quest,$5.99 ,55.16%,2016-07-01,221,309,mixed,Lion Quest,,,0,,storesearch+appdetails,
Nil-Ninjahtic: Ronin,$1.99 ,66.57%,2016-03-01,252,308,single only,Nil-Ninjahtic: Ronin,,,0,,storesearch+appdetails,
Foregone,$19.99 ,77.92%,2021-03-01,"9,642",308,single only,Foregone,,,0,,storesearch+appdetails,
Shelter,$14.99 ,82.11%,2013-08-01,"10,255",308,single only,Shelter,,,0,,storesearch+appdetails,
Avernum 2: Crystal Souls,$19.99 ,82.93%,2015-01-01,"4,266",308,single only,Avernum 2: Crystal Souls,,,0,,storesearch+appdetails,
SpyParty,$24.99 ,74.71%,2018-04-01,"24,008",307,multi only,SpyParty,,,0,,storesearch+appdetails,
Adventure Apes and the Mayan Mystery,$2.99 ,61.11%,2012-09-01,129,307,single only,Adventure Apes and the Mayan Mystery,,,0,,storesearch+appdetails,
Visitor 来访者,$3.99 ,75.37%,2018-07-01,"3,017",307,single only,Visitor 来访者,,,0,,storesearch+appdetails,
Hypnospace Outlaw,$19.99 ,93.30%,2019-03-01,"12,741",307,single only,Hypnospace Outlaw,,,0,,storesearch+appdetails,
Stilt Fella,$12.99 ,86.44%,2020-02-01,"4,225",307,mixed,Stilt Fella,,,0,,storesearch+appdetails,
Ladra,$4.99 ,64.17%,2015-11-01,386,306,single only,Ladra,,,0,,storesearch+appdetails,
The Survey,$4.99 ,68.79%,2016-10-01,"1,573",306,single only,The Survey,,,0,,storesearch+appdetails,
Brick Breaker,$9.99 ,47.02%,2017-02-01,266,306,mixed,Brick Breaker,,,0,,storesearch+appdetails,
Tyler,$2.99 ,60.85%,2016-01-01,284,306,mixed,Tyler,,,0,,storesearch+appdetails,
THOTH,$4.99 ,78.56%,2016-10-01,750,306,mixed,THOTH,,,0,,storesearch+appdetails,
Paranautical Activity: Deluxe Atonement Edition,$9.99 ,66.38%,2013-02-01,"3,716",305,single only,Paranautical Activity: Deluxe Atonement Edition,,,0,,storesearch+appdetails,
Squirreltopia,$4.99 ,69.86%,2015-01-01,580,305,single only,Squirreltopia,,,0,,storesearch+appdetails,
Astride,$24.99 ,54.03%,2023-06-01,"13,640",305,mixed,Astride,,,0,,storesearch+appdetails,
Rogues Like Us,$5.99 ,79.22%,2018-05-01,812,305,mixed,Rogues Like Us,,,0,,storesearch+appdetails,
The Inner Darkness,$4.99 ,67.30%,2017-02-01,784,304,single only,The Inner Darkness,,,0,,storesearch+appdetails,
Ant-gravity: Tiny's Adventure,$4.99 ,73.21%,2016-12-01,64,304,single only,Ant-gravity: Tiny's Adventure,,,0,,storesearch+appdetails,
Seasons after Fall,$9.99 ,77.92%,2016-09-01,"22,418",304,single only,Seasons after Fall,,,0,,storesearch+appdetails,
Wildlife Park 3,$9.99 ,57.43%,2014-05-01,"3,677",303,single only,Wildlife Park 3,,,0,,storesearch+appdetails,
Millennium 2 - Take Me Higher,$9.99 ,69.50%,2014-07-01,657,303,single only,Millennium 2 - Take Me Higher,,,0,,storesearch+appdetails,
Beyond Blue,$19.99 ,84.16%,2020-06-01,"11,897",303,single only,Beyond Blue,,,0,,storesearch+appdetails,
Tower 57,$11.99 ,62.67%,2017-11-01,"7,440",303,mixed,Tower 57,,,0,,storesearch+appdetails,
Frozen Cortex,$24.99 ,67.08%,2015-02-01,"5,975",303,mixed,Frozen Cortex,,,0,,storesearch+appdetails,
机退怪兽,$10.99 ,61.75%,2019-04-01,"1,081",302,single only,机退怪兽,,,0,,storesearch+appdetails,
Black The Fall,$3.74 ,75.02%,2017-07-01,"8,425",302,single only,Black The Fall,,,0,,storesearch+appdetails,
MIND: Path to Thalamus Enhanced Edition,$14.99 ,63.79%,2015-11-01,"7,745",301,single only,MIND: Path to Thalamus Enhanced Edition,,,0,,storesearch+appdetails,
Sacred Almanac Traces of Greed,$4.99 ,70.83%,2016-12-01,409,301,single only,Sacred Almanac Traces of Greed,,,0,,storesearch+appdetails,
Fate Hunters,$14.99 ,75.24%,2019-07-01,"5,448",301,single only,Fate Hunters,,,0,,storesearch+appdetails,
Zup! Zero,$1.99 ,89.31%,2017-04-01,"1,266",301,single only,Zup! Zero,,,0,,storesearch+appdetails,
Mini Ghost,$1.99 ,87.22%,2017-04-01,"1,822",300,single only,Mini Ghost,,,0,,storesearch+appdetails,
FIGHT KNIGHT,$19.99 ,87.27%,2021-11-01,"7,143",300,single only,FIGHT KNIGHT,,,0,,storesearch+appdetails,
Academagia: The Making of Mages,$15.99 ,67.16%,2010-08-01,"1,807",299,single only,Academagia: The Making of Mages,,,0,,storesearch+appdetails,
Bard's Gold,$7.99 ,72.16%,2015-08-01,954,299,single only,Bard's Gold,,,0,,storesearch+appdetails,
Demetrios - The BIG Cynical Adventure,$8.37 ,78.34%,2016-05-01,"2,598",299,single only,Demetrios - The BIG Cynical Adventure,,,0,,storesearch+appdetails,
Jets'n'Guns Gold,$7.99 ,82.78%,2014-02-01,"3,645",299,single only,Jets'n'Guns Gold,,,0,,storesearch+appdetails,
Almost There: The Platformer,$9.99 ,62.12%,2019-02-01,553,298,single only,Almost There: The Platformer,,,0,,storesearch+appdetails,
NVL,$1.99 ,63.62%,2017-12-01,895,298,single only,NVL,,,0,,storesearch+appdetails,
Flamebreak,$9.99 ,87.26%,2016-03-01,"2,286",298,single only,Flamebreak,,,0,,storesearch+appdetails,
Need For Drink,$1.99 ,71.60%,2017-11-01,"3,313",298,mixed,Need For Drink,,,0,,storesearch+appdetails,
Nature Calls,$6.99 ,82.18%,2018-05-01,"6,192",297,multi only,Nature Calls,,,0,,storesearch+appdetails,
Last Inua,$7.99 ,56.95%,2014-12-01,985,297,single only,Last Inua,,,0,,storesearch+appdetails,
Sakura Beach 2,$2.49 ,72.11%,2015-11-01,"5,071",297,single only,Sakura Beach 2,,,0,,storesearch+appdetails,
Pastelia Stories,$9.99 ,62.24%,2017-03-01,"13,182",296,single only,Pastelia Stories,,,0,,storesearch+appdetails,
Angry Video Game Nerd II: ASSimilation,$4.99 ,83.52%,2016-03-01,"3,762",296,single only,Angry Video Game Nerd II: ASSimilation,,,0,,storesearch+appdetails,
Everafter Falls,$19.99 ,79.23%,2024-06-01,"7,473",296,mixed,Everafter Falls,,,0,,storesearch+appdetails,
Recursion Deluxe,$4.99 ,76.50%,2016-02-01,547,295,single only,Recursion Deluxe,,,0,,storesearch+appdetails,
The Norwood Suite,$9.99 ,83.28%,2017-10-01,"1,497",295,single only,The Norwood Suite,,,0,,storesearch+appdetails,
Predynastic Egypt,$9.99 ,87.39%,2016-10-01,"12,044",295,single only,Predynastic Egypt,,,0,,storesearch+appdetails,
Vertigo 2,$29.99 ,91.11%,2023-03-01,"8,135",295,single only,Vertigo 2,,,0,,storesearch+appdetails,
Crazy Pixel Streaker,$4.99 ,57.95%,2016-03-01,701,295,mixed,Crazy Pixel Streaker,,,0,,storesearch+appdetails,
Dummynation,$11.99 ,83.96%,2022-04-01,"3,198",295,mixed,Dummynation,,,0,,storesearch+appdetails,
Navpoint,$4.99 ,56.10%,2015-09-01,159,294,single only,Navpoint,,,0,,storesearch+appdetails,
Regalia: Of Men and Monarchs,$19.99 ,75.16%,2017-05-01,"5,929",294,single only,Regalia: Of Men and Monarchs,,,0,,storesearch+appdetails,
CHUCHEL,$9.99 ,82.06%,2018-03-01,"13,223",294,single only,CHUCHEL,,,0,,storesearch+appdetails,
Need to Know,$14.99 ,63.84%,2018-08-01,"1,298",293,single only,Need to Know,,,0,,storesearch+appdetails,
BAD END,$5.99 ,78.06%,2015-11-01,"1,022",293,single only,BAD END,,,0,,storesearch+appdetails,
When Ski Lifts Go Wrong,$14.99 ,81.47%,2019-01-01,"6,905",293,single only,When Ski Lifts Go Wrong,,,0,,storesearch+appdetails,
Magical Diary: Horse Hall,$14.99 ,85.26%,2012-05-01,"3,784",293,single only,Magical Diary: Horse Hall,,,0,,storesearch+appdetails,
Press X to Not Die,$2.99 ,86.73%,2017-10-01,"5,764",293,single only,Press X to Not Die,,,0,,storesearch+appdetails,
Timore 5,$8.99 ,67.30%,2016-08-01,366,292,single only,Timore 5,,,0,,storesearch+appdetails,
Reigns: Her Majesty,$2.99 ,79.16%,2017-12-01,"6,649",292,single only,Reigns: Her Majesty,,,0,,storesearch+appdetails,
realMyst: Masterpiece Edition,$17.99 ,84.81%,2014-02-01,"10,665",292,single only,realMyst: Masterpiece Edition,,,0,,storesearch+appdetails,
Porcunipine,$9.99 ,72.22%,2015-05-01,569,292,mixed,Porcunipine,,,0,,storesearch+appdetails,
Lilly Looking Through,$1.09 ,71.25%,2013-11-01,916,291,single only,Lilly Looking Through,,,0,,storesearch+appdetails,
Dashy Square,$6.99 ,77.76%,2016-04-01,432,291,single only,Dashy Square,,,0,,storesearch+appdetails,
Remyadry,$9.99 ,82.76%,2018-07-01,"6,832",291,single only,Remyadry,,,0,,storesearch+appdetails,
Freeways,$4.99 ,85.74%,2017-10-01,"2,795",291,single only,Freeways,,,0,,storesearch+appdetails,
Miner Wars 2081,$4.99 ,38.12%,2012-11-01,726,291,mixed,Miner Wars 2081,,,0,,storesearch+appdetails,
Broilers,$4.99 ,53.57%,2022-11-01,720,290,multi only,Broilers,,,0,,storesearch+appdetails,
Starsphere,$3.99 ,73.87%,2015-10-01,96,290,single only,Starsphere,,,0,,storesearch+appdetails,
Necrobarista,$19.99 ,78.89%,2020-07-01,"15,490",290,single only,Necrobarista,,,0,,storesearch+appdetails,
红石遗迹 - Red Obsidian Remnant,$5.60 ,79.52%,2017-09-01,"9,800",290,single only,红石遗迹 - Red Obsidian Remnant,,,0,,storesearch+appdetails,
Wo Yao Da 我要大,$2.99 ,82.08%,2017-09-01,878,290,single only,Wo Yao Da 我要大,,,0,,storesearch+appdetails,
BalanCity,$7.99 ,77.08%,2016-09-01,"1,565",289,single only,BalanCity,,,0,,storesearch+appdetails,
GearCity,$10.99 ,85.09%,2022-01-01,"8,342",289,single only,GearCity,,,0,,storesearch+appdetails,
Heave Ho,$9.99 ,87.57%,2019-08-01,"9,996",289,mixed,Heave Ho,,,0,,storesearch+appdetails,
Plastiland,$7.99 ,62.97%,2015-12-01,"1,598",288,single only,Plastiland,,,0,,storesearch+appdetails,
Qora,$9.99 ,64.30%,2014-10-01,"1,068",288,single only,Qora,,,0,,storesearch+appdetails,
Race.a.bit,$9.99 ,65.25%,2016-03-01,344,288,single only,Race.a.bit,,,0,,storesearch+appdetails,
Tower Hunter: Erza's Trial,$17.99 ,69.46%,2019-10-01,"17,601",288,single only,Tower Hunter: Erza's Trial,,,0,,storesearch+appdetails,
Fumiko!,$6.99 ,74.54%,2017-02-01,523,288,single only,Fumiko!,,,0,,storesearch+appdetails,
Cyber Hook,$10.48 ,91.30%,2020-09-01,"3,651",288,single only,Cyber Hook,,,0,,storesearch+appdetails,
Dead Pixels,$2.99 ,83.57%,2012-12-01,"3,694",288,mixed,Dead Pixels,,,0,,storesearch+appdetails,
Apex Aim Trainer,$4.99 ,73.40%,2020-01-01,"2,977",287,single only,Apex Aim Trainer,,,0,,storesearch+appdetails,
The Red Strings Club,$14.99 ,91.18%,2018-01-01,"30,601",287,single only,The Red Strings Club,,,0,,storesearch+appdetails,
Proteus,$9.99 ,73.66%,2013-01-01,"4,459",286,single only,Proteus,,,0,,storesearch+appdetails,
Mustache in Hell,$2.99 ,77.36%,2016-07-01,326,286,single only,Mustache in Hell,,,0,,storesearch+appdetails,
Replica,$2.99 ,82.60%,2016-07-01,"10,284",286,single only,Replica,,,0,,storesearch+appdetails,
BodyRecords,$6.99 ,62.88%,2025-04-01,"1,913",286,mixed,BodyRecords,,,0,,storesearch+appdetails,
Don Bradman Cricket 14,$19.99 ,82.30%,2014-06-01,"1,539",286,mixed,Don Bradman Cricket 14,,,0,,storesearch+appdetails,
Franchise Hockey Manager 6,$19.99 ,73.44%,2019-10-01,944,285,single only,Franchise Hockey Manager 6,,,0,,storesearch+appdetails,
Monster Slayers,$8.99 ,75.78%,2017-03-01,"4,200",285,single only,Monster Slayers,,,0,,storesearch+appdetails,
Children of Silentown,$19.99 ,82.93%,2023-01-01,"10,792",285,single only,Children of Silentown,,,0,,storesearch+appdetails,
Analogue: A Hate Story,$9.99 ,88.89%,2012-04-01,"5,199",285,single only,Analogue: A Hate Story,,,0,,storesearch+appdetails,
Train Valley World,$19.99 ,67.93%,2024-08-01,"3,160",285,mixed,Train Valley World,,,0,,storesearch+appdetails,
Out of Time,$24.99 ,70.71%,2025-12-01,"2,330",285,mixed,Out of Time,,,0,,storesearch+appdetails,
GOLD EXPRESS,$14.99 ,64.74%,2019-09-01,"6,150",284,multi only,GOLD EXPRESS,,,0,,storesearch+appdetails,
甜点恋人 / Pastry Lovers,$4.99 ,68.12%,2017-07-01,"1,589",284,single only,甜点恋人 / Pastry Lovers,,,0,,storesearch+appdetails,
Never give up!,$3.99 ,71.17%,2016-12-01,657,284,single only,Never give up!,,,0,,storesearch+appdetails,
Pixel Star,$2.99 ,75.73%,2015-05-01,274,284,single only,Pixel Star,,,0,,storesearch+appdetails,
Great Permutator,$6.99 ,78.31%,2014-09-01,490,284,single only,Great Permutator,,,0,,storesearch+appdetails,
STASIS,$7.99 ,78.56%,2015-08-01,"16,102",284,single only,STASIS,,,0,,storesearch+appdetails,
Evolution of Ages: Settlements,$8.99 ,79.69%,2018-02-01,"3,948",284,single only,Evolution of Ages: Settlements,,,0,,storesearch+appdetails,
Wonky Pigeon!,$4.99 ,26.73%,2015-11-01,277,284,mixed,Wonky Pigeon!,,,0,,storesearch+appdetails,
GLADIABOTS - AI Combat Arena,$14.99 ,83.99%,2019-05-01,"11,015",284,mixed,GLADIABOTS - AI Combat Arena,,,0,,storesearch+appdetails,
Sub Rosa,$19.99 ,68.10%,2021-03-01,"32,247",283,multi only,Sub Rosa,,,0,,storesearch+appdetails,
Life in Bunker,$15.99 ,58.11%,2016-02-01,"11,250",283,single only,Life in Bunker,,,0,,storesearch+appdetails,
Corridor Z,$7.34 ,69.96%,2018-01-01,784,283,single only,Corridor Z,,,0,,storesearch+appdetails,
Evoland Legendary Edition,$4.99 ,77.65%,2019-02-01,"4,122",283,single only,Evoland Legendary Edition,,,0,,storesearch+appdetails,
Yoku's Island Express,$19.99 ,92.46%,2018-05-01,"8,155",283,single only,Yoku's Island Express,,,0,,storesearch+appdetails,
Car Demolition Clicker,$6.99 ,61.47%,2018-07-01,856,282,single only,Car Demolition Clicker,,,0,,storesearch+appdetails,
Mystery Island - Hidden Object Games,$4.99 ,63.16%,2019-10-01,475,282,single only,Mystery Island - Hidden Object Games,,,0,,storesearch+appdetails,
A Pixel Story,$11.99 ,69.07%,2015-03-01,683,282,single only,A Pixel Story,,,0,,storesearch+appdetails,
Euro Truck Simulator,$4.99 ,81.45%,2008-08-01,"12,669",282,single only,Euro Truck Simulator,,,0,,storesearch+appdetails,
Super House of Dead Ninjas,$19.99 ,91.15%,2013-02-01,"4,577",282,single only,Super House of Dead Ninjas,,,0,,storesearch+appdetails,
Draconia,$19.99 ,64.68%,2022-01-01,"13,931",282,mixed,Draconia,,,0,,storesearch+appdetails,
Fable of the Sword,$1.99 ,59.30%,2018-02-01,747,281,single only,Fable of the Sword,,,0,,storesearch+appdetails,
Poker Quest: Swords and Spades,$14.99 ,82.21%,2022-11-01,"2,954",281,single only,Poker Quest: Swords and Spades,,,0,,storesearch+appdetails,
Mages of Mystralia,$19.99 ,82.30%,2017-05-01,"15,046",281,single only,Mages of Mystralia,,,0,,storesearch+appdetails,
Shephy,$4.99 ,69.07%,2017-08-01,763,280,single only,Shephy,,,0,,storesearch+appdetails,
illumine,$5.99 ,75.50%,2016-09-01,349,280,single only,illumine,,,0,,storesearch+appdetails,
Fortix 2,$1.99 ,84.67%,2011-05-01,609,280,single only,Fortix 2,,,0,,storesearch+appdetails,
Elite vs. Freedom,$4.99 ,45.16%,2016-05-01,480,280,mixed,Elite vs. Freedom,,,0,,storesearch+appdetails,
Mahluk:Dark Demon,$3.99 ,62.47%,2016-07-01,640,280,mixed,Mahluk:Dark Demon,,,0,,storesearch+appdetails,
Time Warpers,$19.99 ,77.84%,2020-01-01,"4,363",280,mixed,Time Warpers,,,0,,storesearch+appdetails,
Watson's Watch,$7.99 ,60.54%,2016-06-01,116,279,single only,Watson's Watch,,,0,,storesearch+appdetails,
DashBored,$4.99 ,75.38%,2016-06-01,706,279,single only,DashBored,,,0,,storesearch+appdetails,
Wings of Vi,$14.99 ,75.91%,2014-11-01,"12,545",279,single only,Wings of Vi,,,0,,storesearch+appdetails,
Filament,$16.99 ,80.54%,2020-04-01,"4,117",279,single only,Filament,,,0,,storesearch+appdetails,
Dungeon Rats,$7.99 ,73.71%,2016-11-01,"5,587",278,single only,Dungeon Rats,,,0,,storesearch+appdetails,
The Land of Eyas,$9.99 ,75.62%,2016-07-01,"12,605",278,single only,The Land of Eyas,,,0,,storesearch+appdetails,
This Strange Realm Of Mine,$9.99 ,77.93%,2017-07-01,"1,969",278,single only,This Strange Realm Of Mine,,,0,,storesearch+appdetails,
The Dark Eye: Chains of Satinav,$19.99 ,83.39%,2012-06-01,"4,431",278,single only,The Dark Eye: Chains of Satinav,,,0,,storesearch+appdetails,
Trap Them,$4.99 ,71.30%,2015-07-01,608,277,single only,Trap Them,,,0,,storesearch+appdetails,
Operencia: The Stolen Sun,$29.99 ,73.16%,2020-03-01,"8,649",277,single only,Operencia: The Stolen Sun,,,0,,storesearch+appdetails,
Egypt: Old Kingdom,$14.99 ,82.59%,2018-05-01,"11,892",277,single only,Egypt: Old Kingdom,,,0,,storesearch+appdetails,
Lonely Mountains: Downhill,$19.99 ,87.00%,2019-10-01,"15,598",277,single only,Lonely Mountains: Downhill,,,0,,storesearch+appdetails,
Hard Truck Apocalypse: Rise Of Clans / Ex Machina: Meridian 113,$5.99 ,70.48%,2006-12-01,"1,425",277,mixed,Hard Truck Apocalypse: Rise Of Clans / Ex Machina: Meridian 113,,,0,,storesearch+appdetails,
Valkyrie of Phantasm,$29.99 ,81.17%,2024-10-01,"8,163",277,mixed,Valkyrie of Phantasm,,,0,,storesearch+appdetails,
Drums Hero PC,$4.99 ,61.69%,2017-06-01,416,276,single only,Drums Hero PC,,,0,,storesearch+appdetails,
Supreme Ruler 1936,$9.99 ,69.57%,2014-05-01,"2,699",276,mixed,Supreme Ruler 1936,,,0,,storesearch+appdetails,
Vertical Drop Heroes HD,$6.99 ,76.39%,2014-07-01,"1,747",276,mixed,Vertical Drop Heroes HD,,,0,,storesearch+appdetails,
Slave's Sword,$14.99 ,68.77%,2018-12-01,"8,885",275,single only,Slave's Sword,,,0,,storesearch+appdetails,
Runers,$9.99 ,74.82%,2014-09-01,"1,604",275,mixed,Runers,,,0,,storesearch+appdetails,
Solace Crafting,$14.99 ,69.23%,2022-08-01,"12,480",274,mixed,Solace Crafting,,,0,,storesearch+appdetails,
Donuts'n'Justice,$4.99 ,72.61%,2016-11-01,"1,417",274,mixed,Donuts'n'Justice,,,0,,storesearch+appdetails,
Crystal Cosmos,$4.99 ,66.83%,2016-07-01,458,273,single only,Crystal Cosmos,,,0,,storesearch+appdetails,
SERIES MAKERS TYCOON,$4.99 ,67.75%,2019-02-01,"1,303",273,single only,SERIES MAKERS TYCOON,,,0,,storesearch+appdetails,
Velocity®Ultra,$9.99 ,70.68%,2013-12-01,549,273,single only,Velocity®Ultra,,,0,,storesearch+appdetails,
Castle In The Darkness,$9.99 ,73.47%,2015-02-01,"6,359",273,single only,Castle In The Darkness,,,0,,storesearch+appdetails,
DeadCore,$9.99 ,81.57%,2014-10-01,"17,000",273,single only,DeadCore,,,0,,storesearch+appdetails,
Duet,$4.99 ,88.83%,2015-08-01,"2,089",273,single only,Duet,,,0,,storesearch+appdetails,
Mist Slayer,$7.99 ,63.66%,2023-08-01,"2,433",273,mixed,Mist Slayer,,,0,,storesearch+appdetails,
Fight of Gods,$14.99 ,79.50%,2019-03-01,"5,897",273,mixed,Fight of Gods,,,0,,storesearch+appdetails,
Lovers in a Dangerous Spacetime,$14.99 ,89.50%,2015-09-01,"34,296",273,mixed,Lovers in a Dangerous Spacetime,,,0,,storesearch+appdetails,
To Ash,$1.99 ,65.03%,2016-03-01,311,272,single only,To Ash,,,0,,storesearch+appdetails,
Parallyzed,$3.99 ,71.84%,2017-04-01,324,272,single only,Parallyzed,,,0,,storesearch+appdetails,
Subject 264,$4.99 ,73.27%,2018-12-01,947,272,single only,Subject 264,,,0,,storesearch+appdetails,
Avadon 2: The Corruption,$9.99 ,74.75%,2013-10-01,"2,717",272,single only,Avadon 2: The Corruption,,,0,,storesearch+appdetails,
One Hand Clapping,$14.99 ,81.52%,2021-12-01,"10,314",272,single only,One Hand Clapping,,,0,,storesearch+appdetails,
Stealth Bastard Deluxe,$9.99 ,84.30%,2012-11-01,"2,612",272,single only,Stealth Bastard Deluxe,,,0,,storesearch+appdetails,
OlliOlli,$12.99 ,74.45%,2014-07-01,"1,629",271,single only,OlliOlli,,,0,,storesearch+appdetails,
My 1/6 Lover,$1.99 ,76.46%,2018-12-01,"3,834",271,single only,My 1/6 Lover,,,0,,storesearch+appdetails,
Sweet fantasy,$4.99 ,77.43%,2017-04-01,"3,048",271,single only,Sweet fantasy,,,0,,storesearch+appdetails,
Reaper - Tale of a Pale Swordsman,$9.99 ,64.71%,2014-02-01,"1,713",270,single only,Reaper - Tale of a Pale Swordsman,,,0,,storesearch+appdetails,
Lethis - Path of Progress,$19.99 ,65.87%,2015-06-01,"22,938",270,single only,Lethis - Path of Progress,,,0,,storesearch+appdetails,
Toby: The Secret Mine,$9.99 ,67.43%,2015-10-01,"6,977",270,single only,Toby: The Secret Mine,,,0,,storesearch+appdetails,
Killing Room,$14.99 ,67.49%,2016-10-01,"9,079",270,single only,Killing Room,,,0,,storesearch+appdetails,
江湖余生：缘起,$11.99 ,74.11%,2021-04-01,"3,146",270,single only,江湖余生：缘起,,,0,,storesearch+appdetails,
Sunrider: Liberation Day - Captain's Edition,$24.99 ,78.74%,2016-03-01,"9,856",270,single only,Sunrider: Liberation Day - Captain's Edition,,,0,,storesearch+appdetails,
Röki,$19.99 ,85.79%,2020-07-01,"11,114",270,single only,Röki,,,0,,storesearch+appdetails,
The Magic Circle,$19.99 ,87.71%,2015-07-01,"15,232",270,single only,The Magic Circle,,,0,,storesearch+appdetails,
The Crown of Leaves,$5.99 ,91.26%,2018-11-01,"9,002",270,single only,The Crown of Leaves,,,0,,storesearch+appdetails,
The Escapists: The Walking Dead,$17.99 ,62.45%,2015-09-01,"11,725",269,single only,The Escapists: The Walking Dead,,,0,,storesearch+appdetails,
Inquisitor,$9.99 ,66.08%,2012-09-01,"2,153",269,single only,Inquisitor,,,0,,storesearch+appdetails,
Castle Break,$4.99 ,80.11%,2019-02-01,813,269,single only,Castle Break,,,0,,storesearch+appdetails,
Shiny The Firefly,$9.99 ,60.15%,2014-05-01,328,268,single only,Shiny The Firefly,,,0,,storesearch+appdetails,
Deck of Ashes,$19.99 ,69.42%,2020-06-01,"9,871",268,single only,Deck of Ashes,,,0,,storesearch+appdetails,
NALOGI 2,$1.99 ,69.89%,2018-05-01,"1,122",268,single only,NALOGI 2,,,0,,storesearch+appdetails,
Shera and the Three Treasures,$14.99 ,75.67%,2019-12-01,"2,985",268,single only,Shera and the Three Treasures,,,0,,storesearch+appdetails,
D4: Dark Dreams Don’t Die -Season One-,$14.99 ,77.40%,2015-06-01,"21,152",268,single only,D4: Dark Dreams Don’t Die -Season One-,,,0,,storesearch+appdetails,
Dragon Spirits,$9.99 ,80.02%,2023-04-01,"3,877",268,single only,Dragon Spirits,,,0,,storesearch+appdetails,
Pizza Possum,$6.99 ,89.01%,2023-09-01,"10,609",268,mixed,Pizza Possum,,,0,,storesearch+appdetails,
Tyler: Model 005,$9.99 ,59.01%,2018-08-01,"1,773",267,single only,Tyler: Model 005,,,0,,storesearch+appdetails,
Ion Assault,$2.49 ,64.80%,2010-11-01,234,267,single only,Ion Assault,,,0,,storesearch+appdetails,
GoNNER,$9.99 ,77.92%,2016-10-01,"11,686",267,single only,GoNNER,,,0,,storesearch+appdetails,
Metal Unit,$14.99 ,79.86%,2021-01-01,"12,561",267,single only,Metal Unit,,,0,,storesearch+appdetails,
Kung Fu Strike - The Warrior's Rise,$9.99 ,74.54%,2012-07-01,"2,153",267,mixed,Kung Fu Strike - The Warrior's Rise,,,0,,storesearch+appdetails,
Last Dream,$9.99 ,77.75%,2014-03-01,"1,680",266,single only,Last Dream,,,0,,storesearch+appdetails,
Maize,$9.99 ,78.22%,2016-12-01,"5,273",266,single only,Maize,,,0,,storesearch+appdetails,
Unhack,$3.99 ,79.67%,2014-02-01,959,266,single only,Unhack,,,0,,storesearch+appdetails,
One Deck Dungeon,$9.99 ,76.99%,2018-05-01,"4,122",266,mixed,One Deck Dungeon,,,0,,storesearch+appdetails,
Master Spy,$9.99 ,73.35%,2015-09-01,"3,279",265,single only,Master Spy,,,0,,storesearch+appdetails,
Yooka-Laylee and the Impossible Lair,$29.99 ,77.24%,2019-10-01,"4,615",265,single only,Yooka-Laylee and the Impossible Lair,,,0,,storesearch+appdetails,
Haunt the House: Terrortown,$4.99 ,83.71%,2014-06-01,"5,228",265,single only,Haunt the House: Terrortown,,,0,,storesearch+appdetails,
Democracy 3 Africa,$16.99 ,69.24%,2016-04-01,"2,806",264,single only,Democracy 3 Africa,,,0,,storesearch+appdetails,
The Warlock of Firetop Mountain,$19.99 ,71.06%,2016-08-01,"7,052",264,single only,The Warlock of Firetop Mountain,,,0,,storesearch+appdetails,
The Initial,$9.99 ,73.62%,2017-07-01,"17,436",264,single only,The Initial,,,0,,storesearch+appdetails,
Void Destroyer 2,$9.99 ,76.22%,2020-02-01,"15,461",264,single only,Void Destroyer 2,,,0,,storesearch+appdetails,
VirtuaVerse,$14.99 ,78.73%,2020-05-01,"9,861",264,single only,VirtuaVerse,,,0,,storesearch+appdetails,
Cursed Castilla (Maldita Castilla EX),$11.99 ,80.20%,2016-10-01,"4,061",264,single only,Cursed Castilla (Maldita Castilla EX),,,0,,storesearch+appdetails,
Closure,$9.99 ,81.11%,2012-09-01,"1,764",264,single only,Closure,,,0,,storesearch+appdetails,
WORLD END ECONOMiCA episode.03,$12.99 ,85.26%,2016-12-01,"1,244",264,single only,WORLD END ECONOMiCA episode.03,,,0,,storesearch+appdetails,
Dead Effect 2,$11.99 ,71.05%,2016-05-01,"21,819",264,mixed,Dead Effect 2,,,0,,storesearch+appdetails,
Shadowgrounds,$6.99 ,78.11%,2006-05-01,"2,510",264,mixed,Shadowgrounds,,,0,,storesearch+appdetails,
Wolf's Fury,$12.99 ,64.76%,2019-05-01,155,263,single only,Wolf's Fury,,,0,,storesearch+appdetails,
The Hong Kong Massacre,$7.50 ,70.67%,2019-01-01,"12,717",263,single only,The Hong Kong Massacre,,,0,,storesearch+appdetails,
World to the West,$14.99 ,72.67%,2017-05-01,"5,736",263,single only,World to the West,,,0,,storesearch+appdetails,
The Brookhaven Experiment,$11.99 ,81.20%,2016-07-01,"6,291",263,single only,The Brookhaven Experiment,,,0,,storesearch+appdetails,
Go Home Dinosaurs!,$9.99 ,81.68%,2013-03-01,492,263,single only,Go Home Dinosaurs!,,,0,,storesearch+appdetails,
Kiai Resonance,$4.99 ,73.11%,2015-04-01,"1,902",263,mixed,Kiai Resonance,,,0,,storesearch+appdetails,
Voxel Turf,$7.99 ,82.52%,2017-09-01,"4,096",263,mixed,Voxel Turf,,,0,,storesearch+appdetails,
"Guns, Gore & Cannoli",$9.99 ,88.25%,2015-04-01,"16,683",263,mixed,"Guns, Gore & Cannoli",,,0,,storesearch+appdetails,
One-Way Ticket / 单程票,$4.99 ,59.37%,2018-10-01,"2,775",262,single only,One-Way Ticket / 单程票,,,0,,storesearch+appdetails,
Holy Road,$19.99 ,62.80%,2019-04-01,"2,784",262,single only,Holy Road,,,0,,storesearch+appdetails,
NightSky,$9.99 ,83.85%,2011-03-01,"1,208",262,single only,NightSky,,,0,,storesearch+appdetails,
Territory: Farming and Warfare,$14.99 ,82.54%,2023-01-01,"5,136",262,mixed,Territory: Farming and Warfare,,,0,,storesearch+appdetails,
Northmark: Hour of the Wolf,$9.99 ,76.85%,2014-08-01,940,261,single only,Northmark: Hour of the Wolf,,,0,,storesearch+appdetails,
Heaven's Vault,$24.99 ,81.33%,2019-04-01,"11,242",261,single only,Heaven's Vault,,,0,,storesearch+appdetails,
Omno,$5.69 ,88.17%,2021-07-01,"11,872",261,single only,Omno,,,0,,storesearch+appdetails,
The Coma 2: Vicious Sisters,$14.99 ,91.72%,2020-01-01,"10,459",261,single only,The Coma 2: Vicious Sisters,,,0,,storesearch+appdetails,
Polyball,$3.99 ,66.71%,2017-12-01,"3,127",261,mixed,Polyball,,,0,,storesearch+appdetails,
Super Woden GP 2,$12.99 ,84.00%,2023-11-01,"4,653",261,mixed,Super Woden GP 2,,,0,,storesearch+appdetails,
MOLEK-SYNTEZ,$4.99 ,83.46%,2019-11-01,"3,967",260,single only,MOLEK-SYNTEZ,,,0,,storesearch+appdetails,
Ruins Seeker,$19.99 ,87.00%,2020-05-01,"6,481",260,single only,Ruins Seeker,,,0,,storesearch+appdetails,
Harold Halibut,$13.99 ,78.59%,2024-04-01,"17,302",259,single only,Harold Halibut,,,0,,storesearch+appdetails,
Nexomon,$9.99 ,84.47%,2020-07-01,"5,717",259,single only,Nexomon,,,0,,storesearch+appdetails,
Delve Deeper,$4.99 ,59.10%,2010-09-01,478,259,mixed,Delve Deeper,,,0,,storesearch+appdetails,
White Noise Online,$4.99 ,64.07%,2014-05-01,"1,199",259,mixed,White Noise Online,,,0,,storesearch+appdetails,
Trash Sailors: Co-Op Trash Raft Simulator,$19.99 ,68.79%,2021-12-01,"10,073",259,mixed,Trash Sailors: Co-Op Trash Raft Simulator,,,0,,storesearch+appdetails,
Tools Up!,$8.10 ,73.38%,2019-12-01,"10,115",259,mixed,Tools Up!,,,0,,storesearch+appdetails,
Lux Delux,$9.99 ,76.26%,2015-05-01,"2,215",259,mixed,Lux Delux,,,0,,storesearch+appdetails,
NALOGI,$1.99 ,75.35%,2018-03-01,"2,141",258,single only,NALOGI,,,0,,storesearch+appdetails,
RIVE,$14.99 ,79.63%,2016-09-01,"5,233",258,single only,RIVE,,,0,,storesearch+appdetails,
Chef Solitaire: USA,$2.99 ,81.15%,2016-01-01,183,258,single only,Chef Solitaire: USA,,,0,,storesearch+appdetails,
MouseCraft,$9.99 ,81.82%,2014-07-01,"1,612",258,single only,MouseCraft,,,0,,storesearch+appdetails,
Crestfallen: Medieval Survival,$14.99 ,60.05%,2024-07-01,"4,970",258,mixed,Crestfallen: Medieval Survival,,,0,,storesearch+appdetails,
Tabletop Playground,$14.99 ,65.62%,2020-05-01,"4,251",258,mixed,Tabletop Playground,,,0,,storesearch+appdetails,
"Species: Artificial Life, Real Evolution",$19.99 ,71.06%,2018-09-01,"12,115",257,single only,"Species: Artificial Life, Real Evolution",,,0,,storesearch+appdetails,
Guts and Glory,$14.99 ,77.12%,2018-07-01,"21,488",257,single only,Guts and Glory,,,0,,storesearch+appdetails,
bit Dungeon II,$3.99 ,79.18%,2014-12-01,"5,942",257,single only,bit Dungeon II,,,0,,storesearch+appdetails,
Gemini Rue,$9.99 ,84.10%,2011-10-01,"6,225",257,single only,Gemini Rue,,,0,,storesearch+appdetails,
Waking Mars,$9.99 ,84.21%,2012-12-01,"3,536",257,single only,Waking Mars,,,0,,storesearch+appdetails,
Angvik,$2.99 ,84.27%,2014-02-01,"3,511",257,single only,Angvik,,,0,,storesearch+appdetails,
SCP: EVENT CLASSIFIED,$9.99 ,47.54%,2024-04-01,"3,009",257,mixed,SCP: EVENT CLASSIFIED,,,0,,storesearch+appdetails,
Journey Of Life,$14.99 ,55.22%,2021-02-01,"8,420",257,mixed,Journey Of Life,,,0,,storesearch+appdetails,
Invisigun Reloaded,$4.99 ,81.14%,2017-02-01,"5,409",257,mixed,Invisigun Reloaded,,,0,,storesearch+appdetails,
Sixtar Gate: STARTRAIL,$24.99 ,85.68%,2024-12-01,"3,035",257,mixed,Sixtar Gate: STARTRAIL,,,0,,storesearch+appdetails,
Perfect Crime,$18.88 ,66.20%,2019-08-01,"4,329",256,single only,Perfect Crime,,,0,,storesearch+appdetails,
Fortissimo FA INTL Ver,$9.99 ,66.49%,2018-08-01,"2,113",256,single only,Fortissimo FA INTL Ver,,,0,,storesearch+appdetails,
Orbi Universo,$19.99 ,68.04%,2020-01-01,"1,222",256,single only,Orbi Universo,,,0,,storesearch+appdetails,
Link Wars,$5.99 ,65.93%,2020-05-01,73,256,mixed,Link Wars,,,0,,storesearch+appdetails,
Occult,$4.99 ,68.96%,2022-05-01,"5,483",256,mixed,Occult,,,0,,storesearch+appdetails,
Level 22: Gary’s Misadventures - 2016 Edition,$6.99 ,65.30%,2016-01-01,288,255,single only,Level 22: Gary’s Misadventures - 2016 Edition,,,0,,storesearch+appdetails,
Ultimate Solid,$5.99 ,67.41%,2016-10-01,142,255,single only,Ultimate Solid,,,0,,storesearch+appdetails,
TASOMACHI: Behind the Twilight,$19.99 ,71.67%,2021-04-01,"12,890",255,single only,TASOMACHI: Behind the Twilight,,,0,,storesearch+appdetails,
铁道物语：陆王（Railway Saga:Land King）,$9.99 ,75.19%,2019-05-01,"1,986",255,single only,铁道物语：陆王（Railway Saga:Land King）,,,0,,storesearch+appdetails,
Later Alligator,$17.99 ,92.07%,2019-09-01,"7,454",255,single only,Later Alligator,,,0,,storesearch+appdetails,
Deity Quest,$9.99 ,61.49%,2015-01-01,306,255,mixed,Deity Quest,,,0,,storesearch+appdetails,
Dark Deception: Monsters & Mortals,$4.99 ,76.61%,2020-11-01,"6,870",254,multi only,Dark Deception: Monsters & Mortals,,,0,,storesearch+appdetails,
Akihabara - Feel the Rhythm,$4.99 ,60.20%,2017-01-01,492,254,single only,Akihabara - Feel the Rhythm,,,0,,storesearch+appdetails,
LUXIS,$4.78 ,66.09%,2016-10-01,267,254,single only,LUXIS,,,0,,storesearch+appdetails,
Mineko's Night Market,$19.99 ,72.20%,2023-09-01,"12,089",254,single only,Mineko's Night Market,,,0,,storesearch+appdetails,
Mad Crown,$9.99 ,73.26%,2018-09-01,"2,840",254,single only,Mad Crown,,,0,,storesearch+appdetails,
Dice Kingdoms,$14.99 ,79.64%,2024-04-01,"5,456",254,mixed,Dice Kingdoms,,,0,,storesearch+appdetails,
Smack Talk,$3.99 ,88.75%,2025-11-01,"1,116",253,multi only,Smack Talk,,,0,,storesearch+appdetails,
Juno's Darkest Hour,$2.99 ,69.36%,2016-12-01,130,253,single only,Juno's Darkest Hour,,,0,,storesearch+appdetails,
I Can't Escape: Darkness,$11.99 ,70.64%,2015-09-01,"1,647",253,single only,I Can't Escape: Darkness,,,0,,storesearch+appdetails,
"Max, an Autistic Journey",$4.99 ,72.68%,2016-08-01,399,253,single only,"Max, an Autistic Journey",,,0,,storesearch+appdetails,
Retro/Grade,$9.99 ,78.60%,2013-03-01,520,253,single only,Retro/Grade,,,0,,storesearch+appdetails,
Lorelai,$8.99 ,86.23%,2019-04-01,"4,457",253,single only,Lorelai,,,0,,storesearch+appdetails,
Slain: Back from Hell,$12.99 ,69.53%,2016-03-01,"12,585",252,single only,Slain: Back from Hell,,,0,,storesearch+appdetails,
Monomyth,$19.99 ,86.16%,2024-10-01,"18,043",252,single only,Monomyth,,,0,,storesearch+appdetails,
The Darkside Detective,$14.99 ,90.87%,2017-07-01,"11,104",252,single only,The Darkside Detective,,,0,,storesearch+appdetails,
Feather Party,$8.99 ,84.83%,2026-01-01,"2,516",251,multi only,Feather Party,,,0,,storesearch+appdetails,
Riddles Of The Past,$6.99 ,74.59%,2016-07-01,558,251,single only,Riddles Of The Past,,,0,,storesearch+appdetails,
Hegemony III: Clash of the Ancients,$29.99 ,77.31%,2015-08-01,"16,260",251,single only,Hegemony III: Clash of the Ancients,,,0,,storesearch+appdetails,
Minit,$9.99 ,85.64%,2018-04-01,"9,847",251,single only,Minit,,,0,,storesearch+appdetails,
Contractors,$19.99 ,80.99%,2018-12-01,"14,602",251,mixed,Contractors,,,0,,storesearch+appdetails,
CROPS!,$7.99 ,81.25%,2024-07-01,653,251,mixed,CROPS!,,,0,,storesearch+appdetails,
Hegemony Rome: The Rise of Caesar,$14.99 ,59.01%,2014-05-01,"6,338",250,single only,Hegemony Rome: The Rise of Caesar,,,0,,storesearch+appdetails,
Afghanistan '11,$29.99 ,70.05%,2017-03-01,"4,768",250,single only,Afghanistan '11,,,0,,storesearch+appdetails,
Shadow Corridor,$7.99 ,86.60%,2019-03-01,"4,188",250,single only,Shadow Corridor,,,0,,storesearch+appdetails,
ClickRaid2,$9.99 ,63.37%,2020-04-01,385,249,multi only,ClickRaid2,,,0,,storesearch+appdetails,
Pertinence,$3.99 ,65.29%,2016-03-01,216,249,single only,Pertinence,,,0,,storesearch+appdetails,
Don't Escape: 4 Days to Survive,$14.99 ,93.44%,2019-03-01,"8,361",249,single only,Don't Escape: 4 Days to Survive,,,0,,storesearch+appdetails,
Bleed,$4.99 ,88.37%,2013-07-01,"3,201",249,mixed,Bleed,,,0,,storesearch+appdetails,
In Verbis Virtus,$19.99 ,75.75%,2015-04-01,"28,352",248,single only,In Verbis Virtus,,,0,,storesearch+appdetails,
BLACKHOLE,$8.99 ,80.91%,2015-02-01,"5,193",248,single only,BLACKHOLE,,,0,,storesearch+appdetails,
Lilitales,$19.99 ,82.60%,2019-10-01,"7,628",248,single only,Lilitales,,,0,,storesearch+appdetails,
Dungeonmans,$14.99 ,86.28%,2014-12-01,"6,248",248,single only,Dungeonmans,,,0,,storesearch+appdetails,
Super Dungeon Bros,$19.99 ,42.69%,2016-11-01,"1,572",248,mixed,Super Dungeon Bros,,,0,,storesearch+appdetails,
Western Press,$4.99 ,63.74%,2016-04-01,919,248,mixed,Western Press,,,0,,storesearch+appdetails,
Half Minute Hero: The Second Coming,$9.99 ,85.32%,2014-04-01,"4,618",248,mixed,Half Minute Hero: The Second Coming,,,0,,storesearch+appdetails,
GamersGoMakers,$8.99 ,72.24%,2014-08-01,"1,854",247,single only,GamersGoMakers,,,0,,storesearch+appdetails,
Our Darker Purpose,$14.99 ,77.20%,2014-01-01,"3,644",247,single only,Our Darker Purpose,,,0,,storesearch+appdetails,
ICY: Frostbite Edition,$12.99 ,79.87%,2017-08-01,"1,625",247,single only,ICY: Frostbite Edition,,,0,,storesearch+appdetails,
The Excavation of Hob's Barrow,$14.99 ,88.51%,2022-09-01,"6,273",247,single only,The Excavation of Hob's Barrow,,,0,,storesearch+appdetails,
AsHes,$24.99 ,59.87%,2024-06-01,"1,812",247,mixed,AsHes,,,0,,storesearch+appdetails,
Tiny Auto Knights,$14.43 ,77.51%,2025-11-01,"1,217",247,mixed,Tiny Auto Knights,,,0,,storesearch+appdetails,
Dungeon Hearts,$2.99 ,60.58%,2013-03-01,500,246,single only,Dungeon Hearts,,,0,,storesearch+appdetails,
Empty Soul - S&S Edition,$6.99 ,71.70%,2016-06-01,563,246,single only,Empty Soul - S&S Edition,,,0,,storesearch+appdetails,
Thumper,$19.99 ,88.39%,2016-10-01,"17,533",246,single only,Thumper,,,0,,storesearch+appdetails,
Shady Part of Me,$14.99 ,90.34%,2020-12-01,"8,669",246,single only,Shady Part of Me,,,0,,storesearch+appdetails,
Endling - Extinction is Forever,$29.99 ,91.29%,2022-07-01,"16,743",246,single only,Endling - Extinction is Forever,,,0,,storesearch+appdetails,
Shadows of War,$1.99 ,37.39%,2014-09-01,551,246,mixed,Shadows of War,,,0,,storesearch+appdetails,
Anode,$3.99 ,78.93%,2015-10-01,322,246,mixed,Anode,,,0,,storesearch+appdetails,
Into The Flames,$19.99 ,79.63%,2023-01-01,"7,163",246,mixed,Into The Flames,,,0,,storesearch+appdetails,
Puffin Planes,$11.99 ,88.16%,2024-09-01,"1,806",246,mixed,Puffin Planes,,,0,,storesearch+appdetails,
Statues,$4.99 ,63.22%,2015-10-01,973,245,single only,Statues,,,0,,storesearch+appdetails,
Celestian Tales: Old North,$12.99 ,66.73%,2015-08-01,"5,596",245,single only,Celestian Tales: Old North,,,0,,storesearch+appdetails,
ECHO,$24.99 ,74.11%,2017-09-01,"24,145",245,single only,ECHO,,,0,,storesearch+appdetails,
Karma. Incarnation 1,$4.99 ,76.65%,2016-10-01,"2,209",245,single only,Karma. Incarnation 1,,,0,,storesearch+appdetails,
Odd Realm,$19.99 ,80.36%,2024-08-01,"14,037",245,single only,Odd Realm,,,0,,storesearch+appdetails,
The Journey Down: Chapter One,$6.99 ,82.62%,2013-01-01,"4,349",245,single only,The Journey Down: Chapter One,,,0,,storesearch+appdetails,
Omensight: Definitive Edition,$19.99 ,84.44%,2018-05-01,"19,553",245,single only,Omensight: Definitive Edition,,,0,,storesearch+appdetails,
LUNA The Shadow Dust,$15.20 ,86.16%,2020-02-01,"10,440",245,single only,LUNA The Shadow Dust,,,0,,storesearch+appdetails,
Angels of Death,$9.99 ,91.71%,2016-12-01,"27,632",245,single only,Angels of Death,,,0,,storesearch+appdetails,
PBA Pro Bowling 2026,$39.99 ,84.10%,2025-12-01,867,245,mixed,PBA Pro Bowling 2026,,,0,,storesearch+appdetails,
Unmechanical,$9.99 ,85.76%,2012-08-01,"1,004",244,single only,Unmechanical,,,0,,storesearch+appdetails,
Monstrum,$17.99 ,87.11%,2015-05-01,"16,421",244,single only,Monstrum,,,0,,storesearch+appdetails,
Choice of Robots,$6.99 ,91.38%,2014-12-01,"5,702",244,single only,Choice of Robots,,,0,,storesearch+appdetails,
A Year Of Rain,$14.99 ,44.91%,2020-03-01,"5,314",244,mixed,A Year Of Rain,,,0,,storesearch+appdetails,
The Artifact,$7.99 ,60.96%,2017-06-01,400,243,single only,The Artifact,,,0,,storesearch+appdetails,
Seeds of Resilience,$13.99 ,66.35%,2019-06-01,"7,423",243,single only,Seeds of Resilience,,,0,,storesearch+appdetails,
Disco Simulator,$14.99 ,71.53%,2024-03-01,"7,607",243,single only,Disco Simulator,,,0,,storesearch+appdetails,
Rollers of the Realm,$9.99 ,83.18%,2014-11-01,"2,260",243,single only,Rollers of the Realm,,,0,,storesearch+appdetails,
Military Logistics Simulator,$24.99 ,24.93%,2025-12-01,"2,003",243,mixed,Military Logistics Simulator,,,0,,storesearch+appdetails,
Super Trench Attack 2,$4.99 ,58.53%,2015-11-01,464,242,single only,Super Trench Attack 2,,,0,,storesearch+appdetails,
Questerium: Sinister Trinity HD Collector's Edition,$6.99 ,76.06%,2015-01-01,710,242,single only,Questerium: Sinister Trinity HD Collector's Edition,,,0,,storesearch+appdetails,
Iris and the Giant,$17.99 ,83.81%,2020-02-01,"4,291",242,single only,Iris and the Giant,,,0,,storesearch+appdetails,
Will of the Gods,$2.99 ,65.65%,2016-08-01,336,242,mixed,Will of the Gods,,,0,,storesearch+appdetails,
Half Dead,$1.99 ,75.70%,2016-08-01,"14,542",242,mixed,Half Dead,,,0,,storesearch+appdetails,
Marble Mountain,$4.99 ,65.65%,2016-04-01,501,241,single only,Marble Mountain,,,0,,storesearch+appdetails,
Kromaia,$9.99 ,69.39%,2014-10-01,864,241,single only,Kromaia,,,0,,storesearch+appdetails,
Mushroom Wars 2,$14.99 ,60.54%,2017-10-01,"10,146",241,mixed,Mushroom Wars 2,,,0,,storesearch+appdetails,
Monaco 2,$14.99 ,63.62%,2025-04-01,"7,422",241,mixed,Monaco 2,,,0,,storesearch+appdetails,
RoboVirus,$9.99 ,79.83%,2019-08-01,220,241,mixed,RoboVirus,,,0,,storesearch+appdetails,
Action Henk,$14.99 ,83.82%,2015-05-01,"2,272",241,mixed,Action Henk,,,0,,storesearch+appdetails,
Tesla vs Lovecraft,$14.99 ,85.06%,2018-01-01,"7,854",241,mixed,Tesla vs Lovecraft,,,0,,storesearch+appdetails,
Reflex Arena,$9.99 ,81.13%,2014-11-01,"9,694",240,multi only,Reflex Arena,,,0,,storesearch+appdetails,
Virginia,$9.99 ,63.08%,2016-09-01,"9,375",240,single only,Virginia,,,0,,storesearch+appdetails,
Snapshot,$9.99 ,68.98%,2012-08-01,448,240,single only,Snapshot,,,0,,storesearch+appdetails,
Draugen,$19.99 ,71.67%,2019-05-01,"13,630",240,single only,Draugen,,,0,,storesearch+appdetails,
Princess of Zeven,$12.99 ,73.42%,2023-10-01,"2,008",240,single only,Princess of Zeven,,,0,,storesearch+appdetails,
Stay Alight,$3.99 ,74.80%,2015-03-01,535,240,single only,Stay Alight,,,0,,storesearch+appdetails,
Ikenfell,$19.99 ,86.10%,2020-10-01,"5,838",240,single only,Ikenfell,,,0,,storesearch+appdetails,
Inertial Drift,$19.99 ,81.13%,2020-09-01,"5,072",240,mixed,Inertial Drift,,,0,,storesearch+appdetails,
Papo & Yo,$14.99 ,89.54%,2013-04-01,"5,630",239,single only,Papo & Yo,,,0,,storesearch+appdetails,
Superfighters Deluxe,$9.99 ,85.64%,2018-11-01,"7,737",239,mixed,Superfighters Deluxe,,,0,,storesearch+appdetails,
Spirits,$3.99 ,64.17%,2012-02-01,563,238,single only,Spirits,,,0,,storesearch+appdetails,
Eador. Imperium,$19.99 ,72.21%,2017-01-01,"5,452",238,single only,Eador. Imperium,,,0,,storesearch+appdetails,
Son of Scoregasm,$4.99 ,72.75%,2017-11-01,78,238,single only,Son of Scoregasm,,,0,,storesearch+appdetails,
No one lives under the lighthouse Director's cut,$6.99 ,83.83%,2020-04-01,"3,876",238,single only,No one lives under the lighthouse Director's cut,,,0,,storesearch+appdetails,
The Enchanted Cave 2,$9.99 ,84.49%,2015-06-01,"3,779",238,single only,The Enchanted Cave 2,,,0,,storesearch+appdetails,
UNSIGHTED,$19.99 ,88.81%,2021-09-01,"14,349",238,mixed,UNSIGHTED,,,0,,storesearch+appdetails,
Runespell: Overture,$9.99 ,70.09%,2011-07-01,607,237,single only,Runespell: Overture,,,0,,storesearch+appdetails,
Effie,$19.99 ,70.41%,2020-01-01,"1,475",237,single only,Effie,,,0,,storesearch+appdetails,
Tales of the Black Forest,$3.99 ,94.99%,2019-09-01,"10,031",237,single only,Tales of the Black Forest,,,0,,storesearch+appdetails,
Galactic Arms Race,$2.99 ,47.37%,2014-05-01,214,237,mixed,Galactic Arms Race,,,0,,storesearch+appdetails,
Skopje '83,$14.99 ,64.84%,2025-11-01,"3,757",237,mixed,Skopje '83,,,0,,storesearch+appdetails,
BRAZILIAN DRUG DEALER 3: I OPENED A PORTAL TO HELL IN THE FAVELA TRYING TO REVIVE MIT AIA I NEED TO CLOSE IT,$4.99 ,94.74%,2025-09-01,"6,331",237,mixed,BRAZILIAN DRUG DEALER 3: I OPENED A PORTAL TO HELL IN THE FAVELA TRYING TO REVIVE MIT AIA I NEED TO CLOSE IT,,,0,,storesearch+appdetails,
Dance of Death,$3.99 ,61.69%,2015-12-01,843,236,single only,Dance of Death,,,0,,storesearch+appdetails,
RONIN,$12.99 ,67.83%,2015-06-01,"8,233",236,single only,RONIN,,,0,,storesearch+appdetails,
Wonder Boy: The Dragon's Trap,$19.99 ,81.39%,2017-06-01,"19,674",236,single only,Wonder Boy: The Dragon's Trap,,,0,,storesearch+appdetails,
Planetoid Pioneers,$19.99 ,59.28%,2018-02-01,"7,347",236,mixed,Planetoid Pioneers,,,0,,storesearch+appdetails,
Snooker 19,$29.99 ,69.95%,2019-04-01,"3,208",236,mixed,Snooker 19,,,0,,storesearch+appdetails,
Rogue Shooter: The FPS Roguelike,$4.99 ,70.14%,2014-04-01,974,235,single only,Rogue Shooter: The FPS Roguelike,,,0,,storesearch+appdetails,
It's A Wipe!,$4.99 ,70.86%,2014-12-01,"1,120",235,single only,It's A Wipe!,,,0,,storesearch+appdetails,
Return of Red Riding Hood Enhanced Edition,$2.99 ,76.49%,2018-01-01,232,235,single only,Return of Red Riding Hood Enhanced Edition,,,0,,storesearch+appdetails,
Size Matters,$9.99 ,81.46%,2021-03-01,"5,900",235,single only,Size Matters,,,0,,storesearch+appdetails,
Rakuen,$14.99 ,92.78%,2017-05-01,"18,029",235,single only,Rakuen,,,0,,storesearch+appdetails,
Not without my donuts,$1.99 ,45.53%,2015-04-01,107,235,mixed,Not without my donuts,,,0,,storesearch+appdetails,
Conquest of Elysium 3,$9.99 ,75.22%,2012-10-01,"1,521",235,mixed,Conquest of Elysium 3,,,0,,storesearch+appdetails,
Galacide,$9.99 ,77.12%,2015-07-01,900,235,mixed,Galacide,,,0,,storesearch+appdetails,
Puzzline,$3.99 ,88.94%,2022-11-01,813,235,mixed,Puzzline,,,0,,storesearch+appdetails,
Forgotten Places: Regained Castle,$4.99 ,71.04%,2018-01-01,225,234,single only,Forgotten Places: Regained Castle,,,0,,storesearch+appdetails,
Sunrider Academy,$9.99 ,78.98%,2015-04-01,"11,894",234,single only,Sunrider Academy,,,0,,storesearch+appdetails,
Ichi,$4.99 ,80.35%,2014-06-01,887,234,single only,Ichi,,,0,,storesearch+appdetails,
Sakura Swim Club,$4.99 ,81.53%,2015-09-01,"27,398",234,single only,Sakura Swim Club,,,0,,storesearch+appdetails,
Princess Remedy 2: In A Heap of Trouble,$9.99 ,85.15%,2016-09-01,"1,554",234,single only,Princess Remedy 2: In A Heap of Trouble,,,0,,storesearch+appdetails,
fault - milestone two side:above,$14.99 ,91.80%,2015-09-01,"13,788",234,single only,fault - milestone two side:above,,,0,,storesearch+appdetails,
Farm Expert 2017,$19.99 ,46.50%,2016-09-01,"2,619",234,mixed,Farm Expert 2017,,,0,,storesearch+appdetails,
Rune Legacy Idle,$4.99 ,56.74%,2025-11-01,237,234,mixed,Rune Legacy Idle,,,0,,storesearch+appdetails,
Conquest of Elysium 4,$24.99 ,83.33%,2015-11-01,"2,993",234,mixed,Conquest of Elysium 4,,,0,,storesearch+appdetails,
Glorch's Great Escape: Walking is for Chumps,$2.99 ,64.76%,2017-04-01,53,233,single only,Glorch's Great Escape: Walking is for Chumps,,,0,,storesearch+appdetails,
8Doors: Arum's Afterlife Adventure,$19.99 ,75.12%,2021-04-01,"3,732",233,single only,8Doors: Arum's Afterlife Adventure,,,0,,storesearch+appdetails,
他人世界末 On-looker,$8.99 ,89.40%,2020-07-01,"5,038",233,single only,他人世界末 On-looker,,,0,,storesearch+appdetails,
人间 The Lost We Lost,$3.99 ,90.17%,2019-04-01,"4,162",233,single only,人间 The Lost We Lost,,,0,,storesearch+appdetails,
Mad Father,$9.99 ,93.81%,2016-09-01,"19,354",233,single only,Mad Father,,,0,,storesearch+appdetails,
TZOMPANTLI,$9.99 ,53.87%,2016-11-01,352,233,mixed,TZOMPANTLI,,,0,,storesearch+appdetails,
Demons with Shotguns,$9.99 ,78.74%,2016-04-01,517,233,mixed,Demons with Shotguns,,,0,,storesearch+appdetails,
Space Tyrant,$19.99 ,79.18%,2018-02-01,"3,923",232,single only,Space Tyrant,,,0,,storesearch+appdetails,
Shan Gui II: Sweet Osmanthus II,$4.99 ,87.58%,2018-12-01,"2,370",232,single only,Shan Gui II: Sweet Osmanthus II,,,0,,storesearch+appdetails,
The Last Door - Collector's Edition,$9.99 ,90.22%,2014-05-01,"7,176",232,single only,The Last Door - Collector's Edition,,,0,,storesearch+appdetails,
Sudoku Universe / 数独宇宙,$2.99 ,90.98%,2017-12-01,"3,581",232,single only,Sudoku Universe / 数独宇宙,,,0,,storesearch+appdetails,
Great Big War Game,$6.99 ,81.22%,2012-08-01,265,232,mixed,Great Big War Game,,,0,,storesearch+appdetails,
Cannon Brawl,$14.99 ,85.91%,2014-09-01,"2,998",232,mixed,Cannon Brawl,,,0,,storesearch+appdetails,
Tennis Elbow 4,$25.49 ,89.65%,2026-01-01,"3,738",232,mixed,Tennis Elbow 4,,,0,,storesearch+appdetails,
Rabbit Hole 3D: Steam Edition,$2.99 ,60.28%,2014-04-01,185,231,single only,Rabbit Hole 3D: Steam Edition,,,0,,storesearch+appdetails,
Ninjahtic,$1.99 ,71.66%,2015-07-01,255,231,single only,Ninjahtic,,,0,,storesearch+appdetails,
Astrox Imperium,$14.99 ,81.63%,2019-03-01,"11,423",231,single only,Astrox Imperium,,,0,,storesearch+appdetails,
Super Rude Bear Resurrection,$14.99 ,57.98%,2017-05-01,702,230,single only,Super Rude Bear Resurrection,,,0,,storesearch+appdetails,
Solitairica,$9.99 ,72.54%,2016-05-01,"1,890",230,single only,Solitairica,,,0,,storesearch+appdetails,
Space Moth DX,$4.99 ,74.52%,2016-01-01,632,230,single only,Space Moth DX,,,0,,storesearch+appdetails,
Animal Lover,$9.99 ,78.23%,2017-02-01,716,230,single only,Animal Lover,,,0,,storesearch+appdetails,
Protolife,$11.99 ,80.48%,2018-06-01,"3,924",230,single only,Protolife,,,0,,storesearch+appdetails,
TY the Tasmanian Tiger,$14.99 ,93.50%,2016-12-01,"12,678",230,single only,TY the Tasmanian Tiger,,,0,,storesearch+appdetails,
War on Folvos,$3.99 ,69.22%,2006-09-01,387,229,single only,War on Folvos,,,0,,storesearch+appdetails,
Mazement,$4.99 ,69.33%,2016-03-01,157,229,single only,Mazement,,,0,,storesearch+appdetails,
Super Ubie Island REMIX,$9.99 ,69.43%,2016-01-01,195,229,single only,Super Ubie Island REMIX,,,0,,storesearch+appdetails,
A Short Hike,$7.99 ,96.71%,2019-07-01,"21,455",229,single only,A Short Hike,,,0,,storesearch+appdetails,
Voxel Blast,$5.99 ,54.17%,2015-10-01,123,229,mixed,Voxel Blast,,,0,,storesearch+appdetails,
bit Dungeon III,$9.99 ,68.62%,2019-05-01,"1,446",229,mixed,bit Dungeon III,,,0,,storesearch+appdetails,
Livelock,$9.99 ,75.58%,2016-08-01,"11,245",229,mixed,Livelock,,,0,,storesearch+appdetails,
Cut That Wire,$5.59 ,78.01%,2025-10-01,"7,702",228,multi only,Cut That Wire,,,0,,storesearch+appdetails,
Hikikomori No Chuunibyou,$1.99 ,59.71%,2016-07-01,264,228,single only,Hikikomori No Chuunibyou,,,0,,storesearch+appdetails,
Dark Grim Mariupolis,$4.96 ,72.22%,2018-03-01,242,228,single only,Dark Grim Mariupolis,,,0,,storesearch+appdetails,
Dark Bestiary,$8.99 ,83.28%,2020-07-01,"2,955",228,single only,Dark Bestiary,,,0,,storesearch+appdetails,
I Expect You To Die,$24.99 ,90.28%,2017-04-01,"8,825",228,single only,I Expect You To Die,,,0,,storesearch+appdetails,
Onirism,$17.99 ,78.74%,2025-10-01,"8,099",228,mixed,Onirism,,,0,,storesearch+appdetails,
Infinity: Battlescape,$34.99 ,76.25%,2019-09-01,"19,251",227,multi only,Infinity: Battlescape,,,0,,storesearch+appdetails,
Streamer's Life,$9.99 ,69.26%,2019-07-01,597,227,single only,Streamer's Life,,,0,,storesearch+appdetails,
Crime Secrets: Crimson Lily,$14.99 ,70.09%,2016-07-01,814,227,single only,Crime Secrets: Crimson Lily,,,0,,storesearch+appdetails,
Q2 HUMANITY,$8.99 ,78.57%,2024-12-01,468,227,mixed,Q2 HUMANITY,,,0,,storesearch+appdetails,
Audioshield,$19.99 ,77.85%,2016-04-01,"8,447",226,single only,Audioshield,,,0,,storesearch+appdetails,
Another Star,$2.99 ,80.90%,2014-03-01,280,226,single only,Another Star,,,0,,storesearch+appdetails,
军团战棋Legion War,$9.99 ,84.34%,2021-07-01,"5,321",226,single only,军团战棋Legion War,,,0,,storesearch+appdetails,
Ara Fell: Enhanced Edition,$14.99 ,89.92%,2016-06-01,"13,067",226,single only,Ara Fell: Enhanced Edition,,,0,,storesearch+appdetails,
Wandersong,$19.99 ,91.34%,2018-09-01,"5,999",226,single only,Wandersong,,,0,,storesearch+appdetails,
Super Destronaut,$4.99 ,74.65%,2016-08-01,201,226,mixed,Super Destronaut,,,0,,storesearch+appdetails,
Bud Spencer & Terence Hill - Slaps And Beans,$14.99 ,87.71%,2017-12-01,"13,432",226,mixed,Bud Spencer & Terence Hill - Slaps And Beans,,,0,,storesearch+appdetails,
Horizon Chase Turbo,$19.99 ,89.76%,2018-05-01,"8,824",226,mixed,Horizon Chase Turbo,,,0,,storesearch+appdetails,
Grimoire : Heralds of the Winged Exemplar (V2),$9.99 ,66.28%,2017-08-01,"5,066",225,single only,Grimoire : Heralds of the Winged Exemplar (V2),,,0,,storesearch+appdetails,
The Promised Land,$6.99 ,81.65%,2012-07-01,"1,224",225,single only,The Promised Land,,,0,,storesearch+appdetails,
The Black Masses,$9.99 ,57.38%,2020-03-01,"20,713",225,mixed,The Black Masses,,,0,,storesearch+appdetails,
LOST EGG 3: The Final,$2.99 ,71.95%,2023-01-01,307,225,mixed,LOST EGG 3: The Final,,,0,,storesearch+appdetails,
Parisian Brasserie Simulator,$13.99 ,86.91%,2025-08-01,"1,975",225,mixed,Parisian Brasserie Simulator,,,0,,storesearch+appdetails,
Masochisia,$7.99 ,78.38%,2015-10-01,"1,672",224,single only,Masochisia,,,0,,storesearch+appdetails,
NOT A HERO,$19.99 ,83.20%,2016-07-01,"19,504",224,single only,NOT A HERO,,,0,,storesearch+appdetails,
Cosmic Star Heroine,$14.99 ,83.96%,2017-04-01,"7,159",224,single only,Cosmic Star Heroine,,,0,,storesearch+appdetails,
Bardbarian,$7.99 ,84.31%,2014-04-01,"2,766",224,single only,Bardbarian,,,0,,storesearch+appdetails,
Rodina,$14.99 ,88.27%,2014-07-01,"46,334",224,single only,Rodina,,,0,,storesearch+appdetails,
Trials 2: Second Edition,$9.99 ,78.09%,2008-03-01,553,224,mixed,Trials 2: Second Edition,,,0,,storesearch+appdetails,
Kung Fury: Street Rage - Ultimate Edition,$19.99 ,85.97%,2015-05-01,"9,746",224,mixed,Kung Fury: Street Rage - Ultimate Edition,,,0,,storesearch+appdetails,
Alpha Kimori™ 1,$9.99 ,56.88%,2014-03-01,"1,207",223,single only,Alpha Kimori™ 1,,,0,,storesearch+appdetails,
Sweezy Gunner,$3.99 ,76.73%,2014-05-01,273,223,single only,Sweezy Gunner,,,0,,storesearch+appdetails,
Syder Arcade,$8.80 ,78.93%,2013-10-01,"1,816",223,single only,Syder Arcade,,,0,,storesearch+appdetails,
Tokyo Dark,$4.49 ,80.15%,2017-09-01,"12,641",223,single only,Tokyo Dark,,,0,,storesearch+appdetails,
M.A.C.E.,$4.99 ,50.60%,2017-03-01,185,223,mixed,M.A.C.E.,,,0,,storesearch+appdetails,
Heroes of Science and Fiction,$24.99 ,86.56%,2024-09-01,"11,834",223,mixed,Heroes of Science and Fiction,,,0,,storesearch+appdetails,
Sky Force Anniversary,$9.99 ,88.09%,2015-04-01,"5,258",223,mixed,Sky Force Anniversary,,,0,,storesearch+appdetails,
MageQuit,$5.99 ,88.68%,2019-10-01,"4,641",222,multi only,MageQuit,,,0,,storesearch+appdetails,
My Big Sister,$5.99 ,86.78%,2018-11-01,"3,003",222,single only,My Big Sister,,,0,,storesearch+appdetails,
SMASHING THE BATTLE,$11.99 ,69.96%,2016-05-01,"9,835",221,single only,SMASHING THE BATTLE,,,0,,storesearch+appdetails,
Rooms: The Main Building,$9.99 ,75.29%,2014-07-01,304,221,single only,Rooms: The Main Building,,,0,,storesearch+appdetails,
Cows VS Vikings,$8.98 ,78.45%,2018-12-01,"11,485",221,single only,Cows VS Vikings,,,0,,storesearch+appdetails,
MACHI KORO With Everyone,$24.99 ,60.17%,2024-07-01,"1,306",221,mixed,MACHI KORO With Everyone,,,0,,storesearch+appdetails,
Tokyo 42,$19.99 ,66.60%,2017-05-01,"14,072",221,mixed,Tokyo 42,,,0,,storesearch+appdetails,
1954 Alcatraz,$9.99 ,70.54%,2014-03-01,"1,730",220,single only,1954 Alcatraz,,,0,,storesearch+appdetails,
8BitBoy™,$6.99 ,71.12%,2014-05-01,"1,158",220,single only,8BitBoy™,,,0,,storesearch+appdetails,
Ballad of Solar,$6.99 ,80.43%,2013-04-01,351,220,single only,Ballad of Solar,,,0,,storesearch+appdetails,
Perfect Universe - Play with Gravity,$1.49 ,66.52%,2016-02-01,625,220,mixed,Perfect Universe - Play with Gravity,,,0,,storesearch+appdetails,
Fight'N Rage,$19.99 ,87.76%,2017-09-01,"9,992",220,mixed,Fight'N Rage,,,0,,storesearch+appdetails,
A Shooty Bit,$1.99 ,61.60%,2017-02-01,65,219,single only,A Shooty Bit,,,0,,storesearch+appdetails,
Taboos: Cracks,$1.99 ,76.21%,2019-05-01,"6,517",219,single only,Taboos: Cracks,,,0,,storesearch+appdetails,
Burden of Command™,$24.99 ,78.87%,2025-04-01,"7,057",219,single only,Burden of Command™,,,0,,storesearch+appdetails,
Chinatris,$1.99 ,81.83%,2020-01-01,"1,521",219,single only,Chinatris,,,0,,storesearch+appdetails,
Trench Run,$3.99 ,52.53%,2016-04-01,532,219,mixed,Trench Run,,,0,,storesearch+appdetails,
Love is Dead,$11.99 ,62.16%,2018-05-01,756,219,mixed,Love is Dead,,,0,,storesearch+appdetails,
Punch A Bunch,$14.99 ,72.25%,2023-01-01,"3,717",219,mixed,Punch A Bunch,,,0,,storesearch+appdetails,
Super Motherload,$14.99 ,72.48%,2013-11-01,"2,627",219,mixed,Super Motherload,,,0,,storesearch+appdetails,
Weird Worlds: Return to Infinite Space,$4.99 ,63.28%,2013-03-01,"1,325",218,single only,Weird Worlds: Return to Infinite Space,,,0,,storesearch+appdetails,
NOSTALGIC TRAIN,$11.99 ,71.01%,2018-06-01,"3,444",218,single only,NOSTALGIC TRAIN,,,0,,storesearch+appdetails,
GTTOD: Get To The Orange Door,$19.99 ,84.77%,2019-05-01,"10,335",218,single only,GTTOD: Get To The Orange Door,,,0,,storesearch+appdetails,
Capsized,$9.99 ,72.66%,2011-04-01,"2,697",218,mixed,Capsized,,,0,,storesearch+appdetails,
HAMMY,$2.99 ,69.77%,2019-12-01,531,217,single only,HAMMY,,,0,,storesearch+appdetails,
Heroes Rise: The Prodigy,$4.99 ,74.62%,2012-07-01,576,217,single only,Heroes Rise: The Prodigy,,,0,,storesearch+appdetails,
Dex,$19.99 ,83.83%,2015-05-01,"21,749",217,single only,Dex,,,0,,storesearch+appdetails,
Exiled Kingdoms,$7.99 ,85.07%,2018-02-01,"7,547",217,single only,Exiled Kingdoms,,,0,,storesearch+appdetails,
Splasher,$14.99 ,87.77%,2017-02-01,"3,625",217,single only,Splasher,,,0,,storesearch+appdetails,
Ordeal of Princess Eris,$14.99 ,66.42%,2019-06-01,"2,298",216,single only,Ordeal of Princess Eris,,,0,,storesearch+appdetails,
Hyperspace Invaders II: Pixel Edition,$4.99 ,75.85%,2015-09-01,794,216,single only,Hyperspace Invaders II: Pixel Edition,,,0,,storesearch+appdetails,
Cursed,$4.99 ,78.31%,2016-06-01,645,216,single only,Cursed,,,0,,storesearch+appdetails,
Heart's Medicine - Time to Heal,$19.99 ,88.34%,2016-09-01,"6,252",216,single only,Heart's Medicine - Time to Heal,,,0,,storesearch+appdetails,
A Fistful of Gun,$9.99 ,60.76%,2015-09-01,"3,000",216,mixed,A Fistful of Gun,,,0,,storesearch+appdetails,
Janken Cards,$2.99 ,66.33%,2016-10-01,117,216,mixed,Janken Cards,,,0,,storesearch+appdetails,
Tunche,$19.99 ,69.40%,2021-11-01,"18,991",216,mixed,Tunche,,,0,,storesearch+appdetails,
Riptide GP2,$6.99 ,83.05%,2014-03-01,"1,726",216,mixed,Riptide GP2,,,0,,storesearch+appdetails,
peakvox Route Candle for Steam,$2.99 ,63.45%,2016-12-01,77,215,single only,peakvox Route Candle for Steam,,,0,,storesearch+appdetails,
Reborn In Wild City 迷城重生,$2.99 ,67.99%,2018-11-01,"3,259",215,single only,Reborn In Wild City 迷城重生,,,0,,storesearch+appdetails,
Blamdown: Udder Fury,$4.99 ,68.20%,2016-08-01,210,215,single only,Blamdown: Udder Fury,,,0,,storesearch+appdetails,
Timelie,$17.99 ,90.03%,2020-05-01,"9,290",215,single only,Timelie,,,0,,storesearch+appdetails,
Rolling Line,$19.99 ,91.61%,2018-04-01,"7,071",215,mixed,Rolling Line,,,0,,storesearch+appdetails,
Phantom Thief Celianna,$12.99 ,60.91%,2018-11-01,"4,798",214,single only,Phantom Thief Celianna,,,0,,storesearch+appdetails,
Hold Your Own,$14.99 ,64.90%,2017-12-01,"6,847",214,single only,Hold Your Own,,,0,,storesearch+appdetails,
Corrosion: Cold Winter Waiting [Enhanced Edition],$7.99 ,65.10%,2015-07-01,699,214,single only,Corrosion: Cold Winter Waiting [Enhanced Edition],,,0,,storesearch+appdetails,
Zombie Gotchi,$9.99 ,68.00%,2016-03-01,258,214,single only,Zombie Gotchi,,,0,,storesearch+appdetails,
Wildlife Park 2,$6.99 ,68.98%,2006-05-01,"2,556",214,single only,Wildlife Park 2,,,0,,storesearch+appdetails,
Ben and Ed,$9.99 ,80.36%,2015-12-01,"14,295",214,single only,Ben and Ed,,,0,,storesearch+appdetails,
Tattletail,$7.99 ,91.16%,2016-12-01,"9,669",214,single only,Tattletail,,,0,,storesearch+appdetails,
Revival: Recolonization,$29.99 ,65.69%,2024-04-01,"11,026",214,mixed,Revival: Recolonization,,,0,,storesearch+appdetails,
Golf Around!,$9.99 ,88.90%,2020-12-01,846,214,mixed,Golf Around!,,,0,,storesearch+appdetails,
Super Mixtape,$12.99 ,70.33%,2016-10-01,244,213,single only,Super Mixtape,,,0,,storesearch+appdetails,
peakvox Mew Mew Chamber for Steam,$2.99 ,80.95%,2016-12-01,196,213,single only,peakvox Mew Mew Chamber for Steam,,,0,,storesearch+appdetails,
Choice of Magics,$7.99 ,83.83%,2018-08-01,611,213,single only,Choice of Magics,,,0,,storesearch+appdetails,
Penumbra Overture,$9.99 ,87.24%,2007-03-01,"6,910",213,single only,Penumbra Overture,,,0,,storesearch+appdetails,
Astervoid 2000,$4.99 ,64.83%,2016-12-01,192,213,mixed,Astervoid 2000,,,0,,storesearch+appdetails,
UNI,$4.98 ,58.20%,2019-04-01,672,212,multi only,UNI,,,0,,storesearch+appdetails,
Windforge,$9.99 ,65.18%,2014-03-01,"9,155",212,single only,Windforge,,,0,,storesearch+appdetails,
Rock God Tycoon,$10.99 ,67.67%,2017-02-01,"1,672",212,single only,Rock God Tycoon,,,0,,storesearch+appdetails,
Blue-Collar Astronaut,$1.99 ,71.25%,2017-03-01,94,212,single only,Blue-Collar Astronaut,,,0,,storesearch+appdetails,
World In Danger,$2.99 ,75.71%,2017-02-01,66,212,single only,World In Danger,,,0,,storesearch+appdetails,
Artificial Defense,$2.99 ,75.84%,2016-06-01,609,212,single only,Artificial Defense,,,0,,storesearch+appdetails,
The Fifth Day,$14.99 ,38.84%,2014-07-01,"52,338",212,mixed,The Fifth Day,,,0,,storesearch+appdetails,
Toy Soldiers: Complete,$14.99 ,76.50%,2016-02-01,"10,631",212,mixed,Toy Soldiers: Complete,,,0,,storesearch+appdetails,
Adventurezator: When Pigs Fly,$19.99 ,65.22%,2015-09-01,811,211,single only,Adventurezator: When Pigs Fly,,,0,,storesearch+appdetails,
Giant Machines 2017,$19.99 ,68.23%,2016-09-01,"4,659",211,single only,Giant Machines 2017,,,0,,storesearch+appdetails,
Tech Support: Error Unknown,$9.99 ,71.11%,2019-02-01,"5,286",211,single only,Tech Support: Error Unknown,,,0,,storesearch+appdetails,
Rocking Pilot,$2.99 ,80.59%,2017-05-01,333,211,single only,Rocking Pilot,,,0,,storesearch+appdetails,
Without Within 2,$4.99 ,81.58%,2015-11-01,"1,596",211,single only,Without Within 2,,,0,,storesearch+appdetails,
Art Of Gravity,$1.99 ,85.24%,2017-06-01,808,211,single only,Art Of Gravity,,,0,,storesearch+appdetails,
Seduce Me 2: The Demon War,$4.99 ,86.13%,2016-05-01,"3,476",211,single only,Seduce Me 2: The Demon War,,,0,,storesearch+appdetails,
Kero Blaster,$9.99 ,89.08%,2015-11-01,"5,967",211,single only,Kero Blaster,,,0,,storesearch+appdetails,
Hexcells Plus,$2.99 ,90.52%,2014-02-01,"1,032",211,single only,Hexcells Plus,,,0,,storesearch+appdetails,
Mists of Noyah,$19.99 ,64.02%,2022-05-01,"6,167",211,mixed,Mists of Noyah,,,0,,storesearch+appdetails,
Dwarven Brawl Bros,$4.99 ,72.05%,2015-06-01,399,210,multi only,Dwarven Brawl Bros,,,0,,storesearch+appdetails,
DOGOS,$11.99 ,61.97%,2016-09-01,489,210,single only,DOGOS,,,0,,storesearch+appdetails,
纸境英雄 Papercraft,$17.99 ,78.95%,2019-04-01,"6,241",210,single only,纸境英雄 Papercraft,,,0,,storesearch+appdetails,
Guards,$4.99 ,79.63%,2016-08-01,"1,980",210,single only,Guards,,,0,,storesearch+appdetails,
Battle of Empires : 1914-1918,$8.99 ,67.33%,2015-07-01,"16,168",210,mixed,Battle of Empires : 1914-1918,,,0,,storesearch+appdetails,
Playcraft,$14.99 ,74.98%,2023-01-01,"6,388",210,mixed,Playcraft,,,0,,storesearch+appdetails,
Princess Isabella: The Rise of an Heir,$14.99 ,56.73%,2016-05-01,377,209,single only,Princess Isabella: The Rise of an Heir,,,0,,storesearch+appdetails,
Heroine Anthem Zero -Sacrifice-,$6.99 ,62.55%,2016-12-01,"8,186",209,single only,Heroine Anthem Zero -Sacrifice-,,,0,,storesearch+appdetails,
The Letter - Horror Visual Novel,$19.99 ,81.73%,2017-07-01,"8,852",209,single only,The Letter - Horror Visual Novel,,,0,,storesearch+appdetails,
Hero-U: Rogue to Redemption,$29.99 ,86.01%,2018-07-01,"3,950",209,single only,Hero-U: Rogue to Redemption,,,0,,storesearch+appdetails,
NITE Team 4 - Military Hacking Division,$19.99 ,86.71%,2019-02-01,"9,524",209,mixed,NITE Team 4 - Military Hacking Division,,,0,,storesearch+appdetails,
Double Dragon: Neon,$9.99 ,74.40%,2014-02-01,"4,606",208,mixed,Double Dragon: Neon,,,0,,storesearch+appdetails,
Ghostdream,$5.99 ,62.68%,2016-10-01,310,207,single only,Ghostdream,,,0,,storesearch+appdetails,
Eschalon: Book III,$9.99 ,70.08%,2014-02-01,935,207,single only,Eschalon: Book III,,,0,,storesearch+appdetails,
蓝宝石般的被害妄想少女/Damsel with persecutory delusion,$4.99 ,84.76%,2018-11-01,"1,461",207,single only,蓝宝石般的被害妄想少女/Damsel with persecutory delusion,,,0,,storesearch+appdetails,
House of the Dying Sun,$19.99 ,85.52%,2016-11-01,"21,653",207,single only,House of the Dying Sun,,,0,,storesearch+appdetails,
Planetoid Pioneers Online,$9.99 ,46.72%,2019-07-01,"1,335",207,mixed,Planetoid Pioneers Online,,,0,,storesearch+appdetails,
TOUHOU GENSOU MAHJONG,$34.99 ,48.47%,2024-09-01,"1,385",207,mixed,TOUHOU GENSOU MAHJONG,,,0,,storesearch+appdetails,
Fueled Up,$19.99 ,70.86%,2022-10-01,"2,498",207,mixed,Fueled Up,,,0,,storesearch+appdetails,
Crush Your Enemies,$9.99 ,76.31%,2016-07-01,"3,462",207,mixed,Crush Your Enemies,,,0,,storesearch+appdetails,
Evil Genome 光明重影,$14.99 ,65.65%,2017-08-01,"6,394",206,single only,Evil Genome 光明重影,,,0,,storesearch+appdetails,
WARSHIFT,$9.99 ,68.07%,2016-10-01,"18,637",206,single only,WARSHIFT,,,0,,storesearch+appdetails,
Idle Evolution,$4.99 ,68.28%,2017-04-01,"1,033",206,single only,Idle Evolution,,,0,,storesearch+appdetails,
Dreamscape,$1.99 ,70.93%,2015-02-01,"1,009",206,single only,Dreamscape,,,0,,storesearch+appdetails,
DYE,$4.99 ,71.77%,2017-02-01,401,206,single only,DYE,,,0,,storesearch+appdetails,
Community College Hero: Trial by Fire,$4.99 ,78.70%,2015-12-01,853,206,single only,Community College Hero: Trial by Fire,,,0,,storesearch+appdetails,
Q.U.B.E: Director's Cut,$9.99 ,79.17%,2014-05-01,"4,911",206,single only,Q.U.B.E: Director's Cut,,,0,,storesearch+appdetails,
The Black Watchmen,$9.99 ,83.44%,2015-06-01,"10,746",206,single only,The Black Watchmen,,,0,,storesearch+appdetails,
She Remembered Caterpillars,$11.99 ,88.31%,2017-01-01,"1,808",206,single only,She Remembered Caterpillars,,,0,,storesearch+appdetails,
Golden Treasure: The Great Green,$19.99 ,90.13%,2019-06-01,"2,343",206,single only,Golden Treasure: The Great Green,,,0,,storesearch+appdetails,
Truck Life,$19.99 ,55.18%,2020-08-01,"7,898",206,mixed,Truck Life,,,0,,storesearch+appdetails,
Franchise Hockey Manager 5,$19.99 ,57.40%,2018-10-01,465,206,mixed,Franchise Hockey Manager 5,,,0,,storesearch+appdetails,
Dolmen,$19.99 ,57.99%,2022-05-01,"6,439",206,mixed,Dolmen,,,0,,storesearch+appdetails,
Nexus - The Jupiter Incident,$9.99 ,81.46%,2004-11-01,"7,320",206,mixed,Nexus - The Jupiter Incident,,,0,,storesearch+appdetails,
Perfect Partner,$8.99 ,74.72%,2023-06-01,"2,293",205,multi only,Perfect Partner,,,0,,storesearch+appdetails,
Borstal,$2.99 ,59.68%,2016-03-01,272,205,single only,Borstal,,,0,,storesearch+appdetails,
The Bonfire 2: Uncharted Shores,$11.99 ,66.08%,2020-08-01,"3,538",205,single only,The Bonfire 2: Uncharted Shores,,,0,,storesearch+appdetails,
Smooth Operators,$2.99 ,67.45%,2013-01-01,848,205,single only,Smooth Operators,,,0,,storesearch+appdetails,
League of Evil,$7.99 ,70.97%,2016-10-01,407,205,single only,League of Evil,,,0,,storesearch+appdetails,
The Deed II,$4.99 ,74.15%,2020-05-01,885,205,single only,The Deed II,,,0,,storesearch+appdetails,
Heavy Bullets,$1.99 ,78.23%,2014-09-01,"6,579",205,single only,Heavy Bullets,,,0,,storesearch+appdetails,
The Fall of the Dungeon Guardians - Enhanced Edition,$6.79 ,78.71%,2015-11-01,"7,810",205,single only,The Fall of the Dungeon Guardians - Enhanced Edition,,,0,,storesearch+appdetails,
Draw a Stickman: EPIC 2,$6.99 ,83.35%,2015-11-01,"1,949",205,single only,Draw a Stickman: EPIC 2,,,0,,storesearch+appdetails,
Agonize,$4.99 ,59.17%,2022-09-01,807,205,mixed,Agonize,,,0,,storesearch+appdetails,
Dreadline: Net Quota,$5.99 ,67.34%,2025-12-01,"1,367",205,mixed,Dreadline: Net Quota,,,0,,storesearch+appdetails,
Rock of Ages 3: Make & Break,$4.49 ,72.43%,2020-07-01,"6,257",205,mixed,Rock of Ages 3: Make & Break,,,0,,storesearch+appdetails,
Supreme League of Patriots,$5.99 ,59.49%,2015-01-01,400,204,single only,Supreme League of Patriots,,,0,,storesearch+appdetails,
Kitty Powers' Matchmaker,$9.99 ,91.65%,2015-04-01,"3,581",204,single only,Kitty Powers' Matchmaker,,,0,,storesearch+appdetails,
Biotoxin: The Dark Days,$2.99 ,56.25%,2017-03-01,78,203,single only,Biotoxin: The Dark Days,,,0,,storesearch+appdetails,
HERO DEFENSE,$29.99 ,61.40%,2016-05-01,"7,063",203,single only,HERO DEFENSE,,,0,,storesearch+appdetails,
Void Raiders,$4.99 ,65.87%,2016-06-01,800,203,single only,Void Raiders,,,0,,storesearch+appdetails,
Million Dungeon,$12.99 ,66.15%,2020-06-01,764,203,single only,Million Dungeon,,,0,,storesearch+appdetails,
Rocket Riot,$9.99 ,68.30%,2016-10-01,348,203,single only,Rocket Riot,,,0,,storesearch+appdetails,
Tametsi,$2.99 ,91.72%,2017-10-01,488,203,single only,Tametsi,,,0,,storesearch+appdetails,
Mini Golf Arena,$2.60 ,52.01%,2018-04-01,533,203,mixed,Mini Golf Arena,,,0,,storesearch+appdetails,
Darkest Hunters,$5.99 ,52.63%,2017-09-01,831,203,mixed,Darkest Hunters,,,0,,storesearch+appdetails,
ArcRunner,$19.99 ,65.97%,2023-04-01,"4,574",203,mixed,ArcRunner,,,0,,storesearch+appdetails,
The Anomaly Project,$7.99 ,76.72%,2024-11-01,"1,375",203,mixed,The Anomaly Project,,,0,,storesearch+appdetails,
Al Emmo and the Lost Dutchman's Mine,$9.99 ,59.45%,2006-09-01,208,202,single only,Al Emmo and the Lost Dutchman's Mine,,,0,,storesearch+appdetails,
Monkey Slap,$1.99 ,66.22%,2018-02-01,76,202,single only,Monkey Slap,,,0,,storesearch+appdetails,
Death Ray Manta SE,$4.99 ,68.78%,2015-09-01,428,202,single only,Death Ray Manta SE,,,0,,storesearch+appdetails,
Overland,$19.99 ,70.96%,2019-09-01,"16,198",202,single only,Overland,,,0,,storesearch+appdetails,
Fallen Angel,$3.74 ,67.57%,2020-10-01,"2,070",202,mixed,Fallen Angel,,,0,,storesearch+appdetails,
Super Puzzle Platformer Deluxe,$7.99 ,83.74%,2013-05-01,847,202,mixed,Super Puzzle Platformer Deluxe,,,0,,storesearch+appdetails,
DAVIGO: VR vs. PC,$24.99 ,82.44%,2023-11-01,"17,376",201,multi only,DAVIGO: VR vs. PC,,,0,,storesearch+appdetails,
BoX -containment-,$9.99 ,70.57%,2016-05-01,54,201,single only,BoX -containment-,,,0,,storesearch+appdetails,
Don't Be Afraid,$6.00 ,78.59%,2020-12-01,"3,909",201,single only,Don't Be Afraid,,,0,,storesearch+appdetails,
Spy Chameleon - RGB Agent,$9.99 ,81.49%,2014-06-01,848,201,single only,Spy Chameleon - RGB Agent,,,0,,storesearch+appdetails,
Skatemasta Tcheco,$1.99 ,83.92%,2020-01-01,265,201,single only,Skatemasta Tcheco,,,0,,storesearch+appdetails,
Cypher,$4.99 ,85.56%,2018-02-01,"3,862",201,single only,Cypher,,,0,,storesearch+appdetails,
Tadpole Treble,$4.99 ,88.00%,2016-09-01,"1,208",201,single only,Tadpole Treble,,,0,,storesearch+appdetails,
The Indie Mixtape,$9.99 ,63.04%,2015-04-01,511,201,mixed,The Indie Mixtape,,,0,,storesearch+appdetails,
The Living Dungeon,$9.99 ,71.30%,2015-11-01,"1,170",201,mixed,The Living Dungeon,,,0,,storesearch+appdetails,
Woodle Tree 2: Deluxe+,$12.99 ,80.64%,2019-12-01,"3,361",201,mixed,Woodle Tree 2: Deluxe+,,,0,,storesearch+appdetails,
Aimbeast,$7.99 ,88.72%,2020-05-01,"2,958",201,mixed,Aimbeast,,,0,,storesearch+appdetails,
Just Another Night Shift,$6.99 ,87.08%,2024-03-01,"1,678",200,multi only,Just Another Night Shift,,,0,,storesearch+appdetails,
Flyhunter Origins,$3.99 ,74.93%,2014-12-01,227,200,single only,Flyhunter Origins,,,0,,storesearch+appdetails,
Battle Group 2,$7.99 ,78.42%,2014-06-01,754,200,single only,Battle Group 2,,,0,,storesearch+appdetails,
Dealer's Life,$9.99 ,88.37%,2019-01-01,"2,552",200,single only,Dealer's Life,,,0,,storesearch+appdetails,
Xenocide,$2.99 ,69.85%,2015-08-01,239,200,mixed,Xenocide,,,0,,storesearch+appdetails,
Trigger Runners,$7.99 ,68.19%,2016-03-01,229,199,single only,Trigger Runners,,,0,,storesearch+appdetails,
HIKIBYOU2,$1.99 ,73.27%,2017-01-01,198,199,single only,HIKIBYOU2,,,0,,storesearch+appdetails,
LEAVES - The Journey,$4.99 ,76.07%,2017-03-01,868,199,single only,LEAVES - The Journey,,,0,,storesearch+appdetails,
Zombie Training Simulator,$19.99 ,84.20%,2016-04-01,"1,313",199,single only,Zombie Training Simulator,,,0,,storesearch+appdetails,
12 Labours of Hercules V: Kids of Hellas (Platinum Edition),$2.99 ,85.29%,2016-06-01,477,199,single only,12 Labours of Hercules V: Kids of Hellas (Platinum Edition),,,0,,storesearch+appdetails,
Switch 'N' Shoot,$3.99 ,85.96%,2016-10-01,373,199,single only,Switch 'N' Shoot,,,0,,storesearch+appdetails,
Snakebird,$6.99 ,88.38%,2015-05-01,"1,594",199,single only,Snakebird,,,0,,storesearch+appdetails,
StarsOne,$9.99 ,70.12%,2016-04-01,"5,701",199,mixed,StarsOne,,,0,,storesearch+appdetails,
Ganbare! Super Strikers,$9.99 ,76.48%,2018-07-01,609,199,mixed,Ganbare! Super Strikers,,,0,,storesearch+appdetails,
4D Golf,$19.99 ,91.68%,2024-03-01,"2,614",199,mixed,4D Golf,,,0,,storesearch+appdetails,
Eraser & Builder,$1.99 ,66.27%,2017-02-01,73,198,single only,Eraser & Builder,,,0,,storesearch+appdetails,
Zen Garden,$9.99 ,69.31%,2017-04-01,419,198,single only,Zen Garden,,,0,,storesearch+appdetails,
State of Mind,$19.99 ,75.64%,2018-08-01,"13,171",198,single only,State of Mind,,,0,,storesearch+appdetails,
Interstellar Space: Genesis,$9.89 ,79.34%,2019-07-01,"8,357",198,single only,Interstellar Space: Genesis,,,0,,storesearch+appdetails,
Headliner: NoviNews,$13.99 ,83.99%,2018-10-01,"4,712",198,single only,Headliner: NoviNews,,,0,,storesearch+appdetails,
Perfect Golf,$34.99 ,63.69%,2016-05-01,"3,848",198,mixed,Perfect Golf,,,0,,storesearch+appdetails,
"Rock, Ken, Bo",$3.99 ,68.97%,2017-05-01,42,198,mixed,"Rock, Ken, Bo",,,0,,storesearch+appdetails,
Dragon Song Tavern: Cozy & Adventurous,$19.90 ,74.49%,2025-09-01,"4,853",198,mixed,Dragon Song Tavern: Cozy & Adventurous,,,0,,storesearch+appdetails,
Evochron Legacy SE,$24.99 ,77.87%,2016-01-01,"15,609",198,mixed,Evochron Legacy SE,,,0,,storesearch+appdetails,
Remaya Idle,$2.99 ,58.78%,2017-11-01,303,197,single only,Remaya Idle,,,0,,storesearch+appdetails,
Bloody Streets,$4.99 ,72.39%,2015-03-01,418,197,single only,Bloody Streets,,,0,,storesearch+appdetails,
Swordbreaker The Game,$4.99 ,77.97%,2015-11-01,"2,202",197,single only,Swordbreaker The Game,,,0,,storesearch+appdetails,
Mechs V Kaijus - Tower Defense,$12.99 ,78.19%,2018-05-01,"4,166",197,single only,Mechs V Kaijus - Tower Defense,,,0,,storesearch+appdetails,
Dragon Fin Soup,$19.99 ,55.89%,2015-11-01,"3,810",196,single only,Dragon Fin Soup,,,0,,storesearch+appdetails,
peakvox Escape Virus HD,$2.99 ,59.43%,2016-11-01,65,196,single only,peakvox Escape Virus HD,,,0,,storesearch+appdetails,
Marle: The Labyrinth of the Black Sea,$12.99 ,66.30%,2019-05-01,"2,049",196,single only,Marle: The Labyrinth of the Black Sea,,,0,,storesearch+appdetails,
Incredible Dracula: Chasing Love Collector's Edition,$9.99 ,69.52%,2015-11-01,285,196,single only,Incredible Dracula: Chasing Love Collector's Edition,,,0,,storesearch+appdetails,
Moebius: Empire Rising,$14.99 ,70.90%,2014-04-01,773,196,single only,Moebius: Empire Rising,,,0,,storesearch+appdetails,
Crossing Souls,$14.99 ,75.41%,2018-02-01,"9,963",196,single only,Crossing Souls,,,0,,storesearch+appdetails,
PictoQuest,$7.99 ,77.89%,2020-02-01,421,196,single only,PictoQuest,,,0,,storesearch+appdetails,
Fallen Hero: Rebirth,$6.99 ,89.23%,2018-03-01,786,196,single only,Fallen Hero: Rebirth,,,0,,storesearch+appdetails,
"Peace, Death!",$4.99 ,89.47%,2017-03-01,"5,558",196,single only,"Peace, Death!",,,0,,storesearch+appdetails,
Paint it Back,$7.99 ,90.57%,2015-10-01,985,196,single only,Paint it Back,,,0,,storesearch+appdetails,
Diorama Battle of NINJA　虚拟3D世界 忍者之战,$6.99 ,62.61%,2016-09-01,296,196,mixed,Diorama Battle of NINJA　虚拟3D世界 忍者之战,,,0,,storesearch+appdetails,
The Ship: Remasted,$9.99 ,57.36%,2016-10-01,"12,659",195,multi only,The Ship: Remasted,,,0,,storesearch+appdetails,
Panzer Strategy,$29.99 ,63.15%,2018-08-01,"6,297",195,single only,Panzer Strategy,,,0,,storesearch+appdetails,
Our Love Will Grow,$4.99 ,63.37%,2015-12-01,"1,080",195,single only,Our Love Will Grow,,,0,,storesearch+appdetails,
Holy Knight Luviria,$19.99 ,73.74%,2019-11-01,"3,705",195,single only,Holy Knight Luviria,,,0,,storesearch+appdetails,
Stick RPG 2: Director's Cut,$19.99 ,80.38%,2011-04-01,"3,362",195,single only,Stick RPG 2: Director's Cut,,,0,,storesearch+appdetails,
"About Love, Hate and the other ones",$7.99 ,84.56%,2014-12-01,"1,246",195,single only,"About Love, Hate and the other ones",,,0,,storesearch+appdetails,
Zombotron,$14.99 ,85.41%,2019-04-01,"10,184",195,single only,Zombotron,,,0,,storesearch+appdetails,
Heaven Dust,$7.99 ,85.45%,2020-02-01,"3,334",195,single only,Heaven Dust,,,0,,storesearch+appdetails,
The Witch's House MV,$14.99 ,91.42%,2018-10-01,"14,299",195,single only,The Witch's House MV,,,0,,storesearch+appdetails,
Mount Your Friends 3D: A Hard Man is Good to Climb,$6.99 ,82.88%,2018-02-01,"3,169",195,mixed,Mount Your Friends 3D: A Hard Man is Good to Climb,,,0,,storesearch+appdetails,
Frantic Freighter,$2.99 ,69.85%,2016-08-01,363,194,single only,Frantic Freighter,,,0,,storesearch+appdetails,
Safety First!,$2.99 ,75.96%,2016-09-01,801,194,single only,Safety First!,,,0,,storesearch+appdetails,
Endless Jade Sea -Midori no Umi-,$1.99 ,79.16%,2019-01-01,"2,979",194,single only,Endless Jade Sea -Midori no Umi-,,,0,,storesearch+appdetails,
These nights in Cairo,$7.99 ,84.68%,2017-10-01,"1,191",194,single only,These nights in Cairo,,,0,,storesearch+appdetails,
Scanner Sombre,$6.99 ,86.28%,2017-04-01,"7,267",194,single only,Scanner Sombre,,,0,,storesearch+appdetails,
Tic-Toc-Tower,$2.99 ,57.71%,2015-09-01,690,194,mixed,Tic-Toc-Tower,,,0,,storesearch+appdetails,
Steel Rain,$9.99 ,75.64%,2015-12-01,832,194,mixed,Steel Rain,,,0,,storesearch+appdetails,
Psycho Starship Rampage,$9.99 ,78.56%,2015-09-01,"1,296",194,mixed,Psycho Starship Rampage,,,0,,storesearch+appdetails,
Blue Rose Reprise,$15.99 ,59.83%,2013-08-01,581,193,single only,Blue Rose Reprise,,,0,,storesearch+appdetails,
Beach Bounce,$9.99 ,64.06%,2015-08-01,"3,750",193,single only,Beach Bounce,,,0,,storesearch+appdetails,
Infectonator: Survivors,$9.99 ,64.74%,2016-08-01,"13,804",193,single only,Infectonator: Survivors,,,0,,storesearch+appdetails,
Hunter's Legacy,$6.99 ,68.85%,2016-07-01,543,193,single only,Hunter's Legacy,,,0,,storesearch+appdetails,
Remothered: Tormented Fathers,$19.99 ,71.46%,2018-01-01,"16,669",193,single only,Remothered: Tormented Fathers,,,0,,storesearch+appdetails,
Constant C,$9.99 ,76.60%,2014-03-01,328,193,single only,Constant C,,,0,,storesearch+appdetails,
Flower,$6.99 ,77.49%,2019-02-01,"16,060",193,single only,Flower,,,0,,storesearch+appdetails,
Eador: Genesis,$5.99 ,77.98%,2009-08-01,"1,386",193,single only,Eador: Genesis,,,0,,storesearch+appdetails,
Amaranthine,$2.99 ,81.43%,2016-04-01,296,193,single only,Amaranthine,,,0,,storesearch+appdetails,
Subsurface Circular,$5.99 ,89.87%,2017-08-01,"6,178",193,single only,Subsurface Circular,,,0,,storesearch+appdetails,
Lucy -The Eternity She Wished For-,$9.99 ,92.07%,2016-02-01,"32,773",193,single only,Lucy -The Eternity She Wished For-,,,0,,storesearch+appdetails,
The Battle for Sector 219,$6.99 ,50.00%,2016-06-01,197,193,mixed,The Battle for Sector 219,,,0,,storesearch+appdetails,
Objects in Space,$24.99 ,51.33%,2018-06-01,"6,594",193,mixed,Objects in Space,,,0,,storesearch+appdetails,
Operation KREEP,$2.99 ,64.07%,2015-10-01,113,193,mixed,Operation KREEP,,,0,,storesearch+appdetails,
Wildfire,$14.99 ,78.35%,2020-05-01,"8,349",193,mixed,Wildfire,,,0,,storesearch+appdetails,
Starship EVO,$19.99 ,80.24%,2020-06-01,"17,774",193,mixed,Starship EVO,,,0,,storesearch+appdetails,
VRC PRO,$44.99 ,82.12%,2015-03-01,"8,070",193,mixed,VRC PRO,,,0,,storesearch+appdetails,
Satellite Rush,$4.99 ,72.94%,2016-11-01,283,192,single only,Satellite Rush,,,0,,storesearch+appdetails,
SpaceBourne,$14.99 ,73.01%,2018-10-01,"12,953",192,single only,SpaceBourne,,,0,,storesearch+appdetails,
Legal Dungeon,$6.99 ,74.19%,2019-05-01,"1,312",192,single only,Legal Dungeon,,,0,,storesearch+appdetails,
Rescue Team 5,$3.99 ,75.80%,2015-09-01,250,192,single only,Rescue Team 5,,,0,,storesearch+appdetails,
Die Young,$9.99 ,75.82%,2019-09-01,"36,725",192,single only,Die Young,,,0,,storesearch+appdetails,
Clock Simulator,$3.99 ,81.78%,2016-07-01,566,192,single only,Clock Simulator,,,0,,storesearch+appdetails,
The House in Fata Morgana,$16.24 ,91.51%,2016-05-01,"13,208",192,single only,The House in Fata Morgana,,,0,,storesearch+appdetails,
Conflicks - Revolutionary Space Battles,$6.99 ,67.09%,2015-11-01,"7,286",192,mixed,Conflicks - Revolutionary Space Battles,,,0,,storesearch+appdetails,
8-Bit Invaders!,$14.99 ,77.38%,2016-12-01,"13,019",192,mixed,8-Bit Invaders!,,,0,,storesearch+appdetails,
Toxic Terror,$1.99 ,63.06%,2016-04-01,117,191,single only,Toxic Terror,,,0,,storesearch+appdetails,
Everybody's Gone to the Rapture,$19.99 ,66.16%,2016-04-01,"27,832",191,single only,Everybody's Gone to the Rapture,,,0,,storesearch+appdetails,
Estiman: Game of Estimation,$3.99 ,75.14%,2016-11-01,139,191,single only,Estiman: Game of Estimation,,,0,,storesearch+appdetails,
"Sorry, James",$6.99 ,75.39%,2017-11-01,"3,588",191,single only,"Sorry, James",,,0,,storesearch+appdetails,
Strike Suit Infinity,$6.99 ,77.44%,2013-04-01,"3,947",191,single only,Strike Suit Infinity,,,0,,storesearch+appdetails,
Stay Out of the House,$14.99 ,89.96%,2022-10-01,"8,685",191,single only,Stay Out of the House,,,0,,storesearch+appdetails,
Boomerang X,$19.99 ,90.25%,2021-07-01,"5,513",191,single only,Boomerang X,,,0,,storesearch+appdetails,
Armored Evolution,$9.99 ,70.65%,2019-02-01,441,191,mixed,Armored Evolution,,,0,,storesearch+appdetails,
Deathsmiles,$9.99 ,89.31%,2016-03-01,"5,822",191,mixed,Deathsmiles,,,0,,storesearch+appdetails,
Shiness: The Lightning Kingdom,$9.99 ,56.91%,2017-04-01,"12,840",190,single only,Shiness: The Lightning Kingdom,,,0,,storesearch+appdetails,
Franchise Hockey Manager 4,$19.99 ,61.71%,2017-10-01,859,190,single only,Franchise Hockey Manager 4,,,0,,storesearch+appdetails,
Rogue's Tale,$6.99 ,69.17%,2014-03-01,"1,780",190,single only,Rogue's Tale,,,0,,storesearch+appdetails,
Richard & Alice,$5.99 ,69.29%,2014-06-01,600,190,single only,Richard & Alice,,,0,,storesearch+appdetails,
SATAZIUS,$5.99 ,78.46%,2011-12-01,690,190,single only,SATAZIUS,,,0,,storesearch+appdetails,
Farm Frenzy: Hurricane Season,$1.74 ,80.37%,2015-04-01,484,190,single only,Farm Frenzy: Hurricane Season,,,0,,storesearch+appdetails,
Welcome to the Game,$4.99 ,81.31%,2016-06-01,"8,413",190,single only,Welcome to the Game,,,0,,storesearch+appdetails,
Fist Puncher,$9.99 ,67.32%,2013-06-01,746,190,mixed,Fist Puncher,,,0,,storesearch+appdetails,
Hellcoming,$3.49 ,75.03%,2021-12-01,"2,118",190,mixed,Hellcoming,,,0,,storesearch+appdetails,
Radio General,$19.99 ,77.89%,2020-04-01,"6,240",190,mixed,Radio General,,,0,,storesearch+appdetails,
Halfway,$12.99 ,69.54%,2014-07-01,"12,987",189,single only,Halfway,,,0,,storesearch+appdetails,
Lemma,$14.99 ,76.26%,2015-05-01,"3,760",189,single only,Lemma,,,0,,storesearch+appdetails,
Demon Queen Melissa,$19.99 ,78.01%,2023-01-01,"3,508",189,single only,Demon Queen Melissa,,,0,,storesearch+appdetails,
Hellbreach: Vegas,$14.99 ,69.55%,2024-08-01,"6,367",189,mixed,Hellbreach: Vegas,,,0,,storesearch+appdetails,
Remnant Records,$15.99 ,73.11%,2024-01-01,"5,056",189,mixed,Remnant Records,,,0,,storesearch+appdetails,
Arise: A Simple Story,$8.10 ,87.86%,2020-12-01,"8,567",189,mixed,Arise: A Simple Story,,,0,,storesearch+appdetails,
Succubus x Saint,$14.99 ,65.53%,2022-03-01,"2,631",188,single only,Succubus x Saint,,,0,,storesearch+appdetails,
Unstoppable Gorg,$9.99 ,73.92%,2012-01-01,610,188,single only,Unstoppable Gorg,,,0,,storesearch+appdetails,
Spirits of Xanadu,$4.99 ,74.00%,2015-03-01,"3,607",188,single only,Spirits of Xanadu,,,0,,storesearch+appdetails,
Cally's Caves 3,$6.99 ,76.47%,2016-01-01,"2,293",188,single only,Cally's Caves 3,,,0,,storesearch+appdetails,
Down in Bermuda,$19.99 ,85.03%,2021-01-01,"2,318",188,single only,Down in Bermuda,,,0,,storesearch+appdetails,
Lucius Demake,$4.99 ,87.08%,2016-08-01,"2,289",188,single only,Lucius Demake,,,0,,storesearch+appdetails,
Paradigm,$14.99 ,89.27%,2017-04-01,"4,996",188,single only,Paradigm,,,0,,storesearch+appdetails,
SILENT BREATH,$4.49 ,66.47%,2024-04-01,"9,529",188,mixed,SILENT BREATH,,,0,,storesearch+appdetails,
ROCKETSROCKETSROCKETS,$6.99 ,70.67%,2015-05-01,"2,991",188,mixed,ROCKETSROCKETSROCKETS,,,0,,storesearch+appdetails,
Unruly Heroes,$19.99 ,72.26%,2019-01-01,"15,667",188,mixed,Unruly Heroes,,,0,,storesearch+appdetails,
Sinister Night,$9.99 ,57.98%,2022-06-01,"2,026",187,multi only,Sinister Night,,,0,,storesearch+appdetails,
The Swindle,$14.99 ,62.31%,2015-07-01,"6,179",187,single only,The Swindle,,,0,,storesearch+appdetails,
UFO: Afterlight,$6.99 ,63.23%,2007-02-01,"2,261",187,single only,UFO: Afterlight,,,0,,storesearch+appdetails,
Goliath,$11.99 ,63.70%,2016-05-01,"6,227",187,single only,Goliath,,,0,,storesearch+appdetails,
Gleaner Heights,$9.99 ,69.42%,2018-02-01,"4,501",187,single only,Gleaner Heights,,,0,,storesearch+appdetails,
The Marvellous Miss Take,$19.99 ,75.38%,2014-11-01,"2,474",187,single only,The Marvellous Miss Take,,,0,,storesearch+appdetails,
Marlow Briggs and the Mask of Death,$4.99 ,86.45%,2013-09-01,"3,209",187,single only,Marlow Briggs and the Mask of Death,,,0,,storesearch+appdetails,
The Cat Lady,$8.99 ,90.71%,2012-12-01,"12,713",187,single only,The Cat Lady,,,0,,storesearch+appdetails,
Umineko: Golden Fantasia,$24.99 ,85.37%,2017-12-01,"4,398",187,mixed,Umineko: Golden Fantasia,,,0,,storesearch+appdetails,
Agent Walker: Secret Journey,$14.99 ,64.79%,2016-09-01,459,186,single only,Agent Walker: Secret Journey,,,0,,storesearch+appdetails,
Feudal Alloy,$16.99 ,68.43%,2019-01-01,"6,925",186,single only,Feudal Alloy,,,0,,storesearch+appdetails,
Sounds of Verity,$4.99 ,72.54%,2018-03-01,678,186,single only,Sounds of Verity,,,0,,storesearch+appdetails,
The Spiral Scouts,$9.99 ,75.87%,2018-07-01,"1,736",186,single only,The Spiral Scouts,,,0,,storesearch+appdetails,
The Escaper,$3.99 ,87.98%,2020-03-01,"1,337",186,single only,The Escaper,,,0,,storesearch+appdetails,
Rem Survival,$15.99 ,72.20%,2021-03-01,"9,335",186,mixed,Rem Survival,,,0,,storesearch+appdetails,
SkyDrift,$9.99 ,83.69%,2011-11-01,"2,260",186,mixed,SkyDrift,,,0,,storesearch+appdetails,
Ludus,$9.99 ,66.35%,2020-02-01,"2,962",185,single only,Ludus,,,0,,storesearch+appdetails,
Country Girl Keiko,$15.99 ,69.64%,2020-01-01,"3,199",185,single only,Country Girl Keiko,,,0,,storesearch+appdetails,
Crimson Imprint plus -Nonexistent Christmas-,$1.99 ,88.23%,2014-02-01,"7,379",185,single only,Crimson Imprint plus -Nonexistent Christmas-,,,0,,storesearch+appdetails,
Death's Hangover,$4.99 ,82.32%,2017-01-01,849,185,mixed,Death's Hangover,,,0,,storesearch+appdetails,
Bob Was Hungry,$9.99 ,82.53%,2015-08-01,729,185,mixed,Bob Was Hungry,,,0,,storesearch+appdetails,
Sand:box,$1.99 ,88.58%,2023-11-01,"2,070",185,mixed,Sand:box,,,0,,storesearch+appdetails,
Chained in the Backrooms,$2.99 ,66.33%,2025-02-01,"2,114",184,multi only,Chained in the Backrooms,,,0,,storesearch+appdetails,
Phantaruk,$4.99 ,59.23%,2016-08-01,"1,178",184,single only,Phantaruk,,,0,,storesearch+appdetails,
Alder's Blood: Definitive Edition,$19.99 ,59.39%,2020-04-01,"5,076",184,single only,Alder's Blood: Definitive Edition,,,0,,storesearch+appdetails,
INK,$4.99 ,77.64%,2015-08-01,"3,127",184,single only,INK,,,0,,storesearch+appdetails,
Mushroom 11,$14.99 ,79.50%,2015-10-01,"4,541",184,single only,Mushroom 11,,,0,,storesearch+appdetails,
Trap Shrine,$9.99 ,89.41%,2019-03-01,"7,571",184,single only,Trap Shrine,,,0,,storesearch+appdetails,
Snowballer,$1.99 ,58.75%,2020-10-01,131,184,mixed,Snowballer,,,0,,storesearch+appdetails,
Undungeon,$19.99 ,61.71%,2021-11-01,"8,289",183,single only,Undungeon,,,0,,storesearch+appdetails,
The Uncertain: Light At The End,$9.99 ,62.52%,2020-10-01,"10,012",183,single only,The Uncertain: Light At The End,,,0,,storesearch+appdetails,
Forged of Blood,$14.99 ,62.93%,2019-08-01,"3,648",183,single only,Forged of Blood,,,0,,storesearch+appdetails,
回门 Way Back Home,$6.99 ,68.33%,2021-01-01,"2,606",183,single only,回门 Way Back Home,,,0,,storesearch+appdetails,
Interkosmos,$4.99 ,75.58%,2017-04-01,"2,795",183,single only,Interkosmos,,,0,,storesearch+appdetails,
Armada 2526 Gold Edition,$19.99 ,63.31%,2013-03-01,720,183,mixed,Armada 2526 Gold Edition,,,0,,storesearch+appdetails,
Stuck Together,$11.73 ,80.95%,2025-11-01,895,182,multi only,Stuck Together,,,0,,storesearch+appdetails,
Into the Void,$1.99 ,60.01%,2015-12-01,"3,053",182,single only,Into the Void,,,0,,storesearch+appdetails,
Jelly Killer,$3.99 ,75.25%,2016-03-01,428,182,single only,Jelly Killer,,,0,,storesearch+appdetails,
The Charnel House Trilogy,$5.99 ,75.94%,2015-04-01,"1,807",182,single only,The Charnel House Trilogy,,,0,,storesearch+appdetails,
War of the Human Tanks,$9.99 ,80.86%,2012-09-01,"2,040",182,single only,War of the Human Tanks,,,0,,storesearch+appdetails,
Sorcery! Parts 1 and 2,$12.99 ,83.50%,2016-02-01,"5,573",182,single only,Sorcery! Parts 1 and 2,,,0,,storesearch+appdetails,
Poker Club,$19.99 ,57.05%,2020-11-01,"2,204",182,mixed,Poker Club,,,0,,storesearch+appdetails,
Jets'n'Guns 2,$15.99 ,85.67%,2020-07-01,"3,719",182,mixed,Jets'n'Guns 2,,,0,,storesearch+appdetails,
Noir Syndrome,$4.99 ,63.20%,2014-04-01,402,181,single only,Noir Syndrome,,,0,,storesearch+appdetails,
Snuggle Truck,$4.99 ,76.16%,2012-02-01,471,181,single only,Snuggle Truck,,,0,,storesearch+appdetails,
Disc Room,$14.99 ,87.95%,2020-10-01,"3,157",181,single only,Disc Room,,,0,,storesearch+appdetails,
Cannibal Crossing,$19.99 ,60.20%,2022-05-01,"4,466",181,mixed,Cannibal Crossing,,,0,,storesearch+appdetails,
Gunscape,$19.99 ,64.23%,2016-03-01,"8,624",181,mixed,Gunscape,,,0,,storesearch+appdetails,
Prank Bros / 欢乐兄弟,$4.99 ,65.74%,2018-07-01,708,181,mixed,Prank Bros / 欢乐兄弟,,,0,,storesearch+appdetails,
Lumberhill,$5.10 ,72.65%,2021-06-01,"3,866",181,mixed,Lumberhill,,,0,,storesearch+appdetails,
KitHack Model Club,$19.99 ,75.79%,2024-08-01,"6,850",181,mixed,KitHack Model Club,,,0,,storesearch+appdetails,
ATOMEGA,$9.99 ,73.86%,2017-09-01,"12,491",180,multi only,ATOMEGA,,,0,,storesearch+appdetails,
Volume,$19.99 ,72.29%,2015-08-01,"10,051",180,single only,Volume,,,0,,storesearch+appdetails,
Hidden Object 6-in-1 bundle,$11.99 ,74.34%,2016-03-01,785,180,single only,Hidden Object 6-in-1 bundle,,,0,,storesearch+appdetails,
Mr. Bree+,$2.99 ,77.96%,2013-11-01,355,180,single only,Mr. Bree+,,,0,,storesearch+appdetails,
Old Man's Journey,$9.99 ,83.84%,2017-05-01,"11,419",180,single only,Old Man's Journey,,,0,,storesearch+appdetails,
Farm Frenzy Collection,$19.99 ,88.48%,2015-08-01,"1,343",180,single only,Farm Frenzy Collection,,,0,,storesearch+appdetails,
Sayonara Wild Hearts,$12.99 ,93.62%,2019-12-01,"14,067",180,single only,Sayonara Wild Hearts,,,0,,storesearch+appdetails,
Yasai Ninja,$3.99 ,40.25%,2015-07-01,311,180,mixed,Yasai Ninja,,,0,,storesearch+appdetails,
BOSSGARD,$19.98 ,55.21%,2020-05-01,"3,609",180,mixed,BOSSGARD,,,0,,storesearch+appdetails,
TY the Tasmanian Tiger 2,$14.99 ,88.38%,2017-12-01,"4,694",180,mixed,TY the Tasmanian Tiger 2,,,0,,storesearch+appdetails,
Echo of the Wilds,$6.99 ,71.12%,2014-06-01,"9,292",179,single only,Echo of the Wilds,,,0,,storesearch+appdetails,
A New Beginning - Final Cut,$9.99 ,72.17%,2012-12-01,"2,637",179,single only,A New Beginning - Final Cut,,,0,,storesearch+appdetails,
ARAYA,$14.99 ,73.30%,2016-11-01,"7,185",179,single only,ARAYA,,,0,,storesearch+appdetails,
六阶谜题 six-step mystery,$6.99 ,82.61%,2020-04-01,"1,902",179,single only,六阶谜题 six-step mystery,,,0,,storesearch+appdetails,
Tachyon Project,$4.99 ,68.68%,2015-07-01,250,179,mixed,Tachyon Project,,,0,,storesearch+appdetails,
Chess Ultra,$12.99 ,72.23%,2017-06-01,"7,959",179,mixed,Chess Ultra,,,0,,storesearch+appdetails,
Waltz of the Wizard,$19.99 ,85.58%,2019-07-01,"7,495",179,mixed,Waltz of the Wizard,,,0,,storesearch+appdetails,
Kaiju-A-GoGo,$3.99 ,62.94%,2015-04-01,"1,681",178,single only,Kaiju-A-GoGo,,,0,,storesearch+appdetails,
Songs of Wuxia,$3.99 ,75.42%,2020-09-01,"4,779",178,single only,Songs of Wuxia,,,0,,storesearch+appdetails,
The Price of Freedom,$1.99 ,85.83%,2016-12-01,"1,650",178,single only,The Price of Freedom,,,0,,storesearch+appdetails,
eversion,$4.99 ,86.64%,2010-06-01,"1,615",178,single only,eversion,,,0,,storesearch+appdetails,
Super Fancy Pants Adventure,$9.99 ,88.63%,2017-09-01,"5,977",178,single only,Super Fancy Pants Adventure,,,0,,storesearch+appdetails,
Primordia,$9.99 ,92.52%,2012-12-01,"12,169",178,single only,Primordia,,,0,,storesearch+appdetails,
Gravity Wars,$2.99 ,55.30%,2018-07-01,653,178,mixed,Gravity Wars,,,0,,storesearch+appdetails,
Football Pitch Simulator,$7.99 ,83.24%,2025-10-01,512,178,mixed,Football Pitch Simulator,,,0,,storesearch+appdetails,
Spheroids,$4.99 ,68.20%,2017-02-01,114,177,single only,Spheroids,,,0,,storesearch+appdetails,
Beware Planet Earth,$4.99 ,68.23%,2014-04-01,450,177,single only,Beware Planet Earth,,,0,,storesearch+appdetails,
Evil Defenders,$4.99 ,76.27%,2015-11-01,"1,803",177,single only,Evil Defenders,,,0,,storesearch+appdetails,
Sipho,$17.99 ,78.64%,2023-09-01,"4,572",177,single only,Sipho,,,0,,storesearch+appdetails,
Ame no Marginal -Rain Marginal-,$12.99 ,80.66%,2014-12-01,"2,474",177,single only,Ame no Marginal -Rain Marginal-,,,0,,storesearch+appdetails,
Silent Rain,$9.99 ,66.43%,2024-07-01,"2,495",177,mixed,Silent Rain,,,0,,storesearch+appdetails,
Online Sparkler,$4.99 ,78.20%,2022-06-01,517,177,mixed,Online Sparkler,,,0,,storesearch+appdetails,
The Executioner,$9.99 ,63.86%,2019-09-01,"1,806",176,single only,The Executioner,,,0,,storesearch+appdetails,
DreadOut,$14.99 ,74.79%,2014-05-01,"22,078",176,single only,DreadOut,,,0,,storesearch+appdetails,
A Sceptic's Guide to Magic,$4.99 ,79.67%,2019-08-01,"1,274",176,single only,A Sceptic's Guide to Magic,,,0,,storesearch+appdetails,
fishy,$2.99 ,80.78%,2019-10-01,539,176,single only,fishy,,,0,,storesearch+appdetails,
The logic of the miniature garden,$9.99 ,81.37%,2019-06-01,"4,830",176,single only,The logic of the miniature garden,,,0,,storesearch+appdetails,
Hade,$3.99 ,83.06%,2016-12-01,374,176,single only,Hade,,,0,,storesearch+appdetails,
Cursor Challenge,$2.99 ,56.73%,2016-04-01,170,176,mixed,Cursor Challenge,,,0,,storesearch+appdetails,
Flying Tigers: Shadows Over China,$14.99 ,68.59%,2017-05-01,"12,258",176,mixed,Flying Tigers: Shadows Over China,,,0,,storesearch+appdetails,
Spells & Secrets,$24.99 ,73.96%,2023-11-01,"10,691",176,mixed,Spells & Secrets,,,0,,storesearch+appdetails,
P.A.M.E.L.A.®,$24.99 ,57.84%,2020-06-01,"33,493",175,single only,P.A.M.E.L.A.®,,,0,,storesearch+appdetails,
Fading Hearts,$12.99 ,61.59%,2009-11-01,"1,393",175,single only,Fading Hearts,,,0,,storesearch+appdetails,
Diadra Empty,$5.99 ,69.59%,2015-07-01,453,175,single only,Diadra Empty,,,0,,storesearch+appdetails,
Fresh Body,$9.58 ,71.67%,2016-11-01,"12,905",175,single only,Fresh Body,,,0,,storesearch+appdetails,
Rogue Wizards,$14.99 ,72.21%,2016-09-01,"3,436",175,single only,Rogue Wizards,,,0,,storesearch+appdetails,
Woven,$19.99 ,73.99%,2019-11-01,"1,119",175,single only,Woven,,,0,,storesearch+appdetails,
ASYLUM,$16.24 ,79.94%,2025-03-01,"10,003",175,single only,ASYLUM,,,0,,storesearch+appdetails,
New Star Manager,$19.99 ,81.70%,2018-09-01,"1,456",175,single only,New Star Manager,,,0,,storesearch+appdetails,
Rune Teller,$19.99 ,67.09%,2023-02-01,"3,539",175,mixed,Rune Teller,,,0,,storesearch+appdetails,
It's Quiz Time,$24.99 ,69.87%,2017-11-01,574,175,mixed,It's Quiz Time,,,0,,storesearch+appdetails,
Up N' Down,$3.99 ,70.44%,2023-12-01,421,175,mixed,Up N' Down,,,0,,storesearch+appdetails,
AFTERBLAST,$14.99 ,71.02%,2025-11-01,"4,225",175,mixed,AFTERBLAST,,,0,,storesearch+appdetails,
Dimension Drive,$12.99 ,73.03%,2017-12-01,"1,180",175,mixed,Dimension Drive,,,0,,storesearch+appdetails,
Serious Sam Classics: Revolution,$9.99 ,86.88%,2019-08-01,"7,201",175,mixed,Serious Sam Classics: Revolution,,,0,,storesearch+appdetails,
Border Officer,$9.99 ,56.11%,2019-07-01,"6,146",174,single only,Border Officer,,,0,,storesearch+appdetails,
Siege Wars,$1.99 ,62.35%,2015-07-01,245,174,single only,Siege Wars,,,0,,storesearch+appdetails,
Soul Axiom,$19.99 ,68.20%,2016-02-01,"4,035",174,single only,Soul Axiom,,,0,,storesearch+appdetails,
Island SAGA,$19.99 ,80.05%,2020-05-01,"4,121",174,single only,Island SAGA,,,0,,storesearch+appdetails,
Fairy Bloom Freesia,$7.99 ,80.63%,2012-10-01,"4,870",174,single only,Fairy Bloom Freesia,,,0,,storesearch+appdetails,
Meteorfall: Krumit's Tale,$14.99 ,85.03%,2020-07-01,"4,402",174,single only,Meteorfall: Krumit's Tale,,,0,,storesearch+appdetails,
Song of the Myrne: What Lies Beneath,$4.99 ,68.39%,2015-01-01,"1,515",174,mixed,Song of the Myrne: What Lies Beneath,,,0,,storesearch+appdetails,
Brain Show: Party Game,$11.24 ,69.40%,2023-06-01,"2,016",174,mixed,Brain Show: Party Game,,,0,,storesearch+appdetails,
Anode Heart: Layer Null,$15.99 ,84.32%,2025-11-01,895,174,mixed,Anode Heart: Layer Null,,,0,,storesearch+appdetails,
Captain Kaon,$6.99 ,60.74%,2017-04-01,241,173,single only,Captain Kaon,,,0,,storesearch+appdetails,
Cladun X2,$9.99 ,61.01%,2012-08-01,"1,950",173,single only,Cladun X2,,,0,,storesearch+appdetails,
Gryphon Knight Epic,$9.98 ,76.77%,2015-08-01,913,173,single only,Gryphon Knight Epic,,,0,,storesearch+appdetails,
Plutocracy,$24.99 ,76.94%,2019-11-01,"9,649",173,single only,Plutocracy,,,0,,storesearch+appdetails,
EvilQuest,$1.99 ,82.46%,2014-02-01,"1,042",173,single only,EvilQuest,,,0,,storesearch+appdetails,
Spooky's Jump Scare Mansion: HD Renovation,$9.99 ,92.01%,2017-03-01,"6,762",173,single only,Spooky's Jump Scare Mansion: HD Renovation,,,0,,storesearch+appdetails,
PAKO - Car Chase Simulator,$2.99 ,71.01%,2017-01-01,762,173,mixed,PAKO - Car Chase Simulator,,,0,,storesearch+appdetails,
Santa's Special Delivery,$2.99 ,63.21%,2014-12-01,74,172,single only,Santa's Special Delivery,,,0,,storesearch+appdetails,
BloodLust Shadowhunter,$9.99 ,75.25%,2015-09-01,"7,099",172,single only,BloodLust Shadowhunter,,,0,,storesearch+appdetails,
Snowball!,$3.99 ,79.48%,2016-12-01,536,172,single only,Snowball!,,,0,,storesearch+appdetails,
Iris.Fall,$14.99 ,84.89%,2018-12-01,"14,628",172,single only,Iris.Fall,,,0,,storesearch+appdetails,
The Asskickers-Steam Edition,$9.99 ,33.49%,2015-02-01,201,172,mixed,The Asskickers-Steam Edition,,,0,,storesearch+appdetails,
Riddled Corpses,$7.99 ,62.41%,2015-06-01,"1,818",172,mixed,Riddled Corpses,,,0,,storesearch+appdetails,
Interstellar Transport Company,$24.99 ,64.14%,2019-05-01,"11,867",172,mixed,Interstellar Transport Company,,,0,,storesearch+appdetails,
Ball Scooping Friends,$3.99 ,73.25%,2025-05-01,164,172,mixed,Ball Scooping Friends,,,0,,storesearch+appdetails,
Spacelines from the Far Out,$14.99 ,73.54%,2022-06-01,"3,913",172,mixed,Spacelines from the Far Out,,,0,,storesearch+appdetails,
Meltdown,$6.99 ,80.18%,2014-06-01,"1,332",172,mixed,Meltdown,,,0,,storesearch+appdetails,
GENSOU Skydrift,$23.99 ,83.11%,2019-12-01,"5,035",172,mixed,GENSOU Skydrift,,,0,,storesearch+appdetails,
Granny Simulator,$4.99 ,87.01%,2019-08-01,"7,661",172,mixed,Granny Simulator,,,0,,storesearch+appdetails,
Marble It Up! Ultra,$29.99 ,87.54%,2018-11-01,"3,510",172,mixed,Marble It Up! Ultra,,,0,,storesearch+appdetails,
Ikeda : The Scrap Hunter E.P.,$2.99 ,65.47%,2019-08-01,859,171,single only,Ikeda : The Scrap Hunter E.P.,,,0,,storesearch+appdetails,
Rover Mechanic Simulator,$4.79 ,72.53%,2020-11-01,"13,272",171,single only,Rover Mechanic Simulator,,,0,,storesearch+appdetails,
Game Dev Studio,$9.99 ,79.94%,2018-03-01,"2,433",171,single only,Game Dev Studio,,,0,,storesearch+appdetails,
Velocibox,$5.99 ,82.31%,2014-09-01,983,171,single only,Velocibox,,,0,,storesearch+appdetails,
Odallus: The Dark Call,$9.99 ,83.77%,2015-07-01,"4,891",171,single only,Odallus: The Dark Call,,,0,,storesearch+appdetails,
Changed,$4.99 ,84.57%,2018-04-01,"28,610",171,single only,Changed,,,0,,storesearch+appdetails,
SUPER CHICKEN JUMPER,$2.99 ,92.56%,2021-09-01,"5,547",171,mixed,SUPER CHICKEN JUMPER,,,0,,storesearch+appdetails,
Hiragana Pixel Party,$7.99 ,58.75%,2016-03-01,383,170,single only,Hiragana Pixel Party,,,0,,storesearch+appdetails,
Toren,$9.99 ,61.76%,2015-05-01,"12,205",170,single only,Toren,,,0,,storesearch+appdetails,
Crowntakers,$9.99 ,70.39%,2014-11-01,"3,824",170,single only,Crowntakers,,,0,,storesearch+appdetails,
The Bonfire: Forsaken Lands,$7.99 ,71.72%,2018-03-01,"2,092",170,single only,The Bonfire: Forsaken Lands,,,0,,storesearch+appdetails,
Brewer,$2.99 ,71.74%,2019-08-01,555,170,single only,Brewer,,,0,,storesearch+appdetails,
MetaHuman Inc.,$6.99 ,81.82%,2015-12-01,"1,255",170,single only,MetaHuman Inc.,,,0,,storesearch+appdetails,
Beyond Gravity,$1.99 ,83.34%,2014-09-01,675,170,single only,Beyond Gravity,,,0,,storesearch+appdetails,
MagiCat,$4.99 ,84.65%,2017-08-01,"1,475",170,single only,MagiCat,,,0,,storesearch+appdetails,
LOTUS-Simulator,$49.99 ,44.66%,2018-09-01,"4,725",170,mixed,LOTUS-Simulator,,,0,,storesearch+appdetails,
Mystic Melee,$3.99 ,64.32%,2017-09-01,580,170,mixed,Mystic Melee,,,0,,storesearch+appdetails,
TDS - Tower Defense Strategy,$12.95 ,74.76%,2025-05-01,"1,542",170,mixed,TDS - Tower Defense Strategy,,,0,,storesearch+appdetails,
Executive Assault,$12.99 ,81.23%,2015-07-01,"24,227",170,mixed,Executive Assault,,,0,,storesearch+appdetails,
Alien Hominid HD,$11.99 ,88.51%,2023-11-01,"3,578",170,mixed,Alien Hominid HD,,,0,,storesearch+appdetails,
Scapeland,$3.99 ,55.90%,2016-03-01,243,169,single only,Scapeland,,,0,,storesearch+appdetails,
Hard Truck Apocalypse / Ex Machina,$7.60 ,80.82%,2005-12-01,"3,931",169,single only,Hard Truck Apocalypse / Ex Machina,,,0,,storesearch+appdetails,
Teslagrad,$9.99 ,80.90%,2013-12-01,"8,598",169,single only,Teslagrad,,,0,,storesearch+appdetails,
12 Labours of Hercules VII: Fleecing the Fleece (Platinum Edition),$2.99 ,81.61%,2018-01-01,282,169,single only,12 Labours of Hercules VII: Fleecing the Fleece (Platinum Edition),,,0,,storesearch+appdetails,
Kick Ass Commandos,$4.99 ,86.02%,2016-11-01,"1,465",169,single only,Kick Ass Commandos,,,0,,storesearch+appdetails,
Marvin's Mittens,$5.99 ,86.33%,2014-12-01,443,169,single only,Marvin's Mittens,,,0,,storesearch+appdetails,
Deathless: Survivors,$2.99 ,58.29%,2024-07-01,"3,738",169,mixed,Deathless: Survivors,,,0,,storesearch+appdetails,
Ascent - The Space Game,$19.99 ,64.84%,2016-04-01,"8,517",168,multi only,Ascent - The Space Game,,,0,,storesearch+appdetails,
Mechanic Miner,$7.99 ,56.10%,2019-05-01,"7,353",168,single only,Mechanic Miner,,,0,,storesearch+appdetails,
Ether Loop,$11.99 ,66.51%,2020-01-01,"1,414",168,single only,Ether Loop,,,0,,storesearch+appdetails,
The Samaritan Paradox,$1.99 ,67.38%,2014-03-01,648,168,single only,The Samaritan Paradox,,,0,,storesearch+appdetails,
"Please, Don't Touch Anything 3D",$9.99 ,78.50%,2016-12-01,"4,911",168,single only,"Please, Don't Touch Anything 3D",,,0,,storesearch+appdetails,
80 Days,$12.99 ,86.31%,2015-09-01,"11,536",168,single only,80 Days,,,0,,storesearch+appdetails,
Creeper World: Anniversary Edition,$4.99 ,91.16%,2016-11-01,"1,016",168,single only,Creeper World: Anniversary Edition,,,0,,storesearch+appdetails,
Dodgeball Academia,$24.99 ,87.52%,2021-08-01,"4,143",168,mixed,Dodgeball Academia,,,0,,storesearch+appdetails,
Hifuu Nightmare Diary ~ Violet Detector.,$10.99 ,71.05%,2018-08-01,"2,338",167,single only,Hifuu Nightmare Diary ~ Violet Detector.,,,0,,storesearch+appdetails,
Laser Disco Defenders,$1.49 ,72.80%,2016-10-01,453,167,single only,Laser Disco Defenders,,,0,,storesearch+appdetails,
Atriage,$9.99 ,53.32%,2016-04-01,134,167,mixed,Atriage,,,0,,storesearch+appdetails,
Escape First 3,$6.99 ,60.11%,2020-03-01,990,167,mixed,Escape First 3,,,0,,storesearch+appdetails,
Stellar Warfare,$19.99 ,78.40%,2021-08-01,"13,641",167,mixed,Stellar Warfare,,,0,,storesearch+appdetails,
Kingdom of Night,$19.99 ,83.18%,2025-12-01,"6,945",167,mixed,Kingdom of Night,,,0,,storesearch+appdetails,
Seed of Evil,$12.99 ,75.12%,2018-11-01,"5,942",166,single only,Seed of Evil,,,0,,storesearch+appdetails,
In Other Waters,$14.99 ,83.73%,2020-04-01,"13,537",166,single only,In Other Waters,,,0,,storesearch+appdetails,
The Cat Games,$1.99 ,84.60%,2017-03-01,"3,242",166,single only,The Cat Games,,,0,,storesearch+appdetails,
RICO,$19.99 ,62.47%,2019-03-01,"4,951",166,mixed,RICO,,,0,,storesearch+appdetails,
Explosionade DX,$5.99 ,70.41%,2015-09-01,516,166,mixed,Explosionade DX,,,0,,storesearch+appdetails,
异世界生存指南,$3.99 ,73.02%,2025-02-01,"1,144",166,mixed,异世界生存指南,,,0,,storesearch+appdetails,
Salvation Prophecy,$19.99 ,63.17%,2013-10-01,794,165,single only,Salvation Prophecy,,,0,,storesearch+appdetails,
Break the Game,$9.99 ,69.47%,2019-07-01,"157,082",165,single only,Break the Game,,,0,,storesearch+appdetails,
Bird of Light,$4.99 ,72.76%,2016-07-01,109,165,single only,Bird of Light,,,0,,storesearch+appdetails,
Conarium,$3.59 ,74.53%,2017-06-01,"17,804",165,single only,Conarium,,,0,,storesearch+appdetails,
English Country Tune,$4.99 ,75.81%,2011-11-01,474,165,single only,English Country Tune,,,0,,storesearch+appdetails,
The Infectious Madness of Doctor Dekker,$8.99 ,78.20%,2017-05-01,"2,921",165,single only,The Infectious Madness of Doctor Dekker,,,0,,storesearch+appdetails,
Optika,$4.99 ,79.92%,2016-08-01,"1,323",165,single only,Optika,,,0,,storesearch+appdetails,
"That Dragon, Cancer",$9.99 ,85.73%,2016-01-01,"14,972",165,single only,"That Dragon, Cancer",,,0,,storesearch+appdetails,
Sugar Shack,$19.99 ,63.11%,2023-09-01,"2,683",165,mixed,Sugar Shack,,,0,,storesearch+appdetails,
Homeseek,$24.99 ,63.44%,2023-07-01,"7,623",165,mixed,Homeseek,,,0,,storesearch+appdetails,
AirMech Wastelands,$14.99 ,66.35%,2018-07-01,"3,754",165,mixed,AirMech Wastelands,,,0,,storesearch+appdetails,
WhaleGameOnline,$2.99 ,82.05%,2023-11-01,328,165,mixed,WhaleGameOnline,,,0,,storesearch+appdetails,
99 Levels To Hell,$4.99 ,59.00%,2014-02-01,554,164,single only,99 Levels To Hell,,,0,,storesearch+appdetails,
STAY,$11.99 ,65.65%,2018-05-01,"2,399",164,single only,STAY,,,0,,storesearch+appdetails,
RaidersSphere4th,$19.99 ,67.58%,2013-12-01,"1,254",164,single only,RaidersSphere4th,,,0,,storesearch+appdetails,
彼岸画廊/Nether Gallery,$6.99 ,79.10%,2019-04-01,"1,178",164,single only,彼岸画廊/Nether Gallery,,,0,,storesearch+appdetails,
Reverse Crawl,$5.99 ,82.93%,2015-09-01,"2,374",164,single only,Reverse Crawl,,,0,,storesearch+appdetails,
Nelly Cootalot: The Fowl Fleet,$17.60 ,86.95%,2016-03-01,"2,297",164,single only,Nelly Cootalot: The Fowl Fleet,,,0,,storesearch+appdetails,
Moss,$19.99 ,91.25%,2018-02-01,"26,462",164,single only,Moss,,,0,,storesearch+appdetails,
The Masterplan,$19.99 ,60.85%,2015-06-01,"10,669",163,single only,The Masterplan,,,0,,storesearch+appdetails,
World of Subways 4 – New York Line 7,$19.99 ,66.12%,2015-03-01,"1,517",163,single only,World of Subways 4 – New York Line 7,,,0,,storesearch+appdetails,
Zombie Solitaire 2 Chapter 1,$8.99 ,67.42%,2017-06-01,203,163,single only,Zombie Solitaire 2 Chapter 1,,,0,,storesearch+appdetails,
Neversong,$14.99 ,81.54%,2020-05-01,"5,768",163,single only,Neversong,,,0,,storesearch+appdetails,
Higurashi When They Cry Hou - Ch.2 Watanagashi,$7.99 ,91.83%,2015-11-01,"6,362",163,single only,Higurashi When They Cry Hou - Ch.2 Watanagashi,,,0,,storesearch+appdetails,
Only Up 2,$7.99 ,38.42%,2023-12-01,789,163,mixed,Only Up 2,,,0,,storesearch+appdetails,
White Noise 2,$9.99 ,76.99%,2017-04-01,"30,436",163,mixed,White Noise 2,,,0,,storesearch+appdetails,
Zombie Estate 2,$4.99 ,90.44%,2017-01-01,"1,249",163,mixed,Zombie Estate 2,,,0,,storesearch+appdetails,
Astrumis - Survive Together,$9.99 ,66.51%,2025-05-01,"1,169",162,multi only,Astrumis - Survive Together,,,0,,storesearch+appdetails,
Artemis Spaceship Bridge Simulator,$6.99 ,83.82%,2013-09-01,"5,869",162,multi only,Artemis Spaceship Bridge Simulator,,,0,,storesearch+appdetails,
Else Heart.Break(),$24.99 ,64.60%,2015-09-01,"6,970",162,single only,Else Heart.Break(),,,0,,storesearch+appdetails,
The Signal From Tölva,$9.99 ,66.13%,2017-04-01,"16,340",162,single only,The Signal From Tölva,,,0,,storesearch+appdetails,
奇幻与砍杀 Fantasy & Blade,$3.99 ,71.63%,2019-06-01,"1,684",162,single only,奇幻与砍杀 Fantasy & Blade,,,0,,storesearch+appdetails,
Where the Water Tastes Like Wine,$19.99 ,73.07%,2018-02-01,"12,346",162,single only,Where the Water Tastes Like Wine,,,0,,storesearch+appdetails,
Love Ribbon,$9.99 ,87.09%,2017-01-01,"12,089",162,single only,Love Ribbon,,,0,,storesearch+appdetails,
Robot Rescue Revolution,$4.99 ,63.03%,2014-07-01,201,162,mixed,Robot Rescue Revolution,,,0,,storesearch+appdetails,
Loot or Die,$1.99 ,70.98%,2016-09-01,106,162,mixed,Loot or Die,,,0,,storesearch+appdetails,
Patchwork,$1.46 ,71.21%,2016-12-01,596,162,mixed,Patchwork,,,0,,storesearch+appdetails,
Fat Mask,$9.99 ,74.78%,2017-05-01,"1,329",162,mixed,Fat Mask,,,0,,storesearch+appdetails,
What The Box?,$4.99 ,75.26%,2016-09-01,"4,306",161,multi only,What The Box?,,,0,,storesearch+appdetails,
Ancient Abyss,$14.99 ,63.10%,2021-01-01,"5,574",161,single only,Ancient Abyss,,,0,,storesearch+appdetails,
Leviathan ~A Survival RPG~,$9.99 ,65.19%,2018-11-01,"3,180",161,single only,Leviathan ~A Survival RPG~,,,0,,storesearch+appdetails,
Viktor,$7.99 ,67.18%,2014-06-01,711,161,single only,Viktor,,,0,,storesearch+appdetails,
There Came an Echo,$14.99 ,69.57%,2015-02-01,"6,719",161,single only,There Came an Echo,,,0,,storesearch+appdetails,
GIGANTIC ARMY,$5.99 ,71.00%,2014-03-01,"1,807",161,single only,GIGANTIC ARMY,,,0,,storesearch+appdetails,
Karate Master 2 Knock Down Blow,$9.99 ,80.99%,2015-03-01,"3,118",161,single only,Karate Master 2 Knock Down Blow,,,0,,storesearch+appdetails,
Sports Bar VR,$19.99 ,78.57%,2016-06-01,"6,018",161,mixed,Sports Bar VR,,,0,,storesearch+appdetails,
H-Rescue,$1.99 ,73.24%,2019-11-01,"3,048",160,single only,H-Rescue,,,0,,storesearch+appdetails,
Globesweeper,$2.99 ,82.92%,2019-02-01,534,160,single only,Globesweeper,,,0,,storesearch+appdetails,
Demons Never Lie,$3.99 ,85.74%,2019-10-01,"1,778",160,single only,Demons Never Lie,,,0,,storesearch+appdetails,
The Ouroboros King,$9.99 ,76.51%,2023-02-01,"2,663",160,mixed,The Ouroboros King,,,0,,storesearch+appdetails,
9 Monkeys of Shaolin,$19.99 ,81.03%,2020-10-01,"6,940",160,mixed,9 Monkeys of Shaolin,,,0,,storesearch+appdetails,
WazHack,$9.99 ,84.15%,2014-02-01,"3,163",160,mixed,WazHack,,,0,,storesearch+appdetails,
Storm Chasers,$12.99 ,85.64%,2019-06-01,"5,161",160,mixed,Storm Chasers,,,0,,storesearch+appdetails,
Bleed 2,$9.99 ,89.70%,2017-02-01,"2,613",160,mixed,Bleed 2,,,0,,storesearch+appdetails,
Mutant Mudds Deluxe,$9.99 ,71.46%,2013-11-01,875,159,single only,Mutant Mudds Deluxe,,,0,,storesearch+appdetails,
Wick,$5.99 ,80.97%,2015-12-01,"4,932",159,single only,Wick,,,0,,storesearch+appdetails,
EarthX,$19.99 ,82.99%,2023-07-01,"3,883",159,single only,EarthX,,,0,,storesearch+appdetails,
The Adventures of Fei Duanmu 端木斐异闻录,$3.99 ,85.68%,2017-03-01,"4,054",159,single only,The Adventures of Fei Duanmu 端木斐异闻录,,,0,,storesearch+appdetails,
Technobabylon,$14.99 ,89.49%,2015-05-01,"5,627",159,single only,Technobabylon,,,0,,storesearch+appdetails,
Wyv and Keep: The Temple of the Lost Idol,$14.99 ,73.98%,2014-08-01,398,159,mixed,Wyv and Keep: The Temple of the Lost Idol,,,0,,storesearch+appdetails,
Stikbold! A Dodgeball Adventure,$9.99 ,83.21%,2016-04-01,"3,083",159,mixed,Stikbold! A Dodgeball Adventure,,,0,,storesearch+appdetails,
Ancient Planet Tower Defense,$4.99 ,78.45%,2015-02-01,"1,491",158,single only,Ancient Planet Tower Defense,,,0,,storesearch+appdetails,
"Dude, Stop",$14.99 ,83.62%,2018-06-01,"7,745",158,single only,"Dude, Stop",,,0,,storesearch+appdetails,
A Light in the Dark,$14.99 ,88.56%,2018-06-01,"9,714",158,single only,A Light in the Dark,,,0,,storesearch+appdetails,
IMSCARED,$3.99 ,90.64%,2016-01-01,"4,106",158,single only,IMSCARED,,,0,,storesearch+appdetails,
Giana Sisters: Dream Runners,$9.99 ,53.30%,2015-08-01,978,158,mixed,Giana Sisters: Dream Runners,,,0,,storesearch+appdetails,
Tearscape,$13.49 ,83.63%,2026-02-01,"2,768",158,mixed,Tearscape,,,0,,storesearch+appdetails,
Serious Sam Classic: The First Encounter,$5.99 ,91.88%,2001-03-01,"6,232",158,mixed,Serious Sam Classic: The First Encounter,,,0,,storesearch+appdetails,
Monster Trucks Nitro,$19.99 ,60.85%,2009-01-01,239,157,single only,Monster Trucks Nitro,,,0,,storesearch+appdetails,
A Foretold Affair,$12.99 ,68.88%,2017-03-01,489,157,single only,A Foretold Affair,,,0,,storesearch+appdetails,
room13,$7.99 ,69.94%,2017-01-01,826,157,single only,room13,,,0,,storesearch+appdetails,
Flynn: Son of Crimson,$19.99 ,80.25%,2021-09-01,"7,352",157,single only,Flynn: Son of Crimson,,,0,,storesearch+appdetails,
Cosmochoria,$9.99 ,81.79%,2015-04-01,"3,262",157,single only,Cosmochoria,,,0,,storesearch+appdetails,
Crimson Gray,$9.99 ,88.59%,2017-07-01,"1,659",157,single only,Crimson Gray,,,0,,storesearch+appdetails,
Unnamed Fiasco,$5.99 ,47.22%,2016-08-01,125,157,mixed,Unnamed Fiasco,,,0,,storesearch+appdetails,
Buckshot With Friends,$3.99 ,50.00%,2024-02-01,"1,199",157,mixed,Buckshot With Friends,,,0,,storesearch+appdetails,
Warlocks vs Shadows,$13.99 ,58.69%,2015-08-01,"5,059",157,mixed,Warlocks vs Shadows,,,0,,storesearch+appdetails,
Scourge: Outbreak,$5.99 ,62.36%,2014-04-01,"1,569",157,mixed,Scourge: Outbreak,,,0,,storesearch+appdetails,
Space Food Truck,$9.99 ,67.68%,2016-03-01,"2,709",157,mixed,Space Food Truck,,,0,,storesearch+appdetails,
Catch a Lover,$6.99 ,54.97%,2017-04-01,"4,176",156,multi only,Catch a Lover,,,0,,storesearch+appdetails,
Ant War: Domination,$4.99 ,56.35%,2015-10-01,300,156,single only,Ant War: Domination,,,0,,storesearch+appdetails,
Little Cells,$3.99 ,69.36%,2015-06-01,113,156,single only,Little Cells,,,0,,storesearch+appdetails,
Visitor2 / 来访者2,$6.99 ,70.42%,2019-07-01,714,156,single only,Visitor2 / 来访者2,,,0,,storesearch+appdetails,
The Novelist,$4.99 ,71.57%,2013-12-01,"2,995",156,single only,The Novelist,,,0,,storesearch+appdetails,
Drifting Lands,$4.99 ,73.54%,2017-06-01,"3,785",156,single only,Drifting Lands,,,0,,storesearch+appdetails,
Switchcars,$8.99 ,84.14%,2021-04-01,"1,930",156,single only,Switchcars,,,0,,storesearch+appdetails,
Octogeddon,$8.88 ,87.60%,2018-02-01,"2,561",156,single only,Octogeddon,,,0,,storesearch+appdetails,
Steam Squad,$17.99 ,61.25%,2016-07-01,"2,443",156,mixed,Steam Squad,,,0,,storesearch+appdetails,
Balls Royale,$1.99 ,70.10%,2020-04-01,192,156,mixed,Balls Royale,,,0,,storesearch+appdetails,
Soldat 2,$7.99 ,78.87%,2020-09-01,"5,152",156,mixed,Soldat 2,,,0,,storesearch+appdetails,
The Flock,$16.99 ,41.91%,2015-08-01,"3,251",155,multi only,The Flock,,,0,,storesearch+appdetails,
Gunjitsu,$3.99 ,76.57%,2015-07-01,418,155,multi only,Gunjitsu,,,0,,storesearch+appdetails,
Franchise Hockey Manager 3,$19.99 ,56.12%,2016-10-01,713,155,single only,Franchise Hockey Manager 3,,,0,,storesearch+appdetails,
I Know a Tale,$2.99 ,68.30%,2016-09-01,102,155,single only,I Know a Tale,,,0,,storesearch+appdetails,
Etherborn,$16.99 ,69.58%,2019-07-01,"2,293",155,single only,Etherborn,,,0,,storesearch+appdetails,
Master Reboot,$14.99 ,71.49%,2013-10-01,"3,734",155,single only,Master Reboot,,,0,,storesearch+appdetails,
She Sees Red - Interactive Movie,$7.99 ,75.33%,2019-07-01,"8,120",155,single only,She Sees Red - Interactive Movie,,,0,,storesearch+appdetails,
The Town of Light,$18.99 ,76.65%,2016-02-01,"17,311",155,single only,The Town of Light,,,0,,storesearch+appdetails,
Spermination,$1.99 ,79.37%,2015-04-01,"1,673",155,single only,Spermination,,,0,,storesearch+appdetails,
Leap of Fate,$15.99 ,81.32%,2016-03-01,"4,827",155,single only,Leap of Fate,,,0,,storesearch+appdetails,
Foto Flash,$2.99 ,84.34%,2018-02-01,"1,834",155,single only,Foto Flash,,,0,,storesearch+appdetails,
LiEat,$2.99 ,91.93%,2016-02-01,"24,505",155,single only,LiEat,,,0,,storesearch+appdetails,
Purrrifiers: Cleaning Chaos – Cats & Goofylike Co-op,$12.99 ,62.11%,2025-11-01,"1,963",155,mixed,Purrrifiers: Cleaning Chaos – Cats & Goofylike Co-op,,,0,,storesearch+appdetails,
Ashes Cricket,$24.99 ,77.51%,2017-12-01,997,155,mixed,Ashes Cricket,,,0,,storesearch+appdetails,
EQUALINE,$11.99 ,82.55%,2021-02-01,182,155,mixed,EQUALINE,,,0,,storesearch+appdetails,
Doll Impostor,$7.99 ,88.03%,2024-03-01,"1,146",155,mixed,Doll Impostor,,,0,,storesearch+appdetails,
Battlevoid: Sector Siege,$9.99 ,56.56%,2017-10-01,"1,703",154,single only,Battlevoid: Sector Siege,,,0,,storesearch+appdetails,
Ino,$1.99 ,65.96%,2017-03-01,276,154,single only,Ino,,,0,,storesearch+appdetails,
Roommates,$24.99 ,67.27%,2014-02-01,"3,867",154,single only,Roommates,,,0,,storesearch+appdetails,
Has-Been Heroes,$19.99 ,71.54%,2017-03-01,"3,559",154,single only,Has-Been Heroes,,,0,,storesearch+appdetails,
Richie's Plank Experience,$14.99 ,75.76%,2017-12-01,"4,545",154,single only,Richie's Plank Experience,,,0,,storesearch+appdetails,
Pivot Pilot,$4.99 ,77.67%,2017-01-01,228,154,single only,Pivot Pilot,,,0,,storesearch+appdetails,
Last Hope - Tower Defense,$4.99 ,78.02%,2016-04-01,"1,717",154,single only,Last Hope - Tower Defense,,,0,,storesearch+appdetails,
Gratuitous Space Battles 2,$9.99 ,41.30%,2015-04-01,"3,683",154,mixed,Gratuitous Space Battles 2,,,0,,storesearch+appdetails,
Steam Marines 2,$24.99 ,56.05%,2019-11-01,309,153,single only,Steam Marines 2,,,0,,storesearch+appdetails,
Incorp Inc,$3.99 ,59.68%,2017-04-01,163,153,single only,Incorp Inc,,,0,,storesearch+appdetails,
Alteric,$3.99 ,65.20%,2016-07-01,664,153,single only,Alteric,,,0,,storesearch+appdetails,
Slave's Sword 2,$14.99 ,65.94%,2019-02-01,"4,974",153,single only,Slave's Sword 2,,,0,,storesearch+appdetails,
Keebles,$9.99 ,69.11%,2015-03-01,392,153,single only,Keebles,,,0,,storesearch+appdetails,
Diaries of a Spaceport Janitor,$9.99 ,70.01%,2016-09-01,"4,817",153,single only,Diaries of a Spaceport Janitor,,,0,,storesearch+appdetails,
Tiny Rails,$9.99 ,70.35%,2017-08-01,"3,218",153,single only,Tiny Rails,,,0,,storesearch+appdetails,
Giana Sisters: Twisted Dreams - Rise of the Owlverlord,$4.99 ,77.12%,2013-09-01,"1,605",153,single only,Giana Sisters: Twisted Dreams - Rise of the Owlverlord,,,0,,storesearch+appdetails,
Morphblade,$4.99 ,85.44%,2017-03-01,"1,184",153,single only,Morphblade,,,0,,storesearch+appdetails,
StormEdge,$14.99 ,67.89%,2024-09-01,"5,926",153,mixed,StormEdge,,,0,,storesearch+appdetails,
Rocketbirds 2 Evolution,$9.99 ,71.52%,2017-01-01,"3,533",153,mixed,Rocketbirds 2 Evolution,,,0,,storesearch+appdetails,
Sumoman,$11.99 ,75.21%,2017-03-01,"5,164",153,mixed,Sumoman,,,0,,storesearch+appdetails,
Pix the Cat,$4.99 ,75.55%,2015-01-01,"1,285",153,mixed,Pix the Cat,,,0,,storesearch+appdetails,
Block'Em!,$6.99 ,80.11%,2022-09-01,"1,074",152,multi only,Block'Em!,,,0,,storesearch+appdetails,
Zavix Tower,$9.99 ,68.70%,2016-07-01,"3,530",152,single only,Zavix Tower,,,0,,storesearch+appdetails,
romantic player,$2.99 ,71.77%,2020-07-01,"3,306",152,single only,romantic player,,,0,,storesearch+appdetails,
Core Defense,$9.99 ,74.07%,2020-07-01,914,152,single only,Core Defense,,,0,,storesearch+appdetails,
BasketBelle,$4.99 ,77.68%,2014-12-01,335,152,single only,BasketBelle,,,0,,storesearch+appdetails,
Noel the Mortal Fate Complete Edition,$14.99 ,83.17%,2018-05-01,"13,356",152,single only,Noel the Mortal Fate Complete Edition,,,0,,storesearch+appdetails,
Blackwell Deception,$9.99 ,89.41%,2012-01-01,"1,287",152,single only,Blackwell Deception,,,0,,storesearch+appdetails,
Spire Horizon,$9.99 ,69.84%,2024-02-01,"1,709",152,mixed,Spire Horizon,,,0,,storesearch+appdetails,
Shoot 1UP DX,$5.99 ,73.26%,2015-09-01,822,152,mixed,Shoot 1UP DX,,,0,,storesearch+appdetails,
Original War,$9.99 ,90.51%,2001-06-01,"6,249",152,mixed,Original War,,,0,,storesearch+appdetails,
Fighting Robots,$2.99 ,54.45%,2021-11-01,"1,079",151,multi only,Fighting Robots,,,0,,storesearch+appdetails,
Violet Cycle,$9.99 ,59.10%,2018-02-01,248,151,single only,Violet Cycle,,,0,,storesearch+appdetails,
Tavern Tycoon - Dragon's Hangover,$12.99 ,64.85%,2019-03-01,"11,399",151,single only,Tavern Tycoon - Dragon's Hangover,,,0,,storesearch+appdetails,
Draw a Stickman: EPIC,$3.99 ,75.94%,2013-12-01,"1,502",151,single only,Draw a Stickman: EPIC,,,0,,storesearch+appdetails,
Victory Road,$19.99 ,81.77%,2020-03-01,"1,689",151,single only,Victory Road,,,0,,storesearch+appdetails,
Corpse Party,$14.99 ,84.49%,2016-04-01,"14,234",151,single only,Corpse Party,,,0,,storesearch+appdetails,
Pure Hold'em,$17.99 ,52.06%,2015-08-01,596,151,mixed,Pure Hold'em,,,0,,storesearch+appdetails,
Worbital,$12.99 ,82.88%,2019-01-01,"3,524",151,mixed,Worbital,,,0,,storesearch+appdetails,
Meeple Station,$19.78 ,56.15%,2020-04-01,"13,152",150,single only,Meeple Station,,,0,,storesearch+appdetails,
Single Diary: Fresh Graduate,$6.99 ,67.91%,2019-11-01,"2,222",150,single only,Single Diary: Fresh Graduate,,,0,,storesearch+appdetails,
The Almost Gone,$1.99 ,76.76%,2020-06-01,"3,354",150,single only,The Almost Gone,,,0,,storesearch+appdetails,
The Pirate's Fate,$19.99 ,82.74%,2018-03-01,"2,899",150,single only,The Pirate's Fate,,,0,,storesearch+appdetails,
Soundodger+,$7.99 ,84.49%,2013-10-01,"1,681",150,single only,Soundodger+,,,0,,storesearch+appdetails,
魔塔地牢,$2.99 ,64.35%,2021-09-01,688,150,mixed,魔塔地牢,,,0,,storesearch+appdetails,
"Trolley Problem, Inc.",$10.99 ,65.32%,2022-04-01,"2,550",150,mixed,"Trolley Problem, Inc.",,,0,,storesearch+appdetails,
Swords and Soldiers 2 Shawarmageddon,$9.99 ,66.17%,2018-11-01,"4,540",150,mixed,Swords and Soldiers 2 Shawarmageddon,,,0,,storesearch+appdetails,
Disaster Band,$6.99 ,77.58%,2022-12-01,"2,195",150,mixed,Disaster Band,,,0,,storesearch+appdetails,
Roof Rage,$14.99 ,83.02%,2019-10-01,"4,070",150,mixed,Roof Rage,,,0,,storesearch+appdetails,
スペルトナエル,$2.99 ,88.98%,2024-09-01,318,150,mixed,スペルトナエル,,,0,,storesearch+appdetails,
Tree Simulator 2022,$5.99 ,91.72%,2021-04-01,"1,032",150,mixed,Tree Simulator 2022,,,0,,storesearch+appdetails,
Werewolf Party,$7.99 ,79.32%,2025-07-01,665,149,multi only,Werewolf Party,,,0,,storesearch+appdetails,
Bus Mechanic Simulator,$19.99 ,57.10%,2020-05-01,"1,492",149,single only,Bus Mechanic Simulator,,,0,,storesearch+appdetails,
FIVE: Guardians of David,$9.99 ,64.75%,2015-11-01,"3,217",149,single only,FIVE: Guardians of David,,,0,,storesearch+appdetails,
Through the Woods,$19.99 ,69.04%,2016-10-01,"11,146",149,single only,Through the Woods,,,0,,storesearch+appdetails,
Diabolical,$4.99 ,70.37%,2015-11-01,595,149,single only,Diabolical,,,0,,storesearch+appdetails,
Cinders,$19.99 ,82.25%,2012-06-01,"6,757",149,single only,Cinders,,,0,,storesearch+appdetails,
Resonance,$14.99 ,83.24%,2012-07-01,"1,333",149,single only,Resonance,,,0,,storesearch+appdetails,
Copy Kitty,$3.74 ,89.29%,2018-04-01,"1,898",149,single only,Copy Kitty,,,0,,storesearch+appdetails,
Dimensions: Dreadnought Architect,$15.99 ,54.02%,2023-02-01,"5,058",149,mixed,Dimensions: Dreadnought Architect,,,0,,storesearch+appdetails,
Serious Sam's Bogus Detour,$9.99 ,77.06%,2017-06-01,"3,876",149,mixed,Serious Sam's Bogus Detour,,,0,,storesearch+appdetails,
Death Squared,$14.99 ,82.75%,2017-03-01,"3,404",149,mixed,Death Squared,,,0,,storesearch+appdetails,
Space Beast Terror Fright,$14.99 ,87.20%,2022-06-01,"10,232",149,mixed,Space Beast Terror Fright,,,0,,storesearch+appdetails,
Divine Slice of Life,$9.99 ,65.04%,2015-10-01,"1,883",148,single only,Divine Slice of Life,,,0,,storesearch+appdetails,
The Dwarf Run,$8.99 ,67.63%,2015-10-01,"1,508",148,single only,The Dwarf Run,,,0,,storesearch+appdetails,
Valfaris,$2.49 ,79.55%,2019-10-01,"13,138",148,single only,Valfaris,,,0,,storesearch+appdetails,
Unium,$1.99 ,85.74%,2015-02-01,823,148,single only,Unium,,,0,,storesearch+appdetails,
Robber Knight,$39.99 ,62.66%,2022-07-01,"8,878",148,mixed,Robber Knight,,,0,,storesearch+appdetails,
Codex of Victory,$14.99 ,66.02%,2017-03-01,"3,807",148,mixed,Codex of Victory,,,0,,storesearch+appdetails,
QANGA,$19.99 ,71.15%,2024-09-01,"15,476",148,mixed,QANGA,,,0,,storesearch+appdetails,
SURV1V3,$24.99 ,78.23%,2021-06-01,"12,903",148,mixed,SURV1V3,,,0,,storesearch+appdetails,
Aqua Kitty - Milk Mine Defender,$6.99 ,80.87%,2014-02-01,"1,664",148,mixed,Aqua Kitty - Milk Mine Defender,,,0,,storesearch+appdetails,
Maria the Witch,$4.99 ,57.84%,2016-03-01,541,147,single only,Maria the Witch,,,0,,storesearch+appdetails,
Venture Forth,$9.99 ,60.54%,2017-06-01,204,147,single only,Venture Forth,,,0,,storesearch+appdetails,
Vzerthos: The Heir of Thunder,$9.99 ,67.22%,2017-01-01,"1,233",147,single only,Vzerthos: The Heir of Thunder,,,0,,storesearch+appdetails,
The Hero of Kendrickstone,$5.99 ,70.84%,2015-03-01,706,147,single only,The Hero of Kendrickstone,,,0,,storesearch+appdetails,
Path to Mnemosyne,$9.99 ,72.05%,2018-09-01,"1,063",147,single only,Path to Mnemosyne,,,0,,storesearch+appdetails,
"Get In The Car, Loser!",$24.99 ,78.62%,2021-09-01,"2,679",147,single only,"Get In The Car, Loser!",,,0,,storesearch+appdetails,
Beast Battle Simulator,$9.99 ,82.97%,2018-02-01,"6,047",147,single only,Beast Battle Simulator,,,0,,storesearch+appdetails,
hololive GoroGoro Mountain,$12.99 ,66.03%,2025-07-01,834,147,mixed,hololive GoroGoro Mountain,,,0,,storesearch+appdetails,
KUUKIYOMI: Consider It,$4.99 ,73.48%,2020-03-01,"4,429",147,mixed,KUUKIYOMI: Consider It,,,0,,storesearch+appdetails,
Joggernauts,$12.48 ,77.66%,2018-10-01,"1,112",147,mixed,Joggernauts,,,0,,storesearch+appdetails,
Zombie City Defense 2,$9.99 ,66.15%,2016-08-01,"4,216",146,single only,Zombie City Defense 2,,,0,,storesearch+appdetails,
Neverending Nightmares,$14.99 ,73.97%,2014-09-01,"13,236",146,single only,Neverending Nightmares,,,0,,storesearch+appdetails,
THE AWKWARD STEVE DUOLOGY,$3.99 ,78.12%,2017-07-01,133,146,single only,THE AWKWARD STEVE DUOLOGY,,,0,,storesearch+appdetails,
Witch of Ice Kingdom Ⅱ,$3.98 ,79.60%,2017-01-01,"1,019",146,single only,Witch of Ice Kingdom Ⅱ,,,0,,storesearch+appdetails,
Escape from the Princess,$7.99 ,81.69%,2018-09-01,"1,773",146,single only,Escape from the Princess,,,0,,storesearch+appdetails,
Poi,$9.99 ,85.32%,2017-02-01,"2,884",146,single only,Poi,,,0,,storesearch+appdetails,
Ittle Dew,$19.99 ,87.02%,2013-07-01,"4,123",146,single only,Ittle Dew,,,0,,storesearch+appdetails,
Heart's Medicine - Hospital Heat,$19.99 ,88.11%,2017-05-01,"2,531",146,single only,Heart's Medicine - Hospital Heat,,,0,,storesearch+appdetails,
Highway Blossoms,$12.99 ,89.96%,2016-06-01,"9,713",146,single only,Highway Blossoms,,,0,,storesearch+appdetails,
Until You Fall,$24.99 ,90.34%,2020-10-01,"12,481",146,single only,Until You Fall,,,0,,storesearch+appdetails,
A Valley Without Wind 2,$14.99 ,46.44%,2013-02-01,775,146,mixed,A Valley Without Wind 2,,,0,,storesearch+appdetails,
AVICII Invector,$19.99 ,92.91%,2019-12-01,"4,817",146,mixed,AVICII Invector,,,0,,storesearch+appdetails,
手積み麻雀,$4.99 ,73.47%,2023-12-01,713,145,multi only,手積み麻雀,,,0,,storesearch+appdetails,
Demented Pixie,$4.99 ,57.18%,2016-12-01,126,145,single only,Demented Pixie,,,0,,storesearch+appdetails,
Starseed Pilgrim,$5.99 ,59.10%,2013-04-01,560,145,single only,Starseed Pilgrim,,,0,,storesearch+appdetails,
Reach for the Sun,$4.99 ,66.47%,2013-05-01,316,145,single only,Reach for the Sun,,,0,,storesearch+appdetails,
Goo Saga,$4.99 ,69.33%,2016-09-01,383,145,single only,Goo Saga,,,0,,storesearch+appdetails,
Lucid,$4.99 ,71.88%,2011-07-01,178,145,single only,Lucid,,,0,,storesearch+appdetails,
AUDICA: Rhythm Shooter,$29.99 ,80.12%,2019-03-01,"3,516",145,single only,AUDICA: Rhythm Shooter,,,0,,storesearch+appdetails,
looK INside - Chapter 1,$7.99 ,82.32%,2020-01-01,"2,007",145,single only,looK INside - Chapter 1,,,0,,storesearch+appdetails,
Super Life (RPG),$9.99 ,84.86%,2019-07-01,"1,182",145,single only,Super Life (RPG),,,0,,storesearch+appdetails,
INFRA,$29.99 ,85.09%,2016-01-01,"13,183",145,single only,INFRA,,,0,,storesearch+appdetails,
Four Last Things,$9.99 ,90.68%,2017-02-01,"3,299",145,single only,Four Last Things,,,0,,storesearch+appdetails,
Slipstream,$9.99 ,83.98%,2018-05-01,"4,367",145,mixed,Slipstream,,,0,,storesearch+appdetails,
Rising Islands,$9.99 ,57.06%,2016-08-01,483,144,single only,Rising Islands,,,0,,storesearch+appdetails,
Fieldrunners,$4.99 ,63.79%,2012-05-01,523,144,single only,Fieldrunners,,,0,,storesearch+appdetails,
Dustoff Heli Rescue,$3.99 ,78.09%,2015-03-01,989,144,single only,Dustoff Heli Rescue,,,0,,storesearch+appdetails,
Deathstate: Abyssal Edition,$9.99 ,79.86%,2015-10-01,"5,864",144,single only,Deathstate: Abyssal Edition,,,0,,storesearch+appdetails,
Sublevel Zero Redux,$14.99 ,81.52%,2015-10-01,"6,479",144,single only,Sublevel Zero Redux,,,0,,storesearch+appdetails,
Alluris,$9.99 ,82.99%,2019-10-01,"1,286",144,single only,Alluris,,,0,,storesearch+appdetails,
狼と香辛料VR/Spice&WolfVR,$24.99 ,87.53%,2019-06-01,"14,636",144,single only,狼と香辛料VR/Spice&WolfVR,,,0,,storesearch+appdetails,
Squirrelmageddon!,$9.99 ,52.05%,2021-10-01,327,144,mixed,Squirrelmageddon!,,,0,,storesearch+appdetails,
Valefor,$14.99 ,64.54%,2024-11-01,"1,352",144,mixed,Valefor,,,0,,storesearch+appdetails,
Rescue Party: Live!,$9.99 ,66.85%,2022-01-01,"2,293",144,mixed,Rescue Party: Live!,,,0,,storesearch+appdetails,
Logic World,$25.00 ,86.16%,2021-10-01,"4,288",144,mixed,Logic World,,,0,,storesearch+appdetails,
Synth Riders,$24.99 ,87.25%,2018-07-01,"5,626",144,mixed,Synth Riders,,,0,,storesearch+appdetails,
Tyto Ecology,$3.99 ,71.61%,2016-04-01,"4,307",143,single only,Tyto Ecology,,,0,,storesearch+appdetails,
The White Laboratory,$9.99 ,72.95%,2019-03-01,"3,423",143,single only,The White Laboratory,,,0,,storesearch+appdetails,
Floppy Knights,$7.99 ,75.04%,2022-05-01,"3,623",143,single only,Floppy Knights,,,0,,storesearch+appdetails,
Magical Diary: Wolf Hall,$24.99 ,83.05%,2020-02-01,"1,739",143,single only,Magical Diary: Wolf Hall,,,0,,storesearch+appdetails,
Space Pilgrim Academy: Reunion,$1.99 ,83.33%,2019-03-01,223,143,single only,Space Pilgrim Academy: Reunion,,,0,,storesearch+appdetails,
Dustwind,$24.99 ,71.54%,2018-08-01,"10,675",143,mixed,Dustwind,,,0,,storesearch+appdetails,
Tennis Elbow 2013,$8.99 ,87.80%,2013-01-01,"2,662",143,mixed,Tennis Elbow 2013,,,0,,storesearch+appdetails,
Past Fate,$19.99 ,45.32%,2026-01-01,"5,969",142,multi only,Past Fate,,,0,,storesearch+appdetails,
Mr. Barrel,$1.99 ,58.80%,2019-07-01,94,142,single only,Mr. Barrel,,,0,,storesearch+appdetails,
EARTHLOCK,$29.99 ,69.99%,2018-03-01,"8,200",142,single only,EARTHLOCK,,,0,,storesearch+appdetails,
Adventure in the Tower of Flight,$4.99 ,75.67%,2015-12-01,273,142,single only,Adventure in the Tower of Flight,,,0,,storesearch+appdetails,
Zombie Exodus,$19.99 ,77.54%,2011-12-01,938,142,single only,Zombie Exodus,,,0,,storesearch+appdetails,
Heroes of a Broken Land,$14.99 ,78.42%,2014-08-01,"1,243",142,single only,Heroes of a Broken Land,,,0,,storesearch+appdetails,
Escape Goat,$4.99 ,89.62%,2012-06-01,"1,118",142,single only,Escape Goat,,,0,,storesearch+appdetails,
Acro Storm,$4.99 ,38.40%,2016-12-01,106,142,mixed,Acro Storm,,,0,,storesearch+appdetails,
Dungeon Looter,$11.99 ,70.44%,2024-05-01,"1,205",142,mixed,Dungeon Looter,,,0,,storesearch+appdetails,
Burnstar,$4.99 ,78.55%,2015-03-01,730,142,mixed,Burnstar,,,0,,storesearch+appdetails,
Struggling,$14.99 ,81.84%,2020-08-01,"3,018",142,mixed,Struggling,,,0,,storesearch+appdetails,
Unending Galaxy,$4.99 ,59.03%,2016-02-01,"1,224",141,single only,Unending Galaxy,,,0,,storesearch+appdetails,
Clash of Puppets,$4.99 ,60.20%,2014-12-01,231,141,single only,Clash of Puppets,,,0,,storesearch+appdetails,
Ultionus: A Tale of Petty Revenge,$6.99 ,65.40%,2014-02-01,"2,072",141,single only,Ultionus: A Tale of Petty Revenge,,,0,,storesearch+appdetails,
New Star Soccer 5,$9.99 ,67.66%,2012-09-01,"1,395",141,single only,New Star Soccer 5,,,0,,storesearch+appdetails,
Chantelise - A Tale of Two Sisters,$9.99 ,72.11%,2011-07-01,"2,720",141,single only,Chantelise - A Tale of Two Sisters,,,0,,storesearch+appdetails,
The Shapeshifting Detective,$14.99 ,74.31%,2018-11-01,"7,400",141,single only,The Shapeshifting Detective,,,0,,storesearch+appdetails,
MOAI: Build Your Dream,$6.99 ,75.15%,2013-04-01,"1,118",141,single only,MOAI: Build Your Dream,,,0,,storesearch+appdetails,
Champion of the Gods,$5.99 ,78.56%,2015-07-01,700,141,single only,Champion of the Gods,,,0,,storesearch+appdetails,
Florence,$5.99 ,91.00%,2020-02-01,"19,406",141,single only,Florence,,,0,,storesearch+appdetails,
Arkanoid - Eternal Battle,$9.99 ,59.89%,2022-10-01,"1,600",141,mixed,Arkanoid - Eternal Battle,,,0,,storesearch+appdetails,
Striving for Light,$17.99 ,74.62%,2025-07-01,"1,980",141,mixed,Striving for Light,,,0,,storesearch+appdetails,
RealFlight Trainer Edition,$39.99 ,81.41%,2020-08-01,"1,136",141,mixed,RealFlight Trainer Edition,,,0,,storesearch+appdetails,
Rock Simulator,$1.99 ,89.99%,2019-11-01,"1,691",141,mixed,Rock Simulator,,,0,,storesearch+appdetails,
moto RKD dash SP,$4.99 ,63.43%,2016-06-01,238,140,single only,moto RKD dash SP,,,0,,storesearch+appdetails,
Space Scaven,$6.99 ,72.79%,2016-04-01,399,140,single only,Space Scaven,,,0,,storesearch+appdetails,
Strike Suit Zero: Director's Cut,$19.98 ,77.21%,2014-04-01,"2,921",140,single only,Strike Suit Zero: Director's Cut,,,0,,storesearch+appdetails,
Capitalism 2,$9.99 ,77.25%,2001-12-01,"4,266",140,single only,Capitalism 2,,,0,,storesearch+appdetails,
Fine Sweeper,$5.99 ,81.78%,2015-05-01,671,140,single only,Fine Sweeper,,,0,,storesearch+appdetails,
The Majesty of Colors Remastered,$1.99 ,83.44%,2018-02-01,158,140,single only,The Majesty of Colors Remastered,,,0,,storesearch+appdetails,
Starward Rogue,$11.99 ,84.11%,2016-01-01,"2,486",140,single only,Starward Rogue,,,0,,storesearch+appdetails,
Detective Di: The Silk Rose Murders,$10.99 ,84.14%,2019-05-01,"4,060",140,single only,Detective Di: The Silk Rose Murders,,,0,,storesearch+appdetails,
Hidden Object Bundle 4 in 1,$7.99 ,85.31%,2014-06-01,725,140,single only,Hidden Object Bundle 4 in 1,,,0,,storesearch+appdetails,
CYGNI: All Guns Blazing,$29.99 ,61.35%,2024-08-01,"7,408",140,mixed,CYGNI: All Guns Blazing,,,0,,storesearch+appdetails,
Virtual Battlegrounds,$19.99 ,65.36%,2020-04-01,"2,480",140,mixed,Virtual Battlegrounds,,,0,,storesearch+appdetails,
Wayward,$5.59 ,82.14%,2016-04-01,"28,390",140,mixed,Wayward,,,0,,storesearch+appdetails,
The Deadly Tower of Monsters,$4.49 ,84.48%,2016-01-01,"11,230",140,mixed,The Deadly Tower of Monsters,,,0,,storesearch+appdetails,
Cryptid Farm,$4.99 ,87.76%,2024-10-01,578,140,mixed,Cryptid Farm,,,0,,storesearch+appdetails,
Infinite Tournament Paintball,$14.99 ,79.49%,2020-08-01,"1,681",139,multi only,Infinite Tournament Paintball,,,0,,storesearch+appdetails,
Hyper Jam,$12.99 ,87.01%,2019-02-01,"4,311",139,multi only,Hyper Jam,,,0,,storesearch+appdetails,
Sudoku Quest,$4.99 ,61.66%,2016-06-01,216,139,single only,Sudoku Quest,,,0,,storesearch+appdetails,
Galaxy Reavers,$4.99 ,65.53%,2016-09-01,"2,994",139,single only,Galaxy Reavers,,,0,,storesearch+appdetails,
Ninja Tycoon,$4.99 ,68.10%,2018-02-01,"2,339",139,single only,Ninja Tycoon,,,0,,storesearch+appdetails,
One More Dungeon,$4.99 ,72.86%,2015-11-01,"5,572",139,single only,One More Dungeon,,,0,,storesearch+appdetails,
The Reject Demon: Toko Chapter 0 — Prelude,$4.99 ,74.82%,2015-05-01,"2,921",139,single only,The Reject Demon: Toko Chapter 0 — Prelude,,,0,,storesearch+appdetails,
Venetica - Gold Edition,$9.99 ,75.51%,2009-09-01,"4,786",139,single only,Venetica - Gold Edition,,,0,,storesearch+appdetails,
Defunct,$6.99 ,75.79%,2016-01-01,"2,245",139,single only,Defunct,,,0,,storesearch+appdetails,
Siralim,$9.99 ,78.10%,2015-04-01,"2,023",139,single only,Siralim,,,0,,storesearch+appdetails,
Learn Japanese To Survive! Katakana War,$6.99 ,85.43%,2017-01-01,"4,763",139,single only,Learn Japanese To Survive! Katakana War,,,0,,storesearch+appdetails,
Jet Lancer,$14.99 ,87.50%,2020-05-01,"4,934",139,single only,Jet Lancer,,,0,,storesearch+appdetails,
The Room VR: A Dark Matter,$24.99 ,93.58%,2020-03-01,"11,951",139,single only,The Room VR: A Dark Matter,,,0,,storesearch+appdetails,
The Wizards Who Fell In A Hole,$1.99 ,68.97%,2016-12-01,44,139,mixed,The Wizards Who Fell In A Hole,,,0,,storesearch+appdetails,
The Bug Butcher,$7.99 ,85.63%,2016-01-01,"9,686",139,mixed,The Bug Butcher,,,0,,storesearch+appdetails,
Tasty Planet: Back for Seconds,$7.99 ,86.68%,2016-03-01,"1,803",139,mixed,Tasty Planet: Back for Seconds,,,0,,storesearch+appdetails,
ReBoot,$1.99 ,57.21%,2016-10-01,77,138,single only,ReBoot,,,0,,storesearch+appdetails,
Flower Shop: Summer In Fairbrook,$9.99 ,64.77%,2010-01-01,652,138,single only,Flower Shop: Summer In Fairbrook,,,0,,storesearch+appdetails,
There Was A Caveman,$6.99 ,66.32%,2015-10-01,"1,712",138,single only,There Was A Caveman,,,0,,storesearch+appdetails,
Asphyxia,$5.99 ,71.95%,2015-08-01,"1,005",138,single only,Asphyxia,,,0,,storesearch+appdetails,
8-Bit Adventures 1: The Forgotten Journey Remastered Edition,$9.99 ,78.39%,2015-03-01,"1,031",138,single only,8-Bit Adventures 1: The Forgotten Journey Remastered Edition,,,0,,storesearch+appdetails,
Astrox: Hostile Space Excavation,$9.99 ,78.88%,2015-12-01,"9,152",138,single only,Astrox: Hostile Space Excavation,,,0,,storesearch+appdetails,
Neon Drive,$9.99 ,79.97%,2016-05-01,"6,877",138,single only,Neon Drive,,,0,,storesearch+appdetails,
食用系少女 Food Girls,$19.99 ,87.59%,2019-06-01,"5,661",138,single only,食用系少女 Food Girls,,,0,,storesearch+appdetails,
3030 Deathwar Redux - A Space Odyssey,$14.99 ,88.70%,2017-09-01,"10,393",138,single only,3030 Deathwar Redux - A Space Odyssey,,,0,,storesearch+appdetails,
Tube Tycoon,$10.99 ,73.50%,2018-03-01,"1,672",138,mixed,Tube Tycoon,,,0,,storesearch+appdetails,
Hammerwatch Anniversary Edition,$19.99 ,75.79%,2023-08-01,"2,451",138,mixed,Hammerwatch Anniversary Edition,,,0,,storesearch+appdetails,
Cannibal Cuisine,$12.99 ,76.64%,2020-05-01,919,138,mixed,Cannibal Cuisine,,,0,,storesearch+appdetails,
Void Destroyer,$3.99 ,57.95%,2015-01-01,"7,112",137,single only,Void Destroyer,,,0,,storesearch+appdetails,
Gravity Badgers,$4.99 ,59.31%,2013-11-01,298,137,single only,Gravity Badgers,,,0,,storesearch+appdetails,
The Hero Project: Redemption Season,$4.99 ,59.81%,2016-04-01,259,137,single only,The Hero Project: Redemption Season,,,0,,storesearch+appdetails,
Gravity Shot,$7.99 ,70.57%,2016-11-01,82,137,single only,Gravity Shot,,,0,,storesearch+appdetails,
七人杀阵 - Seven Sacrifices,$6.99 ,76.36%,2018-09-01,"2,523",137,single only,七人杀阵 - Seven Sacrifices,,,0,,storesearch+appdetails,
The Mooseman,$7.99 ,84.05%,2017-02-01,"3,769",137,single only,The Mooseman,,,0,,storesearch+appdetails,
Sister Travel,$14.99 ,84.14%,2019-01-01,"4,358",137,single only,Sister Travel,,,0,,storesearch+appdetails,
The Hex,$9.99 ,90.93%,2018-10-01,"4,853",137,single only,The Hex,,,0,,storesearch+appdetails,
Xenon Racer,$9.99 ,63.41%,2019-03-01,"3,923",137,mixed,Xenon Racer,,,0,,storesearch+appdetails,
Cabin of Shadows - Dueling Impostors-,$3.99 ,68.69%,2023-07-01,330,136,multi only,Cabin of Shadows - Dueling Impostors-,,,0,,storesearch+appdetails,
Dragons Legacy,$4.99 ,74.39%,2024-03-01,824,136,multi only,Dragons Legacy,,,0,,storesearch+appdetails,
Dark Fall: Lost Souls,$12.99 ,58.93%,2010-04-01,875,136,single only,Dark Fall: Lost Souls,,,0,,storesearch+appdetails,
Tiny Tales: Heart of the Forest,$14.99 ,73.23%,2017-07-01,551,136,single only,Tiny Tales: Heart of the Forest,,,0,,storesearch+appdetails,
City of Brass,$19.99 ,73.97%,2018-05-01,"10,205",136,single only,City of Brass,,,0,,storesearch+appdetails,
Clandestine,$9.99 ,75.10%,2015-11-01,"10,144",136,single only,Clandestine,,,0,,storesearch+appdetails,
Signal Simulator,$19.99 ,76.17%,2018-04-01,"4,488",136,single only,Signal Simulator,,,0,,storesearch+appdetails,
Boogeyman,$4.99 ,76.25%,2015-11-01,"2,620",136,single only,Boogeyman,,,0,,storesearch+appdetails,
Monster Girls and the Mysterious Adventure,$18.99 ,79.03%,2020-01-01,"1,606",136,single only,Monster Girls and the Mysterious Adventure,,,0,,storesearch+appdetails,
SquareCells,$2.99 ,85.43%,2015-12-01,971,136,single only,SquareCells,,,0,,storesearch+appdetails,
KEEP GAMBLING,$5.82 ,64.70%,2025-12-01,"1,267",136,mixed,KEEP GAMBLING,,,0,,storesearch+appdetails,
LOST BUBBLES: Sweet mates,$2.99 ,65.53%,2021-11-01,238,136,mixed,LOST BUBBLES: Sweet mates,,,0,,storesearch+appdetails,
The Crackpet Show,$3.39 ,81.82%,2022-12-01,"6,305",136,mixed,The Crackpet Show,,,0,,storesearch+appdetails,
Windswept,$19.99 ,87.99%,2025-11-01,"3,633",136,mixed,Windswept,,,0,,storesearch+appdetails,
Age of Gladiators II: Rome,$13.98 ,63.87%,2018-08-01,"4,709",135,single only,Age of Gladiators II: Rome,,,0,,storesearch+appdetails,
Super Dungeon Tactics,$9.99 ,71.96%,2016-12-01,"3,546",135,single only,Super Dungeon Tactics,,,0,,storesearch+appdetails,
Road Not Taken,$14.99 ,75.25%,2014-08-01,"2,636",135,single only,Road Not Taken,,,0,,storesearch+appdetails,
Underspace,$19.99 ,76.41%,2024-04-01,"13,345",135,single only,Underspace,,,0,,storesearch+appdetails,
Project Nimbus: Complete Edition,$6.99 ,81.31%,2017-09-01,"22,092",135,single only,Project Nimbus: Complete Edition,,,0,,storesearch+appdetails,
Dialtown: Phone Dating Sim,$7.99 ,94.31%,2022-02-01,"3,838",135,single only,Dialtown: Phone Dating Sim,,,0,,storesearch+appdetails,
Worms World Party Remastered,$14.99 ,49.95%,2015-07-01,"4,086",135,mixed,Worms World Party Remastered,,,0,,storesearch+appdetails,
WIDECROSS,$6.99 ,53.48%,2019-11-01,561,135,mixed,WIDECROSS,,,0,,storesearch+appdetails,
"Ready, Steady, Ship!",$9.98 ,65.98%,2024-04-01,"2,172",135,mixed,"Ready, Steady, Ship!",,,0,,storesearch+appdetails,
Griefhelm,$9.99 ,70.64%,2020-08-01,"5,152",135,mixed,Griefhelm,,,0,,storesearch+appdetails,
First Feudal,$19.99 ,72.57%,2021-04-01,"24,685",135,mixed,First Feudal,,,0,,storesearch+appdetails,
GIBZ,$6.99 ,83.53%,2017-04-01,"6,952",135,mixed,GIBZ,,,0,,storesearch+appdetails,
Doors,$4.99 ,61.38%,2016-02-01,"1,537",134,single only,Doors,,,0,,storesearch+appdetails,
The Legend of Dark Witch,$1.39 ,68.58%,2015-12-01,"2,820",134,single only,The Legend of Dark Witch,,,0,,storesearch+appdetails,
Hylics,$2.99 ,94.98%,2015-10-01,"7,692",134,single only,Hylics,,,0,,storesearch+appdetails,
Knight Squad,$14.99 ,80.65%,2015-11-01,"1,866",134,mixed,Knight Squad,,,0,,storesearch+appdetails,
Super Cyborg,$4.99 ,81.13%,2015-07-01,"1,895",134,mixed,Super Cyborg,,,0,,storesearch+appdetails,
Ballistic Craft,$5.99 ,81.90%,2020-02-01,773,134,mixed,Ballistic Craft,,,0,,storesearch+appdetails,
Touhou Kaeizuka ～ Phantasmagoria of Flower View.,$14.99 ,89.33%,2005-08-01,"1,498",134,mixed,Touhou Kaeizuka ～ Phantasmagoria of Flower View.,,,0,,storesearch+appdetails,
Zero G Arena,$9.99 ,83.84%,2018-08-01,"2,926",133,multi only,Zero G Arena,,,0,,storesearch+appdetails,
Woolfe - The Red Hood Diaries,$9.99 ,58.03%,2015-03-01,"9,200",133,single only,Woolfe - The Red Hood Diaries,,,0,,storesearch+appdetails,
TinyKeep,$9.99 ,63.01%,2014-09-01,"2,997",133,single only,TinyKeep,,,0,,storesearch+appdetails,
OTTTD,$7.99 ,70.85%,2014-08-01,955,133,single only,OTTTD,,,0,,storesearch+appdetails,
Runaway Train,$2.99 ,72.22%,2017-07-01,98,133,single only,Runaway Train,,,0,,storesearch+appdetails,
Leviathan: The Last Day of the Decade,$4.99 ,75.23%,2014-11-01,"3,459",133,single only,Leviathan: The Last Day of the Decade,,,0,,storesearch+appdetails,
Tetra Project - 原石计划,$9.99 ,83.11%,2019-09-01,"6,344",133,single only,Tetra Project - 原石计划,,,0,,storesearch+appdetails,
Astebreed: Definitive Edition,$19.99 ,83.98%,2014-05-01,"10,491",133,single only,Astebreed: Definitive Edition,,,0,,storesearch+appdetails,
Innchanted,$9.99 ,75.94%,2023-03-01,"2,690",133,mixed,Innchanted,,,0,,storesearch+appdetails,
SNØ: Ultimate Freeriding,$11.99 ,90.56%,2025-02-01,"2,343",133,mixed,SNØ: Ultimate Freeriding,,,0,,storesearch+appdetails,
Anime Studio Simulator,$7.99 ,60.98%,2016-11-01,"1,027",132,single only,Anime Studio Simulator,,,0,,storesearch+appdetails,
Fermi's Path,$8.99 ,62.07%,2015-04-01,"1,767",132,single only,Fermi's Path,,,0,,storesearch+appdetails,
Seed Hunter 猎源,$8.99 ,65.11%,2020-05-01,"2,048",132,single only,Seed Hunter 猎源,,,0,,storesearch+appdetails,
The Last Dream: Developer's Edition,$9.99 ,75.58%,2015-12-01,"1,346",132,single only,The Last Dream: Developer's Edition,,,0,,storesearch+appdetails,
Vigilantes,$4.49 ,75.82%,2018-10-01,"4,253",132,single only,Vigilantes,,,0,,storesearch+appdetails,
Highrise Heroes: Word Challenge,$4.99 ,79.10%,2016-01-01,214,132,single only,Highrise Heroes: Word Challenge,,,0,,storesearch+appdetails,
Avadon 3: The Warborn,$19.99 ,80.98%,2016-09-01,"2,044",132,single only,Avadon 3: The Warborn,,,0,,storesearch+appdetails,
Azure Striker Gunvolt,$14.99 ,81.26%,2015-08-01,"9,183",132,single only,Azure Striker Gunvolt,,,0,,storesearch+appdetails,
Final Rush,$4.99 ,46.81%,2014-01-01,"2,405",132,mixed,Final Rush,,,0,,storesearch+appdetails,
Rooks Keep,$7.99 ,63.49%,2014-12-01,544,132,mixed,Rooks Keep,,,0,,storesearch+appdetails,
Front Office Football Seven,$14.99 ,75.12%,2014-11-01,"1,333",132,mixed,Front Office Football Seven,,,0,,storesearch+appdetails,
Third Front: WWII,$7.99 ,58.81%,2018-04-01,"15,321",131,single only,Third Front: WWII,,,0,,storesearch+appdetails,
Zefira,$11.99 ,59.74%,2020-01-01,"1,703",131,single only,Zefira,,,0,,storesearch+appdetails,
Zack Zero,$2.99 ,62.02%,2013-04-01,318,131,single only,Zack Zero,,,0,,storesearch+appdetails,
1849,$14.99 ,68.94%,2014-05-01,"2,083",131,single only,1849,,,0,,storesearch+appdetails,
Sproggiwood,$14.99 ,75.43%,2014-10-01,"7,091",131,single only,Sproggiwood,,,0,,storesearch+appdetails,
[Chilla's Art] The Convenience Store | 夜勤事件,$2.99 ,79.92%,2020-02-01,"7,975",131,single only,[Chilla's Art] The Convenience Store | 夜勤事件,,,0,,storesearch+appdetails,
Orbital Bullet – The 360° Rogue-lite,$16.99 ,81.20%,2022-03-01,"4,854",131,single only,Orbital Bullet – The 360° Rogue-lite,,,0,,storesearch+appdetails,
The Void Rains Upon Her Heart,$12.99 ,94.07%,2018-02-01,"2,455",131,single only,The Void Rains Upon Her Heart,,,0,,storesearch+appdetails,
Loco Parentis / 孤女咒怨,$9.99 ,53.54%,2019-09-01,"4,703",131,mixed,Loco Parentis / 孤女咒怨,,,0,,storesearch+appdetails,
Infinity Runner,$6.99 ,64.39%,2014-07-01,848,131,mixed,Infinity Runner,,,0,,storesearch+appdetails,
Death Stair,$5.99 ,64.97%,2016-08-01,"1,403",130,multi only,Death Stair,,,0,,storesearch+appdetails,
Planet Stronghold,$18.99 ,56.57%,2011-03-01,904,130,single only,Planet Stronghold,,,0,,storesearch+appdetails,
Miner Mayhem,$1.49 ,60.50%,2015-09-01,146,130,single only,Miner Mayhem,,,0,,storesearch+appdetails,
Army Gals,$19.99 ,80.88%,2017-04-01,"4,489",130,single only,Army Gals,,,0,,storesearch+appdetails,
Witch Hunt,$4.99 ,84.74%,2018-09-01,"22,287",130,single only,Witch Hunt,,,0,,storesearch+appdetails,
Wayhaven Chronicles: Book One,$7.99 ,85.53%,2018-03-01,704,130,single only,Wayhaven Chronicles: Book One,,,0,,storesearch+appdetails,
Looterkings,$17.99 ,68.80%,2017-08-01,"5,563",130,mixed,Looterkings,,,0,,storesearch+appdetails,
Aeterna Noctis,$29.99 ,73.03%,2021-12-01,"7,292",130,mixed,Aeterna Noctis,,,0,,storesearch+appdetails,
Concrete Jungle,$6.99 ,82.31%,2015-09-01,"2,954",130,mixed,Concrete Jungle,,,0,,storesearch+appdetails,
Maiden and Spell,$12.99 ,90.68%,2020-02-01,"3,675",130,mixed,Maiden and Spell,,,0,,storesearch+appdetails,
Charlie Murder,$9.99 ,91.55%,2017-05-01,"6,175",130,mixed,Charlie Murder,,,0,,storesearch+appdetails,
Star Nomad 2,$12.99 ,66.38%,2015-12-01,"3,447",129,single only,Star Nomad 2,,,0,,storesearch+appdetails,
Fairies vs. Darklings: Arcane Edition,$2.99 ,71.25%,2016-02-01,157,129,single only,Fairies vs. Darklings: Arcane Edition,,,0,,storesearch+appdetails,
RaiOhGar: Asuka and the King of Steel,$14.99 ,77.72%,2020-05-01,"2,690",129,single only,RaiOhGar: Asuka and the King of Steel,,,0,,storesearch+appdetails,
Unexplored,$9.99 ,80.37%,2017-02-01,"4,526",129,single only,Unexplored,,,0,,storesearch+appdetails,
Tormentum - Dark Sorrow,$4.19 ,89.99%,2015-03-01,"18,164",129,single only,Tormentum - Dark Sorrow,,,0,,storesearch+appdetails,
The Superfluous,$4.99 ,71.76%,2017-05-01,"1,031",129,mixed,The Superfluous,,,0,,storesearch+appdetails,
Garrison: Archangel,$14.99 ,76.72%,2020-05-01,"3,850",129,mixed,Garrison: Archangel,,,0,,storesearch+appdetails,
Din's Curse,$9.99 ,79.07%,2010-03-01,"1,156",129,mixed,Din's Curse,,,0,,storesearch+appdetails,
Platypus Reclayed,$11.24 ,92.01%,2025-09-01,"2,611",129,mixed,Platypus Reclayed,,,0,,storesearch+appdetails,
Stowaway,$4.99 ,71.31%,2020-11-01,"1,595",128,multi only,Stowaway,,,0,,storesearch+appdetails,
Jack Lumber,$4.99 ,60.55%,2013-04-01,221,128,single only,Jack Lumber,,,0,,storesearch+appdetails,
Enola,$14.99 ,61.75%,2014-09-01,"1,006",128,single only,Enola,,,0,,storesearch+appdetails,
Pills4Skills,$2.99 ,75.95%,2016-01-01,156,128,single only,Pills4Skills,,,0,,storesearch+appdetails,
神明的一天世界(God's One Day World),$9.99 ,80.65%,2016-07-01,"4,835",128,single only,神明的一天世界(God's One Day World),,,0,,storesearch+appdetails,
Intake,$9.99 ,84.60%,2013-11-01,488,128,single only,Intake,,,0,,storesearch+appdetails,
Rain on Your Parade,$11.24 ,89.81%,2021-04-01,"4,841",128,single only,Rain on Your Parade,,,0,,storesearch+appdetails,
APE OUT,$14.99 ,91.07%,2019-02-01,"11,896",128,single only,APE OUT,,,0,,storesearch+appdetails,
Her Majesty's Ship,$9.99 ,50.34%,2019-07-01,"4,249",128,mixed,Her Majesty's Ship,,,0,,storesearch+appdetails,
Horror Squad,$4.99 ,52.86%,2021-02-01,"1,361",128,mixed,Horror Squad,,,0,,storesearch+appdetails,
OverDrift Festival,$9.99 ,75.78%,2022-12-01,"5,759",128,mixed,OverDrift Festival,,,0,,storesearch+appdetails,
Doomfields,$14.99 ,76.67%,2025-07-01,492,128,mixed,Doomfields,,,0,,storesearch+appdetails,
Slime-san: Superslime Edition,$14.99 ,79.06%,2017-04-01,"1,326",128,mixed,Slime-san: Superslime Edition,,,0,,storesearch+appdetails,
Dehumanized,$1.99 ,61.36%,2018-07-01,"1,498",127,single only,Dehumanized,,,0,,storesearch+appdetails,
Hellbound,$14.99 ,62.56%,2020-08-01,"9,407",127,single only,Hellbound,,,0,,storesearch+appdetails,
Silver Chains,$24.99 ,67.10%,2019-08-01,"5,516",127,single only,Silver Chains,,,0,,storesearch+appdetails,
Under the Sand REDUX - a road trip simulator,$19.99 ,74.41%,2020-09-01,"4,629",127,single only,Under the Sand REDUX - a road trip simulator,,,0,,storesearch+appdetails,
Candleman: The Complete Journey,$14.99 ,87.17%,2018-02-01,"9,434",127,single only,Candleman: The Complete Journey,,,0,,storesearch+appdetails,
Boiling Bolt,$11.99 ,57.73%,2017-12-01,458,127,mixed,Boiling Bolt,,,0,,storesearch+appdetails,
Minds of Nations,$19.99 ,64.70%,2023-04-01,"2,101",127,mixed,Minds of Nations,,,0,,storesearch+appdetails,
COLLAPSED,$14.99 ,67.53%,2019-08-01,"2,061",127,mixed,COLLAPSED,,,0,,storesearch+appdetails,
Whisper of the Swallows,$13.99 ,81.56%,2026-01-01,933,127,mixed,Whisper of the Swallows,,,0,,storesearch+appdetails,
DeDrive,$1.99 ,70.75%,2018-05-01,51,126,multi only,DeDrive,,,0,,storesearch+appdetails,
夕生 Halflight,$14.99 ,60.65%,2020-04-01,"2,088",126,single only,夕生 Halflight,,,0,,storesearch+appdetails,
Animallica,$4.99 ,67.55%,2022-03-01,"16,052",126,single only,Animallica,,,0,,storesearch+appdetails,
Sugar Cube: Bittersweet Factory,$6.99 ,67.78%,2012-11-01,216,126,single only,Sugar Cube: Bittersweet Factory,,,0,,storesearch+appdetails,
Learn Japanese To Survive! Kanji Combat,$8.99 ,77.81%,2018-08-01,"2,974",126,single only,Learn Japanese To Survive! Kanji Combat,,,0,,storesearch+appdetails,
Healer's Quest,$14.99 ,78.26%,2018-04-01,"1,886",126,single only,Healer's Quest,,,0,,storesearch+appdetails,
Zombie Rollerz: Pinball Heroes,$14.99 ,78.87%,2022-03-01,"1,717",126,single only,Zombie Rollerz: Pinball Heroes,,,0,,storesearch+appdetails,
Rise of the Third Power,$19.99 ,82.84%,2022-02-01,"5,500",126,single only,Rise of the Third Power,,,0,,storesearch+appdetails,
Hive Jump,$19.99 ,65.21%,2017-01-01,"4,857",126,mixed,Hive Jump,,,0,,storesearch+appdetails,
inVokeR,$14.99 ,72.10%,2017-07-01,820,126,mixed,inVokeR,,,0,,storesearch+appdetails,
Penarium,$9.99 ,78.13%,2015-09-01,924,126,mixed,Penarium,,,0,,storesearch+appdetails,
Kayak VR: Mirage,$22.99 ,78.52%,2022-07-01,"11,388",126,mixed,Kayak VR: Mirage,,,0,,storesearch+appdetails,
Sky Noon,$14.99 ,80.61%,2018-12-01,"4,050",126,mixed,Sky Noon,,,0,,storesearch+appdetails,
Mobmania,$4.99 ,81.38%,2025-07-01,"1,123",126,mixed,Mobmania,,,0,,storesearch+appdetails,
4089: Ghost Within,$5.99 ,58.12%,2015-01-01,"1,275",125,single only,4089: Ghost Within,,,0,,storesearch+appdetails,
Escape From BioStation,$3.99 ,59.37%,2017-07-01,143,125,single only,Escape From BioStation,,,0,,storesearch+appdetails,
Dead Hungry Diner,$3.99 ,68.64%,2012-05-01,200,125,single only,Dead Hungry Diner,,,0,,storesearch+appdetails,
Puddle,$7.99 ,69.70%,2012-11-01,738,125,single only,Puddle,,,0,,storesearch+appdetails,
Night Call,$14.99 ,71.51%,2019-07-01,"9,645",125,single only,Night Call,,,0,,storesearch+appdetails,
Classic Sudoku,$4.99 ,86.00%,2019-11-01,468,125,single only,Classic Sudoku,,,0,,storesearch+appdetails,
Anarcute,$14.99 ,86.67%,2016-07-01,"3,767",125,single only,Anarcute,,,0,,storesearch+appdetails,
Iron Meat,$19.99 ,90.92%,2024-09-01,"9,071",125,mixed,Iron Meat,,,0,,storesearch+appdetails,
Sword of Asumi,$9.99 ,68.59%,2015-01-01,"2,937",124,single only,Sword of Asumi,,,0,,storesearch+appdetails,
Wild West and Wizards,$14.99 ,69.65%,2020-04-01,"4,148",124,single only,Wild West and Wizards,,,0,,storesearch+appdetails,
Paper Train Traffic,$14.99 ,69.70%,2016-03-01,666,124,single only,Paper Train Traffic,,,0,,storesearch+appdetails,
Never Again,$13.99 ,76.18%,2019-05-01,"7,646",124,single only,Never Again,,,0,,storesearch+appdetails,
[the Sequence],$4.99 ,81.58%,2016-03-01,710,124,single only,[the Sequence],,,0,,storesearch+appdetails,
Otem's Defiance,$6.99 ,81.86%,2016-04-01,359,124,single only,Otem's Defiance,,,0,,storesearch+appdetails,
KAMI,$3.99 ,90.21%,2014-01-01,"2,028",124,single only,KAMI,,,0,,storesearch+appdetails,
Terra Mystica,$16.99 ,59.91%,2017-06-01,"2,024",124,mixed,Terra Mystica,,,0,,storesearch+appdetails,
Multiplayer Platform Golf,$4.99 ,82.21%,2024-02-01,647,124,mixed,Multiplayer Platform Golf,,,0,,storesearch+appdetails,
Ancient Dungeon,$19.99 ,90.08%,2021-11-01,"10,579",124,mixed,Ancient Dungeon,,,0,,storesearch+appdetails,
Prime & Load : 1776,$7.99 ,71.22%,2020-04-01,"2,390",123,multi only,Prime & Load : 1776,,,0,,storesearch+appdetails,
The Dark Occult,$14.99 ,66.43%,2018-09-01,"5,530",123,single only,The Dark Occult,,,0,,storesearch+appdetails,
Serafina's Crown,$7.99 ,66.87%,2015-05-01,252,123,single only,Serafina's Crown,,,0,,storesearch+appdetails,
VERSUS: The Lost Ones,$4.99 ,74.81%,2015-08-01,689,123,single only,VERSUS: The Lost Ones,,,0,,storesearch+appdetails,
Nefarious,$14.99 ,79.22%,2017-01-01,"3,145",123,single only,Nefarious,,,0,,storesearch+appdetails,
The Impossible Game,$2.99 ,80.33%,2014-05-01,"2,076",123,single only,The Impossible Game,,,0,,storesearch+appdetails,
Eryi's Action,$4.99 ,83.78%,2013-11-01,"2,309",123,single only,Eryi's Action,,,0,,storesearch+appdetails,
Crystal Story II,$2.99 ,86.76%,2015-02-01,"1,795",123,single only,Crystal Story II,,,0,,storesearch+appdetails,
Frogun,$5.99 ,75.26%,2022-08-01,"3,254",123,mixed,Frogun,,,0,,storesearch+appdetails,
Metrico+,$13.99 ,67.56%,2016-08-01,890,122,single only,Metrico+,,,0,,storesearch+appdetails,
Warbanners,$19.99 ,67.90%,2017-10-01,"11,463",122,single only,Warbanners,,,0,,storesearch+appdetails,
Tales [PC],$1.99 ,70.56%,2016-11-01,559,122,single only,Tales [PC],,,0,,storesearch+appdetails,
AaaaaAAaaaAAAaaAAAAaAAAAA!!! for the Awesome,$9.99 ,71.20%,2011-11-01,963,122,single only,AaaaaAAaaaAAAaaAAAAaAAAAA!!! for the Awesome,,,0,,storesearch+appdetails,
Cursed Treasure 2,$4.99 ,77.24%,2017-07-01,865,122,single only,Cursed Treasure 2,,,0,,storesearch+appdetails,
Lisa's Memory - 丽莎的记忆,$7.99 ,78.05%,2020-06-01,"2,265",122,single only,Lisa's Memory - 丽莎的记忆,,,0,,storesearch+appdetails,
Omen Exitio: Plague,$9.99 ,80.04%,2018-03-01,"2,539",122,single only,Omen Exitio: Plague,,,0,,storesearch+appdetails,
Spacejacked,$9.99 ,82.69%,2016-02-01,266,122,single only,Spacejacked,,,0,,storesearch+appdetails,
Carrie's Order Up!,$2.99 ,84.76%,2016-09-01,327,122,single only,Carrie's Order Up!,,,0,,storesearch+appdetails,
Animal Fight Club,$4.99 ,75.37%,2019-04-01,"1,400",122,mixed,Animal Fight Club,,,0,,storesearch+appdetails,
JJBoom,$4.99 ,82.98%,2018-09-01,890,122,mixed,JJBoom,,,0,,storesearch+appdetails,
Heileen 3: New Horizons,$24.99 ,60.11%,2012-12-01,583,121,single only,Heileen 3: New Horizons,,,0,,storesearch+appdetails,
Robot Exploration Squad,$2.99 ,65.03%,2015-09-01,235,121,single only,Robot Exploration Squad,,,0,,storesearch+appdetails,
Shadwen,$16.99 ,73.57%,2016-05-01,"18,375",121,single only,Shadwen,,,0,,storesearch+appdetails,
Warcube,$9.99 ,76.81%,2017-01-01,"5,914",121,single only,Warcube,,,0,,storesearch+appdetails,
Kunoichi Botan,$14.99 ,76.81%,2019-01-01,"5,025",121,single only,Kunoichi Botan,,,0,,storesearch+appdetails,
Yono and the Celestial Elephants,$14.99 ,77.34%,2017-10-01,"1,284",121,single only,Yono and the Celestial Elephants,,,0,,storesearch+appdetails,
Heroes Rise: HeroFall,$4.99 ,79.63%,2014-07-01,319,121,single only,Heroes Rise: HeroFall,,,0,,storesearch+appdetails,
Choice of Rebels: Uprising,$7.99 ,80.04%,2017-11-01,449,121,single only,Choice of Rebels: Uprising,,,0,,storesearch+appdetails,
Aritana and the Harpy's Feather,$9.99 ,81.59%,2014-08-01,496,121,single only,Aritana and the Harpy's Feather,,,0,,storesearch+appdetails,
Sneaky Sneaky,$4.99 ,82.34%,2014-11-01,"1,585",121,single only,Sneaky Sneaky,,,0,,storesearch+appdetails,
Virtual Rides 3 - Funfair Simulator,$24.99 ,83.48%,2017-03-01,"4,810",121,single only,Virtual Rides 3 - Funfair Simulator,,,0,,storesearch+appdetails,
WAVESHAPER,$1.89 ,84.74%,2017-05-01,"1,181",121,single only,WAVESHAPER,,,0,,storesearch+appdetails,
qop 4,$1.99 ,86.43%,2018-12-01,270,121,single only,qop 4,,,0,,storesearch+appdetails,
Penumbra: Black Plague Gold Edition,$9.99 ,89.90%,2009-01-01,"8,425",121,single only,Penumbra: Black Plague Gold Edition,,,0,,storesearch+appdetails,
Dangerous Golf,$16.73 ,47.89%,2016-06-01,"1,422",121,mixed,Dangerous Golf,,,0,,storesearch+appdetails,
MirrorMoon EP,$14.99 ,57.08%,2013-09-01,"1,572",121,mixed,MirrorMoon EP,,,0,,storesearch+appdetails,
TY the Tasmanian Tiger 3,$14.99 ,75.20%,2018-12-01,"1,871",121,mixed,TY the Tasmanian Tiger 3,,,0,,storesearch+appdetails,
Gold Miner:Classic Edition,$3.99 ,76.13%,2025-07-01,"1,335",121,mixed,Gold Miner:Classic Edition,,,0,,storesearch+appdetails,
Zombie Killin',$1.99 ,77.40%,2017-01-01,44,121,mixed,Zombie Killin',,,0,,storesearch+appdetails,
Kings of Hell,$20.50 ,81.81%,2025-11-01,"1,939",121,mixed,Kings of Hell,,,0,,storesearch+appdetails,
Victory Heat Rally,$19.99 ,82.06%,2024-10-01,"5,163",121,mixed,Victory Heat Rally,,,0,,storesearch+appdetails,
Super Kitty Boing Boing,$5.99 ,46.69%,2016-03-01,230,120,multi only,Super Kitty Boing Boing,,,0,,storesearch+appdetails,
Vanilla Bagel: The Roguelike,$12.99 ,60.10%,2016-06-01,707,120,single only,Vanilla Bagel: The Roguelike,,,0,,storesearch+appdetails,
Frozen State,$11.99 ,61.69%,2016-08-01,"18,955",120,single only,Frozen State,,,0,,storesearch+appdetails,
Project AURA,$14.99 ,62.21%,2018-04-01,"44,352",120,single only,Project AURA,,,0,,storesearch+appdetails,
Rogue State,$4.99 ,70.85%,2015-10-01,"1,893",120,single only,Rogue State,,,0,,storesearch+appdetails,
Ballpoint Universe - Infinite,$3.99 ,73.67%,2013-12-01,598,120,single only,Ballpoint Universe - Infinite,,,0,,storesearch+appdetails,
Alphabear: Hardcover Edition,$9.99 ,74.66%,2017-08-01,508,120,single only,Alphabear: Hardcover Edition,,,0,,storesearch+appdetails,
Game Studio Simulator（我要做游戏）,$1.99 ,75.04%,2019-03-01,"1,025",120,single only,Game Studio Simulator（我要做游戏）,,,0,,storesearch+appdetails,
Khaba,$3.99 ,75.12%,2015-01-01,334,120,single only,Khaba,,,0,,storesearch+appdetails,
Minimal,$2.99 ,75.46%,2016-12-01,167,120,single only,Minimal,,,0,,storesearch+appdetails,
魔塔2018,$1.99 ,76.61%,2018-11-01,517,120,single only,魔塔2018,,,0,,storesearch+appdetails,
Planet of the Eyes,$9.99 ,78.87%,2015-08-01,890,120,single only,Planet of the Eyes,,,0,,storesearch+appdetails,
The Misadventures of P.B. Winterbottom,$4.99 ,81.86%,2010-04-01,855,120,single only,The Misadventures of P.B. Winterbottom,,,0,,storesearch+appdetails,
Apsulov: End of Gods,$19.99 ,83.43%,2019-08-01,"9,123",120,single only,Apsulov: End of Gods,,,0,,storesearch+appdetails,
Claybook,$9.99 ,65.31%,2018-08-01,"2,428",120,mixed,Claybook,,,0,,storesearch+appdetails,
Black Future '88,$19.99 ,68.96%,2019-11-01,"10,108",120,mixed,Black Future '88,,,0,,storesearch+appdetails,
Jelly Express,$6.99 ,75.06%,2023-10-01,"2,589",120,mixed,Jelly Express,,,0,,storesearch+appdetails,
RiffTrax: The Game,$9.99 ,83.48%,2022-05-01,"1,471",120,mixed,RiffTrax: The Game,,,0,,storesearch+appdetails,
GhostCatcher,$8.99 ,53.19%,2025-01-01,330,119,multi only,GhostCatcher,,,0,,storesearch+appdetails,
Party Madness,$2.67 ,75.82%,2025-09-01,695,119,multi only,Party Madness,,,0,,storesearch+appdetails,
Beyond Dimensions,$4.99 ,63.75%,2016-03-01,202,119,single only,Beyond Dimensions,,,0,,storesearch+appdetails,
Aeternum,$5.99 ,66.66%,2017-07-01,152,119,single only,Aeternum,,,0,,storesearch+appdetails,
DragonFangZ - The Rose & Dungeon of Time,$24.99 ,68.26%,2018-02-01,"2,427",119,single only,DragonFangZ - The Rose & Dungeon of Time,,,0,,storesearch+appdetails,
Major Mayhem,$4.99 ,78.05%,2014-02-01,516,119,single only,Major Mayhem,,,0,,storesearch+appdetails,
Jet Buster,$9.99 ,79.42%,2017-10-01,208,119,single only,Jet Buster,,,0,,storesearch+appdetails,
Kitty Powers' Love Life,$12.99 ,81.92%,2018-02-01,739,119,single only,Kitty Powers' Love Life,,,0,,storesearch+appdetails,
Kraken Academy!!,$17.99 ,85.39%,2021-09-01,"4,349",119,single only,Kraken Academy!!,,,0,,storesearch+appdetails,
Super Trench Attack!,$4.99 ,85.89%,2014-07-01,"2,060",119,single only,Super Trench Attack!,,,0,,storesearch+appdetails,
The Trail: Frontier Challenge,$14.99 ,72.02%,2017-08-01,"3,343",119,mixed,The Trail: Frontier Challenge,,,0,,storesearch+appdetails,
Diner Bros 2,$14.99 ,77.68%,2025-07-01,707,119,mixed,Diner Bros 2,,,0,,storesearch+appdetails,
クビトリドオルズ・レトリーバー: 島津怪談01,$6.99 ,79.25%,2025-01-01,278,119,mixed,クビトリドオルズ・レトリーバー: 島津怪談01,,,0,,storesearch+appdetails,
Catacomb Kids,$15.99 ,82.30%,2015-02-01,"9,404",119,mixed,Catacomb Kids,,,0,,storesearch+appdetails,
Blazing Chrome,$16.99 ,83.74%,2019-07-01,"9,539",119,mixed,Blazing Chrome,,,0,,storesearch+appdetails,
Kyn,$9.99 ,56.44%,2015-07-01,"7,255",118,single only,Kyn,,,0,,storesearch+appdetails,
Blues and Bullets,$4.99 ,60.94%,2015-07-01,"11,964",118,single only,Blues and Bullets,,,0,,storesearch+appdetails,
Thirty Flights of Loving,$4.99 ,61.95%,2012-08-01,"1,016",118,single only,Thirty Flights of Loving,,,0,,storesearch+appdetails,
Business Magnate,$12.99 ,63.74%,2019-03-01,"3,370",118,single only,Business Magnate,,,0,,storesearch+appdetails,
PLANET ALPHA,$9.99 ,67.34%,2018-09-01,"7,461",118,single only,PLANET ALPHA,,,0,,storesearch+appdetails,
BossConstructor,$14.99 ,68.94%,2016-10-01,"5,782",118,single only,BossConstructor,,,0,,storesearch+appdetails,
Galaxy Squad,$9.99 ,70.58%,2019-07-01,"7,313",118,single only,Galaxy Squad,,,0,,storesearch+appdetails,
Run Rabbit Run,$3.99 ,72.74%,2016-03-01,602,118,single only,Run Rabbit Run,,,0,,storesearch+appdetails,
Captain Forever Remix,$9.99 ,75.85%,2016-06-01,"6,531",118,single only,Captain Forever Remix,,,0,,storesearch+appdetails,
Space Pilgrim Academy: Year 1,$1.99 ,80.62%,2017-10-01,"2,309",118,single only,Space Pilgrim Academy: Year 1,,,0,,storesearch+appdetails,
Let Them Come,$7.99 ,80.62%,2017-10-01,"4,152",118,single only,Let Them Come,,,0,,storesearch+appdetails,
On a Roll,$19.99 ,60.05%,2017-08-01,"2,015",118,mixed,On a Roll,,,0,,storesearch+appdetails,
Witchcraft,$4.99 ,68.15%,2018-05-01,150,118,mixed,Witchcraft,,,0,,storesearch+appdetails,
Din's Legacy,$19.99 ,71.43%,2019-08-01,"1,925",118,mixed,Din's Legacy,,,0,,storesearch+appdetails,
HordeZ,$16.99 ,78.06%,2016-04-01,"2,606",118,mixed,HordeZ,,,0,,storesearch+appdetails,
1001 Spikes,$14.99 ,78.09%,2014-06-01,"4,401",118,mixed,1001 Spikes,,,0,,storesearch+appdetails,
OlliOlli2: Welcome to Olliwood,$14.99 ,79.25%,2015-08-01,"2,617",118,mixed,OlliOlli2: Welcome to Olliwood,,,0,,storesearch+appdetails,
Cult of the Wind,$9.99 ,49.03%,2014-07-01,383,117,multi only,Cult of the Wind,,,0,,storesearch+appdetails,
Stop Online - Battle of Words,$4.99 ,57.49%,2016-01-01,374,117,multi only,Stop Online - Battle of Words,,,0,,storesearch+appdetails,
Bombernauts,$9.99 ,71.85%,2017-12-01,930,117,multi only,Bombernauts,,,0,,storesearch+appdetails,
Pigmentone,$1.99 ,62.45%,2016-07-01,348,117,single only,Pigmentone,,,0,,storesearch+appdetails,
Pixel Shopkeeper,$6.99 ,71.54%,2017-07-01,"2,746",117,single only,Pixel Shopkeeper,,,0,,storesearch+appdetails,
Caromble!,$12.99 ,77.02%,2015-08-01,528,117,single only,Caromble!,,,0,,storesearch+appdetails,
Transcripted,$7.99 ,81.14%,—,192,117,single only,Transcripted,,,0,,storesearch+appdetails,
Akane,$4.99 ,91.46%,2018-09-01,"4,658",117,single only,Akane,,,0,,storesearch+appdetails,
Magical Battle Festa,$9.99 ,60.30%,2014-11-01,"6,363",117,mixed,Magical Battle Festa,,,0,,storesearch+appdetails,
Perennial Order,$19.99 ,86.94%,2024-09-01,"4,868",117,mixed,Perennial Order,,,0,,storesearch+appdetails,
Parking Garage Rally Circuit,$9.99 ,91.65%,2024-09-01,"3,641",117,mixed,Parking Garage Rally Circuit,,,0,,storesearch+appdetails,
Dark Hero Party,$14.99 ,62.27%,2020-04-01,"2,449",116,single only,Dark Hero Party,,,0,,storesearch+appdetails,
Demon Hearts,$3.99 ,68.13%,2015-08-01,361,116,single only,Demon Hearts,,,0,,storesearch+appdetails,
Just Deserts,$9.99 ,68.53%,2016-07-01,"5,317",116,single only,Just Deserts,,,0,,storesearch+appdetails,
Goats on a Bridge,$1.24 ,71.20%,2015-02-01,349,116,single only,Goats on a Bridge,,,0,,storesearch+appdetails,
Sin Castle,$4.99 ,71.41%,2017-06-01,567,116,single only,Sin Castle,,,0,,storesearch+appdetails,
Electronic Super Joy: Groove City,$4.99 ,76.82%,2014-06-01,757,116,single only,Electronic Super Joy: Groove City,,,0,,storesearch+appdetails,
Tin Star,$11.99 ,87.03%,2014-02-01,935,116,single only,Tin Star,,,0,,storesearch+appdetails,
My Island,$14.99 ,64.86%,2024-05-01,"13,459",116,mixed,My Island,,,0,,storesearch+appdetails,
Droid Assault,$9.99 ,77.14%,2013-01-01,690,116,mixed,Droid Assault,,,0,,storesearch+appdetails,
Scoot,$12.99 ,85.69%,2020-12-01,"1,773",116,mixed,Scoot,,,0,,storesearch+appdetails,
The Occupation,$29.99 ,58.24%,2019-03-01,"5,849",115,single only,The Occupation,,,0,,storesearch+appdetails,
Purrfect Date - Visual Novel/Dating Simulator,$9.99 ,58.90%,2017-12-01,"2,516",115,single only,Purrfect Date - Visual Novel/Dating Simulator,,,0,,storesearch+appdetails,
Felix The Reaper,$9.99 ,68.94%,2019-10-01,"2,943",115,single only,Felix The Reaper,,,0,,storesearch+appdetails,
The Way,$14.99 ,79.20%,2016-05-01,"5,772",115,single only,The Way,,,0,,storesearch+appdetails,
REVEIL,$19.99 ,82.73%,2024-03-01,"5,991",115,single only,REVEIL,,,0,,storesearch+appdetails,
Eufloria HD,$6.90 ,83.96%,2014-10-01,"2,513",115,single only,Eufloria HD,,,0,,storesearch+appdetails,
Mago,$14.99 ,88.06%,2022-06-01,"8,511",115,single only,Mago,,,0,,storesearch+appdetails,
Oil Enterprise,$19.99 ,48.56%,2016-04-01,"2,691",115,mixed,Oil Enterprise,,,0,,storesearch+appdetails,
Crawlers and Brawlers,$7.99 ,70.76%,2016-08-01,458,115,mixed,Crawlers and Brawlers,,,0,,storesearch+appdetails,
Retimed,$14.99 ,77.53%,2019-12-01,"3,545",115,mixed,Retimed,,,0,,storesearch+appdetails,
Viking Squad,$14.99 ,78.37%,2016-10-01,"3,522",115,mixed,Viking Squad,,,0,,storesearch+appdetails,
Herolike,$7.99 ,57.58%,2016-02-01,661,114,single only,Herolike,,,0,,storesearch+appdetails,
Underhero,$14.99 ,82.85%,2018-09-01,"4,833",114,single only,Underhero,,,0,,storesearch+appdetails,
Bad Dream: Coma,$8.99 ,87.42%,2017-03-01,"4,636",114,single only,Bad Dream: Coma,,,0,,storesearch+appdetails,
Intergalactic Fishing,$3.74 ,87.92%,2020-04-01,"1,247",114,single only,Intergalactic Fishing,,,0,,storesearch+appdetails,
Dropsy,$9.99 ,88.65%,2015-09-01,"6,237",114,single only,Dropsy,,,0,,storesearch+appdetails,
Fluffy Horde,$9.99 ,57.90%,2018-11-01,"1,339",114,mixed,Fluffy Horde,,,0,,storesearch+appdetails,
Making History: The Great War,$29.99 ,71.64%,2015-01-01,"13,874",114,mixed,Making History: The Great War,,,0,,storesearch+appdetails,
SWAT Commander,$18.73 ,74.70%,2025-07-01,"24,325",114,mixed,SWAT Commander,,,0,,storesearch+appdetails,
The Yawhg,$9.99 ,78.99%,2013-05-01,"3,601",114,mixed,The Yawhg,,,0,,storesearch+appdetails,
The Travels of Marco Polo,$6.99 ,62.57%,2015-05-01,240,113,single only,The Travels of Marco Polo,,,0,,storesearch+appdetails,
Galaxy Girls,$19.99 ,63.07%,2017-09-01,"5,660",113,single only,Galaxy Girls,,,0,,storesearch+appdetails,
Zenith,$7.99 ,66.66%,2016-09-01,"5,337",113,single only,Zenith,,,0,,storesearch+appdetails,
Germination,$3.99 ,67.90%,2018-04-01,506,113,single only,Germination,,,0,,storesearch+appdetails,
Amphora,$13.99 ,73.25%,2014-11-01,"2,291",113,single only,Amphora,,,0,,storesearch+appdetails,
CrossCells,$2.99 ,79.17%,2017-05-01,530,113,single only,CrossCells,,,0,,storesearch+appdetails,
Coffee Shop Tycoon,$9.99 ,80.21%,2022-12-01,"3,076",113,single only,Coffee Shop Tycoon,,,0,,storesearch+appdetails,
Hero and Daughter+,$9.99 ,80.80%,2016-02-01,"2,872",113,single only,Hero and Daughter+,,,0,,storesearch+appdetails,
Zeliria Sanctuary,$9.99 ,82.55%,2019-01-01,"3,358",113,single only,Zeliria Sanctuary,,,0,,storesearch+appdetails,
Doomsday Hunters,$15.99 ,84.31%,2023-07-01,"5,948",113,single only,Doomsday Hunters,,,0,,storesearch+appdetails,
Banter Schooldays!!三〇一室无一人,$3.99 ,84.47%,2019-11-01,"1,492",113,single only,Banter Schooldays!!三〇一室无一人,,,0,,storesearch+appdetails,
Sora,$8.99 ,85.72%,2016-01-01,"3,837",113,single only,Sora,,,0,,storesearch+appdetails,
Eliza,$7.49 ,86.45%,2019-08-01,"4,651",113,single only,Eliza,,,0,,storesearch+appdetails,
The Big Con,$14.99 ,88.33%,2021-08-01,"2,637",113,single only,The Big Con,,,0,,storesearch+appdetails,
Tyran,$5.99 ,45.65%,2021-07-01,"1,540",113,mixed,Tyran,,,0,,storesearch+appdetails,
Rake,$4.99 ,69.29%,2015-07-01,"34,938",113,mixed,Rake,,,0,,storesearch+appdetails,
Legend Bowl,$24.99 ,82.16%,2021-09-01,"3,362",113,mixed,Legend Bowl,,,0,,storesearch+appdetails,
BallisticNG,$14.99 ,90.41%,2018-12-01,"9,081",113,mixed,BallisticNG,,,0,,storesearch+appdetails,
Infinite Space III: Sea of Stars,$4.99 ,65.39%,2015-10-01,747,112,single only,Infinite Space III: Sea of Stars,,,0,,storesearch+appdetails,
Accounting+,$11.99 ,70.51%,2018-10-01,"3,750",112,single only,Accounting+,,,0,,storesearch+appdetails,
星礼研究所 | Sighchology Research Lab,$2.99 ,75.09%,2020-01-01,541,112,single only,星礼研究所 | Sighchology Research Lab,,,0,,storesearch+appdetails,
Tomb of Tyrants,$7.99 ,75.51%,2015-06-01,"1,721",112,single only,Tomb of Tyrants,,,0,,storesearch+appdetails,
Geo,$8.99 ,77.40%,2017-01-01,415,112,single only,Geo,,,0,,storesearch+appdetails,
Virgo Versus The Zodiac,$19.99 ,86.89%,2019-12-01,"6,610",112,single only,Virgo Versus The Zodiac,,,0,,storesearch+appdetails,
UnderBackrooms,$3.99 ,41.94%,2023-02-01,199,112,mixed,UnderBackrooms,,,0,,storesearch+appdetails,
Formata,$9.99 ,62.19%,2017-12-01,"10,755",112,mixed,Formata,,,0,,storesearch+appdetails,
StarArc Echo,$5.99 ,70.50%,2025-05-01,"1,125",112,mixed,StarArc Echo,,,0,,storesearch+appdetails,
CyberCorp,$10.49 ,76.32%,2025-04-01,"6,258",112,mixed,CyberCorp,,,0,,storesearch+appdetails,
Serious Sam Classic: The Second Encounter,$5.99 ,91.50%,2002-02-01,"6,442",112,mixed,Serious Sam Classic: The Second Encounter,,,0,,storesearch+appdetails,
ZOMBIE RAID: No One Survives,$10.99 ,51.76%,2024-07-01,"4,109",111,multi only,ZOMBIE RAID: No One Survives,,,0,,storesearch+appdetails,
Pyramid Raid,$2.99 ,57.43%,2015-12-01,540,111,single only,Pyramid Raid,,,0,,storesearch+appdetails,
Heroes Rise: The Hero Project,$5.99 ,71.99%,2013-09-01,411,111,single only,Heroes Rise: The Hero Project,,,0,,storesearch+appdetails,
Goetia,$14.99 ,73.31%,2016-04-01,"4,402",111,single only,Goetia,,,0,,storesearch+appdetails,
Unworthy,$14.99 ,76.83%,2018-05-01,"7,067",111,single only,Unworthy,,,0,,storesearch+appdetails,
Hardware Engineers,$14.99 ,77.58%,2019-04-01,"3,537",111,single only,Hardware Engineers,,,0,,storesearch+appdetails,
Scania Truck Driving Simulator,$9.99 ,78.12%,2012-06-01,"6,245",111,single only,Scania Truck Driving Simulator,,,0,,storesearch+appdetails,
Heaven Will Be Mine,$14.99 ,86.21%,2018-07-01,"3,446",111,single only,Heaven Will Be Mine,,,0,,storesearch+appdetails,
Hustle Cat,$19.99 ,87.95%,2016-03-01,"3,505",111,single only,Hustle Cat,,,0,,storesearch+appdetails,
Primal Fears,$4.99 ,56.98%,2013-01-01,534,111,mixed,Primal Fears,,,0,,storesearch+appdetails,
Sword of the Necromancer,$14.99 ,64.16%,2021-01-01,"5,511",111,mixed,Sword of the Necromancer,,,0,,storesearch+appdetails,
Reformers Intl Ver(变革者国际版),$1.99 ,71.39%,2018-06-01,488,111,mixed,Reformers Intl Ver(变革者国际版),,,0,,storesearch+appdetails,
#holoReversi,$9.99 ,75.53%,2025-06-01,958,111,mixed,#holoReversi,,,0,,storesearch+appdetails,
Acceleration of SUGURI X-Edition HD,$5.99 ,75.72%,2014-07-01,"1,286",111,mixed,Acceleration of SUGURI X-Edition HD,,,0,,storesearch+appdetails,
Sprint Vector,$29.99 ,78.49%,2018-02-01,"3,528",111,mixed,Sprint Vector,,,0,,storesearch+appdetails,
Volley Court,$5.99 ,81.17%,2022-11-01,765,111,mixed,Volley Court,,,0,,storesearch+appdetails,
Drox Operative 2,$19.99 ,82.93%,2021-10-01,"3,040",111,mixed,Drox Operative 2,,,0,,storesearch+appdetails,
Clumsy Runners,$3.99 ,62.10%,2016-06-01,240,110,single only,Clumsy Runners,,,0,,storesearch+appdetails,
Debugger 3.16: Hack'n'Run,$2.99 ,68.41%,2017-06-01,421,110,single only,Debugger 3.16: Hack'n'Run,,,0,,storesearch+appdetails,
Cubetractor,$4.99 ,70.43%,2013-05-01,389,110,single only,Cubetractor,,,0,,storesearch+appdetails,
Pendragon Rising,$4.99 ,71.81%,2015-12-01,620,110,single only,Pendragon Rising,,,0,,storesearch+appdetails,
2Dark,$24.99 ,74.81%,2017-03-01,"4,557",110,single only,2Dark,,,0,,storesearch+appdetails,
Heart&Slash,$14.99 ,76.70%,2016-08-01,"6,428",110,single only,Heart&Slash,,,0,,storesearch+appdetails,
Lumino City,$11.99 ,82.64%,2014-12-01,"5,429",110,single only,Lumino City,,,0,,storesearch+appdetails,
Rosewater,$19.99 ,85.78%,2025-03-01,"3,569",110,single only,Rosewater,,,0,,storesearch+appdetails,
Pizza Game,$9.99 ,90.39%,2019-09-01,"1,226",110,single only,Pizza Game,,,0,,storesearch+appdetails,
Hover Junkers,$19.99 ,61.03%,2016-04-01,"13,698",110,mixed,Hover Junkers,,,0,,storesearch+appdetails,
Sleeping Dawn,$7.99 ,63.42%,2017-11-01,937,110,mixed,Sleeping Dawn,,,0,,storesearch+appdetails,
Escape Quest,$2.99 ,68.24%,2020-09-01,724,110,mixed,Escape Quest,,,0,,storesearch+appdetails,
Fortify,$4.99 ,68.35%,2016-04-01,"1,209",110,mixed,Fortify,,,0,,storesearch+appdetails,
Sparklite,$18.00 ,74.28%,2019-11-01,"5,388",110,mixed,Sparklite,,,0,,storesearch+appdetails,
Project Arrhythmia,$11.99 ,91.03%,2019-06-01,"4,520",110,mixed,Project Arrhythmia,,,0,,storesearch+appdetails,
众生,$14.99 ,58.45%,2018-02-01,"5,130",109,single only,众生,,,0,,storesearch+appdetails,
Initial 2 : New Stage,$24.99 ,65.71%,2018-10-01,"8,362",109,single only,Initial 2 : New Stage,,,0,,storesearch+appdetails,
Rack N Ruin,$9.99 ,69.50%,2015-09-01,979,109,single only,Rack N Ruin,,,0,,storesearch+appdetails,
Aerofly FS 2 Flight Simulator,$49.99 ,76.22%,2017-11-01,"18,101",109,single only,Aerofly FS 2 Flight Simulator,,,0,,storesearch+appdetails,
Soda Story - Brewing Tycoon,$14.99 ,79.37%,2022-07-01,863,109,single only,Soda Story - Brewing Tycoon,,,0,,storesearch+appdetails,
Blackwell Unbound,$4.99 ,88.20%,2012-01-01,"1,695",109,single only,Blackwell Unbound,,,0,,storesearch+appdetails,
Enchanted Portals,$19.99 ,40.20%,2023-09-01,"1,422",109,mixed,Enchanted Portals,,,0,,storesearch+appdetails,
TINY METAL,$24.99 ,66.41%,2017-12-01,"9,979",109,mixed,TINY METAL,,,0,,storesearch+appdetails,
Rally Copters,$6.99 ,73.26%,2016-08-01,111,109,mixed,Rally Copters,,,0,,storesearch+appdetails,
Dominions 3: The Awakening,$19.99 ,73.62%,2013-09-01,"2,135",109,mixed,Dominions 3: The Awakening,,,0,,storesearch+appdetails,
Sentinels of Earth-Prime,$17.99 ,75.60%,2023-04-01,614,109,mixed,Sentinels of Earth-Prime,,,0,,storesearch+appdetails,
Fight of Animals,$9.99 ,87.08%,2019-12-01,"3,907",109,mixed,Fight of Animals,,,0,,storesearch+appdetails,
5 Minute Raid,$4.99 ,79.08%,2024-11-01,204,108,multi only,5 Minute Raid,,,0,,storesearch+appdetails,
Runner3,$19.99 ,70.22%,2018-05-01,"1,576",108,single only,Runner3,,,0,,storesearch+appdetails,
Paratopic,$5.49 ,71.51%,2018-09-01,"2,986",108,single only,Paratopic,,,0,,storesearch+appdetails,
Bronze Age - HD Edition,$2.99 ,72.42%,2013-09-01,"1,074",108,single only,Bronze Age - HD Edition,,,0,,storesearch+appdetails,
Quest for Infamy,$9.99 ,78.23%,2014-07-01,"1,167",108,single only,Quest for Infamy,,,0,,storesearch+appdetails,
Anime Artist 2: Lovely Danya,$1.99 ,80.59%,2020-02-01,760,108,single only,Anime Artist 2: Lovely Danya,,,0,,storesearch+appdetails,
Space Pilgrim Academy: Year 3,$1.99 ,81.29%,2018-10-01,190,108,single only,Space Pilgrim Academy: Year 3,,,0,,storesearch+appdetails,
Splice,$9.99 ,81.85%,2012-06-01,765,108,single only,Splice,,,0,,storesearch+appdetails,
ISOLAND3: Dust of the Universe,$2.99 ,83.52%,2020-03-01,"1,139",108,single only,ISOLAND3: Dust of the Universe,,,0,,storesearch+appdetails,
Mr. Pumpkin 2: Kowloon walled city,$5.99 ,85.73%,2019-11-01,"1,413",108,single only,Mr. Pumpkin 2: Kowloon walled city,,,0,,storesearch+appdetails,
Mutilate-a-Doll 2,$9.00 ,88.96%,2019-03-01,"2,839",108,single only,Mutilate-a-Doll 2,,,0,,storesearch+appdetails,
AereA,$9.99 ,51.57%,2017-06-01,"1,018",108,mixed,AereA,,,0,,storesearch+appdetails,
Commando Hero,$3.99 ,80.47%,2023-04-01,469,108,mixed,Commando Hero,,,0,,storesearch+appdetails,
Tasty Blue,$7.99 ,83.75%,2015-02-01,"2,190",108,mixed,Tasty Blue,,,0,,storesearch+appdetails,
Battle Royale: Survivors 究极求生:大逃杀,$4.99 ,45.12%,2019-06-01,"3,186",107,multi only,Battle Royale: Survivors 究极求生:大逃杀,,,0,,storesearch+appdetails,
Enlightenment,$11.99 ,61.12%,2017-08-01,"9,412",107,single only,Enlightenment,,,0,,storesearch+appdetails,
The Great Gatsby: Secret Treasure,$5.99 ,66.34%,2017-05-01,112,107,single only,The Great Gatsby: Secret Treasure,,,0,,storesearch+appdetails,
Incredipede,$9.99 ,68.91%,2013-03-01,680,107,single only,Incredipede,,,0,,storesearch+appdetails,
Fly'N,$9.99 ,80.86%,2012-11-01,"2,189",107,single only,Fly'N,,,0,,storesearch+appdetails,
Guilty Parade,$8.99 ,85.49%,2021-01-01,"1,421",107,single only,Guilty Parade,,,0,,storesearch+appdetails,
Snooker Nation Championship,$3.99 ,60.59%,2016-04-01,"1,021",107,mixed,Snooker Nation Championship,,,0,,storesearch+appdetails,
Gnomes Vs. Fairies: Greckel's Quest,$2.99 ,72.48%,2016-07-01,"1,055",107,mixed,Gnomes Vs. Fairies: Greckel's Quest,,,0,,storesearch+appdetails,
Beat Hazard 3,$19.99 ,78.53%,2024-06-01,"3,429",107,mixed,Beat Hazard 3,,,0,,storesearch+appdetails,
Messy Up,$7.09 ,79.70%,2024-06-01,"1,807",107,mixed,Messy Up,,,0,,storesearch+appdetails,
Sky Rogue,$19.99 ,87.55%,2017-08-01,"8,890",107,mixed,Sky Rogue,,,0,,storesearch+appdetails,
Devil's Bluff,$3.99 ,56.52%,2015-10-01,"1,787",106,multi only,Devil's Bluff,,,0,,storesearch+appdetails,
OBEY,$7.99 ,79.34%,2020-05-01,"3,896",106,multi only,OBEY,,,0,,storesearch+appdetails,
Shadows: Heretic Kingdoms,$29.99 ,57.77%,2014-11-01,"17,640",106,single only,Shadows: Heretic Kingdoms,,,0,,storesearch+appdetails,
Darkness Within 1: In Pursuit of Loath Nolder,$1.43 ,69.66%,2009-08-01,"3,594",106,single only,Darkness Within 1: In Pursuit of Loath Nolder,,,0,,storesearch+appdetails,
RymdResa,$11.99 ,69.92%,2015-08-01,"4,011",106,single only,RymdResa,,,0,,storesearch+appdetails,
Leashed Soul,$4.99 ,70.81%,2017-06-01,200,106,single only,Leashed Soul,,,0,,storesearch+appdetails,
Starship Rubicon,$9.99 ,73.25%,2014-12-01,327,106,single only,Starship Rubicon,,,0,,storesearch+appdetails,
城堡传说：魔王觉醒,$11.99 ,73.92%,2019-04-01,"1,001",106,single only,城堡传说：魔王觉醒,,,0,,storesearch+appdetails,
Leaving Lyndow,$3.99 ,77.80%,2017-02-01,"4,201",106,single only,Leaving Lyndow,,,0,,storesearch+appdetails,
Sayonara Umihara Kawase,$2.99 ,85.11%,2015-10-01,"2,502",106,single only,Sayonara Umihara Kawase,,,0,,storesearch+appdetails,
3dSen PC,$14.99 ,85.00%,2025-06-01,"6,080",106,mixed,3dSen PC,,,0,,storesearch+appdetails,
SpyFall,$14.99 ,73.02%,2026-01-01,705,105,multi only,SpyFall,,,0,,storesearch+appdetails,
Cast of the Seven Godsends - Redux,$9.99 ,57.89%,2015-07-01,513,105,single only,Cast of the Seven Godsends - Redux,,,0,,storesearch+appdetails,
Amulet of Dreams,$6.99 ,58.86%,2016-06-01,303,105,single only,Amulet of Dreams,,,0,,storesearch+appdetails,
Escape from Fortress Lugohm,$9.99 ,69.16%,2019-08-01,"1,736",105,single only,Escape from Fortress Lugohm,,,0,,storesearch+appdetails,
Terrible Laboratory,$10.99 ,75.49%,2019-03-01,"2,683",105,single only,Terrible Laboratory,,,0,,storesearch+appdetails,
rymdkapsel,$7.99 ,76.85%,2014-01-01,"1,274",105,single only,rymdkapsel,,,0,,storesearch+appdetails,
Jenny LeClue - Detectivu,$19.99 ,83.03%,2019-09-01,"6,550",105,single only,Jenny LeClue - Detectivu,,,0,,storesearch+appdetails,
Hatoful Boyfriend: Holiday Star,$9.99 ,87.03%,2015-12-01,"1,988",105,single only,Hatoful Boyfriend: Holiday Star,,,0,,storesearch+appdetails,
Wolf Tails,$9.99 ,89.57%,2018-05-01,"7,712",105,single only,Wolf Tails,,,0,,storesearch+appdetails,
Blackwell Epiphany,$9.99 ,91.75%,2014-04-01,"1,573",105,single only,Blackwell Epiphany,,,0,,storesearch+appdetails,
Telefrag VR,$3.39 ,57.45%,2019-07-01,"1,272",105,mixed,Telefrag VR,,,0,,storesearch+appdetails,
Bazaar Simulator,$5.99 ,64.87%,2025-01-01,"1,087",105,mixed,Bazaar Simulator,,,0,,storesearch+appdetails,
Wars Across The World,$9.99 ,76.43%,2017-05-01,"2,038",105,mixed,Wars Across The World,,,0,,storesearch+appdetails,
Indie Pogo,$14.99 ,77.85%,2018-07-01,"2,275",105,mixed,Indie Pogo,,,0,,storesearch+appdetails,
Etherlords II,$4.99 ,78.29%,2003-10-01,"4,901",105,mixed,Etherlords II,,,0,,storesearch+appdetails,
Chicken Invaders 3,$5.99 ,86.19%,2015-06-01,775,105,mixed,Chicken Invaders 3,,,0,,storesearch+appdetails,
Flock,$19.99 ,87.40%,2024-07-01,"3,927",105,mixed,Flock,,,0,,storesearch+appdetails,
CARRUMBLE,$3.99 ,59.41%,2019-11-01,699,104,multi only,CARRUMBLE,,,0,,storesearch+appdetails,
Miaou Moon,$4.99 ,57.74%,2016-08-01,365,104,single only,Miaou Moon,,,0,,storesearch+appdetails,
Rktcr,$4.99 ,64.78%,2015-05-01,128,104,single only,Rktcr,,,0,,storesearch+appdetails,
Wayward Terran Frontier: Zero Falls,$29.99 ,65.43%,2016-02-01,"9,399",104,single only,Wayward Terran Frontier: Zero Falls,,,0,,storesearch+appdetails,
Afterparty,$19.99 ,65.78%,2020-10-01,"9,851",104,single only,Afterparty,,,0,,storesearch+appdetails,
ITORAH,$19.99 ,70.89%,2022-03-01,"5,595",104,single only,ITORAH,,,0,,storesearch+appdetails,
Behold the Kickmen,$3.99 ,73.36%,2017-07-01,"1,009",104,single only,Behold the Kickmen,,,0,,storesearch+appdetails,
Aesthetic Melody,$2.99 ,78.94%,2017-04-01,198,104,single only,Aesthetic Melody,,,0,,storesearch+appdetails,
Plug & Play,$3.99 ,81.82%,2015-03-01,"7,746",104,single only,Plug & Play,,,0,,storesearch+appdetails,
Tracks - The Train Set Game,$3.99 ,89.16%,2019-11-01,"8,591",104,single only,Tracks - The Train Set Game,,,0,,storesearch+appdetails,
Creed: Rise to Glory™,$29.99 ,71.38%,2018-09-01,"7,062",104,mixed,Creed: Rise to Glory™,,,0,,storesearch+appdetails,
Signs of Life,$9.99 ,72.56%,2014-01-01,"30,284",104,mixed,Signs of Life,,,0,,storesearch+appdetails,
Bureau of Contacts,$7.99 ,73.94%,2025-04-01,"4,575",104,mixed,Bureau of Contacts,,,0,,storesearch+appdetails,
Total Miner,$2.99 ,74.04%,2017-12-01,"5,999",104,mixed,Total Miner,,,0,,storesearch+appdetails,
Final Theory,$4.49 ,74.98%,2018-09-01,"3,167",104,mixed,Final Theory,,,0,,storesearch+appdetails,
Seven Kingdoms 2 HD,$9.99 ,76.01%,2015-02-01,"2,532",104,mixed,Seven Kingdoms 2 HD,,,0,,storesearch+appdetails,
Toodee and Topdee,$19.99 ,87.89%,2021-08-01,"4,517",104,mixed,Toodee and Topdee,,,0,,storesearch+appdetails,
Still Not Dead,$4.99 ,71.63%,2018-01-01,"1,407",103,single only,Still Not Dead,,,0,,storesearch+appdetails,
Gamer Career Tycoon,$3.99 ,75.29%,2018-03-01,955,103,single only,Gamer Career Tycoon,,,0,,storesearch+appdetails,
Alice's Adventures - Hidden Object Puzzle Game,$3.99 ,76.11%,2018-06-01,325,103,single only,Alice's Adventures - Hidden Object Puzzle Game,,,0,,storesearch+appdetails,
The Fall Part 2: Unbound,$16.99 ,76.52%,2018-02-01,"3,588",103,single only,The Fall Part 2: Unbound,,,0,,storesearch+appdetails,
School of Talent: SUZU-ROUTE,$8.99 ,79.14%,2017-02-01,"1,222",103,single only,School of Talent: SUZU-ROUTE,,,0,,storesearch+appdetails,
Fort Meow,$7.99 ,85.99%,2015-06-01,"1,226",103,single only,Fort Meow,,,0,,storesearch+appdetails,
Boot Hill Heroes,$8.99 ,76.18%,2014-10-01,815,103,mixed,Boot Hill Heroes,,,0,,storesearch+appdetails,
Grocket,$2.99 ,78.03%,2022-09-01,112,103,mixed,Grocket,,,0,,storesearch+appdetails,
Run Run Run,$2.99 ,81.30%,2021-10-01,288,103,mixed,Run Run Run,,,0,,storesearch+appdetails,
Ultratron,$9.99 ,82.84%,2013-03-01,"1,320",103,mixed,Ultratron,,,0,,storesearch+appdetails,
Chicken Invaders 2,$4.99 ,89.84%,2016-03-01,714,103,mixed,Chicken Invaders 2,,,0,,storesearch+appdetails,
Vibrant Venture,$14.99 ,90.92%,2020-07-01,"1,861",103,mixed,Vibrant Venture,,,0,,storesearch+appdetails,
Survivor World,$5.99 ,71.50%,2024-07-01,360,102,multi only,Survivor World,,,0,,storesearch+appdetails,
Montague's Mount,$4.99 ,56.86%,2013-11-01,415,102,single only,Montague's Mount,,,0,,storesearch+appdetails,
Finque,$13.99 ,59.37%,2016-11-01,66,102,single only,Finque,,,0,,storesearch+appdetails,
Toy Odyssey: The Lost and Found,$14.99 ,63.57%,2016-09-01,"1,821",102,single only,Toy Odyssey: The Lost and Found,,,0,,storesearch+appdetails,
Super Mega Bob,$4.99 ,63.88%,2015-12-01,102,102,single only,Super Mega Bob,,,0,,storesearch+appdetails,
Amazing Princess Sarah,$4.99 ,63.89%,2014-08-01,685,102,single only,Amazing Princess Sarah,,,0,,storesearch+appdetails,
Hidden Object Adventure: Captain Nemo. Objets Cachés,$4.99 ,67.83%,2018-02-01,389,102,single only,Hidden Object Adventure: Captain Nemo. Objets Cachés,,,0,,storesearch+appdetails,
Marblize,$11.99 ,68.80%,2016-11-01,70,102,single only,Marblize,,,0,,storesearch+appdetails,
McDROID,$9.99 ,68.83%,2014-09-01,"1,631",102,single only,McDROID,,,0,,storesearch+appdetails,
Boo Bunny Plague,$1.99 ,70.67%,2014-09-01,454,102,single only,Boo Bunny Plague,,,0,,storesearch+appdetails,
Tiny Guardians,$9.99 ,73.66%,2016-03-01,"1,299",102,single only,Tiny Guardians,,,0,,storesearch+appdetails,
The Shivah,$4.99 ,76.71%,2013-11-01,"1,246",102,single only,The Shivah,,,0,,storesearch+appdetails,
Clocker,$4.99 ,76.95%,2019-02-01,"2,586",102,single only,Clocker,,,0,,storesearch+appdetails,
Strange Telephone,$4.99 ,77.86%,2019-01-01,"4,568",102,single only,Strange Telephone,,,0,,storesearch+appdetails,
Chip's Challenge 2,$4.99 ,78.31%,2015-05-01,612,102,single only,Chip's Challenge 2,,,0,,storesearch+appdetails,
Cinderella Escape 2 Revenge,$3.74 ,83.07%,2017-10-01,"8,413",102,single only,Cinderella Escape 2 Revenge,,,0,,storesearch+appdetails,
Blackwell Convergence,$4.99 ,89.87%,2012-01-01,"1,361",102,single only,Blackwell Convergence,,,0,,storesearch+appdetails,
COMPOUND,$19.99 ,92.33%,2022-07-01,"11,049",102,single only,COMPOUND,,,0,,storesearch+appdetails,
Malody V,$2.99 ,66.16%,2023-02-01,975,102,mixed,Malody V,,,0,,storesearch+appdetails,
Ollie & Bollie: Outdoor Estate,$2.99 ,67.96%,2018-10-01,"2,133",102,mixed,Ollie & Bollie: Outdoor Estate,,,0,,storesearch+appdetails,
Lodventure,$14.99 ,68.74%,2023-12-01,"3,674",102,mixed,Lodventure,,,0,,storesearch+appdetails,
MORODASHI SUMO,$4.99 ,82.74%,2022-08-01,669,102,mixed,MORODASHI SUMO,,,0,,storesearch+appdetails,
PENTALOOP -ペンタループ-,$3.99 ,66.71%,2025-05-01,263,101,multi only,PENTALOOP -ペンタループ-,,,0,,storesearch+appdetails,
Use Your Words 2,$14.99 ,78.61%,2024-12-01,411,101,multi only,Use Your Words 2,,,0,,storesearch+appdetails,
Capote,$5.99 ,86.24%,2025-10-01,736,101,multi only,Capote,,,0,,storesearch+appdetails,
Kukoro: Stream chat games,$4.99 ,91.94%,2024-02-01,"3,010",101,multi only,Kukoro: Stream chat games,,,0,,storesearch+appdetails,
303 Squadron: Battle of Britain,$9.99 ,60.50%,2018-08-01,"5,217",101,single only,303 Squadron: Battle of Britain,,,0,,storesearch+appdetails,
Forsaken Isle,$11.99 ,67.77%,2025-07-01,"10,541",101,single only,Forsaken Isle,,,0,,storesearch+appdetails,
Mayjasmine Episode01 - What is God?,$9.99 ,68.57%,2015-12-01,"2,898",101,single only,Mayjasmine Episode01 - What is God?,,,0,,storesearch+appdetails,
Crazy Plant Shop,$4.99 ,72.02%,2014-08-01,463,101,single only,Crazy Plant Shop,,,0,,storesearch+appdetails,
Maytroid. I swear it's a nice game too,$1.99 ,73.64%,2018-12-01,"1,816",101,single only,Maytroid. I swear it's a nice game too,,,0,,storesearch+appdetails,
HammerHelm,$14.99 ,74.96%,2021-04-01,"6,132",101,single only,HammerHelm,,,0,,storesearch+appdetails,
Oniken: Unstoppable Edition,$4.99 ,75.75%,2014-02-01,"2,199",101,single only,Oniken: Unstoppable Edition,,,0,,storesearch+appdetails,
Lumini,$12.99 ,78.11%,2015-09-01,963,101,single only,Lumini,,,0,,storesearch+appdetails,
Zombie Exodus: Safe Haven,$7.99 ,78.60%,2016-10-01,742,101,single only,Zombie Exodus: Safe Haven,,,0,,storesearch+appdetails,
MURI,$9.99 ,83.99%,2013-12-01,584,101,single only,MURI,,,0,,storesearch+appdetails,
月球坠落时 Moon Fall,$14.99 ,83.99%,2020-08-01,"7,232",101,single only,月球坠落时 Moon Fall,,,0,,storesearch+appdetails,
Kelvin and the Infamous Machine,$9.99 ,85.35%,2016-07-01,"5,752",101,single only,Kelvin and the Infamous Machine,,,0,,storesearch+appdetails,
QP Shooting - Dangerous!!,$7.99 ,86.27%,2014-11-01,"2,185",101,single only,QP Shooting - Dangerous!!,,,0,,storesearch+appdetails,
The Office Quest,$5.99 ,87.21%,2018-05-01,"1,147",101,single only,The Office Quest,,,0,,storesearch+appdetails,
Deadbeat Heroes,$4.49 ,59.17%,2017-10-01,899,101,mixed,Deadbeat Heroes,,,0,,storesearch+appdetails,
Solstice Chronicles: MIA,$14.99 ,70.23%,2017-07-01,"6,008",101,mixed,Solstice Chronicles: MIA,,,0,,storesearch+appdetails,
Caveman Craig,$4.99 ,73.49%,2015-08-01,713,101,mixed,Caveman Craig,,,0,,storesearch+appdetails,
Lock 'n Load Tactical Digital: Core Game,$4.99 ,79.07%,2020-04-01,"3,612",101,mixed,Lock 'n Load Tactical Digital: Core Game,,,0,,storesearch+appdetails,
P·O·L·L·E·N,$9.99 ,61.60%,2016-04-01,"3,570",100,single only,P·O·L·L·E·N,,,0,,storesearch+appdetails,
Epanalepsis,$3.99 ,62.88%,2015-05-01,170,100,single only,Epanalepsis,,,0,,storesearch+appdetails,
克苏鲁异闻录,$12.99 ,62.95%,2019-08-01,"2,813",100,single only,克苏鲁异闻录,,,0,,storesearch+appdetails,
Ring the City,$9.99 ,64.01%,2019-07-01,617,100,single only,Ring the City,,,0,,storesearch+appdetails,
Trapped Summoner,$1.99 ,68.97%,2017-06-01,139,100,single only,Trapped Summoner,,,0,,storesearch+appdetails,
Dr. Bulbaceous,$3.99 ,70.57%,2015-11-01,59,100,single only,Dr. Bulbaceous,,,0,,storesearch+appdetails,
A Golden Wake,$9.99 ,70.73%,2014-10-01,993,100,single only,A Golden Wake,,,0,,storesearch+appdetails,
PANIC at Multiverse High!,$4.99 ,70.75%,2016-08-01,163,100,single only,PANIC at Multiverse High!,,,0,,storesearch+appdetails,
Mr. Shadow,$4.99 ,72.20%,2016-11-01,458,100,single only,Mr. Shadow,,,0,,storesearch+appdetails,
ReThink,$9.99 ,75.92%,2017-03-01,499,100,single only,ReThink,,,0,,storesearch+appdetails,
Vaporum: Lockdown,$17.99 ,78.22%,2020-09-01,"2,307",100,single only,Vaporum: Lockdown,,,0,,storesearch+appdetails,
Frost,$6.99 ,79.33%,2016-07-01,"1,025",100,single only,Frost,,,0,,storesearch+appdetails,
Invasion,$2.99 ,79.58%,2018-06-01,379,100,single only,Invasion,,,0,,storesearch+appdetails,
Gateways,$4.99 ,82.10%,2012-09-01,382,100,single only,Gateways,,,0,,storesearch+appdetails,
Kofi Quest,$19.99 ,85.96%,2020-01-01,"3,073",100,single only,Kofi Quest,,,0,,storesearch+appdetails,
Dusty Revenge:Co-Op Edition,$14.99 ,42.38%,2014-02-01,951,100,mixed,Dusty Revenge:Co-Op Edition,,,0,,storesearch+appdetails,
A Quiver of Crows,$14.99 ,64.32%,2016-10-01,864,100,mixed,A Quiver of Crows,,,0,,storesearch+appdetails,
I am Weapon: Revival,$2.85 ,65.94%,2016-07-01,"1,054",100,mixed,I am Weapon: Revival,,,0,,storesearch+appdetails,
A Robot Named Fight!,$12.99 ,83.31%,2017-09-01,"2,756",100,mixed,A Robot Named Fight!,,,0,,storesearch+appdetails,
The Dishwasher: Vampire Smile,$9.99 ,90.34%,2017-05-01,"7,411",100,mixed,The Dishwasher: Vampire Smile,,,0,,storesearch+appdetails,
Desert Skies,$19.99 ,56.41%,2019-05-01,"7,607",99,single only,Desert Skies,,,0,,storesearch+appdetails,
Dark Future: Blood Red States,$24.99 ,60.05%,2019-05-01,"4,365",99,single only,Dark Future: Blood Red States,,,0,,storesearch+appdetails,
Weather Lord,$4.99 ,60.28%,2017-06-01,91,99,single only,Weather Lord,,,0,,storesearch+appdetails,
Celestial Command,$19.99 ,61.25%,2014-11-01,"20,585",99,single only,Celestial Command,,,0,,storesearch+appdetails,
Weather Lord: In Search of the Shaman,$4.99 ,62.10%,2017-06-01,120,99,single only,Weather Lord: In Search of the Shaman,,,0,,storesearch+appdetails,
Underground Keeper,$1.99 ,63.85%,2016-08-01,311,99,single only,Underground Keeper,,,0,,storesearch+appdetails,
Obsurity,$3.64 ,69.06%,2020-02-01,"2,626",99,single only,Obsurity,,,0,,storesearch+appdetails,
Aron's Adventure,$19.99 ,71.06%,2021-04-01,"6,105",99,single only,Aron's Adventure,,,0,,storesearch+appdetails,
Gigachess,$3.99 ,74.14%,2015-12-01,800,99,single only,Gigachess,,,0,,storesearch+appdetails,
Shift Quantum - A Cyber Noir Puzzle Platformer,$19.99 ,76.26%,2018-05-01,"1,508",99,single only,Shift Quantum - A Cyber Noir Puzzle Platformer,,,0,,storesearch+appdetails,
Finding Teddy,$6.99 ,77.72%,2013-12-01,"1,485",99,single only,Finding Teddy,,,0,,storesearch+appdetails,
Pushcat,$4.99 ,78.45%,2015-01-01,231,99,single only,Pushcat,,,0,,storesearch+appdetails,
1000 days to escape,$4.99 ,78.48%,2019-07-01,"1,426",99,single only,1000 days to escape,,,0,,storesearch+appdetails,
Aquaria,$9.99 ,84.03%,2007-12-01,"5,878",99,single only,Aquaria,,,0,,storesearch+appdetails,
Umihara Kawase,$1.99 ,85.10%,2015-11-01,"1,411",99,single only,Umihara Kawase,,,0,,storesearch+appdetails,
Piczle Cross Adventure,$9.99 ,85.86%,2020-04-01,233,99,single only,Piczle Cross Adventure,,,0,,storesearch+appdetails,
Super Plexis,$9.99 ,62.53%,2021-02-01,234,99,mixed,Super Plexis,,,0,,storesearch+appdetails,
Orborun,$5.99 ,70.65%,2014-09-01,359,99,mixed,Orborun,,,0,,storesearch+appdetails,
Grand Class Melee 2,$2.99 ,70.76%,2018-07-01,929,99,mixed,Grand Class Melee 2,,,0,,storesearch+appdetails,
Paperbound,$9.99 ,75.03%,2015-03-01,478,99,mixed,Paperbound,,,0,,storesearch+appdetails,
FOOTSIES Rollback Edition,$3.99 ,88.76%,2020-09-01,"1,476",99,mixed,FOOTSIES Rollback Edition,,,0,,storesearch+appdetails,
Galaxy Cannon Rider,$7.99 ,58.33%,2016-05-01,85,98,single only,Galaxy Cannon Rider,,,0,,storesearch+appdetails,
Eternal Step,$9.99 ,61.17%,2015-10-01,"1,897",98,single only,Eternal Step,,,0,,storesearch+appdetails,
Con Amore,$4.99 ,67.20%,2015-11-01,215,98,single only,Con Amore,,,0,,storesearch+appdetails,
Dodge,$1.99 ,71.53%,2015-03-01,173,98,single only,Dodge,,,0,,storesearch+appdetails,
Joe Dever's Lone Wolf HD Remastered,$14.99 ,71.84%,2014-11-01,"9,040",98,single only,Joe Dever's Lone Wolf HD Remastered,,,0,,storesearch+appdetails,
Detective Case and Clown Bot in: Murder in the Hotel Lisbon,$5.99 ,72.66%,2014-07-01,914,98,single only,Detective Case and Clown Bot in: Murder in the Hotel Lisbon,,,0,,storesearch+appdetails,
RunningDead,$1.99 ,74.93%,2017-03-01,203,98,single only,RunningDead,,,0,,storesearch+appdetails,
KUNAI,$16.99 ,74.93%,2020-02-01,"3,383",98,single only,KUNAI,,,0,,storesearch+appdetails,
Element4l,$8.99 ,78.26%,2013-05-01,"2,557",98,single only,Element4l,,,0,,storesearch+appdetails,
SPLIT BULLET,$3.99 ,79.35%,2016-10-01,420,98,single only,SPLIT BULLET,,,0,,storesearch+appdetails,
Fantasia of the Wind - 风之幻想曲,$3.99 ,82.12%,2017-10-01,"2,431",98,single only,Fantasia of the Wind - 风之幻想曲,,,0,,storesearch+appdetails,
Cow Milking Simulator,$2.99 ,82.44%,2017-10-01,117,98,single only,Cow Milking Simulator,,,0,,storesearch+appdetails,
The Inner World,$14.99 ,84.45%,2013-09-01,"3,004",98,single only,The Inner World,,,0,,storesearch+appdetails,
Shardlight,$14.99 ,84.76%,2016-03-01,"5,406",98,single only,Shardlight,,,0,,storesearch+appdetails,
Roundabout,$9.99 ,87.46%,2014-09-01,"3,132",98,single only,Roundabout,,,0,,storesearch+appdetails,
弹幕音乐绘 ～风雷幻奏曲～ / Barrage Musical ~A Fantasy of Tempest~,$9.99 ,87.75%,2017-10-01,"1,306",98,single only,弹幕音乐绘 ～风雷幻奏曲～ / Barrage Musical ~A Fantasy of Tempest~,,,0,,storesearch+appdetails,
Downfall,$8.99 ,89.40%,2016-02-01,"4,677",98,single only,Downfall,,,0,,storesearch+appdetails,
Dragon: The Game,$17.99 ,32.06%,2014-11-01,"21,790",98,mixed,Dragon: The Game,,,0,,storesearch+appdetails,
Dead Horde,$3.99 ,36.49%,2011-07-01,840,98,mixed,Dead Horde,,,0,,storesearch+appdetails,
Acaratus,$14.99 ,50.00%,2016-02-01,"1,635",98,mixed,Acaratus,,,0,,storesearch+appdetails,
Yomi,$14.99 ,71.93%,2015-05-01,"1,758",98,mixed,Yomi,,,0,,storesearch+appdetails,
RetroMania Wrestling,$19.99 ,77.97%,2021-02-01,"2,613",98,mixed,RetroMania Wrestling,,,0,,storesearch+appdetails,
MAD WAY,$8.99 ,79.28%,2023-07-01,456,98,mixed,MAD WAY,,,0,,storesearch+appdetails,
Sairento VR,$29.99 ,81.13%,2018-02-01,"16,667",98,mixed,Sairento VR,,,0,,storesearch+appdetails,
Marble Run,$7.99 ,61.31%,2017-10-01,753,97,single only,Marble Run,,,0,,storesearch+appdetails,
Don't Sink,$9.99 ,68.13%,2018-04-01,"1,709",97,single only,Don't Sink,,,0,,storesearch+appdetails,
Smoke and Sacrifice,$19.99 ,71.70%,2018-05-01,"6,145",97,single only,Smoke and Sacrifice,,,0,,storesearch+appdetails,
Stories of Bethem: Full Moon,$4.99 ,73.57%,2015-12-01,707,97,single only,Stories of Bethem: Full Moon,,,0,,storesearch+appdetails,
Inbetween Land,$6.99 ,75.78%,2015-02-01,601,97,single only,Inbetween Land,,,0,,storesearch+appdetails,
The Endless Journey,$9.99 ,76.97%,2018-01-01,"3,603",97,single only,The Endless Journey,,,0,,storesearch+appdetails,
MidBoss,$14.99 ,79.72%,2017-05-01,"3,624",97,single only,MidBoss,,,0,,storesearch+appdetails,
Silicon Zeroes,$14.99 ,80.63%,2017-09-01,"2,792",97,single only,Silicon Zeroes,,,0,,storesearch+appdetails,
Choice of the Pirate,$4.99 ,81.97%,2016-05-01,450,97,single only,Choice of the Pirate,,,0,,storesearch+appdetails,
Stage Presence,$9.99 ,58.41%,2017-02-01,790,97,mixed,Stage Presence,,,0,,storesearch+appdetails,
S.E.M.I. – Side Effects May Include...,$7.99 ,74.92%,2026-01-01,"1,148",97,mixed,S.E.M.I. – Side Effects May Include...,,,0,,storesearch+appdetails,
Head's Adventures:chibichibi,$7.99 ,90.46%,2025-12-01,254,97,mixed,Head's Adventures:chibichibi,,,0,,storesearch+appdetails,
Ilamentia,$2.99 ,63.27%,2014-11-01,"1,173",96,single only,Ilamentia,,,0,,storesearch+appdetails,
The Adventurer and His Backpack,$2.99 ,66.59%,2017-09-01,417,96,single only,The Adventurer and His Backpack,,,0,,storesearch+appdetails,
Dyscourse,$14.99 ,72.86%,2015-03-01,"3,981",96,single only,Dyscourse,,,0,,storesearch+appdetails,
Dark Light,$10.19 ,74.61%,2022-09-01,"11,488",96,single only,Dark Light,,,0,,storesearch+appdetails,
DarkMaus,$4.99 ,75.89%,2016-01-01,"4,661",96,single only,DarkMaus,,,0,,storesearch+appdetails,
Divinia Chronicles: Relics of Gan-Ti,$19.99 ,77.81%,2021-07-01,"2,204",96,single only,Divinia Chronicles: Relics of Gan-Ti,,,0,,storesearch+appdetails,
Aporia: Beyond The Valley,$16.99 ,78.44%,2017-07-01,"3,055",96,single only,Aporia: Beyond The Valley,,,0,,storesearch+appdetails,
The Talos Principle VR,$29.99 ,79.14%,2017-10-01,"7,058",96,single only,The Talos Principle VR,,,0,,storesearch+appdetails,
True Love ～Confide to the Maple～,$11.99 ,81.04%,2016-10-01,"7,245",96,single only,True Love ～Confide to the Maple～,,,0,,storesearch+appdetails,
Choice of the Deathless,$4.99 ,84.33%,2013-12-01,713,96,single only,Choice of the Deathless,,,0,,storesearch+appdetails,
Sabres of Infinity,$5.99 ,84.36%,2013-06-01,457,96,single only,Sabres of Infinity,,,0,,storesearch+appdetails,
Get Over Here,$8.99 ,49.18%,2015-08-01,181,96,mixed,Get Over Here,,,0,,storesearch+appdetails,
Colonial Conquest,$9.99 ,59.81%,2015-07-01,"2,984",96,mixed,Colonial Conquest,,,0,,storesearch+appdetails,
Last Whisper,$2.99 ,62.94%,2024-07-01,"5,191",96,mixed,Last Whisper,,,0,,storesearch+appdetails,
Lenna's Inception,$9.99 ,80.93%,2020-01-01,"2,637",96,mixed,Lenna's Inception,,,0,,storesearch+appdetails,
Way of Gold and Steel,$8.99 ,58.91%,2015-08-01,"2,094",95,single only,Way of Gold and Steel,,,0,,storesearch+appdetails,
Fat Chicken,$9.99 ,63.43%,2014-12-01,387,95,single only,Fat Chicken,,,0,,storesearch+appdetails,
Silver Creek Falls: Chapter 2,$4.99 ,70.76%,2015-09-01,541,95,single only,Silver Creek Falls: Chapter 2,,,0,,storesearch+appdetails,
How to Build a Flying City,$12.99 ,71.79%,2024-10-01,"1,407",95,single only,How to Build a Flying City,,,0,,storesearch+appdetails,
MEMENTO,$5.99 ,73.04%,2016-07-01,"1,012",95,single only,MEMENTO,,,0,,storesearch+appdetails,
A Wise Use of Time,$6.99 ,73.55%,2015-09-01,565,95,single only,A Wise Use of Time,,,0,,storesearch+appdetails,
Wasteland 1 - The Original Classic,$5.99 ,74.37%,1988-05-01,"3,224",95,single only,Wasteland 1 - The Original Classic,,,0,,storesearch+appdetails,
Attack of the Earthlings,$14.99 ,78.88%,2018-02-01,"7,093",95,single only,Attack of the Earthlings,,,0,,storesearch+appdetails,
Altero,$6.99 ,79.45%,2022-10-01,344,95,single only,Altero,,,0,,storesearch+appdetails,
Space Pilgrim Academy: Year 2,$1.99 ,79.58%,2018-04-01,611,95,single only,Space Pilgrim Academy: Year 2,,,0,,storesearch+appdetails,
LEAVES - The Return,$4.99 ,79.92%,2017-03-01,691,95,single only,LEAVES - The Return,,,0,,storesearch+appdetails,
Lingering Fragrance,$3.99 ,85.82%,2018-08-01,"4,217",95,single only,Lingering Fragrance,,,0,,storesearch+appdetails,
Noitu Love 2: Devolution,$4.99 ,86.17%,2012-04-01,"2,144",95,single only,Noitu Love 2: Devolution,,,0,,storesearch+appdetails,
Morningstar: Descent to Deadrock,$9.99 ,86.97%,2015-02-01,"1,616",95,single only,Morningstar: Descent to Deadrock,,,0,,storesearch+appdetails,
寄甡 Symbiotic Love,$6.99 ,87.45%,2019-03-01,"4,213",95,single only,寄甡 Symbiotic Love,,,0,,storesearch+appdetails,
Anodyne 2: Return to Dust,$19.99 ,88.39%,2019-08-01,"3,969",95,single only,Anodyne 2: Return to Dust,,,0,,storesearch+appdetails,
Nyakori's Rabbit Doll,$2.99 ,90.10%,2020-02-01,"3,759",95,single only,Nyakori's Rabbit Doll,,,0,,storesearch+appdetails,
Soup: the Game,$1.99 ,55.40%,2016-03-01,282,95,mixed,Soup: the Game,,,0,,storesearch+appdetails,
Mars Colony:Challenger,$4.99 ,61.23%,2014-03-01,"1,097",95,mixed,Mars Colony:Challenger,,,0,,storesearch+appdetails,
A Druid's Duel,$7.99 ,68.49%,2015-02-01,"1,027",95,mixed,A Druid's Duel,,,0,,storesearch+appdetails,
Perfect Heist,$4.99 ,68.61%,2018-08-01,"1,854",95,mixed,Perfect Heist,,,0,,storesearch+appdetails,
Mysterious Space,$10.00 ,69.36%,2015-05-01,213,95,mixed,Mysterious Space,,,0,,storesearch+appdetails,
VASARA Collection,$9.99 ,74.91%,2019-08-01,814,95,mixed,VASARA Collection,,,0,,storesearch+appdetails,
Marble Skies,$9.99 ,76.93%,2017-12-01,"1,690",95,mixed,Marble Skies,,,0,,storesearch+appdetails,
Panzer War : Definitive Edition,$11.99 ,81.68%,2018-03-01,"3,934",95,mixed,Panzer War : Definitive Edition,,,0,,storesearch+appdetails,
Warstride Challenges,$19.99 ,83.81%,2023-09-01,"4,887",95,mixed,Warstride Challenges,,,0,,storesearch+appdetails,
Stone Rage,$8.99 ,49.05%,2020-08-01,"10,450",94,multi only,Stone Rage,,,0,,storesearch+appdetails,
Strikers Edge,$14.99 ,60.87%,2018-01-01,"3,053",94,multi only,Strikers Edge,,,0,,storesearch+appdetails,
Conglomerate 451,$19.99 ,61.91%,2020-02-01,"4,531",94,single only,Conglomerate 451,,,0,,storesearch+appdetails,
Shoppy Mart: Steam Edition,$1.99 ,64.30%,2015-09-01,219,94,single only,Shoppy Mart: Steam Edition,,,0,,storesearch+appdetails,
Loot Rascals,$9.99 ,65.39%,2017-03-01,"1,162",94,single only,Loot Rascals,,,0,,storesearch+appdetails,
Easy Red,$3.99 ,75.94%,2017-12-01,"4,652",94,single only,Easy Red,,,0,,storesearch+appdetails,
Blade Kitten,$4.99 ,78.92%,2010-09-01,"4,669",94,single only,Blade Kitten,,,0,,storesearch+appdetails,
TSIOQUE,$5.59 ,90.11%,2018-11-01,"6,430",94,single only,TSIOQUE,,,0,,storesearch+appdetails,
APOX,$14.99 ,33.44%,2011-01-01,556,94,mixed,APOX,,,0,,storesearch+appdetails,
Frontline Zed,$11.99 ,57.40%,2019-10-01,"1,958",94,mixed,Frontline Zed,,,0,,storesearch+appdetails,
Miner Meltdown,$6.99 ,69.92%,2017-08-01,"2,531",94,mixed,Miner Meltdown,,,0,,storesearch+appdetails,
Fighties,$4.99 ,77.45%,2015-07-01,"1,338",94,mixed,Fighties,,,0,,storesearch+appdetails,
Jetborne Racing,$9.99 ,82.57%,2021-05-01,"1,637",94,mixed,Jetborne Racing,,,0,,storesearch+appdetails,
Tiny-Tasy Town,$1.99 ,56.67%,2018-10-01,"2,689",93,single only,Tiny-Tasy Town,,,0,,storesearch+appdetails,
Quarantine,$9.99 ,57.96%,2017-02-01,"5,722",93,single only,Quarantine,,,0,,storesearch+appdetails,
Oscura: Lost Light,$6.99 ,60.58%,2015-02-01,713,93,single only,Oscura: Lost Light,,,0,,storesearch+appdetails,
Forgotten Tales: Day of the Dead,$9.99 ,63.00%,2016-05-01,204,93,single only,Forgotten Tales: Day of the Dead,,,0,,storesearch+appdetails,
ValeGuard,$4.99 ,64.51%,2018-08-01,"3,903",93,single only,ValeGuard,,,0,,storesearch+appdetails,
Robo's World: The Zarnok Fortress,$9.99 ,66.66%,2016-03-01,144,93,single only,Robo's World: The Zarnok Fortress,,,0,,storesearch+appdetails,
Demon's Rise - Lords of Chaos,$6.99 ,75.56%,2018-04-01,"2,480",93,single only,Demon's Rise - Lords of Chaos,,,0,,storesearch+appdetails,
10 Second Ninja,$1.99 ,80.69%,2014-03-01,825,93,single only,10 Second Ninja,,,0,,storesearch+appdetails,
Swapperoo,$4.99 ,80.95%,2015-12-01,172,93,single only,Swapperoo,,,0,,storesearch+appdetails,
PUSS!,$9.99 ,83.79%,2018-08-01,"3,391",93,single only,PUSS!,,,0,,storesearch+appdetails,
我的纸片人女友/Make butter together!,$6.78 ,86.62%,2019-07-01,"2,467",93,single only,我的纸片人女友/Make butter together!,,,0,,storesearch+appdetails,
My Holiday,$4.99 ,86.85%,2018-08-01,"1,050",93,single only,My Holiday,,,0,,storesearch+appdetails,
Tiny Brains,$9.99 ,73.90%,2013-12-01,"2,238",93,mixed,Tiny Brains,,,0,,storesearch+appdetails,
Mutant Football League,$14.99 ,87.25%,2017-10-01,"3,941",93,mixed,Mutant Football League,,,0,,storesearch+appdetails,
Wilmot's Warehouse,$14.99 ,89.56%,2019-08-01,"2,291",93,mixed,Wilmot's Warehouse,,,0,,storesearch+appdetails,
NewCity,$9.99 ,56.91%,2020-06-01,"6,185",92,single only,NewCity,,,0,,storesearch+appdetails,
Supreme League of Patriots - Episode 3: Ice Cold in Ellis,$5.99 ,60.98%,2015-01-01,130,92,single only,Supreme League of Patriots - Episode 3: Ice Cold in Ellis,,,0,,storesearch+appdetails,
Depths of Fear :: Knossos,$4.99 ,63.93%,2014-04-01,891,92,single only,Depths of Fear :: Knossos,,,0,,storesearch+appdetails,
Magic Scroll Tactics / マジックスクロールタクティクス / 魔法卷轴 / 魔法捲軸,$11.99 ,73.68%,2018-04-01,"2,242",92,single only,Magic Scroll Tactics / マジックスクロールタクティクス / 魔法卷轴 / 魔法捲軸,,,0,,storesearch+appdetails,
Sea Salt,$14.99 ,75.08%,2019-10-01,"7,960",92,single only,Sea Salt,,,0,,storesearch+appdetails,
Hadean Lands,$11.99 ,79.83%,2014-10-01,392,92,single only,Hadean Lands,,,0,,storesearch+appdetails,
Lost Technology,$4.99 ,81.17%,2017-08-01,"5,907",92,single only,Lost Technology,,,0,,storesearch+appdetails,
Rocket Assault: Downhill Rush,$7.99 ,83.60%,2023-05-01,"1,053",92,single only,Rocket Assault: Downhill Rush,,,0,,storesearch+appdetails,
Winds of Change,$19.99 ,89.28%,2019-08-01,"3,722",92,single only,Winds of Change,,,0,,storesearch+appdetails,
Devouring Stars,$9.99 ,63.46%,2015-07-01,627,92,mixed,Devouring Stars,,,0,,storesearch+appdetails,
City Climber,$4.99 ,70.22%,2017-02-01,"2,141",92,mixed,City Climber,,,0,,storesearch+appdetails,
Dead Effect 2 VR,$24.99 ,77.23%,2017-10-01,"6,246",92,mixed,Dead Effect 2 VR,,,0,,storesearch+appdetails,
Raining Blobs,$9.99 ,77.52%,2016-01-01,362,92,mixed,Raining Blobs,,,0,,storesearch+appdetails,
Combots,$4.99 ,83.92%,2021-07-01,875,92,mixed,Combots,,,0,,storesearch+appdetails,
Old School Musical,$12.99 ,86.81%,2018-09-01,"2,041",92,mixed,Old School Musical,,,0,,storesearch+appdetails,
SPECTRE,$9.99 ,51.59%,2023-07-01,"3,096",91,multi only,SPECTRE,,,0,,storesearch+appdetails,
Pirate Pop™,$5.99 ,60.40%,2016-11-01,228,91,single only,Pirate Pop™,,,0,,storesearch+appdetails,
Undead Citadel,$29.99 ,67.39%,2023-06-01,"6,954",91,single only,Undead Citadel,,,0,,storesearch+appdetails,
Perception,$14.99 ,69.66%,2017-05-01,"9,581",91,single only,Perception,,,0,,storesearch+appdetails,
Fantastic Contraption,$19.99 ,72.78%,2016-04-01,"1,856",91,single only,Fantastic Contraption,,,0,,storesearch+appdetails,
Log Drive Runner,$1.99 ,72.86%,2016-09-01,96,91,single only,Log Drive Runner,,,0,,storesearch+appdetails,
Oafmatch,$5.99 ,74.15%,2017-05-01,285,91,single only,Oafmatch,,,0,,storesearch+appdetails,
Plasma Puncher,$5.99 ,77.04%,2017-05-01,381,91,single only,Plasma Puncher,,,0,,storesearch+appdetails,
Replay - VHS is not dead,$9.99 ,77.54%,2015-07-01,576,91,single only,Replay - VHS is not dead,,,0,,storesearch+appdetails,
假如我是人工智能 Big Brother Is Shaping You,$3.99 ,80.31%,2019-04-01,"2,854",91,single only,假如我是人工智能 Big Brother Is Shaping You,,,0,,storesearch+appdetails,
The Midnight Sanctuary,$9.99 ,81.11%,2018-10-01,333,91,single only,The Midnight Sanctuary,,,0,,storesearch+appdetails,
Season of 12 Colors,$2.99 ,89.37%,2016-03-01,"5,717",91,single only,Season of 12 Colors,,,0,,storesearch+appdetails,
The Expression Amrilato,$24.99 ,90.53%,2019-06-01,"5,311",91,single only,The Expression Amrilato,,,0,,storesearch+appdetails,
Infinite Tanks,$4.99 ,61.16%,2017-03-01,900,91,mixed,Infinite Tanks,,,0,,storesearch+appdetails,
ZeroRanger,$11.99 ,91.36%,2018-09-01,"3,878",91,mixed,ZeroRanger,,,0,,storesearch+appdetails,
Scribble Space,$1.99 ,57.97%,2015-06-01,197,90,single only,Scribble Space,,,0,,storesearch+appdetails,
Orange Moon,$9.99 ,63.54%,2017-09-01,798,90,single only,Orange Moon,,,0,,storesearch+appdetails,
Thief Simulator VR,$19.99 ,66.89%,2020-11-01,"11,575",90,single only,Thief Simulator VR,,,0,,storesearch+appdetails,
Fenix Rage,$14.99 ,71.54%,2014-09-01,864,90,single only,Fenix Rage,,,0,,storesearch+appdetails,
Containment: The Zombie Puzzler,$4.99 ,73.22%,2012-03-01,255,90,single only,Containment: The Zombie Puzzler,,,0,,storesearch+appdetails,
A House of Many Doors,$10.99 ,78.13%,2017-02-01,"5,478",90,single only,A House of Many Doors,,,0,,storesearch+appdetails,
The Purring Quest,$9.99 ,79.11%,2015-11-01,"3,704",90,single only,The Purring Quest,,,0,,storesearch+appdetails,
Unforgiving - A Northern Hymn,$14.99 ,79.69%,2017-11-01,"9,610",90,single only,Unforgiving - A Northern Hymn,,,0,,storesearch+appdetails,
Tennis in the Face,$4.99 ,79.83%,2015-11-01,414,90,single only,Tennis in the Face,,,0,,storesearch+appdetails,
12 Labours of Hercules VI: Race for Olympus (Platinum Edition),$2.99 ,79.98%,2016-12-01,390,90,single only,12 Labours of Hercules VI: Race for Olympus (Platinum Edition),,,0,,storesearch+appdetails,
Lagoon Lounge : The Poisonous Fountain,$13.99 ,87.36%,2018-07-01,"5,505",90,single only,Lagoon Lounge : The Poisonous Fountain,,,0,,storesearch+appdetails,
Memory Oblivion Box,$9.99 ,87.40%,2016-06-01,"5,304",90,single only,Memory Oblivion Box,,,0,,storesearch+appdetails,
Soulslayer～灭魂·误佳期～,$9.99 ,88.89%,2017-07-01,"2,287",90,single only,Soulslayer～灭魂·误佳期～,,,0,,storesearch+appdetails,
Stephen's Sausage Roll,$29.99 ,90.62%,2016-04-01,"3,080",90,single only,Stephen's Sausage Roll,,,0,,storesearch+appdetails,
Brawlout,$19.99 ,71.94%,2018-08-01,"5,864",90,mixed,Brawlout,,,0,,storesearch+appdetails,
Tick Tack Puppet,$3.99 ,75.77%,2023-03-01,308,90,mixed,Tick Tack Puppet,,,0,,storesearch+appdetails,
Tale of Fallen Dragons,$9.99 ,80.74%,2017-02-01,"3,717",90,mixed,Tale of Fallen Dragons,,,0,,storesearch+appdetails,
Spectromancer,$6.99 ,81.00%,2008-10-01,802,90,mixed,Spectromancer,,,0,,storesearch+appdetails,
Project Abyss,$4.99 ,57.61%,2016-11-01,719,89,single only,Project Abyss,,,0,,storesearch+appdetails,
不惑英雄传(puzzled heroes),$16.99 ,64.40%,2019-04-01,732,89,single only,不惑英雄传(puzzled heroes),,,0,,storesearch+appdetails,
Hardland,$24.99 ,66.72%,2019-09-01,"12,363",89,single only,Hardland,,,0,,storesearch+appdetails,
Close To The Sun,$19.99 ,71.11%,2020-05-01,"5,211",89,single only,Close To The Sun,,,0,,storesearch+appdetails,
Great eSports Manager,$9.99 ,75.09%,2017-08-01,"1,065",89,single only,Great eSports Manager,,,0,,storesearch+appdetails,
旧手表 - Old Watch,$9.99 ,80.22%,2017-12-01,"4,903",89,single only,旧手表 - Old Watch,,,0,,storesearch+appdetails,
Bear Simulator,$14.99 ,81.77%,2016-02-01,"5,487",89,single only,Bear Simulator,,,0,,storesearch+appdetails,
"Calm Down, Stalin",$3.99 ,85.67%,2016-09-01,"3,191",89,single only,"Calm Down, Stalin",,,0,,storesearch+appdetails,
Edna & Harvey: The Breakout - Anniversary Edition,$19.99 ,86.08%,2019-12-01,"2,165",89,single only,Edna & Harvey: The Breakout - Anniversary Edition,,,0,,storesearch+appdetails,
NEKO-NIN exHeart,$9.99 ,89.72%,2017-04-01,"15,918",89,single only,NEKO-NIN exHeart,,,0,,storesearch+appdetails,
Grimm: Dark Legacy,$14.99 ,49.10%,2016-11-01,"3,315",89,mixed,Grimm: Dark Legacy,,,0,,storesearch+appdetails,
Storage Guys,$11.99 ,51.65%,2025-04-01,891,89,mixed,Storage Guys,,,0,,storesearch+appdetails,
Slam Bolt Scrappers,$4.99 ,53.19%,2013-03-01,156,89,mixed,Slam Bolt Scrappers,,,0,,storesearch+appdetails,
Gish,$9.99 ,56.85%,2004-05-01,"1,227",89,mixed,Gish,,,0,,storesearch+appdetails,
Boss Crushers,$14.99 ,57.65%,2019-05-01,"1,024",89,mixed,Boss Crushers,,,0,,storesearch+appdetails,
Unicycle Pizza Time!,$4.99 ,74.71%,2024-08-01,209,89,mixed,Unicycle Pizza Time!,,,0,,storesearch+appdetails,
Sagrada,$9.99 ,87.12%,2020-03-01,"1,189",89,mixed,Sagrada,,,0,,storesearch+appdetails,
Daemonical,$14.99 ,62.49%,2018-08-01,"2,644",88,multi only,Daemonical,,,0,,storesearch+appdetails,
Starblast,$9.99 ,77.62%,2017-11-01,"1,815",88,multi only,Starblast,,,0,,storesearch+appdetails,
The Secret Monster Society,$3.99 ,61.40%,2016-07-01,509,88,single only,The Secret Monster Society,,,0,,storesearch+appdetails,
Souls of Blades,$18.99 ,68.29%,2021-09-01,"7,350",88,single only,Souls of Blades,,,0,,storesearch+appdetails,
Keep in Mind: Remastered,$1.99 ,72.11%,2018-03-01,859,88,single only,Keep in Mind: Remastered,,,0,,storesearch+appdetails,
Creature in the Well,$14.99 ,73.79%,2019-09-01,"3,966",88,single only,Creature in the Well,,,0,,storesearch+appdetails,
The Last Hex,$10.99 ,74.51%,2021-12-01,"3,556",88,single only,The Last Hex,,,0,,storesearch+appdetails,
Pantsu Hunter: Back to the 90s,$8.99 ,75.66%,2019-01-01,"1,494",88,single only,Pantsu Hunter: Back to the 90s,,,0,,storesearch+appdetails,
Creeper World 2: Anniversary Edition,$4.99 ,84.32%,2016-11-01,577,88,single only,Creeper World 2: Anniversary Edition,,,0,,storesearch+appdetails,
Nimbus,$9.99 ,85.72%,2010-10-01,514,88,single only,Nimbus,,,0,,storesearch+appdetails,
Nyan Cat: Lost In Space,$2.49 ,88.38%,2015-12-01,"4,864",88,single only,Nyan Cat: Lost In Space,,,0,,storesearch+appdetails,
Blockscape,$9.99 ,46.60%,2014-07-01,"27,196",88,mixed,Blockscape,,,0,,storesearch+appdetails,
Foul Play,$14.99 ,75.37%,2013-09-01,"2,688",88,mixed,Foul Play,,,0,,storesearch+appdetails,
Fantasy Survivors,$6.99 ,79.65%,2024-05-01,691,88,mixed,Fantasy Survivors,,,0,,storesearch+appdetails,
Smack Studio,$14.99 ,79.76%,2024-07-01,"6,928",88,mixed,Smack Studio,,,0,,storesearch+appdetails,
Empire Deluxe Combined Edition,$19.99 ,83.39%,2018-06-01,733,88,mixed,Empire Deluxe Combined Edition,,,0,,storesearch+appdetails,
Over The Void,$4.99 ,63.07%,2014-11-01,344,87,single only,Over The Void,,,0,,storesearch+appdetails,
Bunker Punks,$14.99 ,68.24%,2018-05-01,"4,298",87,single only,Bunker Punks,,,0,,storesearch+appdetails,
ШХД: ЗИМА / IT'S WINTER,$9.99 ,73.25%,2019-03-01,"2,966",87,single only,ШХД: ЗИМА / IT'S WINTER,,,0,,storesearch+appdetails,
Dandara: Trials of Fear Edition,$14.99 ,77.08%,2018-02-01,"5,612",87,single only,Dandara: Trials of Fear Edition,,,0,,storesearch+appdetails,
Atomik: RunGunJumpGun,$7.99 ,79.31%,2016-08-01,"1,400",87,single only,Atomik: RunGunJumpGun,,,0,,storesearch+appdetails,
Lifestream - A Haunting Text Adventure,$2.99 ,80.72%,2016-04-01,186,87,single only,Lifestream - A Haunting Text Adventure,,,0,,storesearch+appdetails,
BYTEPATH,$1.99 ,84.48%,2018-02-01,873,87,single only,BYTEPATH,,,0,,storesearch+appdetails,
The Journey Down: Chapter Two,$14.99 ,88.68%,2014-08-01,"4,695",87,single only,The Journey Down: Chapter Two,,,0,,storesearch+appdetails,
Tiny Snow,$3.99 ,90.20%,2019-02-01,"7,217",87,single only,Tiny Snow,,,0,,storesearch+appdetails,
千面 Melancholy Love,$4.99 ,90.24%,2020-01-01,"3,445",87,single only,千面 Melancholy Love,,,0,,storesearch+appdetails,
東方幕華祭 TouHou Makuka Sai ~ Fantastic Danmaku Festival,$8.99 ,90.99%,2018-08-01,"6,167",87,single only,東方幕華祭 TouHou Makuka Sai ~ Fantastic Danmaku Festival,,,0,,storesearch+appdetails,
Project Explore,$4.99 ,64.03%,2017-08-01,"2,468",87,mixed,Project Explore,,,0,,storesearch+appdetails,
Darkchaser: Battletide,$5.99 ,70.83%,2024-12-01,382,87,mixed,Darkchaser: Battletide,,,0,,storesearch+appdetails,
Joe Danger,$14.99 ,73.51%,2013-06-01,852,87,mixed,Joe Danger,,,0,,storesearch+appdetails,
I Am The Hero,$9.99 ,77.03%,2017-01-01,"6,391",87,mixed,I Am The Hero,,,0,,storesearch+appdetails,
Trackline Express,$14.99 ,79.06%,2024-04-01,"2,483",87,mixed,Trackline Express,,,0,,storesearch+appdetails,
Jet Island,$19.99 ,91.22%,2018-09-01,"3,672",87,mixed,Jet Island,,,0,,storesearch+appdetails,
Will Fight for Food: Super Actual Sellout: Game of the Hour,$4.99 ,57.65%,2015-04-01,377,86,single only,Will Fight for Food: Super Actual Sellout: Game of the Hour,,,0,,storesearch+appdetails,
RunVR,$5.99 ,67.20%,2017-06-01,157,86,single only,RunVR,,,0,,storesearch+appdetails,
Dysfunctional Systems: Learning to Manage Chaos,$4.99 ,71.97%,2013-04-01,"5,042",86,single only,Dysfunctional Systems: Learning to Manage Chaos,,,0,,storesearch+appdetails,
Haven Moon,$11.99 ,74.50%,2016-07-01,"2,812",86,single only,Haven Moon,,,0,,storesearch+appdetails,
VoiceActress,$1.99 ,78.78%,2017-11-01,"2,458",86,single only,VoiceActress,,,0,,storesearch+appdetails,
Drunken Robot Pornography,$14.99 ,78.80%,2014-02-01,"4,346",86,single only,Drunken Robot Pornography,,,0,,storesearch+appdetails,
Knightin'+,$5.99 ,79.74%,2019-07-01,"1,270",86,single only,Knightin'+,,,0,,storesearch+appdetails,
Dog Sled Saga,$7.99 ,86.01%,2016-09-01,"3,255",86,single only,Dog Sled Saga,,,0,,storesearch+appdetails,
Shadow Heroes: Vengeance In Flames,$2.99 ,46.02%,2016-11-01,214,86,mixed,Shadow Heroes: Vengeance In Flames,,,0,,storesearch+appdetails,
BQM - BlockQuest Maker-,$9.99 ,73.66%,2018-07-01,"3,077",86,mixed,BQM - BlockQuest Maker-,,,0,,storesearch+appdetails,
寿司王 -sushi ou-,$8.99 ,78.95%,2024-08-01,266,86,mixed,寿司王 -sushi ou-,,,0,,storesearch+appdetails,
STARWHAL,$11.99 ,83.64%,2014-09-01,"4,697",86,mixed,STARWHAL,,,0,,storesearch+appdetails,
Welcome to Basingstoke,$9.99 ,66.43%,2018-04-01,"2,962",85,single only,Welcome to Basingstoke,,,0,,storesearch+appdetails,
Willy-Nilly Knight,$14.99 ,69.69%,2017-11-01,"4,163",85,single only,Willy-Nilly Knight,,,0,,storesearch+appdetails,
Pythagoria,$1.78 ,69.89%,2016-01-01,502,85,single only,Pythagoria,,,0,,storesearch+appdetails,
Elder Sign: Omens,$5.99 ,73.03%,2011-10-01,"2,157",85,single only,Elder Sign: Omens,,,0,,storesearch+appdetails,
Defense Zone 3 Ultra HD,$9.99 ,75.31%,2016-12-01,"1,152",85,single only,Defense Zone 3 Ultra HD,,,0,,storesearch+appdetails,
Genesis Noir,$14.99 ,75.80%,2021-03-01,"11,029",85,single only,Genesis Noir,,,0,,storesearch+appdetails,
The Myth Seekers: The Legacy of Vulcan,$14.99 ,77.64%,2017-08-01,"1,026",85,single only,The Myth Seekers: The Legacy of Vulcan,,,0,,storesearch+appdetails,
Good Robot,$8.99 ,77.88%,2016-04-01,"1,391",85,single only,Good Robot,,,0,,storesearch+appdetails,
Backstage Pass,$29.99 ,79.37%,2016-08-01,"3,681",85,single only,Backstage Pass,,,0,,storesearch+appdetails,
HEARTBEAT,$14.99 ,79.38%,2018-12-01,"5,635",85,single only,HEARTBEAT,,,0,,storesearch+appdetails,
Alternate DiMansion Diary,$9.99 ,80.39%,2019-05-01,"3,572",85,single only,Alternate DiMansion Diary,,,0,,storesearch+appdetails,
Dragon's Wake,$3.99 ,82.41%,2015-12-01,"1,372",85,single only,Dragon's Wake,,,0,,storesearch+appdetails,
Carmageddon 2: Carpocalypse Now,$2.49 ,82.73%,1998-12-01,"2,279",85,single only,Carmageddon 2: Carpocalypse Now,,,0,,storesearch+appdetails,
Lamplight City,$13.73 ,84.35%,2018-09-01,"5,406",85,single only,Lamplight City,,,0,,storesearch+appdetails,
Dong-Jin Rice-hime（東津萌米）,$19.99 ,84.65%,2017-04-01,"9,114",85,single only,Dong-Jin Rice-hime（東津萌米）,,,0,,storesearch+appdetails,
Say No! More,$14.99 ,85.20%,2021-04-01,"3,459",85,single only,Say No! More,,,0,,storesearch+appdetails,
Dungeon Survivors,$4.99 ,62.56%,2024-02-01,"1,866",85,mixed,Dungeon Survivors,,,0,,storesearch+appdetails,
The Metronomicon: Slay The Dance Floor,$19.99 ,77.40%,2016-09-01,"4,002",85,mixed,The Metronomicon: Slay The Dance Floor,,,0,,storesearch+appdetails,
Gazillionaire,$9.99 ,86.67%,2020-01-01,948,85,mixed,Gazillionaire,,,0,,storesearch+appdetails,
Voice of Pripyat,$6.99 ,42.46%,2014-11-01,793,84,multi only,Voice of Pripyat,,,0,,storesearch+appdetails,
Gado Fight,$6.99 ,60.60%,2020-04-01,467,84,multi only,Gado Fight,,,0,,storesearch+appdetails,
Faces of Illusion: The Twin Phantoms,$14.99 ,58.45%,2017-01-01,425,84,single only,Faces of Illusion: The Twin Phantoms,,,0,,storesearch+appdetails,
Secrets of Rætikon,$9.99 ,58.45%,2014-01-01,"1,429",84,single only,Secrets of Rætikon,,,0,,storesearch+appdetails,
Errant Kingdom,$13.99 ,63.20%,2023-02-01,"1,229",84,single only,Errant Kingdom,,,0,,storesearch+appdetails,
Attack Heroes,$9.99 ,66.15%,2017-04-01,"2,766",84,single only,Attack Heroes,,,0,,storesearch+appdetails,
This Merchant Life,$10.99 ,69.57%,2019-09-01,"3,215",84,single only,This Merchant Life,,,0,,storesearch+appdetails,
Soulcaster: Part I & II,$4.99 ,74.65%,2011-02-01,283,84,single only,Soulcaster: Part I & II,,,0,,storesearch+appdetails,
Miracle Fly,$7.99 ,77.51%,2015-10-01,437,84,single only,Miracle Fly,,,0,,storesearch+appdetails,
Hourglass,$19.99 ,83.26%,2021-10-01,"1,969",84,single only,Hourglass,,,0,,storesearch+appdetails,
Bitardia,$5.99 ,83.50%,2021-12-01,"4,046",84,single only,Bitardia,,,0,,storesearch+appdetails,
The MISSING: J.J. Macfield and the Island of Memories,$29.99 ,84.44%,2018-10-01,"10,286",84,single only,The MISSING: J.J. Macfield and the Island of Memories,,,0,,storesearch+appdetails,
Shigatari,$2.99 ,88.56%,2017-08-01,562,84,single only,Shigatari,,,0,,storesearch+appdetails,
I hate this game,$1.99 ,88.76%,2019-03-01,"1,846",84,single only,I hate this game,,,0,,storesearch+appdetails,
Hotel Sowls,$4.99 ,89.38%,2019-12-01,930,84,single only,Hotel Sowls,,,0,,storesearch+appdetails,
1943 Deadly Desert,$9.99 ,61.21%,2018-05-01,730,84,mixed,1943 Deadly Desert,,,0,,storesearch+appdetails,
Telepath Tactics,$14.99 ,69.34%,2015-04-01,"1,947",84,mixed,Telepath Tactics,,,0,,storesearch+appdetails,
Tor Eternum,$1.99 ,70.40%,2022-07-01,"1,494",84,mixed,Tor Eternum,,,0,,storesearch+appdetails,
Mindball Play,$4.99 ,72.04%,2018-07-01,343,84,mixed,Mindball Play,,,0,,storesearch+appdetails,
Laser Lasso BALL,$1.99 ,75.03%,2017-02-01,142,84,mixed,Laser Lasso BALL,,,0,,storesearch+appdetails,
Tonight We Riot,$14.99 ,89.21%,2020-05-01,"3,896",84,mixed,Tonight We Riot,,,0,,storesearch+appdetails,
Circadian City,$11.99 ,57.18%,2020-10-01,"5,685",83,single only,Circadian City,,,0,,storesearch+appdetails,
Clockwork,$2.99 ,57.68%,2016-10-01,708,83,single only,Clockwork,,,0,,storesearch+appdetails,
VR2: Vacate 2 Rooms (Virtual Reality Escape),$5.99 ,64.24%,2018-07-01,112,83,single only,VR2: Vacate 2 Rooms (Virtual Reality Escape),,,0,,storesearch+appdetails,
The Kingdom of God,$9.99 ,64.85%,2023-01-01,"1,616",83,single only,The Kingdom of God,,,0,,storesearch+appdetails,
Caverns of the Snow Witch (Standalone),$4.99 ,69.36%,2015-08-01,433,83,single only,Caverns of the Snow Witch (Standalone),,,0,,storesearch+appdetails,
The Path,$9.99 ,74.91%,2009-03-01,"4,268",83,single only,The Path,,,0,,storesearch+appdetails,
Escape the Ayurok,$10.99 ,76.48%,2019-11-01,"3,396",83,single only,Escape the Ayurok,,,0,,storesearch+appdetails,
Wizards and Warlords,$9.99 ,77.27%,2020-09-01,"2,718",83,single only,Wizards and Warlords,,,0,,storesearch+appdetails,
The Quest,$4.99 ,80.57%,2016-02-01,"5,637",83,single only,The Quest,,,0,,storesearch+appdetails,
Duck Season,$19.99 ,81.26%,2017-09-01,"9,331",83,single only,Duck Season,,,0,,storesearch+appdetails,
Greed: Black Border,$4.99 ,44.42%,2010-01-01,680,83,mixed,Greed: Black Border,,,0,,storesearch+appdetails,
Kill The Bad Guy,$4.99 ,59.32%,2014-05-01,"2,083",83,mixed,Kill The Bad Guy,,,0,,storesearch+appdetails,
Citrouille: Sweet Witches,$9.99 ,73.70%,2018-11-01,899,83,mixed,Citrouille: Sweet Witches,,,0,,storesearch+appdetails,
Constructor Plus,$19.99 ,82.85%,2019-05-01,"4,177",83,mixed,Constructor Plus,,,0,,storesearch+appdetails,
Bad Guys at School,$4.99 ,83.17%,2020-06-01,"4,568",83,mixed,Bad Guys at School,,,0,,storesearch+appdetails,
The Cabin: VR Escape the Room,$4.99 ,56.66%,2017-01-01,405,82,single only,The Cabin: VR Escape the Room,,,0,,storesearch+appdetails,
Shopkeeper: My First Supermarket,$9.99 ,57.74%,2025-07-01,"1,088",82,single only,Shopkeeper: My First Supermarket,,,0,,storesearch+appdetails,
Space Mechanic Simulator,$14.99 ,60.50%,2023-08-01,"9,815",82,single only,Space Mechanic Simulator,,,0,,storesearch+appdetails,
Yet another tower defence,$1.99 ,62.09%,2018-11-01,685,82,single only,Yet another tower defence,,,0,,storesearch+appdetails,
The Secret Order 4: Beyond Time,$14.99 ,62.94%,2016-09-01,661,82,single only,The Secret Order 4: Beyond Time,,,0,,storesearch+appdetails,
Distant Star: Revenant Fleet,$9.99 ,63.02%,2015-04-01,"9,835",82,single only,Distant Star: Revenant Fleet,,,0,,storesearch+appdetails,
I Shall Remain,$9.99 ,63.39%,2015-08-01,"3,138",82,single only,I Shall Remain,,,0,,storesearch+appdetails,
Treasure chest Corps-結界を維持するため、魔物を退治した,$9.99 ,64.96%,2019-06-01,"3,068",82,single only,Treasure chest Corps-結界を維持するため、魔物を退治した,,,0,,storesearch+appdetails,
Ether One,$19.99 ,69.42%,2014-03-01,"6,652",82,single only,Ether One,,,0,,storesearch+appdetails,
Kairo,$4.99 ,71.13%,2013-04-01,"3,494",82,single only,Kairo,,,0,,storesearch+appdetails,
War Tech Fighters,$19.99 ,72.39%,2018-07-01,"6,465",82,single only,War Tech Fighters,,,0,,storesearch+appdetails,
Last Knight: Rogue Rider Edition,$7.99 ,74.58%,2014-10-01,"1,118",82,single only,Last Knight: Rogue Rider Edition,,,0,,storesearch+appdetails,
Creo God Simulator,$9.99 ,74.75%,2025-01-01,"1,754",82,single only,Creo God Simulator,,,0,,storesearch+appdetails,
NEON STRUCT,$17.99 ,77.66%,2015-05-01,"2,537",82,single only,NEON STRUCT,,,0,,storesearch+appdetails,
Deity Empires,$24.99 ,80.18%,2018-09-01,"2,869",82,single only,Deity Empires,,,0,,storesearch+appdetails,
BUTCHER,$9.99 ,82.36%,2016-10-01,"6,592",82,single only,BUTCHER,,,0,,storesearch+appdetails,
ITTA,$14.99 ,82.90%,2020-04-01,"3,089",82,single only,ITTA,,,0,,storesearch+appdetails,
Oblivious Garden ~Carmina Burana,$14.99 ,83.51%,2014-12-01,"7,697",82,single only,Oblivious Garden ~Carmina Burana,,,0,,storesearch+appdetails,
Cthulhu Saves Christmas,$9.99 ,83.83%,2019-12-01,"2,072",82,single only,Cthulhu Saves Christmas,,,0,,storesearch+appdetails,
RADIOACTIVE INC.,$1.33 ,56.83%,2025-09-01,172,82,mixed,RADIOACTIVE INC.,,,0,,storesearch+appdetails,
Skyfront VR,$9.99 ,68.18%,2019-03-01,"8,709",81,multi only,Skyfront VR,,,0,,storesearch+appdetails,
Abyss Manager,$7.99 ,69.40%,2019-11-01,599,81,single only,Abyss Manager,,,0,,storesearch+appdetails,
Abo Khashem,$29.99 ,70.13%,2018-02-01,608,81,single only,Abo Khashem,,,0,,storesearch+appdetails,
GUNHEAD,$19.99 ,70.75%,2023-11-01,"5,447",81,single only,GUNHEAD,,,0,,storesearch+appdetails,
Auditorium,$6.99 ,77.63%,2012-02-01,534,81,single only,Auditorium,,,0,,storesearch+appdetails,
The Eyes of Ara,$14.99 ,78.79%,2016-07-01,"4,162",81,single only,The Eyes of Ara,,,0,,storesearch+appdetails,
The Secret Order 3: Ancient Times,$14.99 ,80.88%,2016-03-01,"1,458",81,single only,The Secret Order 3: Ancient Times,,,0,,storesearch+appdetails,
Sokobond,$14.99 ,87.24%,2014-07-01,"2,122",81,single only,Sokobond,,,0,,storesearch+appdetails,
The World is Your Weapon,$9.99 ,90.50%,2019-06-01,"4,151",81,single only,The World is Your Weapon,,,0,,storesearch+appdetails,
Isles of Adalar,$19.99 ,47.90%,2020-10-01,"12,225",81,mixed,Isles of Adalar,,,0,,storesearch+appdetails,
Typefighters (Steam Edition),$1.99 ,66.27%,2016-04-01,840,81,mixed,Typefighters (Steam Edition),,,0,,storesearch+appdetails,
Counter Spell,$4.99 ,78.13%,2015-10-01,"1,420",81,mixed,Counter Spell,,,0,,storesearch+appdetails,
DeathSpank: Thongs of Virtue,$4.49 ,80.45%,2010-11-01,"1,428",81,mixed,DeathSpank: Thongs of Virtue,,,0,,storesearch+appdetails,
Thunder Wolves,$9.99 ,80.67%,2013-05-01,"1,521",81,mixed,Thunder Wolves,,,0,,storesearch+appdetails,
Space Impossible,$12.99 ,84.86%,2016-03-01,"1,334",81,mixed,Space Impossible,,,0,,storesearch+appdetails,
Marmot Fight Club,$2.99 ,74.63%,2025-05-01,70,80,multi only,Marmot Fight Club,,,0,,storesearch+appdetails,
Lost in the Dungeon,$5.99 ,59.16%,2018-03-01,465,80,single only,Lost in the Dungeon,,,0,,storesearch+appdetails,
Transports,$17.99 ,61.65%,2018-01-01,"2,620",80,single only,Transports,,,0,,storesearch+appdetails,
Chesster,$3.99 ,65.00%,2016-03-01,176,80,single only,Chesster,,,0,,storesearch+appdetails,
Homesick,$14.99 ,74.86%,2015-05-01,"15,743",80,single only,Homesick,,,0,,storesearch+appdetails,
Kartong - Death by Cardboard!,$13.99 ,77.72%,2018-04-01,706,80,single only,Kartong - Death by Cardboard!,,,0,,storesearch+appdetails,
Block Story™,$4.99 ,79.53%,2015-12-01,"5,601",80,single only,Block Story™,,,0,,storesearch+appdetails,
Dynamite Jack,$9.99 ,79.95%,2012-05-01,338,80,single only,Dynamite Jack,,,0,,storesearch+appdetails,
Floor44,$7.48 ,63.43%,2023-03-01,467,80,mixed,Floor44,,,0,,storesearch+appdetails,
Demon's Crystals,$2.99 ,68.41%,2016-04-01,563,80,mixed,Demon's Crystals,,,0,,storesearch+appdetails,
Simple Fish Adventure,$3.99 ,81.97%,2021-08-01,509,80,mixed,Simple Fish Adventure,,,0,,storesearch+appdetails,
Mayhem Brawler,$19.99 ,83.76%,2021-08-01,"4,796",80,mixed,Mayhem Brawler,,,0,,storesearch+appdetails,
Samurai GUNN,$4.99 ,85.90%,2013-12-01,"2,443",80,mixed,Samurai GUNN,,,0,,storesearch+appdetails,
Floppy Heroes,$2.99 ,87.34%,2016-09-01,"1,282",80,mixed,Floppy Heroes,,,0,,storesearch+appdetails,
DX-Ball 2: 20th Anniversary Edition,$6.99 ,89.02%,2018-11-01,"1,214",80,mixed,DX-Ball 2: 20th Anniversary Edition,,,0,,storesearch+appdetails,
Gun-Running War Dogs,$1.99 ,58.05%,2017-08-01,155,79,single only,Gun-Running War Dogs,,,0,,storesearch+appdetails,
Achtung! Cthulhu Tactics,$24.99 ,64.48%,2018-10-01,"3,483",79,single only,Achtung! Cthulhu Tactics,,,0,,storesearch+appdetails,
Grimshade,$19.99 ,66.77%,2019-03-01,"2,907",79,single only,Grimshade,,,0,,storesearch+appdetails,
Sometimes Always Monsters,$14.99 ,69.23%,2020-04-01,"2,331",79,single only,Sometimes Always Monsters,,,0,,storesearch+appdetails,
Artillerists,$3.99 ,70.28%,2017-01-01,486,79,single only,Artillerists,,,0,,storesearch+appdetails,
Chilie,$3.99 ,75.00%,2014-04-01,84,79,single only,Chilie,,,0,,storesearch+appdetails,
LostWinds,$9.99 ,76.97%,2016-03-01,"2,851",79,single only,LostWinds,,,0,,storesearch+appdetails,
WORLD END ECONOMiCA episode.01,$12.99 ,79.63%,2014-05-01,"4,689",79,single only,WORLD END ECONOMiCA episode.01,,,0,,storesearch+appdetails,
Metamorphosis,$9.00 ,80.38%,2020-08-01,"6,106",79,single only,Metamorphosis,,,0,,storesearch+appdetails,
Straimium Immortaly,$6.99 ,81.55%,2016-10-01,"2,708",79,single only,Straimium Immortaly,,,0,,storesearch+appdetails,
Remnants of Naezith,$9.99 ,82.20%,2018-02-01,"3,805",79,single only,Remnants of Naezith,,,0,,storesearch+appdetails,
6180 the moon,$3.99 ,84.93%,2014-09-01,"1,610",79,single only,6180 the moon,,,0,,storesearch+appdetails,
The Journey Down: Chapter Three,$14.99 ,85.00%,2017-09-01,"1,432",79,single only,The Journey Down: Chapter Three,,,0,,storesearch+appdetails,
Paws - A Shelter 2 Game,$19.99 ,85.96%,2016-03-01,"8,134",79,single only,Paws - A Shelter 2 Game,,,0,,storesearch+appdetails,
Year Walk,$5.99 ,86.37%,2014-03-01,"9,121",79,single only,Year Walk,,,0,,storesearch+appdetails,
KARAKARA2,$9.99 ,87.38%,2017-11-01,"5,881",79,single only,KARAKARA2,,,0,,storesearch+appdetails,
Love's Sweet Garnish,$12.99 ,87.63%,2018-09-01,"7,359",79,single only,Love's Sweet Garnish,,,0,,storesearch+appdetails,
Lost in Vivo,$11.99 ,88.42%,2018-11-01,"9,415",79,single only,Lost in Vivo,,,0,,storesearch+appdetails,
Momodora III,$1.99 ,89.24%,2014-07-01,"5,288",79,single only,Momodora III,,,0,,storesearch+appdetails,
The Warhorn,$9.99 ,53.72%,2019-01-01,"10,806",79,mixed,The Warhorn,,,0,,storesearch+appdetails,
Legions of Tyrandel,$9.99 ,62.10%,2016-12-01,187,79,mixed,Legions of Tyrandel,,,0,,storesearch+appdetails,
垂钓大师 FishingMaster,$5.59 ,78.37%,2026-01-01,34,79,mixed,垂钓大师 FishingMaster,,,0,,storesearch+appdetails,
Pivvot,$4.99 ,82.32%,2014-07-01,"1,171",79,mixed,Pivvot,,,0,,storesearch+appdetails,
Lazy Galaxy,$4.99 ,73.49%,2018-03-01,"1,567",78,single only,Lazy Galaxy,,,0,,storesearch+appdetails,
Magnetized,$2.99 ,77.02%,2016-10-01,119,78,single only,Magnetized,,,0,,storesearch+appdetails,
Buried: An Interactive Story,$2.99 ,85.70%,2016-01-01,670,78,single only,Buried: An Interactive Story,,,0,,storesearch+appdetails,
Stay! Stay! Democratic People's Republic of Korea!,$9.99 ,87.46%,2017-05-01,"6,168",78,single only,Stay! Stay! Democratic People's Republic of Korea!,,,0,,storesearch+appdetails,
Desert Child,$11.99 ,55.03%,2018-12-01,"1,969",78,mixed,Desert Child,,,0,,storesearch+appdetails,
Quatros Origins,$4.99 ,62.10%,2016-07-01,171,78,mixed,Quatros Origins,,,0,,storesearch+appdetails,
Ogre,$24.99 ,63.65%,2017-10-01,"2,717",78,mixed,Ogre,,,0,,storesearch+appdetails,
Warring States,$18.99 ,71.02%,2018-01-01,"6,124",78,mixed,Warring States,,,0,,storesearch+appdetails,
Mushroom Wars,$9.99 ,72.08%,2016-04-01,"4,977",78,mixed,Mushroom Wars,,,0,,storesearch+appdetails,
OVERWHELM,$9.99 ,78.23%,2018-06-01,"2,077",78,mixed,OVERWHELM,,,0,,storesearch+appdetails,
Goblin's Shop,$6.99 ,58.81%,2018-11-01,"1,046",77,single only,Goblin's Shop,,,0,,storesearch+appdetails,
Mittelborg: City of Mages,$14.99 ,60.26%,2019-06-01,"1,532",77,single only,Mittelborg: City of Mages,,,0,,storesearch+appdetails,
Age of Gladiators II: Death League,$12.99 ,62.23%,2017-09-01,"3,655",77,single only,Age of Gladiators II: Death League,,,0,,storesearch+appdetails,
198X,$9.99 ,73.60%,2019-06-01,"3,848",77,single only,198X,,,0,,storesearch+appdetails,
Windlands,$12.99 ,73.90%,2016-04-01,"12,033",77,single only,Windlands,,,0,,storesearch+appdetails,
Mr. Pumpkin Adventure,$3.99 ,76.38%,2016-07-01,"1,233",77,single only,Mr. Pumpkin Adventure,,,0,,storesearch+appdetails,
Lili: Child of Geos - Complete Edition,$14.99 ,81.15%,2014-05-01,"4,041",77,single only,Lili: Child of Geos - Complete Edition,,,0,,storesearch+appdetails,
Ouroboros,$4.99 ,84.23%,2016-11-01,685,77,single only,Ouroboros,,,0,,storesearch+appdetails,
The 13th Doll: A Fan Game of The 7th Guest,$19.99 ,85.05%,2019-10-01,841,77,single only,The 13th Doll: A Fan Game of The 7th Guest,,,0,,storesearch+appdetails,
Starlight Vega,$6.99 ,85.41%,2016-04-01,"5,292",77,single only,Starlight Vega,,,0,,storesearch+appdetails,
Beat Da Beat,$1.99 ,86.60%,2016-03-01,914,77,single only,Beat Da Beat,,,0,,storesearch+appdetails,
Isoland 2 - Ashes of Time,$2.99 ,86.93%,2018-05-01,"1,173",77,single only,Isoland 2 - Ashes of Time,,,0,,storesearch+appdetails,
Galactineers,$5.99 ,47.58%,2019-02-01,702,77,mixed,Galactineers,,,0,,storesearch+appdetails,
Metal Drift,$9.99 ,59.50%,2009-10-01,493,77,mixed,Metal Drift,,,0,,storesearch+appdetails,
"I, Gladiator",$7.99 ,60.30%,2015-04-01,"1,352",77,mixed,"I, Gladiator",,,0,,storesearch+appdetails,
Hacktag,$9.99 ,64.16%,2018-02-01,"5,126",77,mixed,Hacktag,,,0,,storesearch+appdetails,
Dig Island,$13.49 ,70.33%,2026-01-01,323,77,mixed,Dig Island,,,0,,storesearch+appdetails,
Axis Football 2023,$14.99 ,72.72%,2022-09-01,826,77,mixed,Axis Football 2023,,,0,,storesearch+appdetails,
Tasty Planet: Final Bite,$12.99 ,79.45%,2026-01-01,290,77,mixed,Tasty Planet: Final Bite,,,0,,storesearch+appdetails,
Hellstuck: Rage With Your Friends,$1.99 ,80.95%,2022-05-01,429,77,mixed,Hellstuck: Rage With Your Friends,,,0,,storesearch+appdetails,
FAIRY TAIL: Beach Volleyball Havoc,$6.99 ,83.21%,2024-09-01,"1,087",77,mixed,FAIRY TAIL: Beach Volleyball Havoc,,,0,,storesearch+appdetails,
Parking Together!,$9.99 ,83.82%,2025-09-01,230,77,mixed,Parking Together!,,,0,,storesearch+appdetails,
Ultimate Racing 2D 2,$9.99 ,85.03%,2023-09-01,"1,502",77,mixed,Ultimate Racing 2D 2,,,0,,storesearch+appdetails,
Tiny Tanks,$9.99 ,65.20%,2019-04-01,"4,975",76,multi only,Tiny Tanks,,,0,,storesearch+appdetails,
Gimbal,$14.99 ,67.81%,2013-11-01,744,76,multi only,Gimbal,,,0,,storesearch+appdetails,
SodaCity,$9.99 ,67.93%,2015-12-01,130,76,single only,SodaCity,,,0,,storesearch+appdetails,
Sonya: The Great Adventure,$6.99 ,68.12%,2017-04-01,452,76,single only,Sonya: The Great Adventure,,,0,,storesearch+appdetails,
Poöf,$6.99 ,71.31%,2013-11-01,358,76,single only,Poöf,,,0,,storesearch+appdetails,
Dry Drowning,$19.99 ,75.86%,2019-08-01,"2,483",76,single only,Dry Drowning,,,0,,storesearch+appdetails,
Guns of Infinity,$7.99 ,85.75%,2016-03-01,317,76,single only,Guns of Infinity,,,0,,storesearch+appdetails,
ANNIE:Last Hope,$9.99 ,85.78%,2020-04-01,"4,317",76,single only,ANNIE:Last Hope,,,0,,storesearch+appdetails,
SiNKR 2,$3.99 ,86.93%,2019-05-01,509,76,single only,SiNKR 2,,,0,,storesearch+appdetails,
Escape Goat 2,$9.99 ,88.15%,2014-03-01,"1,233",76,single only,Escape Goat 2,,,0,,storesearch+appdetails,
Angels with Scaly Wings™ / 鱗羽の天使,$9.99 ,91.70%,2017-01-01,"5,247",76,single only,Angels with Scaly Wings™ / 鱗羽の天使,,,0,,storesearch+appdetails,
Dungeons and Robots,$8.99 ,43.98%,2024-01-01,"2,101",76,mixed,Dungeons and Robots,,,0,,storesearch+appdetails,
Probably Archery,$2.99 ,46.30%,2014-02-01,355,76,mixed,Probably Archery,,,0,,storesearch+appdetails,
Astral Breakers,$4.99 ,50.00%,2016-02-01,130,76,mixed,Astral Breakers,,,0,,storesearch+appdetails,
BRAWL,$14.99 ,61.92%,2015-08-01,741,76,mixed,BRAWL,,,0,,storesearch+appdetails,
Devil's Dare 悪魔の挑戦,$12.99 ,63.69%,2014-10-01,"1,670",76,mixed,Devil's Dare 悪魔の挑戦,,,0,,storesearch+appdetails,
Mahjong Club,$4.99 ,67.03%,2018-08-01,"1,360",76,mixed,Mahjong Club,,,0,,storesearch+appdetails,
99Vidas,$12.99 ,75.27%,2016-12-01,"2,500",76,mixed,99Vidas,,,0,,storesearch+appdetails,
Trolddom,$9.99 ,86.02%,2025-11-01,752,76,mixed,Trolddom,,,0,,storesearch+appdetails,
Rocket Boots Mania,$14.99 ,88.73%,2025-01-01,636,76,mixed,Rocket Boots Mania,,,0,,storesearch+appdetails,
Warfare 1944,$9.99 ,48.53%,2020-07-01,"3,378",75,multi only,Warfare 1944,,,0,,storesearch+appdetails,
CYBER VR,$8.99 ,53.52%,2017-08-01,158,75,multi only,CYBER VR,,,0,,storesearch+appdetails,
Empire Architect,$14.99 ,62.21%,2017-10-01,"9,109",75,single only,Empire Architect,,,0,,storesearch+appdetails,
Battle Royale Tycoon,$9.99 ,66.38%,2019-09-01,"6,133",75,single only,Battle Royale Tycoon,,,0,,storesearch+appdetails,
One Gun: Cat,$10.99 ,67.80%,2017-09-01,380,75,single only,One Gun: Cat,,,0,,storesearch+appdetails,
Bionic Heart,$9.99 ,68.10%,2009-07-01,590,75,single only,Bionic Heart,,,0,,storesearch+appdetails,
Door in the Woods,$9.99 ,72.82%,2019-12-01,"2,343",75,single only,Door in the Woods,,,0,,storesearch+appdetails,
SUGURI,$5.99 ,76.43%,2014-07-01,"1,191",75,single only,SUGURI,,,0,,storesearch+appdetails,
The Book of Unwritten Tales: The Critter Chronicles,$4.99 ,78.61%,2012-12-01,"1,264",75,single only,The Book of Unwritten Tales: The Critter Chronicles,,,0,,storesearch+appdetails,
KIDS,$3.99 ,79.35%,2019-05-01,"4,422",75,single only,KIDS,,,0,,storesearch+appdetails,
Tiny Bird Garden Deluxe,$4.99 ,81.06%,2018-12-01,468,75,single only,Tiny Bird Garden Deluxe,,,0,,storesearch+appdetails,
The Dungeon of Lulu Farea,$12.99 ,82.29%,2019-01-01,"2,235",75,single only,The Dungeon of Lulu Farea,,,0,,storesearch+appdetails,
Hellsinker.,$9.99 ,82.47%,2019-07-01,"1,538",75,single only,Hellsinker.,,,0,,storesearch+appdetails,
REVOLVER360 RE:ACTOR,$9.99 ,83.68%,2014-10-01,"2,816",75,single only,REVOLVER360 RE:ACTOR,,,0,,storesearch+appdetails,
Geneforge 1,$19.99 ,85.55%,2001-12-01,"1,025",75,single only,Geneforge 1,,,0,,storesearch+appdetails,
Geometry Wars: Retro Evolved,$3.99 ,86.04%,2007-03-01,"2,128",75,single only,Geometry Wars: Retro Evolved,,,0,,storesearch+appdetails,
Tanuki Sunset,$14.99 ,86.10%,2020-12-01,"2,430",75,single only,Tanuki Sunset,,,0,,storesearch+appdetails,
Blockwick 2,$9.99 ,87.23%,2015-06-01,409,75,single only,Blockwick 2,,,0,,storesearch+appdetails,
Puppy Cross,$4.99 ,88.43%,2020-02-01,466,75,single only,Puppy Cross,,,0,,storesearch+appdetails,
CodeSpells,$4.99 ,41.06%,2015-09-01,"13,887",75,mixed,CodeSpells,,,0,,storesearch+appdetails,
Smoots World Cup Tennis,$14.99 ,50.00%,2016-06-01,282,75,mixed,Smoots World Cup Tennis,,,0,,storesearch+appdetails,
Obliteracers,$14.99 ,68.09%,2016-02-01,"5,680",75,mixed,Obliteracers,,,0,,storesearch+appdetails,
Breaking Fast,$9.99 ,72.24%,2017-06-01,211,75,mixed,Breaking Fast,,,0,,storesearch+appdetails,
Junk Jack,$14.99 ,74.05%,2016-12-01,"17,356",75,mixed,Junk Jack,,,0,,storesearch+appdetails,
KUUKIYOMI 4: Consider It,$7.99 ,77.25%,2024-11-01,471,75,mixed,KUUKIYOMI 4: Consider It,,,0,,storesearch+appdetails,
Serious Sam VR: The First Encounter,$19.99 ,82.66%,2017-03-01,"3,701",75,mixed,Serious Sam VR: The First Encounter,,,0,,storesearch+appdetails,
State of War : Warmonger / 蓝色警戒 (Classic 2000),$9.99 ,84.01%,2018-12-01,"2,361",75,mixed,State of War : Warmonger / 蓝色警戒 (Classic 2000),,,0,,storesearch+appdetails,
Dream Car Builder,$9.99 ,87.58%,2018-09-01,"6,931",75,mixed,Dream Car Builder,,,0,,storesearch+appdetails,
History in Letters - The Eternal Alchemist,$7.99 ,60.54%,2015-12-01,152,74,single only,History in Letters - The Eternal Alchemist,,,0,,storesearch+appdetails,
AntharioN,$14.99 ,64.91%,2015-07-01,"4,121",74,single only,AntharioN,,,0,,storesearch+appdetails,
Gun Crazy,$4.99 ,66.51%,2019-11-01,"4,236",74,single only,Gun Crazy,,,0,,storesearch+appdetails,
Revhead,$19.99 ,77.03%,2017-03-01,"2,906",74,single only,Revhead,,,0,,storesearch+appdetails,
Just Get Through,$4.99 ,78.54%,2015-01-01,"2,515",74,single only,Just Get Through,,,0,,storesearch+appdetails,
Rise of Liberty,$7.99 ,80.14%,2019-05-01,"18,684",74,single only,Rise of Liberty,,,0,,storesearch+appdetails,
Roombo: First Blood,$4.99 ,81.86%,2019-08-01,"1,730",74,single only,Roombo: First Blood,,,0,,storesearch+appdetails,
Chess Sudoku,$4.99 ,86.91%,2020-03-01,250,74,single only,Chess Sudoku,,,0,,storesearch+appdetails,
Lavender,$19.99 ,45.41%,2019-12-01,680,74,mixed,Lavender,,,0,,storesearch+appdetails,
holedown,$9.99 ,75.60%,2020-04-01,222,74,mixed,holedown,,,0,,storesearch+appdetails,
LUMINES REMASTERED,$14.99 ,88.51%,2018-06-01,"1,993",74,mixed,LUMINES REMASTERED,,,0,,storesearch+appdetails,
Wild Animal Racing,$3.99 ,88.80%,2016-03-01,"3,213",74,mixed,Wild Animal Racing,,,0,,storesearch+appdetails,
FAMILY BATTLE タッグアリーナ,$9.99 ,50.00%,2022-08-01,235,73,multi only,FAMILY BATTLE タッグアリーナ,,,0,,storesearch+appdetails,
Gear Gauntlet,$6.99 ,57.39%,2016-11-01,65,73,single only,Gear Gauntlet,,,0,,storesearch+appdetails,
Highborn,$1.99 ,62.30%,2013-02-01,121,73,single only,Highborn,,,0,,storesearch+appdetails,
The Next World,$12.99 ,67.53%,2016-03-01,"1,641",73,single only,The Next World,,,0,,storesearch+appdetails,
Cross of the Dutchman,$6.99 ,70.63%,2015-09-01,"4,364",73,single only,Cross of the Dutchman,,,0,,storesearch+appdetails,
Artificial Extinction,$4.99 ,70.79%,2020-03-01,"4,787",73,single only,Artificial Extinction,,,0,,storesearch+appdetails,
Runt of the Litter,$4.99 ,71.14%,2017-02-01,276,73,single only,Runt of the Litter,,,0,,storesearch+appdetails,
Winged Sakura: Mindy's Arc,$9.99 ,71.74%,2014-11-01,"3,533",73,single only,Winged Sakura: Mindy's Arc,,,0,,storesearch+appdetails,
Gulf of Aden - Task Force Somalia,$8.99 ,76.97%,2015-12-01,425,73,single only,Gulf of Aden - Task Force Somalia,,,0,,storesearch+appdetails,
The Gallery - Episode 1: Call of the Starseed,$14.99 ,79.56%,2016-04-01,"9,528",73,single only,The Gallery - Episode 1: Call of the Starseed,,,0,,storesearch+appdetails,
Sakura Nova,$4.49 ,80.10%,2016-10-01,"6,632",73,single only,Sakura Nova,,,0,,storesearch+appdetails,
CODE CRACKER 代码破译者,$8.99 ,81.70%,2019-03-01,867,73,single only,CODE CRACKER 代码破译者,,,0,,storesearch+appdetails,
Re Angel,$15.99 ,87.68%,2018-04-01,"1,162",73,single only,Re Angel,,,0,,storesearch+appdetails,
Vangers,$6.99 ,88.32%,1998-06-01,"3,408",73,single only,Vangers,,,0,,storesearch+appdetails,
Stick it to The Man!,$7.99 ,88.86%,2013-12-01,"1,806",73,single only,Stick it to The Man!,,,0,,storesearch+appdetails,
The Procession to Calvary,$9.99 ,92.12%,2020-04-01,"4,691",73,single only,The Procession to Calvary,,,0,,storesearch+appdetails,
Draconian Wars,$5.99 ,42.25%,2014-08-01,142,73,mixed,Draconian Wars,,,0,,storesearch+appdetails,
Seeking Dawn,$29.99 ,65.77%,2018-07-01,"11,139",73,mixed,Seeking Dawn,,,0,,storesearch+appdetails,
The Hilltop Funeral,$6.99 ,72.24%,2025-10-01,342,73,mixed,The Hilltop Funeral,,,0,,storesearch+appdetails,
Prison Life 2,$4.99 ,73.44%,2023-03-01,"1,481",73,mixed,Prison Life 2,,,0,,storesearch+appdetails,
LOST BALLOONS: Airy mates,$2.99 ,75.12%,2023-08-01,119,73,mixed,LOST BALLOONS: Airy mates,,,0,,storesearch+appdetails,
LOW VALUE JOB,$3.99 ,78.13%,2026-01-01,155,73,mixed,LOW VALUE JOB,,,0,,storesearch+appdetails,
ZooKeeper Simulator,$4.99 ,80.64%,2019-12-01,"1,095",73,mixed,ZooKeeper Simulator,,,0,,storesearch+appdetails,
Zooicide,$4.99 ,63.21%,2017-06-01,"1,354",72,multi only,Zooicide,,,0,,storesearch+appdetails,
Cave Guessers,$3.99 ,63.41%,2022-10-01,312,72,multi only,Cave Guessers,,,0,,storesearch+appdetails,
Chatventures,$2.99 ,80.12%,2020-02-01,442,72,multi only,Chatventures,,,0,,storesearch+appdetails,
Mr. Dubstep,$29.99 ,61.59%,2017-09-01,141,72,single only,Mr. Dubstep,,,0,,storesearch+appdetails,
Shadows of Kurgansk,$4.99 ,63.38%,2016-12-01,"7,496",72,single only,Shadows of Kurgansk,,,0,,storesearch+appdetails,
GARAGE: Bad Trip,$14.99 ,64.48%,2018-07-01,"2,555",72,single only,GARAGE: Bad Trip,,,0,,storesearch+appdetails,
Ninja Outbreak,$9.99 ,64.76%,2015-09-01,206,72,single only,Ninja Outbreak,,,0,,storesearch+appdetails,
Corpse Party 2: Dead Patient,$9.99 ,66.42%,2019-10-01,"4,781",72,single only,Corpse Party 2: Dead Patient,,,0,,storesearch+appdetails,
Kill The Plumber,$4.99 ,66.67%,2016-01-01,"1,138",72,single only,Kill The Plumber,,,0,,storesearch+appdetails,
DYING: Reborn,$12.99 ,71.54%,2018-01-01,"2,782",72,single only,DYING: Reborn,,,0,,storesearch+appdetails,
Love Language Japanese,$19.99 ,74.64%,2019-01-01,"4,652",72,single only,Love Language Japanese,,,0,,storesearch+appdetails,
Root Of Evil: The Tailor,$1.39 ,78.46%,2016-12-01,"1,959",72,single only,Root Of Evil: The Tailor,,,0,,storesearch+appdetails,
Pamali: Indonesian Folklore Horror,$14.99 ,79.29%,2018-12-01,"3,890",72,single only,Pamali: Indonesian Folklore Horror,,,0,,storesearch+appdetails,
Forbidden Love With The Ghost Girl,$14.99 ,79.68%,2019-11-01,"1,652",72,single only,Forbidden Love With The Ghost Girl,,,0,,storesearch+appdetails,
Asyula 方舟之链,$1.99 ,81.97%,2017-08-01,"1,101",72,single only,Asyula 方舟之链,,,0,,storesearch+appdetails,
Vector,$6.99 ,84.72%,2013-12-01,"3,448",72,single only,Vector,,,0,,storesearch+appdetails,
Archaica: The Path of Light,$14.99 ,85.10%,2017-09-01,"3,504",72,single only,Archaica: The Path of Light,,,0,,storesearch+appdetails,
Garden of the Sea (VR),$19.98 ,87.29%,2022-01-01,"4,647",72,single only,Garden of the Sea (VR),,,0,,storesearch+appdetails,
The Artful Escape,$19.99 ,87.53%,2021-09-01,"6,807",72,single only,The Artful Escape,,,0,,storesearch+appdetails,
Only Up!,$4.99 ,19.38%,2023-10-01,"1,288",72,mixed,Only Up!,,,0,,storesearch+appdetails,
Epstein,$3.99 ,63.22%,2024-02-01,"1,747",72,mixed,Epstein,,,0,,storesearch+appdetails,
YORG.io 3,$6.99 ,65.10%,2019-10-01,"1,058",72,mixed,YORG.io 3,,,0,,storesearch+appdetails,
Woodpunk,$14.99 ,67.27%,2018-11-01,"1,788",72,mixed,Woodpunk,,,0,,storesearch+appdetails,
ChargeShot,$9.99 ,68.90%,2015-09-01,522,72,mixed,ChargeShot,,,0,,storesearch+appdetails,
I wanna be The Cat,$6.99 ,82.42%,2017-12-01,785,72,mixed,I wanna be The Cat,,,0,,storesearch+appdetails,
Dojo Masters,$14.99 ,84.46%,2024-07-01,"1,424",72,mixed,Dojo Masters,,,0,,storesearch+appdetails,
Figment 2: Creed Valley,$22.48 ,89.03%,2023-03-01,"5,858",72,mixed,Figment 2: Creed Valley,,,0,,storesearch+appdetails,
A Bloody Night,$2.99 ,73.66%,2017-06-01,241,71,single only,A Bloody Night,,,0,,storesearch+appdetails,
DESYNC,$14.99 ,75.85%,2017-02-01,"4,779",71,single only,DESYNC,,,0,,storesearch+appdetails,
5089: The Action RPG,$7.99 ,77.54%,2016-02-01,"5,168",71,single only,5089: The Action RPG,,,0,,storesearch+appdetails,
Snares of Ruin,$5.99 ,77.75%,2018-01-01,256,71,single only,Snares of Ruin,,,0,,storesearch+appdetails,
The Maw,$9.99 ,77.86%,2009-03-01,"1,330",71,single only,The Maw,,,0,,storesearch+appdetails,
Cubot,$1.99 ,83.08%,2015-01-01,965,71,single only,Cubot,,,0,,storesearch+appdetails,
OPUS: The Day We Found Earth,$14.99 ,83.42%,2016-04-01,"9,002",71,single only,OPUS: The Day We Found Earth,,,0,,storesearch+appdetails,
Desert Ashes,$4.99 ,51.83%,2014-11-01,229,71,mixed,Desert Ashes,,,0,,storesearch+appdetails,
TableTop Cricket,$9.99 ,58.59%,2015-02-01,213,71,mixed,TableTop Cricket,,,0,,storesearch+appdetails,
Stay Close,$8.99 ,61.02%,2016-10-01,"6,293",71,mixed,Stay Close,,,0,,storesearch+appdetails,
Isle of Skye,$1.46 ,63.37%,2018-07-01,658,71,mixed,Isle of Skye,,,0,,storesearch+appdetails,
Birth of Shadows®,$4.99 ,63.89%,2015-11-01,235,71,mixed,Birth of Shadows®,,,0,,storesearch+appdetails,
Forsake: Urban horror,$9.99 ,74.09%,2023-03-01,"1,545",71,mixed,Forsake: Urban horror,,,0,,storesearch+appdetails,
Aeon's End,$14.99 ,76.91%,2019-09-01,"2,738",71,mixed,Aeon's End,,,0,,storesearch+appdetails,
Bullets And More VR - BAM VR,$9.99 ,82.29%,2018-04-01,"1,605",71,mixed,Bullets And More VR - BAM VR,,,0,,storesearch+appdetails,
Super Man Or Monster,$12.99 ,84.03%,2017-10-01,882,71,mixed,Super Man Or Monster,,,0,,storesearch+appdetails,
Dangerous High School Girls in Trouble!™,$19.99 ,58.15%,2008-05-01,388,70,single only,Dangerous High School Girls in Trouble!™,,,0,,storesearch+appdetails,
Immortal Planet,$14.99 ,59.89%,2017-07-01,"4,281",70,single only,Immortal Planet,,,0,,storesearch+appdetails,
巫师超凡者 Legend of the wizard,$9.99 ,61.27%,2019-12-01,663,70,single only,巫师超凡者 Legend of the wizard,,,0,,storesearch+appdetails,
Cage of the Succubi,$12.99 ,62.41%,2019-12-01,"1,687",70,single only,Cage of the Succubi,,,0,,storesearch+appdetails,
Cube Life: Island Survival,$9.99 ,65.25%,2018-04-01,"2,562",70,single only,Cube Life: Island Survival,,,0,,storesearch+appdetails,
The Lost Heir: The Fall of Daria,$4.99 ,66.56%,2015-02-01,398,70,single only,The Lost Heir: The Fall of Daria,,,0,,storesearch+appdetails,
Realms of Arkania: Star Trail,$14.99 ,67.22%,2017-08-01,"3,479",70,single only,Realms of Arkania: Star Trail,,,0,,storesearch+appdetails,
The Bunker,$14.99 ,68.16%,2016-09-01,"6,833",70,single only,The Bunker,,,0,,storesearch+appdetails,
Protocol,$8.99 ,69.49%,2018-11-01,"4,156",70,single only,Protocol,,,0,,storesearch+appdetails,
1917 - The Alien Invasion DX,$4.78 ,70.42%,2016-06-01,"1,023",70,single only,1917 - The Alien Invasion DX,,,0,,storesearch+appdetails,
Shieldwall Chronicles: Swords of the North,$14.99 ,71.31%,2018-12-01,"2,871",70,single only,Shieldwall Chronicles: Swords of the North,,,0,,storesearch+appdetails,
Insecticide Part 1,$3.99 ,71.33%,2008-06-01,631,70,single only,Insecticide Part 1,,,0,,storesearch+appdetails,
所谓侠客 So-called Hero,$16.14 ,73.42%,2024-02-01,"2,010",70,single only,所谓侠客 So-called Hero,,,0,,storesearch+appdetails,
Fitz the Fox,$3.99 ,73.62%,2015-08-01,397,70,single only,Fitz the Fox,,,0,,storesearch+appdetails,
Gods of the Fallen Land,$4.99 ,73.92%,2017-07-01,"1,142",70,single only,Gods of the Fallen Land,,,0,,storesearch+appdetails,
Let`s not stay friends,$5.99 ,74.35%,2017-11-01,"1,029",70,single only,Let`s not stay friends,,,0,,storesearch+appdetails,
The Forest of Doom (Standalone),$4.99 ,75.55%,2014-10-01,"2,272",70,single only,The Forest of Doom (Standalone),,,0,,storesearch+appdetails,
In Death,$29.99 ,78.95%,2018-10-01,"6,559",70,single only,In Death,,,0,,storesearch+appdetails,
Tumbleweed Express,$3.99 ,80.62%,2016-05-01,"1,004",70,single only,Tumbleweed Express,,,0,,storesearch+appdetails,
小林正雪復仇之密室重制版 Cheney Wood The Ultimate Revenge,$11.47 ,81.78%,2019-01-01,"1,450",70,single only,小林正雪復仇之密室重制版 Cheney Wood The Ultimate Revenge,,,0,,storesearch+appdetails,
One Night Stand,$2.99 ,84.20%,2016-11-01,"2,756",70,single only,One Night Stand,,,0,,storesearch+appdetails,
Duck Season PC,$9.99 ,87.95%,2019-06-01,"3,846",70,single only,Duck Season PC,,,0,,storesearch+appdetails,
Narcissu 10th Anniversary Anthology Project,$2.99 ,90.85%,2016-01-01,"4,783",70,single only,Narcissu 10th Anniversary Anthology Project,,,0,,storesearch+appdetails,
Contradiction: Spot The Liar,$12.99 ,91.15%,2015-07-01,"9,641",70,single only,Contradiction: Spot The Liar,,,0,,storesearch+appdetails,
Hello Charlotte EP3: Childhood's End,$3.99 ,93.80%,2018-01-01,"3,574",70,single only,Hello Charlotte EP3: Childhood's End,,,0,,storesearch+appdetails,
Pulseball,$29.99 ,61.58%,2020-10-01,224,70,mixed,Pulseball,,,0,,storesearch+appdetails,
MACHO SPINNER,$8.99 ,63.88%,2023-12-01,204,70,mixed,MACHO SPINNER,,,0,,storesearch+appdetails,
Drift: Space Survival,$19.99 ,64.40%,2023-05-01,"3,150",70,mixed,Drift: Space Survival,,,0,,storesearch+appdetails,
Broken Bots,$6.99 ,66.41%,2016-06-01,"1,049",70,mixed,Broken Bots,,,0,,storesearch+appdetails,
Somewhere in the Shadow,$2.99 ,75.35%,2021-08-01,642,70,mixed,Somewhere in the Shadow,,,0,,storesearch+appdetails,
Serpent in the Staglands,$13.99 ,61.96%,2015-05-01,"9,327",69,single only,Serpent in the Staglands,,,0,,storesearch+appdetails,
Found Horror Game 11.exe,$3.99 ,62.19%,2018-08-01,"1,012",69,single only,Found Horror Game 11.exe,,,0,,storesearch+appdetails,
Draft Day Sports: College Basketball 2020,$9.99 ,63.41%,2020-03-01,209,69,single only,Draft Day Sports: College Basketball 2020,,,0,,storesearch+appdetails,
Hyspherical 2,$3.99 ,67.93%,2016-02-01,159,69,single only,Hyspherical 2,,,0,,storesearch+appdetails,
Crowd Simulator,$2.99 ,68.13%,2019-09-01,873,69,single only,Crowd Simulator,,,0,,storesearch+appdetails,
Quantum Suicide,$19.99 ,71.17%,2020-09-01,834,69,single only,Quantum Suicide,,,0,,storesearch+appdetails,
Delicious - Emily's Miracle of Life,$19.99 ,71.34%,2017-08-01,357,69,single only,Delicious - Emily's Miracle of Life,,,0,,storesearch+appdetails,
Pizza Connection 2,$5.99 ,72.16%,2001-10-01,"1,236",69,single only,Pizza Connection 2,,,0,,storesearch+appdetails,
NO THING,$3.99 ,79.05%,2016-04-01,"1,012",69,single only,NO THING,,,0,,storesearch+appdetails,
Bloo Kid 2,$6.99 ,81.55%,2014-03-01,432,69,single only,Bloo Kid 2,,,0,,storesearch+appdetails,
Endless Fables 2: Frozen Path,$14.99 ,82.70%,2017-11-01,"1,043",69,single only,Endless Fables 2: Frozen Path,,,0,,storesearch+appdetails,
Été,$19.99 ,85.08%,2024-07-01,"2,740",69,single only,Été,,,0,,storesearch+appdetails,
Electronauts - VR Music,$19.99 ,85.14%,2018-08-01,"2,212",69,single only,Electronauts - VR Music,,,0,,storesearch+appdetails,
LIT: Bend the Light,$6.99 ,85.76%,2020-05-01,"1,230",69,single only,LIT: Bend the Light,,,0,,storesearch+appdetails,
Supercharged Robot VULKAISER,$4.99 ,85.89%,2015-06-01,926,69,single only,Supercharged Robot VULKAISER,,,0,,storesearch+appdetails,
ARK BOX Unlimited,$4.99 ,65.25%,2016-11-01,116,69,mixed,ARK BOX Unlimited,,,0,,storesearch+appdetails,
Iron Crypticle,$9.99 ,76.10%,2017-07-01,728,69,mixed,Iron Crypticle,,,0,,storesearch+appdetails,
Foreskin Fury,$3.99 ,79.25%,2024-04-01,"1,616",69,mixed,Foreskin Fury,,,0,,storesearch+appdetails,
Shrine's Legacy,$19.99 ,80.57%,2025-10-01,"5,544",69,mixed,Shrine's Legacy,,,0,,storesearch+appdetails,
Colony Siege,$19.99 ,84.50%,2020-09-01,"1,975",69,mixed,Colony Siege,,,0,,storesearch+appdetails,
Climbey,$7.99 ,85.94%,2022-01-01,"2,250",69,mixed,Climbey,,,0,,storesearch+appdetails,
Hide & Chick,$4.99 ,57.79%,2023-03-01,315,68,multi only,Hide & Chick,,,0,,storesearch+appdetails,
Hajis هاجس,$4.99 ,74.62%,2022-10-01,237,68,multi only,Hajis هاجس,,,0,,storesearch+appdetails,
Lombardi's World,$4.99 ,80.20%,2020-12-01,162,68,multi only,Lombardi's World,,,0,,storesearch+appdetails,
ENKI,$4.99 ,58.90%,2015-07-01,873,68,single only,ENKI,,,0,,storesearch+appdetails,
End State,$19.99 ,60.23%,2022-12-01,"15,799",68,single only,End State,,,0,,storesearch+appdetails,
Night Shift,$4.99 ,60.34%,2015-02-01,374,68,single only,Night Shift,,,0,,storesearch+appdetails,
Invasion Machine,$18.99 ,63.67%,2020-02-01,"7,805",68,single only,Invasion Machine,,,0,,storesearch+appdetails,
Hidden Object Bundle 5 in 1,$9.99 ,64.28%,2015-02-01,593,68,single only,Hidden Object Bundle 5 in 1,,,0,,storesearch+appdetails,
InFlux,$9.99 ,65.68%,2013-07-01,406,68,single only,InFlux,,,0,,storesearch+appdetails,
The Grave Digger,$5.99 ,67.76%,2013-05-01,260,68,single only,The Grave Digger,,,0,,storesearch+appdetails,
The Rising of the Shield Hero : Relive The Animation,$15.99 ,71.00%,2019-09-01,"2,438",68,single only,The Rising of the Shield Hero : Relive The Animation,,,0,,storesearch+appdetails,
Serment - Contract with a Devil,$14.99 ,71.24%,2019-02-01,"7,869",68,single only,Serment - Contract with a Devil,,,0,,storesearch+appdetails,
Legend Of Mercy 神医魔导,$3.99 ,71.63%,2018-04-01,"4,624",68,single only,Legend Of Mercy 神医魔导,,,0,,storesearch+appdetails,
Glitch's Trip,$12.99 ,72.59%,2020-08-01,264,68,single only,Glitch's Trip,,,0,,storesearch+appdetails,
SinaRun,$3.99 ,72.92%,2025-11-01,681,68,single only,SinaRun,,,0,,storesearch+appdetails,
Super Furball,$3.99 ,73.16%,2014-05-01,210,68,single only,Super Furball,,,0,,storesearch+appdetails,
Black Hole Hazard,$4.99 ,73.25%,2016-08-01,218,68,single only,Black Hole Hazard,,,0,,storesearch+appdetails,
How To Date A Magical Girl!,$8.99 ,75.62%,2019-02-01,"1,878",68,single only,How To Date A Magical Girl!,,,0,,storesearch+appdetails,
Legends of Solitaire: Curse of the Dragons,$4.99 ,78.01%,2015-09-01,350,68,single only,Legends of Solitaire: Curse of the Dragons,,,0,,storesearch+appdetails,
Space Gladiators,$14.99 ,83.82%,2021-03-01,"2,784",68,single only,Space Gladiators,,,0,,storesearch+appdetails,
GNOG,$9.99 ,86.38%,2018-07-01,"2,036",68,single only,GNOG,,,0,,storesearch+appdetails,
Higurashi When They Cry Hou - Ch.4 Himatsubushi,$5.99 ,91.20%,2016-10-01,"1,795",68,single only,Higurashi When They Cry Hou - Ch.4 Himatsubushi,,,0,,storesearch+appdetails,
Galaxy of Trian Board Game,$4.99 ,52.78%,2016-06-01,178,68,mixed,Galaxy of Trian Board Game,,,0,,storesearch+appdetails,
Generals & Rulers,$11.99 ,60.18%,2019-06-01,"17,483",68,mixed,Generals & Rulers,,,0,,storesearch+appdetails,
Wing Breakers,$24.99 ,67.48%,2022-03-01,"4,653",68,mixed,Wing Breakers,,,0,,storesearch+appdetails,
Zombie Tycoon 2: Brainhov's Revenge,$4.99 ,71.15%,2013-12-01,672,68,mixed,Zombie Tycoon 2: Brainhov's Revenge,,,0,,storesearch+appdetails,
Making History: The Second World War,$29.99 ,72.74%,2018-04-01,"4,887",68,mixed,Making History: The Second World War,,,0,,storesearch+appdetails,
Morkredd,$19.99 ,75.47%,2020-12-01,"2,281",68,mixed,Morkredd,,,0,,storesearch+appdetails,
Wrestling Revolution 3D,$4.99 ,81.72%,2014-10-01,"1,888",68,mixed,Wrestling Revolution 3D,,,0,,storesearch+appdetails,
Rush Rover,$4.99 ,85.11%,2017-11-01,"3,035",68,mixed,Rush Rover,,,0,,storesearch+appdetails,
Age of Survival,$18.99 ,19.44%,2025-01-01,"11,556",67,multi only,Age of Survival,,,0,,storesearch+appdetails,
Mushroom Men: Truffle Trouble,$2.99 ,58.63%,2015-03-01,376,67,single only,Mushroom Men: Truffle Trouble,,,0,,storesearch+appdetails,
CAFE 0 ~The Drowned Mermaid~,$6.99 ,60.65%,2011-10-01,610,67,single only,CAFE 0 ~The Drowned Mermaid~,,,0,,storesearch+appdetails,
Warp,$1.99 ,64.49%,2012-03-01,"1,081",67,single only,Warp,,,0,,storesearch+appdetails,
Light of Altair,$14.99 ,69.39%,2009-06-01,248,67,single only,Light of Altair,,,0,,storesearch+appdetails,
Mosaic,$19.99 ,70.35%,2019-12-01,"5,759",67,single only,Mosaic,,,0,,storesearch+appdetails,
Narcosis,$14.99 ,73.41%,2017-03-01,"13,756",67,single only,Narcosis,,,0,,storesearch+appdetails,
Minute of Islands,$19.99 ,74.58%,2021-06-01,"6,966",67,single only,Minute of Islands,,,0,,storesearch+appdetails,
Echoes of Aetheria,$14.99 ,76.64%,2016-01-01,"2,156",67,single only,Echoes of Aetheria,,,0,,storesearch+appdetails,
LOGistICAL,$9.99 ,76.99%,2017-02-01,"1,256",67,single only,LOGistICAL,,,0,,storesearch+appdetails,
Infliction,$19.99 ,77.41%,2018-10-01,"6,812",67,single only,Infliction,,,0,,storesearch+appdetails,
The Gallery - Episode 2: Heart of the Emberstone,$14.99 ,77.86%,2017-10-01,"2,879",67,single only,The Gallery - Episode 2: Heart of the Emberstone,,,0,,storesearch+appdetails,
Dr Greenstuff,$12.99 ,78.84%,2018-11-01,"1,476",67,single only,Dr Greenstuff,,,0,,storesearch+appdetails,
Holopoint,$10.99 ,84.02%,2016-04-01,"3,360",67,single only,Holopoint,,,0,,storesearch+appdetails,
the 9th day:第九日,$8.99 ,84.42%,2017-02-01,"3,578",67,single only,the 9th day:第九日,,,0,,storesearch+appdetails,
Assault Spy,$19.99 ,87.27%,2018-10-01,"9,028",67,single only,Assault Spy,,,0,,storesearch+appdetails,
Gravity Ghost,$9.99 ,88.33%,2015-01-01,"2,137",67,single only,Gravity Ghost,,,0,,storesearch+appdetails,
Heart of the Woods,$14.99 ,89.02%,2019-02-01,"5,201",67,single only,Heart of the Woods,,,0,,storesearch+appdetails,
Crafting Dead,$4.99 ,55.73%,2017-08-01,"1,397",67,mixed,Crafting Dead,,,0,,storesearch+appdetails,
Curses 'N Chaos,$9.99 ,56.18%,2015-08-01,"1,044",67,mixed,Curses 'N Chaos,,,0,,storesearch+appdetails,
SurvivalZ Battlegrounds,$1.99 ,60.50%,2019-04-01,628,67,mixed,SurvivalZ Battlegrounds,,,0,,storesearch+appdetails,
SKIBIDI: ESCAPE FROM TOILETS!,$1.49 ,65.87%,2023-11-01,544,67,mixed,SKIBIDI: ESCAPE FROM TOILETS!,,,0,,storesearch+appdetails,
VR Dungeon Knight,$19.99 ,71.72%,2017-04-01,"6,417",67,mixed,VR Dungeon Knight,,,0,,storesearch+appdetails,
Mighty Dungeons,$4.99 ,58.90%,2015-03-01,653,66,single only,Mighty Dungeons,,,0,,storesearch+appdetails,
鬼山 / A Ghost Around Me,$3.99 ,59.90%,2019-04-01,842,66,single only,鬼山 / A Ghost Around Me,,,0,,storesearch+appdetails,
Pineview Drive,$8.40 ,61.25%,2014-07-01,"1,655",66,single only,Pineview Drive,,,0,,storesearch+appdetails,
StarShip Constructor,$4.99 ,63.46%,2017-07-01,"2,636",66,single only,StarShip Constructor,,,0,,storesearch+appdetails,
Knee Deep,$19.99 ,72.09%,2015-07-01,"3,737",66,single only,Knee Deep,,,0,,storesearch+appdetails,
After the Collapse,$14.99 ,72.78%,2022-09-01,"4,129",66,single only,After the Collapse,,,0,,storesearch+appdetails,
The Wardrobe - Even Better Edition,$14.99 ,76.26%,2017-02-01,"3,004",66,single only,The Wardrobe - Even Better Edition,,,0,,storesearch+appdetails,
Fist's Elimination Tower,$4.99 ,79.04%,2017-08-01,127,66,single only,Fist's Elimination Tower,,,0,,storesearch+appdetails,
Environmental Station Alpha,$7.99 ,79.54%,2015-04-01,"5,315",66,single only,Environmental Station Alpha,,,0,,storesearch+appdetails,
DUNGEONS OF CHAOS,$8.99 ,79.67%,2017-09-01,"1,193",66,single only,DUNGEONS OF CHAOS,,,0,,storesearch+appdetails,
Fire: Ungh’s Quest,$9.99 ,80.34%,2015-04-01,"2,474",66,single only,Fire: Ungh’s Quest,,,0,,storesearch+appdetails,
LOST ORBIT,$11.99 ,81.14%,2015-05-01,740,66,single only,LOST ORBIT,,,0,,storesearch+appdetails,
Evan's Remains,$6.99 ,83.84%,2020-06-01,"3,331",66,single only,Evan's Remains,,,0,,storesearch+appdetails,
Ellipsis,$4.99 ,85.84%,2017-01-01,294,66,single only,Ellipsis,,,0,,storesearch+appdetails,
枕边少女 MOE Hypnotist - share dreams with you,$6.99 ,86.17%,2019-01-01,"4,427",66,single only,枕边少女 MOE Hypnotist - share dreams with you,,,0,,storesearch+appdetails,
Speed Dating for Ghosts,$6.99 ,88.85%,2018-02-01,"1,395",66,single only,Speed Dating for Ghosts,,,0,,storesearch+appdetails,
HorrorVale,$15.99 ,90.89%,2024-10-01,"1,158",66,single only,HorrorVale,,,0,,storesearch+appdetails,
Amairo Chocolate,$24.99 ,91.91%,2020-03-01,"6,928",66,single only,Amairo Chocolate,,,0,,storesearch+appdetails,
Foreign Legion: Multi Massacre,$4.99 ,58.75%,2012-07-01,594,66,mixed,Foreign Legion: Multi Massacre,,,0,,storesearch+appdetails,
Awkward,$11.99 ,66.00%,2018-06-01,355,66,mixed,Awkward,,,0,,storesearch+appdetails,
Jet Set Knights,$9.99 ,74.03%,2016-01-01,"2,332",66,mixed,Jet Set Knights,,,0,,storesearch+appdetails,
Ms. Splosion Man,$9.99 ,74.16%,2013-04-01,981,66,mixed,Ms. Splosion Man,,,0,,storesearch+appdetails,
Post Human W.A.R,$14.99 ,76.91%,2017-12-01,"3,225",66,mixed,Post Human W.A.R,,,0,,storesearch+appdetails,
Unbox: Newbie's Adventure,$1.99 ,77.98%,2016-09-01,"3,218",66,mixed,Unbox: Newbie's Adventure,,,0,,storesearch+appdetails,
No Heroes Here,$14.99 ,84.06%,2017-10-01,"2,196",66,mixed,No Heroes Here,,,0,,storesearch+appdetails,
Shipped,$2.99 ,89.90%,2019-03-01,"2,858",66,mixed,Shipped,,,0,,storesearch+appdetails,
Scribbled Arena,$8.99 ,45.83%,2017-05-01,144,65,multi only,Scribbled Arena,,,0,,storesearch+appdetails,
Orion Trail,$7.99 ,65.93%,2015-10-01,"1,185",65,single only,Orion Trail,,,0,,storesearch+appdetails,
Your Island -KIMI NO SIMA-,$12.99 ,73.19%,2019-10-01,"1,674",65,single only,Your Island -KIMI NO SIMA-,,,0,,storesearch+appdetails,
Alwa's Awakening,$9.99 ,75.96%,2017-02-01,"3,140",65,single only,Alwa's Awakening,,,0,,storesearch+appdetails,
Treasure Adventure World,$9.99 ,76.14%,2018-02-01,"2,676",65,single only,Treasure Adventure World,,,0,,storesearch+appdetails,
Gal*Gun VR,$29.99 ,77.92%,2017-08-01,"7,893",65,single only,Gal*Gun VR,,,0,,storesearch+appdetails,
High Hell,$9.99 ,82.59%,2017-10-01,"5,137",65,single only,High Hell,,,0,,storesearch+appdetails,
Under One Wing,$29.99 ,82.84%,2019-02-01,"3,086",65,single only,Under One Wing,,,0,,storesearch+appdetails,
Cardinal Cross,$11.99 ,84.84%,2018-07-01,"1,538",65,single only,Cardinal Cross,,,0,,storesearch+appdetails,
A Study in Steampunk: Choice by Gaslight,$6.99 ,85.92%,2015-11-01,818,65,single only,A Study in Steampunk: Choice by Gaslight,,,0,,storesearch+appdetails,
Spring Falls,$6.99 ,90.97%,2019-11-01,"2,054",65,single only,Spring Falls,,,0,,storesearch+appdetails,
Tryst,$14.99 ,32.43%,2012-09-01,191,65,mixed,Tryst,,,0,,storesearch+appdetails,
Hybrids Arena,$6.99 ,53.95%,2016-05-01,"3,675",65,mixed,Hybrids Arena,,,0,,storesearch+appdetails,
Monsters and Monocles,$14.99 ,68.35%,2016-08-01,"2,229",65,mixed,Monsters and Monocles,,,0,,storesearch+appdetails,
Aces Wild: Manic Brawling Action!,$9.99 ,71.03%,2013-08-01,"1,118",65,mixed,Aces Wild: Manic Brawling Action!,,,0,,storesearch+appdetails,
Ruin of the Reckless,$9.99 ,72.61%,2017-04-01,"1,993",65,mixed,Ruin of the Reckless,,,0,,storesearch+appdetails,
Pixel Descent,$5.99 ,76.49%,2024-03-01,543,65,mixed,Pixel Descent,,,0,,storesearch+appdetails,
Handy Harry's Haunted House Services,$4.99 ,84.44%,2020-07-01,"1,077",65,mixed,Handy Harry's Haunted House Services,,,0,,storesearch+appdetails,
Desecrators,$14.99 ,89.12%,2025-02-01,"2,174",65,mixed,Desecrators,,,0,,storesearch+appdetails,
Tower Tag,$9.99 ,82.99%,2020-05-01,"1,172",64,multi only,Tower Tag,,,0,,storesearch+appdetails,
Rememoried,$9.99 ,56.84%,2015-08-01,"2,484",64,single only,Rememoried,,,0,,storesearch+appdetails,
Expedition Zero,$19.99 ,58.35%,2022-03-01,"5,283",64,single only,Expedition Zero,,,0,,storesearch+appdetails,
The Wisbey Mystery,$7.99 ,60.84%,2017-01-01,332,64,single only,The Wisbey Mystery,,,0,,storesearch+appdetails,
Wayward Souls,$14.99 ,70.76%,2019-08-01,"3,938",64,single only,Wayward Souls,,,0,,storesearch+appdetails,
BOXVR,$29.99 ,76.24%,2019-05-01,"4,967",64,single only,BOXVR,,,0,,storesearch+appdetails,
Lu Bu Maker,$7.99 ,77.32%,2018-07-01,"1,505",64,single only,Lu Bu Maker,,,0,,storesearch+appdetails,
Boxman's Struggle,$4.99 ,78.38%,2020-02-01,405,64,single only,Boxman's Struggle,,,0,,storesearch+appdetails,
Moekuri: Adorable + Tactical SRPG,$11.99 ,79.73%,2016-12-01,"7,476",64,single only,Moekuri: Adorable + Tactical SRPG,,,0,,storesearch+appdetails,
恒水中学连环虐杀 / The untold story of hengshui school,$3.99 ,80.61%,2018-05-01,"1,810",64,single only,恒水中学连环虐杀 / The untold story of hengshui school,,,0,,storesearch+appdetails,
Shadow Blade: Reload,$9.99 ,80.91%,2015-08-01,"2,096",64,single only,Shadow Blade: Reload,,,0,,storesearch+appdetails,
前程似锦 Excellent Expectations,$2.99 ,81.52%,2017-12-01,"3,183",64,single only,前程似锦 Excellent Expectations,,,0,,storesearch+appdetails,
Synergia,$11.99 ,82.00%,2020-07-01,"5,321",64,single only,Synergia,,,0,,storesearch+appdetails,
Verlet Swing,$14.99 ,82.47%,2018-09-01,"1,341",64,single only,Verlet Swing,,,0,,storesearch+appdetails,
Touhou Blooming Chaos,$5.99 ,82.98%,2019-10-01,"3,031",64,single only,Touhou Blooming Chaos,,,0,,storesearch+appdetails,
1bitHeart,$2.99 ,85.71%,2017-08-01,"4,559",64,single only,1bitHeart,,,0,,storesearch+appdetails,
8-Bit Adventures 2,$19.99 ,87.11%,2023-01-01,"3,582",64,single only,8-Bit Adventures 2,,,0,,storesearch+appdetails,
Spark the Electric Jester,$7.99 ,87.67%,2017-04-01,"3,110",64,single only,Spark the Electric Jester,,,0,,storesearch+appdetails,
The Last Door: Season 2 - Collector's Edition,$9.99 ,88.76%,2016-03-01,"2,605",64,single only,The Last Door: Season 2 - Collector's Edition,,,0,,storesearch+appdetails,
Love at First Sight,$9.99 ,91.03%,2015-05-01,"6,436",64,single only,Love at First Sight,,,0,,storesearch+appdetails,
Chaos Domain,$2.99 ,33.39%,2014-05-01,434,64,mixed,Chaos Domain,,,0,,storesearch+appdetails,
MIGHT'N MOW'EM: CO-OP SURVIVORS ONLINE,$2.99 ,59.69%,2022-10-01,569,64,mixed,MIGHT'N MOW'EM: CO-OP SURVIVORS ONLINE,,,0,,storesearch+appdetails,
Zombasite,$19.99 ,69.54%,2016-08-01,"2,263",64,mixed,Zombasite,,,0,,storesearch+appdetails,
Shattered Throne,$4.99 ,69.76%,2016-11-01,357,64,mixed,Shattered Throne,,,0,,storesearch+appdetails,
The Drift Challenge,$1.99 ,74.49%,2023-06-01,735,64,mixed,The Drift Challenge,,,0,,storesearch+appdetails,
Ragdoll Runners,$4.99 ,83.48%,2016-07-01,"1,353",64,mixed,Ragdoll Runners,,,0,,storesearch+appdetails,
Krai Mira: post-apocalyptic Crimea,$9.99 ,58.43%,2016-07-01,"3,118",63,single only,Krai Mira: post-apocalyptic Crimea,,,0,,storesearch+appdetails,
Ancient Frontier,$24.99 ,61.84%,2017-09-01,"2,700",63,single only,Ancient Frontier,,,0,,storesearch+appdetails,
Pneuma: Breath of Life,$19.99 ,66.68%,2015-02-01,"1,573",63,single only,Pneuma: Breath of Life,,,0,,storesearch+appdetails,
Sakura Space,$2.99 ,71.44%,2016-10-01,"5,061",63,single only,Sakura Space,,,0,,storesearch+appdetails,
BARRICADEZ,$18.99 ,73.06%,2021-09-01,"1,671",63,single only,BARRICADEZ,,,0,,storesearch+appdetails,
Eldritch Hunter,$4.99 ,73.87%,2017-01-01,703,63,single only,Eldritch Hunter,,,0,,storesearch+appdetails,
My Waifu Is A Tank Girl! 💕,$2.99 ,75.28%,2025-04-01,592,63,single only,My Waifu Is A Tank Girl! 💕,,,0,,storesearch+appdetails,
Community College Hero: Knowledge is Power,$5.99 ,75.46%,2018-05-01,186,63,single only,Community College Hero: Knowledge is Power,,,0,,storesearch+appdetails,
Rise of Insanity,$9.99 ,75.76%,2018-03-01,"5,074",63,single only,Rise of Insanity,,,0,,storesearch+appdetails,
Emily Wants To Play,$4.99 ,75.81%,2015-12-01,"8,594",63,single only,Emily Wants To Play,,,0,,storesearch+appdetails,
Sleep Tight,$4.99 ,77.55%,2018-07-01,811,63,single only,Sleep Tight,,,0,,storesearch+appdetails,
One Day in London,$9.99 ,78.32%,2016-08-01,816,63,single only,One Day in London,,,0,,storesearch+appdetails,
Zombie Shooter,$4.99 ,79.15%,2007-12-01,"1,528",63,single only,Zombie Shooter,,,0,,storesearch+appdetails,
Semblance,$9.99 ,79.45%,2018-07-01,"2,754",63,single only,Semblance,,,0,,storesearch+appdetails,
Irony Curtain: From Matryoshka with Love,$19.99 ,81.07%,2019-05-01,"2,458",63,single only,Irony Curtain: From Matryoshka with Love,,,0,,storesearch+appdetails,
Cosmic DJ,$2.99 ,83.27%,2014-10-01,801,63,single only,Cosmic DJ,,,0,,storesearch+appdetails,
Black Closet,$19.99 ,84.37%,2015-09-01,"3,459",63,single only,Black Closet,,,0,,storesearch+appdetails,
Short Stories Collection of Class Tangerine,$7.63 ,89.79%,2017-09-01,"3,688",63,single only,Short Stories Collection of Class Tangerine,,,0,,storesearch+appdetails,
Labyrinth Simulator,$4.99 ,53.09%,2015-09-01,175,63,mixed,Labyrinth Simulator,,,0,,storesearch+appdetails,
Torque Drift 2,$19.99 ,63.84%,2024-11-01,"2,500",63,mixed,Torque Drift 2,,,0,,storesearch+appdetails,
Melody Mania,$18.99 ,71.76%,2023-07-01,352,63,mixed,Melody Mania,,,0,,storesearch+appdetails,
Serious Sam Double D XXL,$9.99 ,78.40%,2011-08-01,"1,176",63,mixed,Serious Sam Double D XXL,,,0,,storesearch+appdetails,
VIDEOBALL,$9.99 ,80.49%,2016-07-01,"1,547",63,mixed,VIDEOBALL,,,0,,storesearch+appdetails,
Full Ace Tennis Simulator,$24.99 ,84.33%,2018-02-01,"1,904",63,mixed,Full Ace Tennis Simulator,,,0,,storesearch+appdetails,
Pawperty Damage,$8.99 ,86.60%,2023-05-01,"2,344",63,mixed,Pawperty Damage,,,0,,storesearch+appdetails,
Vertigo Remastered,$19.99 ,87.50%,2020-07-01,"2,739",63,mixed,Vertigo Remastered,,,0,,storesearch+appdetails,
Gentlemen!,$4.99 ,43.13%,2013-11-01,168,62,multi only,Gentlemen!,,,0,,storesearch+appdetails,
Flower Shop: Winter In Fairbrook,$9.99 ,60.07%,2011-11-01,769,62,single only,Flower Shop: Winter In Fairbrook,,,0,,storesearch+appdetails,
SwarmZ,$4.99 ,63.35%,2019-11-01,995,62,single only,SwarmZ,,,0,,storesearch+appdetails,
Five Elements,$4.99 ,64.06%,2017-03-01,249,62,single only,Five Elements,,,0,,storesearch+appdetails,
Highschool Romance,$14.99 ,74.82%,2015-11-01,"5,514",62,single only,Highschool Romance,,,0,,storesearch+appdetails,
Ninja Pizza Girl,$6.99 ,75.16%,2015-09-01,"1,355",62,single only,Ninja Pizza Girl,,,0,,storesearch+appdetails,
Gray Dawn,$19.99 ,79.86%,2018-06-01,"5,197",62,single only,Gray Dawn,,,0,,storesearch+appdetails,
Sandwich Sudoku,$4.99 ,86.86%,2019-08-01,199,62,single only,Sandwich Sudoku,,,0,,storesearch+appdetails,
Dream Ending,$3.99 ,92.68%,2019-07-01,"4,076",62,single only,Dream Ending,,,0,,storesearch+appdetails,
Yatagarasu Enter the Eastward,$14.99 ,53.13%,2024-02-01,755,62,mixed,Yatagarasu Enter the Eastward,,,0,,storesearch+appdetails,
Pier Solar and the Great Architects,$14.99 ,55.66%,2014-09-01,"2,877",62,mixed,Pier Solar and the Great Architects,,,0,,storesearch+appdetails,
Override 2: Super Mech League,$29.99 ,58.20%,2020-12-01,"2,555",62,mixed,Override 2: Super Mech League,,,0,,storesearch+appdetails,
"Slice, Dice & Rice",$9.99 ,62.61%,2017-04-01,"3,547",62,mixed,"Slice, Dice & Rice",,,0,,storesearch+appdetails,
Chased by Darkness,$3.99 ,68.04%,2021-06-01,"1,535",62,mixed,Chased by Darkness,,,0,,storesearch+appdetails,
Ski Jumping World Cup,$3.99 ,68.98%,2025-11-01,"1,052",62,mixed,Ski Jumping World Cup,,,0,,storesearch+appdetails,
Vagabond,$14.99 ,71.99%,2023-05-01,"4,076",62,mixed,Vagabond,,,0,,storesearch+appdetails,
Airmen,$14.99 ,72.72%,2017-07-01,"3,743",62,mixed,Airmen,,,0,,storesearch+appdetails,
Card City Nights 2,$9.99 ,76.79%,2017-09-01,839,62,mixed,Card City Nights 2,,,0,,storesearch+appdetails,
Tokyo Warfare Turbo,$14.99 ,77.99%,2019-10-01,"2,189",62,mixed,Tokyo Warfare Turbo,,,0,,storesearch+appdetails,
Cublast HD,$9.99 ,79.65%,2017-04-01,196,62,mixed,Cublast HD,,,0,,storesearch+appdetails,
Antonball Deluxe,$4.99 ,89.82%,2021-03-01,"1,140",62,mixed,Antonball Deluxe,,,0,,storesearch+appdetails,
Parkour Tag,$7.99 ,79.48%,2022-01-01,909,61,multi only,Parkour Tag,,,0,,storesearch+appdetails,
Legends of Ellaria,$9.99 ,55.91%,2021-04-01,"29,871",61,single only,Legends of Ellaria,,,0,,storesearch+appdetails,
Surgeon Simulator: Experience Reality,$19.99 ,56.11%,2016-12-01,"3,421",61,single only,Surgeon Simulator: Experience Reality,,,0,,storesearch+appdetails,
Fighting Fantasy Legends,$6.99 ,60.39%,2017-07-01,"1,549",61,single only,Fighting Fantasy Legends,,,0,,storesearch+appdetails,
Aveyond 3-2: Gates of Night,$1.99 ,61.92%,2014-04-01,582,61,single only,Aveyond 3-2: Gates of Night,,,0,,storesearch+appdetails,
The Keep,$14.38 ,66.04%,2017-03-01,"1,758",61,single only,The Keep,,,0,,storesearch+appdetails,
Samurai of Hyuga Book 4,$6.99 ,72.90%,2019-08-01,247,61,single only,Samurai of Hyuga Book 4,,,0,,storesearch+appdetails,
Framed Wings,$3.99 ,73.75%,2016-08-01,286,61,single only,Framed Wings,,,0,,storesearch+appdetails,
Super Life of Pixel,$9.99 ,73.84%,2018-12-01,"1,706",61,single only,Super Life of Pixel,,,0,,storesearch+appdetails,
Cursed Sight,$4.99 ,75.99%,2015-08-01,"1,527",61,single only,Cursed Sight,,,0,,storesearch+appdetails,
Karaski: What Goes Up...,$11.99 ,76.03%,2016-03-01,671,61,single only,Karaski: What Goes Up...,,,0,,storesearch+appdetails,
How to Take Off Your Mask,$11.99 ,76.64%,2015-06-01,"1,964",61,single only,How to Take Off Your Mask,,,0,,storesearch+appdetails,
Freaking Meatbags,$9.99 ,78.41%,2015-02-01,"1,846",61,single only,Freaking Meatbags,,,0,,storesearch+appdetails,
Mage's Initiation: Reign of the Elements,$14.99 ,80.14%,2019-01-01,"1,142",61,single only,Mage's Initiation: Reign of the Elements,,,0,,storesearch+appdetails,
Mulaka,$3.99 ,82.19%,2018-02-01,"3,690",61,single only,Mulaka,,,0,,storesearch+appdetails,
Sable's Grimoire: A Dragon's Treasure,$5.99 ,86.02%,2020-07-01,799,61,single only,Sable's Grimoire: A Dragon's Treasure,,,0,,storesearch+appdetails,
Panty Party,$9.99 ,86.43%,2017-01-01,"16,319",61,single only,Panty Party,,,0,,storesearch+appdetails,
Antigraviator,$19.99 ,61.72%,2018-06-01,"2,967",61,mixed,Antigraviator,,,0,,storesearch+appdetails,
Mugsters,$19.99 ,64.75%,2018-07-01,"1,934",61,mixed,Mugsters,,,0,,storesearch+appdetails,
HeartZ: Co-Hope Puzzles,$9.99 ,73.27%,2016-06-01,398,61,mixed,HeartZ: Co-Hope Puzzles,,,0,,storesearch+appdetails,
Streets of Red : Devil's Dare Deluxe,$11.99 ,74.50%,2019-02-01,"2,628",61,mixed,Streets of Red : Devil's Dare Deluxe,,,0,,storesearch+appdetails,
Precipice,$7.99 ,74.58%,2019-05-01,"3,351",61,mixed,Precipice,,,0,,storesearch+appdetails,
9th Dawn II,$5.99 ,74.71%,2016-10-01,"2,537",61,mixed,9th Dawn II,,,0,,storesearch+appdetails,
Carmageddon Max Pack,$2.49 ,83.88%,1997-06-01,"2,368",61,mixed,Carmageddon Max Pack,,,0,,storesearch+appdetails,
Cue Club 2: Pool & Snooker,$18.99 ,84.75%,2016-03-01,"1,906",61,mixed,Cue Club 2: Pool & Snooker,,,0,,storesearch+appdetails,
Critter Crunch,$6.99 ,87.03%,2012-09-01,586,61,mixed,Critter Crunch,,,0,,storesearch+appdetails,
Drizzlepath: Genie,$3.99 ,57.05%,2016-02-01,"1,897",60,single only,Drizzlepath: Genie,,,0,,storesearch+appdetails,
Doctor Who: The Edge Of Time,$24.99 ,61.93%,2019-11-01,"3,279",60,single only,Doctor Who: The Edge Of Time,,,0,,storesearch+appdetails,
Crest - an indirect god sim,$9.99 ,62.97%,2018-03-01,"7,522",60,single only,Crest - an indirect god sim,,,0,,storesearch+appdetails,
The Watson-Scott Test,$4.99 ,64.45%,2018-10-01,"1,403",60,single only,The Watson-Scott Test,,,0,,storesearch+appdetails,
Wish -tale of the sixteenth night of lunar month-,$7.99 ,65.03%,2016-08-01,318,60,single only,Wish -tale of the sixteenth night of lunar month-,,,0,,storesearch+appdetails,
Cherry Tree High Girls' Fight,$12.99 ,66.09%,2016-06-01,"1,260",60,single only,Cherry Tree High Girls' Fight,,,0,,storesearch+appdetails,
EARTH'S DAWN,$3.99 ,67.50%,2016-12-01,"2,993",60,single only,EARTH'S DAWN,,,0,,storesearch+appdetails,
0RBITALIS,$9.99 ,67.88%,2015-05-01,651,60,single only,0RBITALIS,,,0,,storesearch+appdetails,
Flame Over,$11.99 ,68.52%,2015-05-01,"1,735",60,single only,Flame Over,,,0,,storesearch+appdetails,
Lake Ridden,$12.99 ,68.75%,2018-05-01,"1,892",60,single only,Lake Ridden,,,0,,storesearch+appdetails,
Ratings War,$4.99 ,69.78%,2015-10-01,357,60,single only,Ratings War,,,0,,storesearch+appdetails,
Fractal: Make Blooms Not War,$6.99 ,69.88%,2011-11-01,374,60,single only,Fractal: Make Blooms Not War,,,0,,storesearch+appdetails,
Sakura Shrine Girls,$2.99 ,70.71%,2016-08-01,"4,415",60,single only,Sakura Shrine Girls,,,0,,storesearch+appdetails,
Lexica,$4.99 ,70.73%,2014-07-01,282,60,single only,Lexica,,,0,,storesearch+appdetails,
"Deus Ex Machina, Game of the Year, 30th Anniversary Collector’s Edition",$4.99 ,72.38%,2016-09-01,249,60,single only,"Deus Ex Machina, Game of the Year, 30th Anniversary Collector’s Edition",,,0,,storesearch+appdetails,
Mu Complex,$8.99 ,73.66%,2015-10-01,"2,417",60,single only,Mu Complex,,,0,,storesearch+appdetails,
Club Life,$14.99 ,73.98%,2016-04-01,"1,853",60,single only,Club Life,,,0,,storesearch+appdetails,
Weather Lord: Following the Princess Collector's Edition,$9.99 ,75.23%,2015-11-01,183,60,single only,Weather Lord: Following the Princess Collector's Edition,,,0,,storesearch+appdetails,
Bus Driver,$4.99 ,79.74%,2007-03-01,"2,631",60,single only,Bus Driver,,,0,,storesearch+appdetails,
Runefall,$9.99 ,80.04%,2018-06-01,235,60,single only,Runefall,,,0,,storesearch+appdetails,
The Greater Good,$4.99 ,80.72%,2018-10-01,517,60,single only,The Greater Good,,,0,,storesearch+appdetails,
Shadows of Adam,$14.99 ,82.55%,2017-02-01,"2,207",60,single only,Shadows of Adam,,,0,,storesearch+appdetails,
Shantae: Half-Genie Hero Ultimate Edition,$29.99 ,83.98%,2018-05-01,"6,621",60,single only,Shantae: Half-Genie Hero Ultimate Edition,,,0,,storesearch+appdetails,
Songbird Symphony,$16.99 ,84.31%,2019-07-01,"2,643",60,single only,Songbird Symphony,,,0,,storesearch+appdetails,
Leaflet Love Story,$2.99 ,85.36%,2018-08-01,"2,795",60,single only,Leaflet Love Story,,,0,,storesearch+appdetails,
Colorzzle,$1.99 ,85.76%,2018-08-01,222,60,single only,Colorzzle,,,0,,storesearch+appdetails,
ニンジャスレイヤー : AREA 4643,$10.99 ,87.27%,2018-12-01,"1,016",60,single only,ニンジャスレイヤー : AREA 4643,,,0,,storesearch+appdetails,
Zueirama,$7.99 ,89.49%,2019-08-01,"2,304",60,single only,Zueirama,,,0,,storesearch+appdetails,
NEW LIFE,$11.99 ,20.93%,2019-08-01,"8,838",60,mixed,NEW LIFE,,,0,,storesearch+appdetails,
The Legacy,$14.99 ,54.60%,2025-10-01,"2,828",60,mixed,The Legacy,,,0,,storesearch+appdetails,
WinKings,$4.99 ,60.95%,2016-10-01,227,60,mixed,WinKings,,,0,,storesearch+appdetails,
Axis Football 2020,$9.99 ,63.76%,2020-10-01,626,60,mixed,Axis Football 2020,,,0,,storesearch+appdetails,
Viticulture Essential Edition,$14.99 ,65.67%,2020-07-01,947,60,mixed,Viticulture Essential Edition,,,0,,storesearch+appdetails,
Raiders of the North Sea,$14.99 ,80.44%,2019-07-01,"1,661",60,mixed,Raiders of the North Sea,,,0,,storesearch+appdetails,
Chicken Invaders 5,$5.99 ,90.74%,2015-03-01,"1,616",60,mixed,Chicken Invaders 5,,,0,,storesearch+appdetails,
Aim Trainer Pro,$7.99 ,59.01%,2018-01-01,"2,022",59,single only,Aim Trainer Pro,,,0,,storesearch+appdetails,
Sky To Fly: Faster Than Wind,$3.99 ,61.65%,2016-03-01,663,59,single only,Sky To Fly: Faster Than Wind,,,0,,storesearch+appdetails,
Adam's Venture: Origins,$9.99 ,62.94%,2016-04-01,"2,549",59,single only,Adam's Venture: Origins,,,0,,storesearch+appdetails,
Lost Bros,$2.99 ,68.00%,2016-02-01,210,59,single only,Lost Bros,,,0,,storesearch+appdetails,
Death by Game Show,$2.99 ,69.94%,2016-01-01,"1,058",59,single only,Death by Game Show,,,0,,storesearch+appdetails,
Dungeon Of Dragon Knight,$11.99 ,72.38%,2019-07-01,"3,981",59,single only,Dungeon Of Dragon Knight,,,0,,storesearch+appdetails,
Verdant Skies,$19.99 ,75.29%,2018-02-01,"3,915",59,single only,Verdant Skies,,,0,,storesearch+appdetails,
Super Galaxy Squadron EX Turbo,$9.99 ,78.90%,2017-03-01,"1,851",59,single only,Super Galaxy Squadron EX Turbo,,,0,,storesearch+appdetails,
Cardpocalypse,$24.99 ,80.90%,2020-10-01,"1,186",59,single only,Cardpocalypse,,,0,,storesearch+appdetails,
Broken Reality,$14.99 ,88.55%,2018-11-01,"4,429",59,single only,Broken Reality,,,0,,storesearch+appdetails,
Wasted World,$19.99 ,61.26%,2020-05-01,"1,733",59,mixed,Wasted World,,,0,,storesearch+appdetails,
Sneak Thief,$14.99 ,70.86%,2016-08-01,"6,976",59,mixed,Sneak Thief,,,0,,storesearch+appdetails,
Chariot,$14.99 ,76.14%,2014-11-01,"2,629",59,mixed,Chariot,,,0,,storesearch+appdetails,
Tabletop Gods,$19.99 ,79.48%,2019-05-01,"1,137",59,mixed,Tabletop Gods,,,0,,storesearch+appdetails,
Drink More Glurp,$9.99 ,80.99%,2020-08-01,"1,143",59,mixed,Drink More Glurp,,,0,,storesearch+appdetails,
Witchtastic,$17.99 ,85.23%,2021-10-01,"2,276",59,mixed,Witchtastic,,,0,,storesearch+appdetails,
Rush Rally 3,$7.49 ,88.39%,2022-11-01,"2,640",59,mixed,Rush Rally 3,,,0,,storesearch+appdetails,
Link,$4.99 ,55.75%,2016-04-01,648,58,single only,Link,,,0,,storesearch+appdetails,
ShadowSide,$9.99 ,61.17%,2018-08-01,"1,725",58,single only,ShadowSide,,,0,,storesearch+appdetails,
Space Rogue,$9.99 ,62.03%,2016-09-01,"9,345",58,single only,Space Rogue,,,0,,storesearch+appdetails,
A Tale of Caos: Overture,$9.99 ,64.83%,2016-12-01,927,58,single only,A Tale of Caos: Overture,,,0,,storesearch+appdetails,
Jump To Die!!,$3.99 ,67.57%,2017-02-01,448,58,single only,Jump To Die!!,,,0,,storesearch+appdetails,
Army of Pixels,$4.99 ,69.79%,2015-10-01,284,58,single only,Army of Pixels,,,0,,storesearch+appdetails,
Last Labyrinth,$29.99 ,71.31%,2019-11-01,"3,933",58,single only,Last Labyrinth,,,0,,storesearch+appdetails,
Squareface,$4.99 ,71.79%,2016-09-01,"1,023",58,single only,Squareface,,,0,,storesearch+appdetails,
[Chilla's Art] Inunaki Tunnel | 犬鳴トンネル,$2.99 ,73.44%,2019-11-01,"2,350",58,single only,[Chilla's Art] Inunaki Tunnel | 犬鳴トンネル,,,0,,storesearch+appdetails,
Hypersensitive Bob,$4.99 ,74.37%,2016-03-01,408,58,single only,Hypersensitive Bob,,,0,,storesearch+appdetails,
Candle,$4.99 ,75.18%,2016-11-01,"3,940",58,single only,Candle,,,0,,storesearch+appdetails,
sphereFACE,$4.99 ,76.45%,2017-05-01,366,58,single only,sphereFACE,,,0,,storesearch+appdetails,
Last Word,$1.99 ,76.98%,2015-05-01,"2,587",58,single only,Last Word,,,0,,storesearch+appdetails,
Tengami,$6.99 ,77.85%,2015-01-01,"6,077",58,single only,Tengami,,,0,,storesearch+appdetails,
Bouncing Duck Simulator,$4.99 ,81.69%,2017-09-01,289,58,single only,Bouncing Duck Simulator,,,0,,storesearch+appdetails,
Gun Wings,$3.99 ,81.86%,2014-03-01,"2,607",58,single only,Gun Wings,,,0,,storesearch+appdetails,
Ephemerid: A Musical Adventure,$2.99 ,84.03%,2015-02-01,544,58,single only,Ephemerid: A Musical Adventure,,,0,,storesearch+appdetails,
WORLD END ECONOMiCA episode.02,$12.99 ,86.26%,2015-07-01,"3,122",58,single only,WORLD END ECONOMiCA episode.02,,,0,,storesearch+appdetails,
KOEWOTAYORINI SP / 声之寄托SP,$1.99 ,86.34%,2018-02-01,"1,767",58,single only,KOEWOTAYORINI SP / 声之寄托SP,,,0,,storesearch+appdetails,
Tiny Town VR,$14.99 ,87.23%,2017-08-01,"3,040",58,single only,Tiny Town VR,,,0,,storesearch+appdetails,
Road to Eden,$19.99 ,61.48%,2019-02-01,"3,012",58,mixed,Road to Eden,,,0,,storesearch+appdetails,
Ratty Catty,$14.99 ,63.95%,2017-07-01,"2,553",58,mixed,Ratty Catty,,,0,,storesearch+appdetails,
Home Improvisation: Furniture Sandbox,$9.99 ,64.84%,2016-07-01,"3,294",58,mixed,Home Improvisation: Furniture Sandbox,,,0,,storesearch+appdetails,
Touhou DollDraft,$14.99 ,66.14%,2021-08-01,830,58,mixed,Touhou DollDraft,,,0,,storesearch+appdetails,
Urban Cards,$14.99 ,72.08%,2021-02-01,999,58,mixed,Urban Cards,,,0,,storesearch+appdetails,
Invector: Rhythm Galaxy,$24.99 ,73.03%,2023-07-01,831,58,mixed,Invector: Rhythm Galaxy,,,0,,storesearch+appdetails,
Himno - The Silent Melody,$11.99 ,74.52%,2021-10-01,"9,004",58,mixed,Himno - The Silent Melody,,,0,,storesearch+appdetails,
TO THE TOP,$19.99 ,82.14%,2017-05-01,"4,240",58,mixed,TO THE TOP,,,0,,storesearch+appdetails,
Mystic Vale,$12.99 ,83.27%,2019-01-01,"2,177",58,mixed,Mystic Vale,,,0,,storesearch+appdetails,
Gensokyo Defenders,$19.99 ,83.34%,2019-04-01,"1,584",58,mixed,Gensokyo Defenders,,,0,,storesearch+appdetails,
Traditional Chinese Medicine Simulator,$14.99 ,87.59%,2021-07-01,"8,781",58,mixed,Traditional Chinese Medicine Simulator,,,0,,storesearch+appdetails,
Bastard,$8.99 ,56.83%,2018-05-01,979,57,single only,Bastard,,,0,,storesearch+appdetails,
Eidolon,$15.00 ,59.05%,2014-08-01,"3,716",57,single only,Eidolon,,,0,,storesearch+appdetails,
Deathtrap Dungeon Trilogy,$6.99 ,59.75%,2018-07-01,"1,252",57,single only,Deathtrap Dungeon Trilogy,,,0,,storesearch+appdetails,
Season Up,$1.99 ,60.90%,2018-04-01,36,57,single only,Season Up,,,0,,storesearch+appdetails,
Follia - Dear father,$19.99 ,61.24%,2020-04-01,"1,691",57,single only,Follia - Dear father,,,0,,storesearch+appdetails,
Blacksmith,$9.99 ,64.28%,2019-01-01,347,57,single only,Blacksmith,,,0,,storesearch+appdetails,
The Assembly,$29.99 ,66.09%,2016-07-01,"4,704",57,single only,The Assembly,,,0,,storesearch+appdetails,
Californium,$6.99 ,66.58%,2016-02-01,"1,833",57,single only,Californium,,,0,,storesearch+appdetails,
Paranormal Activity: The Lost Soul,$19.99 ,67.60%,2017-08-01,"7,106",57,single only,Paranormal Activity: The Lost Soul,,,0,,storesearch+appdetails,
Last Dream: World Unknown,$9.99 ,67.82%,2017-06-01,617,57,single only,Last Dream: World Unknown,,,0,,storesearch+appdetails,
A Mortician's Tale,$9.99 ,69.33%,2017-10-01,"2,803",57,single only,A Mortician's Tale,,,0,,storesearch+appdetails,
LogiGun,$4.99 ,72.10%,2012-08-01,181,57,single only,LogiGun,,,0,,storesearch+appdetails,
Defense Zone,$3.99 ,74.40%,2014-07-01,214,57,single only,Defense Zone,,,0,,storesearch+appdetails,
Western 1849 Reloaded,$5.99 ,74.52%,2017-02-01,692,57,single only,Western 1849 Reloaded,,,0,,storesearch+appdetails,
Lucky Rabbit Reflex!,$9.99 ,74.61%,2011-07-01,582,57,single only,Lucky Rabbit Reflex!,,,0,,storesearch+appdetails,
Monster X Monster,$2.99 ,74.87%,2019-05-01,939,57,single only,Monster X Monster,,,0,,storesearch+appdetails,
IIslands of War,$4.99 ,76.24%,2024-03-01,725,57,single only,IIslands of War,,,0,,storesearch+appdetails,
Lawgivers,$6.99 ,76.69%,2020-04-01,"2,525",57,single only,Lawgivers,,,0,,storesearch+appdetails,
LUNARK,$19.99 ,81.23%,2023-03-01,"3,511",57,single only,LUNARK,,,0,,storesearch+appdetails,
Knight Bewitched,$4.99 ,82.13%,2018-04-01,705,57,single only,Knight Bewitched,,,0,,storesearch+appdetails,
Incredible Mandy,$14.99 ,82.21%,2018-11-01,"2,204",57,single only,Incredible Mandy,,,0,,storesearch+appdetails,
Freedom Fall,$9.99 ,84.82%,2014-01-01,484,57,single only,Freedom Fall,,,0,,storesearch+appdetails,
Bonfire Peaks,$19.99 ,86.89%,2021-09-01,"1,856",57,single only,Bonfire Peaks,,,0,,storesearch+appdetails,
Stray Cat Crossing,$2.99 ,87.02%,2015-08-01,"2,130",57,single only,Stray Cat Crossing,,,0,,storesearch+appdetails,
Shovel Knight: Specter of Torment,$9.99 ,87.30%,2017-04-01,"4,250",57,single only,Shovel Knight: Specter of Torment,,,0,,storesearch+appdetails,
Coloring Game: Pixel,$4.99 ,88.47%,2019-10-01,312,57,single only,Coloring Game: Pixel,,,0,,storesearch+appdetails,
Rainy Season,$3.99 ,89.04%,2020-05-01,"2,993",57,single only,Rainy Season,,,0,,storesearch+appdetails,
SeaBed,$19.99 ,91.45%,2017-12-01,"5,118",57,single only,SeaBed,,,0,,storesearch+appdetails,
Super Toy Cars,$9.99 ,57.74%,2014-06-01,547,57,mixed,Super Toy Cars,,,0,,storesearch+appdetails,
Project Graviton,$1.99 ,57.76%,2016-02-01,112,57,mixed,Project Graviton,,,0,,storesearch+appdetails,
HordeCore,$5.99 ,62.47%,2022-03-01,"7,559",57,mixed,HordeCore,,,0,,storesearch+appdetails,
Nations At War Digital Core Game,$4.99 ,67.39%,2020-04-01,"1,288",57,mixed,Nations At War Digital Core Game,,,0,,storesearch+appdetails,
OmniBus,$4.99 ,77.50%,2016-05-01,"2,520",57,mixed,OmniBus,,,0,,storesearch+appdetails,
Carnaval Simulator,$10.99 ,78.34%,2025-02-01,377,57,mixed,Carnaval Simulator,,,0,,storesearch+appdetails,
Wattam,$19.99 ,79.50%,2020-12-01,"4,426",57,mixed,Wattam,,,0,,storesearch+appdetails,
My Village Life,$14.99 ,79.72%,2020-08-01,"1,138",57,mixed,My Village Life,,,0,,storesearch+appdetails,
Jamestown+,$17.99 ,80.65%,2019-12-01,"1,800",57,mixed,Jamestown+,,,0,,storesearch+appdetails,
World Seed Classic,$5.99 ,81.34%,2020-02-01,757,57,mixed,World Seed Classic,,,0,,storesearch+appdetails,
Bullet Heaven 2,$14.99 ,90.42%,2015-12-01,"2,107",57,mixed,Bullet Heaven 2,,,0,,storesearch+appdetails,
Grand Academy for Future Villains,$5.99 ,56.25%,2017-09-01,173,56,single only,Grand Academy for Future Villains,,,0,,storesearch+appdetails,
Epic Tavern,$24.99 ,56.84%,2017-09-01,"9,263",56,single only,Epic Tavern,,,0,,storesearch+appdetails,
PONCHO,$5.99 ,61.33%,2015-11-01,"3,064",56,single only,PONCHO,,,0,,storesearch+appdetails,
Catacombs of the Undercity,$4.99 ,68.78%,2016-01-01,353,56,single only,Catacombs of the Undercity,,,0,,storesearch+appdetails,
LogicBots,$19.99 ,73.25%,2017-02-01,"5,229",56,single only,LogicBots,,,0,,storesearch+appdetails,
Horace,$14.99 ,75.97%,2019-07-01,"2,420",56,single only,Horace,,,0,,storesearch+appdetails,
Evospace,$14.99 ,77.25%,2019-02-01,"7,599",56,single only,Evospace,,,0,,storesearch+appdetails,
Dairy Princess,$6.99 ,80.54%,2019-11-01,"1,159",56,single only,Dairy Princess,,,0,,storesearch+appdetails,
Alwa's Legacy,$17.99 ,81.89%,2020-06-01,"2,234",56,single only,Alwa's Legacy,,,0,,storesearch+appdetails,
War of the Human Tanks - ALTeR,$12.99 ,83.64%,2015-02-01,"1,581",56,single only,War of the Human Tanks - ALTeR,,,0,,storesearch+appdetails,
CINERIS SOMNIA,$14.99 ,83.74%,2018-10-01,"4,002",56,single only,CINERIS SOMNIA,,,0,,storesearch+appdetails,
Fatal Twelve,$19.99 ,87.12%,2018-03-01,"6,423",56,single only,Fatal Twelve,,,0,,storesearch+appdetails,
E-TECH SIMULATOR,$5.99 ,53.30%,2024-08-01,289,56,mixed,E-TECH SIMULATOR,,,0,,storesearch+appdetails,
Son of Nor,$19.99 ,58.22%,2015-04-01,"4,872",56,mixed,Son of Nor,,,0,,storesearch+appdetails,
Brut@l,$14.99 ,69.58%,2017-02-01,"1,865",56,mixed,Brut@l,,,0,,storesearch+appdetails,
Gurgamoth,$9.99 ,73.27%,2016-02-01,826,56,mixed,Gurgamoth,,,0,,storesearch+appdetails,
Behold Battle,$3.99 ,75.95%,2024-03-01,439,56,mixed,Behold Battle,,,0,,storesearch+appdetails,
Praetorians,$4.99 ,76.64%,2003-03-01,"1,881",56,mixed,Praetorians,,,0,,storesearch+appdetails,
One Ship Two Ship Redshift Blueshift,$8.99 ,76.82%,2015-09-01,382,56,mixed,One Ship Two Ship Redshift Blueshift,,,0,,storesearch+appdetails,
Battlecruisers,$9.99 ,78.95%,2021-02-01,"2,303",56,mixed,Battlecruisers,,,0,,storesearch+appdetails,
ZomDay,$9.99 ,79.98%,2020-03-01,"7,210",56,mixed,ZomDay,,,0,,storesearch+appdetails,
The Yellow King,$8.99 ,49.08%,2020-02-01,"2,972",55,multi only,The Yellow King,,,0,,storesearch+appdetails,
The Wild Age,$12.99 ,62.09%,2020-02-01,"3,191",55,single only,The Wild Age,,,0,,storesearch+appdetails,
Ciel Fledge: A Daughter Raising Simulator,$9.99 ,65.94%,2020-02-01,"1,403",55,single only,Ciel Fledge: A Daughter Raising Simulator,,,0,,storesearch+appdetails,
Vulture for NetHack,$4.99 ,66.53%,2005-02-01,"2,545",55,single only,Vulture for NetHack,,,0,,storesearch+appdetails,
心之檻,$7.99 ,70.63%,2018-11-01,535,55,single only,心之檻,,,0,,storesearch+appdetails,
FEIST,$9.99 ,70.67%,2015-07-01,"6,864",55,single only,FEIST,,,0,,storesearch+appdetails,
The Aquatic Adventure of the Last Human,$9.99 ,71.22%,2016-01-01,"3,883",55,single only,The Aquatic Adventure of the Last Human,,,0,,storesearch+appdetails,
Skyworld,$14.99 ,72.95%,2017-10-01,"5,594",55,single only,Skyworld,,,0,,storesearch+appdetails,
Nevermind,$19.99 ,73.50%,2015-09-01,"6,875",55,single only,Nevermind,,,0,,storesearch+appdetails,
Empty Horizons,$2.99 ,76.76%,2016-07-01,692,55,single only,Empty Horizons,,,0,,storesearch+appdetails,
NAIRI: Tower of Shirin,$4.99 ,79.71%,2018-11-01,"2,391",55,single only,NAIRI: Tower of Shirin,,,0,,storesearch+appdetails,
Ittle Dew 2+,$19.99 ,80.30%,2016-11-01,"2,889",55,single only,Ittle Dew 2+,,,0,,storesearch+appdetails,
Leo’s Fortune - HD Edition,$6.99 ,85.82%,2015-09-01,"3,107",55,single only,Leo’s Fortune - HD Edition,,,0,,storesearch+appdetails,
Grandpa's Table,$4.99 ,86.31%,2016-05-01,292,55,single only,Grandpa's Table,,,0,,storesearch+appdetails,
Frog Detective 2: The Case of the Invisible Wizard,$4.99 ,90.69%,2019-12-01,"2,060",55,single only,Frog Detective 2: The Case of the Invisible Wizard,,,0,,storesearch+appdetails,
Touhou Kanjuden ~ Legacy of Lunatic Kingdom.,$14.99 ,92.83%,2015-08-01,"3,790",55,single only,Touhou Kanjuden ~ Legacy of Lunatic Kingdom.,,,0,,storesearch+appdetails,
FullBlast,$4.99 ,65.74%,2016-01-01,364,55,mixed,FullBlast,,,0,,storesearch+appdetails,
Striving for Light: Survival,$4.99 ,72.02%,2023-12-01,841,55,mixed,Striving for Light: Survival,,,0,,storesearch+appdetails,
Nyaaaanvy,$9.99 ,84.70%,2024-02-01,658,55,mixed,Nyaaaanvy,,,0,,storesearch+appdetails,
The Girl from Arkanya,$13.99 ,84.94%,2025-08-01,"2,350",55,mixed,The Girl from Arkanya,,,0,,storesearch+appdetails,
The Cyclist: Tactics,$17.99 ,85.23%,2021-07-01,665,55,mixed,The Cyclist: Tactics,,,0,,storesearch+appdetails,
"Bang Average Football – Play, Manage, Create",$11.99 ,87.43%,2024-05-01,"1,044",55,mixed,"Bang Average Football – Play, Manage, Create",,,0,,storesearch+appdetails,
Sky Knights,$9.99 ,86.05%,2017-07-01,"2,035",54,multi only,Sky Knights,,,0,,storesearch+appdetails,
Vortex: The Gateway,$7.99 ,56.09%,2016-03-01,"12,172",54,single only,Vortex: The Gateway,,,0,,storesearch+appdetails,
1HEART,$9.99 ,57.63%,2014-10-01,799,54,single only,1HEART,,,0,,storesearch+appdetails,
Holy Potatoes! A Spy Story?!,$9.99 ,62.77%,2018-11-01,"1,630",54,single only,Holy Potatoes! A Spy Story?!,,,0,,storesearch+appdetails,
The Franz Kafka Videogame,$6.99 ,63.00%,2017-04-01,"3,835",54,single only,The Franz Kafka Videogame,,,0,,storesearch+appdetails,
The Orchard of Stray Sheep,$9.99 ,63.85%,2016-06-01,"1,027",54,single only,The Orchard of Stray Sheep,,,0,,storesearch+appdetails,
Infinity Saga,$1.30 ,64.36%,2016-02-01,258,54,single only,Infinity Saga,,,0,,storesearch+appdetails,
Roah,$24.99 ,68.94%,2019-11-01,"1,208",54,single only,Roah,,,0,,storesearch+appdetails,
Legend of Fainn Dynasty ～Battles of Beautiful Warlords～,$3.99 ,69.16%,2017-10-01,"3,053",54,single only,Legend of Fainn Dynasty ～Battles of Beautiful Warlords～,,,0,,storesearch+appdetails,
White Night,$14.99 ,69.52%,2015-03-01,"6,499",54,single only,White Night,,,0,,storesearch+appdetails,
Project Temporality,$14.99 ,70.84%,2014-05-01,683,54,single only,Project Temporality,,,0,,storesearch+appdetails,
Corpse Party: Blood Drive,$19.99 ,71.47%,2019-10-01,"3,158",54,single only,Corpse Party: Blood Drive,,,0,,storesearch+appdetails,
Hail to the King: Deathbat,$5.99 ,72.77%,2014-10-01,"1,301",54,single only,Hail to the King: Deathbat,,,0,,storesearch+appdetails,
Zombie Shooter 2,$9.99 ,74.66%,2009-09-01,"1,681",54,single only,Zombie Shooter 2,,,0,,storesearch+appdetails,
MiniLAW: Ministry of Law,$9.99 ,76.81%,2020-01-01,"2,765",54,single only,MiniLAW: Ministry of Law,,,0,,storesearch+appdetails,
Typoman,$9.99 ,81.61%,2016-08-01,"6,084",54,single only,Typoman,,,0,,storesearch+appdetails,
RefleX,$7.99 ,81.78%,2014-03-01,853,54,single only,RefleX,,,0,,storesearch+appdetails,
Camp Sunshine,$6.99 ,83.94%,2016-10-01,"1,310",54,single only,Camp Sunshine,,,0,,storesearch+appdetails,
Jimmy and the Pulsating Mass,$14.99 ,87.42%,2018-08-01,"2,152",54,single only,Jimmy and the Pulsating Mass,,,0,,storesearch+appdetails,
Jaws Of Extinction™,$19.99 ,54.12%,2019-05-01,"11,561",54,mixed,Jaws Of Extinction™,,,0,,storesearch+appdetails,
Tactical Troops: Anthracite Shift,$14.99 ,67.81%,2021-04-01,"1,131",54,mixed,Tactical Troops: Anthracite Shift,,,0,,storesearch+appdetails,
Project Demigod,$19.99 ,68.35%,2024-02-01,"1,444",54,mixed,Project Demigod,,,0,,storesearch+appdetails,
Dark Quest 2,$8.99 ,78.87%,2018-03-01,"5,313",54,mixed,Dark Quest 2,,,0,,storesearch+appdetails,
They Breathe,$1.99 ,80.00%,2014-05-01,"1,219",54,mixed,They Breathe,,,0,,storesearch+appdetails,
Vermillion - VR Painting,$19.99 ,89.84%,2021-07-01,"4,028",54,mixed,Vermillion - VR Painting,,,0,,storesearch+appdetails,
Blade Ballet,$14.99 ,74.58%,2016-08-01,691,53,multi only,Blade Ballet,,,0,,storesearch+appdetails,
Adventure Land - The Code MMORPG,$14.99 ,76.35%,2019-01-01,"2,181",53,multi only,Adventure Land - The Code MMORPG,,,0,,storesearch+appdetails,
Noir Chronicles: City of Crime,$14.99 ,58.76%,2018-01-01,678,53,single only,Noir Chronicles: City of Crime,,,0,,storesearch+appdetails,
Delicious - Moms vs Dads,$19.99 ,66.07%,2017-12-01,318,53,single only,Delicious - Moms vs Dads,,,0,,storesearch+appdetails,
Voidship: The Long Journey,$10.99 ,68.41%,2019-02-01,793,53,single only,Voidship: The Long Journey,,,0,,storesearch+appdetails,
侠隐行录：困境疑云Wuxia archive: Crisis escape,$8.99 ,71.83%,2018-09-01,"1,035",53,single only,侠隐行录：困境疑云Wuxia archive: Crisis escape,,,0,,storesearch+appdetails,
Heroes of Myth,$7.99 ,71.92%,2019-07-01,240,53,single only,Heroes of Myth,,,0,,storesearch+appdetails,
NeonXSZ,$9.99 ,72.20%,2016-02-01,"1,709",53,single only,NeonXSZ,,,0,,storesearch+appdetails,
Mainlining,$12.99 ,72.48%,2017-01-01,"4,031",53,single only,Mainlining,,,0,,storesearch+appdetails,
Harvest: Massive Encounter,$7.99 ,72.78%,2008-03-01,590,53,single only,Harvest: Massive Encounter,,,0,,storesearch+appdetails,
眼中的世界 - Conviction -,$14.99 ,74.18%,2021-02-01,"2,139",53,single only,眼中的世界 - Conviction -,,,0,,storesearch+appdetails,
Metropolis: Lux Obscura,$7.99 ,74.49%,2017-10-01,"3,855",53,single only,Metropolis: Lux Obscura,,,0,,storesearch+appdetails,
Lost Grimoires 2: Shard of Mystery,$14.99 ,74.64%,2017-03-01,601,53,single only,Lost Grimoires 2: Shard of Mystery,,,0,,storesearch+appdetails,
Radiation Island,$9.99 ,76.14%,2016-11-01,"4,187",53,single only,Radiation Island,,,0,,storesearch+appdetails,
Aliens Go Home Run,$3.99 ,77.07%,2017-01-01,276,53,single only,Aliens Go Home Run,,,0,,storesearch+appdetails,
Erannorth Reborn,$17.99 ,78.55%,2019-10-01,"2,372",53,single only,Erannorth Reborn,,,0,,storesearch+appdetails,
Prelogate,$3.99 ,80.48%,2014-12-01,727,53,single only,Prelogate,,,0,,storesearch+appdetails,
"After I met that catgirl, my questlist got too long!",$12.99 ,80.98%,2021-02-01,"2,665",53,single only,"After I met that catgirl, my questlist got too long!",,,0,,storesearch+appdetails,
Linelight,$9.99 ,90.83%,2017-01-01,"2,569",53,single only,Linelight,,,0,,storesearch+appdetails,
Another Try,$2.99 ,51.02%,2020-04-01,"1,796",53,mixed,Another Try,,,0,,storesearch+appdetails,
EreaDrone : FPV Drone Simulator,$24.99 ,56.17%,2023-06-01,871,53,mixed,EreaDrone : FPV Drone Simulator,,,0,,storesearch+appdetails,
Political Animals,$14.99 ,66.59%,2016-11-01,"2,883",53,mixed,Political Animals,,,0,,storesearch+appdetails,
Pode,$19.99 ,84.84%,2020-04-01,"3,171",53,mixed,Pode,,,0,,storesearch+appdetails,
VR The Diner Duo,$14.99 ,87.91%,2016-11-01,"1,401",53,mixed,VR The Diner Duo,,,0,,storesearch+appdetails,
HyperRogue,$9.99 ,88.83%,2015-01-01,"1,349",53,mixed,HyperRogue,,,0,,storesearch+appdetails,
BRELOK -ねずみたちの脱出-,$3.99 ,82.20%,2025-02-01,249,52,multi only,BRELOK -ねずみたちの脱出-,,,0,,storesearch+appdetails,
East Tower - Takashi (East Tower Series Vol. 2),$3.59 ,59.30%,2012-11-01,177,52,single only,East Tower - Takashi (East Tower Series Vol. 2),,,0,,storesearch+appdetails,
Selective Jump: Once Again With Feeling,$4.99 ,61.18%,2015-04-01,216,52,single only,Selective Jump: Once Again With Feeling,,,0,,storesearch+appdetails,
Sketch Tales,$1.00 ,62.53%,2015-09-01,"5,092",52,single only,Sketch Tales,,,0,,storesearch+appdetails,
Danger Zone,$14.99 ,64.05%,2017-05-01,"1,229",52,single only,Danger Zone,,,0,,storesearch+appdetails,
Rover Builder,$9.99 ,64.06%,2022-03-01,"1,175",52,single only,Rover Builder,,,0,,storesearch+appdetails,
Truck Driver,$19.99 ,65.32%,2021-05-01,"8,061",52,single only,Truck Driver,,,0,,storesearch+appdetails,
Beat Stickman: Infinity Clones,$2.99 ,65.78%,2017-12-01,182,52,single only,Beat Stickman: Infinity Clones,,,0,,storesearch+appdetails,
Karateka,$3.99 ,67.64%,2012-12-01,"1,033",52,single only,Karateka,,,0,,storesearch+appdetails,
21 Days,$1.99 ,72.01%,2017-06-01,269,52,single only,21 Days,,,0,,storesearch+appdetails,
Light Apprentice - The Comic Book RPG,$9.99 ,74.90%,2017-11-01,868,52,single only,Light Apprentice - The Comic Book RPG,,,0,,storesearch+appdetails,
System Crash,$14.99 ,74.92%,2016-03-01,"1,971",52,single only,System Crash,,,0,,storesearch+appdetails,
The Eagle's Heir,$5.99 ,75.12%,2017-03-01,248,52,single only,The Eagle's Heir,,,0,,storesearch+appdetails,
Chiptune Champion,$14.99 ,75.99%,2016-01-01,"1,110",52,single only,Chiptune Champion,,,0,,storesearch+appdetails,
stratO,$4.99 ,76.03%,2015-06-01,483,52,single only,stratO,,,0,,storesearch+appdetails,
[Chilla's Art] Stigmatized Property | 事故物件,$2.99 ,77.01%,2019-10-01,"4,037",52,single only,[Chilla's Art] Stigmatized Property | 事故物件,,,0,,storesearch+appdetails,
Märchen Forest: Mylne and the Forest Gift [Legacy ver.],$9.99 ,77.19%,2018-05-01,"4,605",52,single only,Märchen Forest: Mylne and the Forest Gift [Legacy ver.],,,0,,storesearch+appdetails,
Werewolves: Haven Rising,$6.99 ,78.41%,2018-07-01,459,52,single only,Werewolves: Haven Rising,,,0,,storesearch+appdetails,
In the Raven Shadow,$3.99 ,79.04%,2017-07-01,418,52,single only,In the Raven Shadow,,,0,,storesearch+appdetails,
Lines,$4.99 ,79.49%,2017-06-01,452,52,single only,Lines,,,0,,storesearch+appdetails,
The Shattering,$19.99 ,79.90%,2020-04-01,"2,062",52,single only,The Shattering,,,0,,storesearch+appdetails,
Booze Masters: Freezing Moonshine,$14.99 ,80.01%,2023-12-01,"3,483",52,single only,Booze Masters: Freezing Moonshine,,,0,,storesearch+appdetails,
Bomb Squad Academy,$4.99 ,81.00%,2017-03-01,"1,419",52,single only,Bomb Squad Academy,,,0,,storesearch+appdetails,
Octahedron: Transfixed Edition,$12.99 ,81.93%,2018-03-01,"1,130",52,single only,Octahedron: Transfixed Edition,,,0,,storesearch+appdetails,
MHRD,$9.99 ,82.75%,2017-01-01,"3,669",52,single only,MHRD,,,0,,storesearch+appdetails,
篱笆庄秘闻 / Mysteries of Fence,$3.99 ,83.07%,2017-07-01,"1,838",52,single only,篱笆庄秘闻 / Mysteries of Fence,,,0,,storesearch+appdetails,
Tempest of the Heavens and Earth,$13.99 ,83.69%,2018-12-01,"2,310",52,single only,Tempest of the Heavens and Earth,,,0,,storesearch+appdetails,
沙雕之路,$10.00 ,90.66%,2019-10-01,"4,114",52,single only,沙雕之路,,,0,,storesearch+appdetails,
Super Robot Jump Jump,$4.99 ,61.05%,2016-03-01,464,52,mixed,Super Robot Jump Jump,,,0,,storesearch+appdetails,
ExoCross,$19.99 ,64.70%,2024-07-01,"5,469",52,mixed,ExoCross,,,0,,storesearch+appdetails,
TINY METAL: FULL METAL RUMBLE,$14.99 ,74.32%,2019-07-01,"3,294",52,mixed,TINY METAL: FULL METAL RUMBLE,,,0,,storesearch+appdetails,
Boet Fighter,$14.99 ,79.09%,2019-10-01,953,52,mixed,Boet Fighter,,,0,,storesearch+appdetails,
Serious Sam 3 VR: BFE,$29.99 ,80.54%,2017-11-01,"3,539",52,mixed,Serious Sam 3 VR: BFE,,,0,,storesearch+appdetails,
Shovel Knight: Shovel of Hope,$14.99 ,88.60%,2014-06-01,"3,293",52,mixed,Shovel Knight: Shovel of Hope,,,0,,storesearch+appdetails,
All Hands on Deck,$12.99 ,72.01%,2025-11-01,786,51,multi only,All Hands on Deck,,,0,,storesearch+appdetails,
Villainy,$7.99 ,84.53%,2025-12-01,686,51,multi only,Villainy,,,0,,storesearch+appdetails,
Icarus-X: Tides of Fire,$4.99 ,57.17%,2015-06-01,225,51,single only,Icarus-X: Tides of Fire,,,0,,storesearch+appdetails,
Moonshot Galaxy™,$9.99 ,57.26%,2016-08-01,321,51,single only,Moonshot Galaxy™,,,0,,storesearch+appdetails,
Araha : Curse of Yieun Island,$15.99 ,59.13%,2020-01-01,667,51,single only,Araha : Curse of Yieun Island,,,0,,storesearch+appdetails,
Weather Lord: Hidden Realm,$4.99 ,59.60%,2017-06-01,94,51,single only,Weather Lord: Hidden Realm,,,0,,storesearch+appdetails,
Explodemon,$8.99 ,61.68%,2011-11-01,413,51,single only,Explodemon,,,0,,storesearch+appdetails,
The Odyssey,$4.99 ,62.05%,2016-09-01,142,51,single only,The Odyssey,,,0,,storesearch+appdetails,
Demon Hunter 4: Riddles of Light,$14.99 ,62.53%,2018-02-01,478,51,single only,Demon Hunter 4: Riddles of Light,,,0,,storesearch+appdetails,
Necromancer Returns,$9.99 ,66.67%,2018-02-01,"2,076",51,single only,Necromancer Returns,,,0,,storesearch+appdetails,
Laserlife,$9.99 ,68.28%,2015-09-01,"1,175",51,single only,Laserlife,,,0,,storesearch+appdetails,
The Old City: Leviathan,$5.99 ,68.83%,2014-12-01,"6,472",51,single only,The Old City: Leviathan,,,0,,storesearch+appdetails,
Galactic Fighters,$1.99 ,69.91%,2016-09-01,154,51,single only,Galactic Fighters,,,0,,storesearch+appdetails,
TumbleSeed,$14.99 ,71.91%,2017-05-01,"1,442",51,single only,TumbleSeed,,,0,,storesearch+appdetails,
Tomboys Need Love Too!,$9.99 ,78.50%,2017-05-01,"2,666",51,single only,Tomboys Need Love Too!,,,0,,storesearch+appdetails,
Townsmen VR,$39.98 ,78.95%,2022-03-01,"5,286",51,single only,Townsmen VR,,,0,,storesearch+appdetails,
Sparkle 2,$7.99 ,83.00%,2015-06-01,571,51,single only,Sparkle 2,,,0,,storesearch+appdetails,
OPUS: Rocket of Whispers,$14.99 ,87.71%,2018-02-01,"8,787",51,single only,OPUS: Rocket of Whispers,,,0,,storesearch+appdetails,
The Final Earth 2,$9.99 ,89.34%,2022-07-01,"1,665",51,single only,The Final Earth 2,,,0,,storesearch+appdetails,
Everfall: Idle Dungeon RPG,$4.99 ,39.26%,2025-12-01,69,51,mixed,Everfall: Idle Dungeon RPG,,,0,,storesearch+appdetails,
Spy Drops,$14.99 ,58.07%,2025-07-01,"3,041",51,mixed,Spy Drops,,,0,,storesearch+appdetails,
Gas Station Manager,$14.99 ,58.50%,2025-03-01,784,51,mixed,Gas Station Manager,,,0,,storesearch+appdetails,
Carmageddon TDR 2000,$1.99 ,69.61%,2000-12-01,"1,362",51,mixed,Carmageddon TDR 2000,,,0,,storesearch+appdetails,
Loco Dojo,$11.99 ,72.99%,2017-07-01,485,51,mixed,Loco Dojo,,,0,,storesearch+appdetails,
Bunker Invaders,$6.99 ,73.93%,2024-11-01,"1,184",51,mixed,Bunker Invaders,,,0,,storesearch+appdetails,
New Retro Arcade: Neon,$19.99 ,74.57%,2019-11-01,"8,198",51,mixed,New Retro Arcade: Neon,,,0,,storesearch+appdetails,
Bosorka,$5.99 ,81.46%,2023-04-01,"1,954",51,mixed,Bosorka,,,0,,storesearch+appdetails,
Abathor,$14.99 ,83.45%,2024-07-01,"4,252",51,mixed,Abathor,,,0,,storesearch+appdetails,
Sailaway III,$15.99 ,65.80%,2024-11-01,875,50,multi only,Sailaway III,,,0,,storesearch+appdetails,
Race for Tuning,$4.99 ,67.20%,2019-04-01,"1,484",50,multi only,Race for Tuning,,,0,,storesearch+appdetails,
Superbugs: Awaken,$14.99 ,79.61%,2022-03-01,"1,071",50,multi only,Superbugs: Awaken,,,0,,storesearch+appdetails,
Blackstone Academy for the Magical Arts,$5.99 ,59.68%,2020-04-01,124,50,single only,Blackstone Academy for the Magical Arts,,,0,,storesearch+appdetails,
Super Dungeon Run,$4.99 ,60.01%,2015-07-01,"1,257",50,single only,Super Dungeon Run,,,0,,storesearch+appdetails,
Artificer: Science of Magic,$9.99 ,61.40%,2020-09-01,"1,694",50,single only,Artificer: Science of Magic,,,0,,storesearch+appdetails,
Science Girls,$4.99 ,63.24%,2009-05-01,"1,122",50,single only,Science Girls,,,0,,storesearch+appdetails,
Cute Things Dying Violently,$2.99 ,66.24%,2015-09-01,282,50,single only,Cute Things Dying Violently,,,0,,storesearch+appdetails,
A Magical High School Girl / 魔法の女子高生,$9.99 ,69.54%,2016-11-01,"3,124",50,single only,A Magical High School Girl / 魔法の女子高生,,,0,,storesearch+appdetails,
Samurai of Hyuga,$4.99 ,71.50%,2015-07-01,364,50,single only,Samurai of Hyuga,,,0,,storesearch+appdetails,
Shape of the World,$12.99 ,73.43%,2018-06-01,"2,379",50,single only,Shape of the World,,,0,,storesearch+appdetails,
Stellar Monarch,$14.99 ,74.21%,2016-12-01,"10,050",50,single only,Stellar Monarch,,,0,,storesearch+appdetails,
Tales Across Time,$2.99 ,74.39%,2016-04-01,566,50,single only,Tales Across Time,,,0,,storesearch+appdetails,
Anime Artist,$1.99 ,74.86%,2019-07-01,"1,232",50,single only,Anime Artist,,,0,,storesearch+appdetails,
Mayhem Triple,$4.99 ,76.09%,2015-09-01,216,50,single only,Mayhem Triple,,,0,,storesearch+appdetails,
Four Sided Fantasy,$9.99 ,77.30%,2016-08-01,"2,347",50,single only,Four Sided Fantasy,,,0,,storesearch+appdetails,
Bik - A Space Adventure,$4.99 ,79.50%,2014-10-01,297,50,single only,Bik - A Space Adventure,,,0,,storesearch+appdetails,
Unhack 2,$5.99 ,81.81%,2017-01-01,876,50,single only,Unhack 2,,,0,,storesearch+appdetails,
Modern Tales: Age of Invention,$14.99 ,83.39%,2017-10-01,"1,005",50,single only,Modern Tales: Age of Invention,,,0,,storesearch+appdetails,
DROD: Gunthro and the Epic Blunder,$9.99 ,85.08%,2012-04-01,421,50,single only,DROD: Gunthro and the Epic Blunder,,,0,,storesearch+appdetails,
Umurangi Generation,$14.99 ,86.48%,2020-05-01,"4,695",50,single only,Umurangi Generation,,,0,,storesearch+appdetails,
Golden Krone Hotel,$9.99 ,87.80%,2017-10-01,"1,626",50,single only,Golden Krone Hotel,,,0,,storesearch+appdetails,
祈風 Inorikaze,$10.99 ,91.36%,2019-02-01,"2,088",50,single only,祈風 Inorikaze,,,0,,storesearch+appdetails,
The Last One,$8.99 ,38.32%,2018-01-01,"25,511",50,mixed,The Last One,,,0,,storesearch+appdetails,
Project G,$2.99 ,59.37%,2016-05-01,110,50,mixed,Project G,,,0,,storesearch+appdetails,
Retro Game Crunch,$9.99 ,74.67%,2014-05-01,"1,610",50,mixed,Retro Game Crunch,,,0,,storesearch+appdetails,
Vehicle Simulator,$34.99 ,81.59%,2009-03-01,"1,637",50,mixed,Vehicle Simulator,,,0,,storesearch+appdetails,
HoloBall,$14.99 ,82.98%,2016-04-01,"1,103",50,mixed,HoloBall,,,0,,storesearch+appdetails,
Istanbul: Digital Edition,$6.49 ,83.80%,2018-10-01,"1,952",50,mixed,Istanbul: Digital Edition,,,0,,storesearch+appdetails,
Kings Of Streets,$4.99 ,52.45%,2020-06-01,415,49,multi only,Kings Of Streets,,,0,,storesearch+appdetails,
Bonfire And Tail,$5.99 ,70.97%,2023-09-01,433,49,multi only,Bonfire And Tail,,,0,,storesearch+appdetails,
Steel Crew,$14.99 ,77.54%,2021-10-01,"8,530",49,multi only,Steel Crew,,,0,,storesearch+appdetails,
Buissons,$8.99 ,86.85%,2021-02-01,"1,081",49,multi only,Buissons,,,0,,storesearch+appdetails,
Train Station Simulator,$16.99 ,55.89%,2017-12-01,"4,473",49,single only,Train Station Simulator,,,0,,storesearch+appdetails,
Lemuria: Lost in Space,$9.99 ,60.74%,2017-03-01,543,49,single only,Lemuria: Lost in Space,,,0,,storesearch+appdetails,
Save Koch,$11.99 ,61.80%,2019-04-01,"4,069",49,single only,Save Koch,,,0,,storesearch+appdetails,
East Tower - Akio (East Tower Series Vol. 1),$2.99 ,64.71%,2012-07-01,299,49,single only,East Tower - Akio (East Tower Series Vol. 1),,,0,,storesearch+appdetails,
Blind,$24.99 ,66.01%,2018-09-01,"1,747",49,single only,Blind,,,0,,storesearch+appdetails,
Sentry Knight Tactics,$4.99 ,69.06%,2016-10-01,"1,142",49,single only,Sentry Knight Tactics,,,0,,storesearch+appdetails,
Korwin The Game,$1.99 ,72.62%,2015-09-01,483,49,single only,Korwin The Game,,,0,,storesearch+appdetails,
King's League II,$15.99 ,72.72%,2019-11-01,611,49,single only,King's League II,,,0,,storesearch+appdetails,
The War for the West,$7.99 ,73.38%,2019-11-01,202,49,single only,The War for the West,,,0,,storesearch+appdetails,
Rotation Phonology: Break,$4.99 ,74.19%,2017-01-01,222,49,single only,Rotation Phonology: Break,,,0,,storesearch+appdetails,
Ministry of Broadcast,$14.99 ,77.72%,2020-01-01,"3,298",49,single only,Ministry of Broadcast,,,0,,storesearch+appdetails,
Enemy,$14.99 ,78.40%,2015-03-01,"2,031",49,single only,Enemy,,,0,,storesearch+appdetails,
Rumu,$9.99 ,84.29%,2017-12-01,"2,307",49,single only,Rumu,,,0,,storesearch+appdetails,
Nauticrawl,$14.99 ,85.00%,2019-09-01,"3,713",49,single only,Nauticrawl,,,0,,storesearch+appdetails,
NEKO-NIN exHeart 3,$9.99 ,85.67%,2019-10-01,"4,063",49,single only,NEKO-NIN exHeart 3,,,0,,storesearch+appdetails,
Virtual Virtual Reality,$14.99 ,86.32%,2017-03-01,"2,540",49,single only,Virtual Virtual Reality,,,0,,storesearch+appdetails,
Windosill,$2.99 ,86.49%,2009-05-01,943,49,single only,Windosill,,,0,,storesearch+appdetails,
Minotaur,$14.99 ,87.20%,2019-09-01,"4,527",49,single only,Minotaur,,,0,,storesearch+appdetails,
Heroine of the Sniper,$9.99 ,87.46%,2019-05-01,"2,154",49,single only,Heroine of the Sniper,,,0,,storesearch+appdetails,
Wooden Ocean,$19.99 ,87.60%,2020-06-01,626,49,single only,Wooden Ocean,,,0,,storesearch+appdetails,
BLUE REVOLVER,$14.99 ,92.30%,2016-10-01,"3,346",49,single only,BLUE REVOLVER,,,0,,storesearch+appdetails,
Flag N Frag,$1.99 ,45.52%,2016-04-01,105,49,mixed,Flag N Frag,,,0,,storesearch+appdetails,
Astra Exodus,$11.99 ,47.40%,2020-01-01,"1,741",49,mixed,Astra Exodus,,,0,,storesearch+appdetails,
SCHAR: Blue Shield Alliance,$3.99 ,54.30%,2015-03-01,216,49,mixed,SCHAR: Blue Shield Alliance,,,0,,storesearch+appdetails,
Domain Defense,$4.99 ,56.45%,2016-07-01,242,49,mixed,Domain Defense,,,0,,storesearch+appdetails,
Cyber Complex,$9.99 ,59.60%,2017-08-01,79,49,mixed,Cyber Complex,,,0,,storesearch+appdetails,
Zombie Grinder,$8.99 ,64.03%,2015-10-01,"2,805",49,mixed,Zombie Grinder,,,0,,storesearch+appdetails,
Chenso Club,$9.99 ,70.65%,2022-09-01,"1,835",49,mixed,Chenso Club,,,0,,storesearch+appdetails,
The Roast - Coffee Shop Simulator,$3.99 ,74.20%,2026-01-01,447,49,mixed,The Roast - Coffee Shop Simulator,,,0,,storesearch+appdetails,
Eternity Warriors VR,$14.99 ,75.40%,2017-09-01,"5,184",49,mixed,Eternity Warriors VR,,,0,,storesearch+appdetails,
Cookies vs. Claus,$2.99 ,75.72%,2017-12-01,531,49,mixed,Cookies vs. Claus,,,0,,storesearch+appdetails,
Yakiniku Party Survival,$2.99 ,75.77%,2024-10-01,131,49,mixed,Yakiniku Party Survival,,,0,,storesearch+appdetails,
Chippy & Noppo,$19.99 ,78.91%,2023-03-01,"1,370",49,mixed,Chippy & Noppo,,,0,,storesearch+appdetails,
Super Woden GP,$12.99 ,80.16%,2021-09-01,"1,802",49,mixed,Super Woden GP,,,0,,storesearch+appdetails,
Egress,$14.99 ,57.14%,2019-10-01,"7,485",48,multi only,Egress,,,0,,storesearch+appdetails,
EURGAVA™: Fight for Haaria,$4.99 ,56.25%,2016-12-01,"1,021",48,single only,EURGAVA™: Fight for Haaria,,,0,,storesearch+appdetails,
Fragile,$9.99 ,61.95%,2020-11-01,"5,067",48,single only,Fragile,,,0,,storesearch+appdetails,
AIdol: Artificial Intelligence Idol,$10.99 ,62.30%,2018-04-01,369,48,single only,AIdol: Artificial Intelligence Idol,,,0,,storesearch+appdetails,
Tempest Citadel,$19.99 ,67.06%,2018-04-01,916,48,single only,Tempest Citadel,,,0,,storesearch+appdetails,
Azure Saga: Pathfinder,$12.99 ,67.36%,2018-03-01,"2,172",48,single only,Azure Saga: Pathfinder,,,0,,storesearch+appdetails,
Ghost Files: The Face of Guilt,$14.99 ,67.89%,2017-05-01,755,48,single only,Ghost Files: The Face of Guilt,,,0,,storesearch+appdetails,
Welcome to Moreytown,$4.99 ,69.36%,2017-05-01,301,48,single only,Welcome to Moreytown,,,0,,storesearch+appdetails,
Sentinel 4: Dark Star,$6.99 ,70.69%,2015-08-01,384,48,single only,Sentinel 4: Dark Star,,,0,,storesearch+appdetails,
Tales of Aravorn: Seasons Of The Wolf,$24.99 ,73.38%,2014-11-01,"1,533",48,single only,Tales of Aravorn: Seasons Of The Wolf,,,0,,storesearch+appdetails,
Shining Song Starnova: Idol Empire,$14.99 ,76.85%,2020-02-01,"1,118",48,single only,Shining Song Starnova: Idol Empire,,,0,,storesearch+appdetails,
Mojo,$2.99 ,78.04%,2018-08-01,"1,071",48,single only,Mojo,,,0,,storesearch+appdetails,
A Chair in a Room : Greenwater,$24.99 ,78.44%,2016-04-01,"3,403",48,single only,A Chair in a Room : Greenwater,,,0,,storesearch+appdetails,
Balthazar's Dream,$4.99 ,78.68%,2017-05-01,509,48,single only,Balthazar's Dream,,,0,,storesearch+appdetails,
Werewolves 2: Pack Mentality,$6.99 ,81.17%,2020-07-01,243,48,single only,Werewolves 2: Pack Mentality,,,0,,storesearch+appdetails,
The Station,$14.99 ,81.50%,2018-02-01,"4,095",48,single only,The Station,,,0,,storesearch+appdetails,
The Confines Of The Crown,$14.99 ,81.54%,2015-04-01,"2,139",48,single only,The Confines Of The Crown,,,0,,storesearch+appdetails,
Delicious - Emily's Christmas Carol,$19.99 ,81.60%,2016-11-01,840,48,single only,Delicious - Emily's Christmas Carol,,,0,,storesearch+appdetails,
Reignfall,$4.99 ,82.99%,2018-12-01,"2,447",48,single only,Reignfall,,,0,,storesearch+appdetails,
Choice of Alexandria,$3.99 ,83.68%,2016-06-01,270,48,single only,Choice of Alexandria,,,0,,storesearch+appdetails,
Scavenger SV-4,$14.99 ,85.21%,2018-02-01,"7,465",48,single only,Scavenger SV-4,,,0,,storesearch+appdetails,
Engare,$9.99 ,87.77%,2017-10-01,"1,887",48,single only,Engare,,,0,,storesearch+appdetails,
Agricola: All Creatures Big and Small,$1.46 ,43.05%,2017-02-01,861,48,mixed,Agricola: All Creatures Big and Small,,,0,,storesearch+appdetails,
Spaera,$9.99 ,45.86%,2016-09-01,303,48,mixed,Spaera,,,0,,storesearch+appdetails,
Crunch Element,$19.99 ,55.64%,2020-12-01,"3,362",48,mixed,Crunch Element,,,0,,storesearch+appdetails,
The Pit: Infinity,$9.99 ,62.24%,2019-11-01,"2,344",48,mixed,The Pit: Infinity,,,0,,storesearch+appdetails,
YOU DON'T KNOW JACK Vol. 1 XL,$2.99 ,72.75%,1995-09-01,378,48,mixed,YOU DON'T KNOW JACK Vol. 1 XL,,,0,,storesearch+appdetails,
Up to Par,$19.99 ,74.42%,2024-10-01,"1,091",48,mixed,Up to Par,,,0,,storesearch+appdetails,
Trickster VR: Co-op Dungeon Crawler,$12.99 ,79.69%,2019-01-01,"3,891",48,mixed,Trickster VR: Co-op Dungeon Crawler,,,0,,storesearch+appdetails,
Fly Punch Boom!,$14.99 ,82.36%,2020-05-01,"1,683",48,mixed,Fly Punch Boom!,,,0,,storesearch+appdetails,
SuperSmash: Physics Battle,$4.99 ,87.66%,2019-10-01,"1,369",48,mixed,SuperSmash: Physics Battle,,,0,,storesearch+appdetails,
Star Horizon,$6.99 ,57.79%,2020-05-01,795,47,single only,Star Horizon,,,0,,storesearch+appdetails,
Wildlife Park 2 - Dino World,$3.99 ,59.60%,2012-03-01,641,47,single only,Wildlife Park 2 - Dino World,,,0,,storesearch+appdetails,
Sol Trader,$19.99 ,62.34%,2016-06-01,"1,158",47,single only,Sol Trader,,,0,,storesearch+appdetails,
Island 359™,$14.99 ,71.53%,2018-02-01,"4,186",47,single only,Island 359™,,,0,,storesearch+appdetails,
Puzzler World 2,$1.49 ,72.07%,2011-10-01,200,47,single only,Puzzler World 2,,,0,,storesearch+appdetails,
Zero Reflex : Black Eye Edition,$3.99 ,72.15%,2015-11-01,496,47,single only,Zero Reflex : Black Eye Edition,,,0,,storesearch+appdetails,
Croixleur Sigma - Deluxe Edition,$19.99 ,72.39%,2019-11-01,"2,470",47,single only,Croixleur Sigma - Deluxe Edition,,,0,,storesearch+appdetails,
VERSUS: The Elite Trials,$4.99 ,74.78%,2016-12-01,335,47,single only,VERSUS: The Elite Trials,,,0,,storesearch+appdetails,
Faerie Solitaire Harvest,$14.99 ,75.50%,2019-04-01,613,47,single only,Faerie Solitaire Harvest,,,0,,storesearch+appdetails,
The Tenth Line,$7.99 ,75.66%,2017-03-01,"2,083",47,single only,The Tenth Line,,,0,,storesearch+appdetails,
The Alien Cube,$19.99 ,75.94%,2021-10-01,"3,308",47,single only,The Alien Cube,,,0,,storesearch+appdetails,
Heaven's Hope - Special Edition,$9.99 ,77.51%,2016-02-01,"1,422",47,single only,Heaven's Hope - Special Edition,,,0,,storesearch+appdetails,
她2 : 我还想再见到你 Her2 : I Want To See You Again,$3.99 ,81.41%,2019-02-01,"1,371",47,single only,她2 : 我还想再见到你 Her2 : I Want To See You Again,,,0,,storesearch+appdetails,
Message Quest,$2.99 ,81.62%,2015-10-01,"4,355",47,single only,Message Quest,,,0,,storesearch+appdetails,
Infinite Adventures®,$14.99 ,82.11%,2018-10-01,924,47,single only,Infinite Adventures®,,,0,,storesearch+appdetails,
Melody of Iris-虹色旋律-(Full Color ver.),$29.99 ,82.82%,2018-06-01,"1,707",47,single only,Melody of Iris-虹色旋律-(Full Color ver.),,,0,,storesearch+appdetails,
Palmyra Orphanage,$5.99 ,83.41%,2019-09-01,"3,524",47,single only,Palmyra Orphanage,,,0,,storesearch+appdetails,
Letters - a written adventure,$14.99 ,84.00%,2022-02-01,"2,024",47,single only,Letters - a written adventure,,,0,,storesearch+appdetails,
Fei Duanmu VS Kobayashi 端木斐 VS 小林正雪,$5.99 ,84.12%,2018-11-01,736,47,single only,Fei Duanmu VS Kobayashi 端木斐 VS 小林正雪,,,0,,storesearch+appdetails,
The Last Cube,$19.99 ,87.07%,2022-03-01,"1,320",47,single only,The Last Cube,,,0,,storesearch+appdetails,
Polandball: Can into Space!,$2.99 ,87.33%,2016-06-01,895,47,single only,Polandball: Can into Space!,,,0,,storesearch+appdetails,
EverStopped,$4.99 ,89.13%,2019-09-01,780,47,single only,EverStopped,,,0,,storesearch+appdetails,
A Fisherman's Tale,$3.74 ,89.20%,2019-01-01,"3,557",47,single only,A Fisherman's Tale,,,0,,storesearch+appdetails,
Tidalis,$4.99 ,60.86%,2010-07-01,364,47,mixed,Tidalis,,,0,,storesearch+appdetails,
Dinosaur World,$9.99 ,61.21%,2025-04-01,"1,472",47,mixed,Dinosaur World,,,0,,storesearch+appdetails,
Filthy Lucre,$12.99 ,68.24%,2016-12-01,"1,397",47,mixed,Filthy Lucre,,,0,,storesearch+appdetails,
Powargrid,$9.99 ,70.81%,2016-10-01,232,47,mixed,Powargrid,,,0,,storesearch+appdetails,
Serious Sam: Tormental,$11.99 ,71.64%,2022-04-01,"2,859",47,mixed,Serious Sam: Tormental,,,0,,storesearch+appdetails,
Parcel,$4.99 ,77.01%,2015-04-01,923,47,mixed,Parcel,,,0,,storesearch+appdetails,
Chambers of Devious Design,$11.99 ,79.41%,2022-09-01,"1,042",47,mixed,Chambers of Devious Design,,,0,,storesearch+appdetails,
Defender Bros,$7.69 ,81.93%,2024-10-01,702,47,mixed,Defender Bros,,,0,,storesearch+appdetails,
Pocket Rogues,$5.99 ,83.61%,2018-10-01,"1,817",47,mixed,Pocket Rogues,,,0,,storesearch+appdetails,
Thunder Spikes Volleyball,$12.99 ,84.65%,2025-10-01,"1,004",47,mixed,Thunder Spikes Volleyball,,,0,,storesearch+appdetails,
Startup Freak,$11.99 ,63.85%,2019-10-01,"1,263",46,single only,Startup Freak,,,0,,storesearch+appdetails,
Skautfold: Usurper,$2.49 ,65.50%,2018-02-01,"2,920",46,single only,Skautfold: Usurper,,,0,,storesearch+appdetails,
Karmaflow: The Rock Opera Videogame - Act I & Act II,$4.99 ,65.68%,2015-05-01,"1,692",46,single only,Karmaflow: The Rock Opera Videogame - Act I & Act II,,,0,,storesearch+appdetails,
Voyage to Farland,$2.99 ,68.10%,2015-06-01,236,46,single only,Voyage to Farland,,,0,,storesearch+appdetails,
Fear Equation,$14.99 ,69.05%,2016-01-01,"1,771",46,single only,Fear Equation,,,0,,storesearch+appdetails,
FOX n FORESTS,$9.99 ,69.76%,2018-05-01,"1,950",46,single only,FOX n FORESTS,,,0,,storesearch+appdetails,
God's Basement,$14.99 ,71.19%,2018-10-01,"4,117",46,single only,God's Basement,,,0,,storesearch+appdetails,
ColdSide,$6.40 ,74.69%,2020-11-01,"1,532",46,single only,ColdSide,,,0,,storesearch+appdetails,
Crystal Towers 2 XL,$7.99 ,75.86%,2015-08-01,118,46,single only,Crystal Towers 2 XL,,,0,,storesearch+appdetails,
Robo Instructus,$11.99 ,77.02%,2019-07-01,"1,279",46,single only,Robo Instructus,,,0,,storesearch+appdetails,
Forget Me Not: My Organic Garden,$9.99 ,78.69%,2015-08-01,"3,522",46,single only,Forget Me Not: My Organic Garden,,,0,,storesearch+appdetails,
Nethergate: Resurrection,$2.49 ,79.10%,2008-03-01,628,46,single only,Nethergate: Resurrection,,,0,,storesearch+appdetails,
TRI: Of Friendship and Madness,$14.99 ,79.59%,2014-10-01,"5,503",46,single only,TRI: Of Friendship and Madness,,,0,,storesearch+appdetails,
Breach: The Archangel Job,$8.99 ,80.75%,2019-11-01,159,46,single only,Breach: The Archangel Job,,,0,,storesearch+appdetails,
Eve of Souls: Static Pod,$2.99 ,87.97%,2019-06-01,"2,658",46,single only,Eve of Souls: Static Pod,,,0,,storesearch+appdetails,
Orion Sandbox Enhanced,$1.99 ,88.10%,2018-09-01,"1,380",46,single only,Orion Sandbox Enhanced,,,0,,storesearch+appdetails,
Elsinore,$9.99 ,88.17%,2019-07-01,"2,748",46,single only,Elsinore,,,0,,storesearch+appdetails,
BattleBeasts,$4.99 ,26.59%,2021-05-01,"27,451",46,mixed,BattleBeasts,,,0,,storesearch+appdetails,
Bite the Bullet,$9.98 ,54.59%,2020-08-01,"1,161",46,mixed,Bite the Bullet,,,0,,storesearch+appdetails,
ForbiddenWord,$4.99 ,57.76%,2023-04-01,56,46,mixed,ForbiddenWord,,,0,,storesearch+appdetails,
Axis Football 2021,$9.99 ,59.75%,2021-08-01,685,46,mixed,Axis Football 2021,,,0,,storesearch+appdetails,
The Castles of Burgundy,$14.99 ,74.83%,2019-02-01,"1,029",46,mixed,The Castles of Burgundy,,,0,,storesearch+appdetails,
Fight of Steel: Infinity Warrior,$12.99 ,79.62%,2022-07-01,"1,089",46,mixed,Fight of Steel: Infinity Warrior,,,0,,storesearch+appdetails,
Punch Planet - Early Access,$19.99 ,84.89%,2017-11-01,"2,851",46,mixed,Punch Planet - Early Access,,,0,,storesearch+appdetails,
Spirits Abyss,$8.99 ,88.49%,2020-08-01,"2,342",46,mixed,Spirits Abyss,,,0,,storesearch+appdetails,
Assassins vs Pirates,$7.99 ,67.30%,2016-05-01,"1,478",45,multi only,Assassins vs Pirates,,,0,,storesearch+appdetails,
King of Booze: Drinking Game,$2.99 ,71.37%,2016-09-01,220,45,multi only,King of Booze: Drinking Game,,,0,,storesearch+appdetails,
I will eat you,$4.99 ,72.73%,2019-12-01,"1,627",45,multi only,I will eat you,,,0,,storesearch+appdetails,
Project Genesis,$29.99 ,73.48%,2020-05-01,"2,103",45,multi only,Project Genesis,,,0,,storesearch+appdetails,
Operation Valor,$4.99 ,81.68%,2023-10-01,"1,354",45,multi only,Operation Valor,,,0,,storesearch+appdetails,
Dungeon Girl,$11.99 ,55.77%,2018-07-01,"1,919",45,single only,Dungeon Girl,,,0,,storesearch+appdetails,
Ninja Cats vs Samurai Dogs,$4.99 ,57.03%,2014-02-01,222,45,single only,Ninja Cats vs Samurai Dogs,,,0,,storesearch+appdetails,
Cornerstone: The Song of Tyrim,$19.99 ,57.37%,2016-04-01,992,45,single only,Cornerstone: The Song of Tyrim,,,0,,storesearch+appdetails,
Residue: Final Cut,$1.99 ,57.38%,2014-08-01,380,45,single only,Residue: Final Cut,,,0,,storesearch+appdetails,
Bathory - The Bloody Countess,$5.99 ,62.19%,2016-07-01,226,45,single only,Bathory - The Bloody Countess,,,0,,storesearch+appdetails,
imprint-X,$7.99 ,65.82%,2017-01-01,"1,067",45,single only,imprint-X,,,0,,storesearch+appdetails,
"Fly, Glowfly!",$4.99 ,67.20%,2016-07-01,121,45,single only,"Fly, Glowfly!",,,0,,storesearch+appdetails,
GhostControl Inc.,$18.99 ,67.44%,2014-06-01,"2,167",45,single only,GhostControl Inc.,,,0,,storesearch+appdetails,
Downward: Enhanced Edition,$9.99 ,67.95%,2017-07-01,"17,547",45,single only,Downward: Enhanced Edition,,,0,,storesearch+appdetails,
Just a Cleric,$4.99 ,71.70%,2016-05-01,293,45,single only,Just a Cleric,,,0,,storesearch+appdetails,
Blood Money,$6.99 ,71.78%,2018-07-01,174,45,single only,Blood Money,,,0,,storesearch+appdetails,
Alchemy Story,$19.99 ,72.65%,2020-04-01,"2,991",45,single only,Alchemy Story,,,0,,storesearch+appdetails,
Starena,$14.99 ,73.16%,2020-05-01,965,45,single only,Starena,,,0,,storesearch+appdetails,
Time Tenshi 2,$9.99 ,73.87%,2016-06-01,"3,112",45,single only,Time Tenshi 2,,,0,,storesearch+appdetails,
Age of Barbarian Extended Cut,$12.99 ,74.76%,2016-05-01,"6,878",45,single only,Age of Barbarian Extended Cut,,,0,,storesearch+appdetails,
The Beard in the Mirror,$8.99 ,75.41%,2016-10-01,164,45,single only,The Beard in the Mirror,,,0,,storesearch+appdetails,
Blue Rider,$4.99 ,77.90%,2016-03-01,573,45,single only,Blue Rider,,,0,,storesearch+appdetails,
Molemen Must Die!,$1.99 ,79.42%,2017-03-01,313,45,single only,Molemen Must Die!,,,0,,storesearch+appdetails,
Puzzle - LINES AND KNOTS,$4.99 ,80.01%,2020-03-01,295,45,single only,Puzzle - LINES AND KNOTS,,,0,,storesearch+appdetails,
Breath of Death VII,$2.99 ,80.07%,2011-07-01,"1,577",45,single only,Breath of Death VII,,,0,,storesearch+appdetails,
Creme de la Creme,$7.99 ,80.11%,2019-11-01,245,45,single only,Creme de la Creme,,,0,,storesearch+appdetails,
One Small Fire At A Time,$9.99 ,81.42%,2016-06-01,580,45,single only,One Small Fire At A Time,,,0,,storesearch+appdetails,
Blossom Tales: The Sleeping King,$14.99 ,81.83%,2017-03-01,"3,572",45,single only,Blossom Tales: The Sleeping King,,,0,,storesearch+appdetails,
Changeling,$19.99 ,84.55%,2019-01-01,463,45,single only,Changeling,,,0,,storesearch+appdetails,
Cosmodread,$14.99 ,84.60%,2021-03-01,"2,318",45,single only,Cosmodread,,,0,,storesearch+appdetails,
How to Raise a Wolf Girl,$19.99 ,84.93%,2019-10-01,"5,744",45,single only,How to Raise a Wolf Girl,,,0,,storesearch+appdetails,
Detective Hayseed - Hollywood,$14.99 ,85.54%,2016-10-01,799,45,single only,Detective Hayseed - Hollywood,,,0,,storesearch+appdetails,
Dollhouse,$14.99 ,50.91%,2019-05-01,"12,252",45,mixed,Dollhouse,,,0,,storesearch+appdetails,
The Backrooms : Last Expedition,$3.99 ,51.09%,2023-09-01,294,45,mixed,The Backrooms : Last Expedition,,,0,,storesearch+appdetails,
God of Rock,$29.99 ,53.66%,2023-04-01,"1,574",45,mixed,God of Rock,,,0,,storesearch+appdetails,
Zoo Rampage,$3.99 ,61.68%,2014-07-01,172,45,mixed,Zoo Rampage,,,0,,storesearch+appdetails,
Catastronauts,$15.99 ,67.55%,2018-09-01,"1,791",45,mixed,Catastronauts,,,0,,storesearch+appdetails,
Phylakterion,$9.99 ,70.13%,2023-10-01,634,45,mixed,Phylakterion,,,0,,storesearch+appdetails,
Pocket Rumble,$9.99 ,71.05%,2016-02-01,"1,844",45,mixed,Pocket Rumble,,,0,,storesearch+appdetails,
Ages of Mages: The last keeper,$11.99 ,72.77%,2019-08-01,"2,086",45,mixed,Ages of Mages: The last keeper,,,0,,storesearch+appdetails,
Tesla Force,$16.99 ,72.90%,2020-11-01,"2,362",45,mixed,Tesla Force,,,0,,storesearch+appdetails,
WarPlan,$9.99 ,75.17%,2019-10-01,"2,300",45,mixed,WarPlan,,,0,,storesearch+appdetails,
Paddle Up,$9.99 ,79.13%,2016-08-01,588,45,mixed,Paddle Up,,,0,,storesearch+appdetails,
Treadnauts,$14.99 ,79.48%,2018-08-01,"3,078",45,mixed,Treadnauts,,,0,,storesearch+appdetails,
Causality,$6.99 ,84.30%,2021-04-01,454,45,mixed,Causality,,,0,,storesearch+appdetails,
Grand Mountain Adventure: Wonderlands,$19.99 ,85.37%,2022-03-01,"2,318",45,mixed,Grand Mountain Adventure: Wonderlands,,,0,,storesearch+appdetails,
UFO: Unidentified Falling Objects,$14.99 ,87.05%,2023-08-01,582,45,mixed,UFO: Unidentified Falling Objects,,,0,,storesearch+appdetails,
Super Video Golf,$9.99 ,88.08%,2023-02-01,478,45,mixed,Super Video Golf,,,0,,storesearch+appdetails,
Mystica: The Ninth Society,$1.99 ,53.41%,2016-03-01,204,44,multi only,Mystica: The Ninth Society,,,0,,storesearch+appdetails,
Fated Kingdom,$9.99 ,70.37%,2019-11-01,"4,898",44,multi only,Fated Kingdom,,,0,,storesearch+appdetails,
UAYEB: The Dry Land,$4.99 ,59.46%,2018-01-01,"1,043",44,single only,UAYEB: The Dry Land,,,0,,storesearch+appdetails,
In Vitra - JRPG Adventure,$4.99 ,61.08%,2017-03-01,791,44,single only,In Vitra - JRPG Adventure,,,0,,storesearch+appdetails,
The Food Run,$1.99 ,61.95%,2016-12-01,51,44,single only,The Food Run,,,0,,storesearch+appdetails,
Ant Queen,$5.99 ,62.23%,2016-06-01,"1,277",44,single only,Ant Queen,,,0,,storesearch+appdetails,
Hero or Villain: Genesis,$6.99 ,64.06%,2019-09-01,97,44,single only,Hero or Villain: Genesis,,,0,,storesearch+appdetails,
Albino Lullaby: Episode 1,$14.99 ,66.59%,2015-09-01,"3,190",44,single only,Albino Lullaby: Episode 1,,,0,,storesearch+appdetails,
The Last Crown: Midnight Horror,$4.99 ,71.44%,2015-10-01,886,44,single only,The Last Crown: Midnight Horror,,,0,,storesearch+appdetails,
The Slater,$9.99 ,71.55%,2018-09-01,"5,251",44,single only,The Slater,,,0,,storesearch+appdetails,
HEADLINER,$4.99 ,73.88%,2017-10-01,"3,893",44,single only,HEADLINER,,,0,,storesearch+appdetails,
UnHolY DisAsTeR,$12.99 ,73.91%,2018-03-01,"7,414",44,single only,UnHolY DisAsTeR,,,0,,storesearch+appdetails,
Mask of the Plague Doctor,$7.99 ,76.64%,2020-04-01,255,44,single only,Mask of the Plague Doctor,,,0,,storesearch+appdetails,
TouHou Nil Soul,$7.99 ,77.48%,2019-03-01,"2,281",44,single only,TouHou Nil Soul,,,0,,storesearch+appdetails,
Prime Mover,$14.99 ,81.30%,2018-05-01,"1,525",44,single only,Prime Mover,,,0,,storesearch+appdetails,
The Secret Order 6: Bloodline,$14.99 ,83.84%,2017-08-01,926,44,single only,The Secret Order 6: Bloodline,,,0,,storesearch+appdetails,
Near Death,$7.99 ,85.95%,2016-08-01,"9,324",44,single only,Near Death,,,0,,storesearch+appdetails,
Wrongworld,$3.49 ,87.54%,2018-05-01,"6,881",44,single only,Wrongworld,,,0,,storesearch+appdetails,
Don't Escape Trilogy,$4.99 ,91.97%,2019-07-01,"1,462",44,single only,Don't Escape Trilogy,,,0,,storesearch+appdetails,
じゃんつの -Janken Horn-,$7.99 ,57.96%,2025-01-01,507,44,mixed,じゃんつの -Janken Horn-,,,0,,storesearch+appdetails,
Liberte,$5.99 ,63.77%,2023-05-01,"5,336",44,mixed,Liberte,,,0,,storesearch+appdetails,
Celebrity Kombat,$14.99 ,65.45%,2023-06-01,625,44,mixed,Celebrity Kombat,,,0,,storesearch+appdetails,
Light Bound,$9.99 ,70.08%,2015-04-01,148,44,mixed,Light Bound,,,0,,storesearch+appdetails,
Speed Brawl,$19.99 ,72.94%,2018-09-01,"3,473",44,mixed,Speed Brawl,,,0,,storesearch+appdetails,
Gatling Gears,$2.49 ,76.61%,2011-08-01,833,44,mixed,Gatling Gears,,,0,,storesearch+appdetails,
Straima,$4.99 ,77.37%,2015-09-01,"1,670",44,mixed,Straima,,,0,,storesearch+appdetails,
Dooms Hair Salon,$6.49 ,82.13%,2025-03-01,273,44,mixed,Dooms Hair Salon,,,0,,storesearch+appdetails,
BattleCap,$11.99 ,86.92%,2024-12-01,661,44,mixed,BattleCap,,,0,,storesearch+appdetails,
Eggstraction,$5.99 ,79.24%,2024-05-01,787,43,multi only,Eggstraction,,,0,,storesearch+appdetails,
JET HERO,$3.99 ,59.01%,2017-02-01,160,43,single only,JET HERO,,,0,,storesearch+appdetails,
Beauty Bounce,$4.99 ,60.03%,2017-02-01,"2,218",43,single only,Beauty Bounce,,,0,,storesearch+appdetails,
Lilipalace,$12.99 ,60.71%,2018-07-01,"3,321",43,single only,Lilipalace,,,0,,storesearch+appdetails,
BIT.TRIP FATE,$9.99 ,63.64%,2013-07-01,249,43,single only,BIT.TRIP FATE,,,0,,storesearch+appdetails,
Hellenica,$9.99 ,63.88%,2017-01-01,"1,700",43,single only,Hellenica,,,0,,storesearch+appdetails,
Under: Depths of Fear,$9.99 ,64.31%,2020-10-01,"1,951",43,single only,Under: Depths of Fear,,,0,,storesearch+appdetails,
Coffee Noir - Business Detective Game,$13.99 ,64.89%,2021-09-01,"2,779",43,single only,Coffee Noir - Business Detective Game,,,0,,storesearch+appdetails,
War in a Box: Paper Tanks,$4.99 ,66.68%,2014-07-01,461,43,single only,War in a Box: Paper Tanks,,,0,,storesearch+appdetails,
Barrow Hill: The Dark Path,$14.99 ,67.51%,2016-09-01,879,43,single only,Barrow Hill: The Dark Path,,,0,,storesearch+appdetails,
Deathless: The City's Thirst,$4.99 ,69.85%,2015-10-01,225,43,single only,Deathless: The City's Thirst,,,0,,storesearch+appdetails,
Echoes of the Fey: The Fox's Trail,$7.99 ,69.94%,2016-07-01,336,43,single only,Echoes of the Fey: The Fox's Trail,,,0,,storesearch+appdetails,
猎魔者战纪,$2.99 ,72.92%,2019-05-01,769,43,single only,猎魔者战纪,,,0,,storesearch+appdetails,
Olaguna Chronicles,$14.99 ,74.27%,2021-08-01,"1,094",43,single only,Olaguna Chronicles,,,0,,storesearch+appdetails,
Deep Sixed,$4.99 ,75.50%,2018-02-01,"1,703",43,single only,Deep Sixed,,,0,,storesearch+appdetails,
Budget Cuts 2: Mission Insolvency,$29.99 ,76.03%,2019-12-01,"3,029",43,single only,Budget Cuts 2: Mission Insolvency,,,0,,storesearch+appdetails,
Cubikolor,$7.99 ,76.08%,2016-05-01,154,43,single only,Cubikolor,,,0,,storesearch+appdetails,
Kings of Israel,$4.99 ,78.16%,2015-12-01,823,43,single only,Kings of Israel,,,0,,storesearch+appdetails,
Hollywood Visionary,$4.99 ,78.89%,2015-05-01,284,43,single only,Hollywood Visionary,,,0,,storesearch+appdetails,
TinkerQuarry,$4.99 ,80.43%,2019-09-01,475,43,single only,TinkerQuarry,,,0,,storesearch+appdetails,
Mu Cartographer,$4.99 ,80.83%,2016-05-01,811,43,single only,Mu Cartographer,,,0,,storesearch+appdetails,
Skirmish Line,$9.99 ,81.36%,2019-03-01,"4,327",43,single only,Skirmish Line,,,0,,storesearch+appdetails,
Queen's Quest 2: Stories of Forgotten Past,$14.99 ,83.26%,2017-02-01,851,43,single only,Queen's Quest 2: Stories of Forgotten Past,,,0,,storesearch+appdetails,
Helheim Hassle,$19.99 ,83.69%,2020-08-01,"1,154",43,single only,Helheim Hassle,,,0,,storesearch+appdetails,
Puzzle Dimension,$9.99 ,83.70%,2010-06-01,706,43,single only,Puzzle Dimension,,,0,,storesearch+appdetails,
Security Hole,$9.99 ,83.75%,2016-09-01,"1,889",43,single only,Security Hole,,,0,,storesearch+appdetails,
Mini Words - minimalist puzzle,$1.99 ,83.88%,2019-10-01,272,43,single only,Mini Words - minimalist puzzle,,,0,,storesearch+appdetails,
Touhou Shoujo Tale of Beautiful Memories / 東方少女綺想譚,$29.99 ,84.57%,2019-08-01,"1,763",43,single only,Touhou Shoujo Tale of Beautiful Memories / 東方少女綺想譚,,,0,,storesearch+appdetails,
Sweetest Monster,$5.99 ,86.20%,2017-02-01,"3,746",43,single only,Sweetest Monster,,,0,,storesearch+appdetails,
If Found...,$12.99 ,86.29%,2020-05-01,"4,675",43,single only,If Found...,,,0,,storesearch+appdetails,
Freshly Frosted,$9.99 ,90.20%,2022-06-01,"5,515",43,single only,Freshly Frosted,,,0,,storesearch+appdetails,
Path of Giants,$8.99 ,91.05%,2020-02-01,"1,626",43,single only,Path of Giants,,,0,,storesearch+appdetails,
Delete,$1.99 ,91.12%,2018-01-01,"1,259",43,single only,Delete,,,0,,storesearch+appdetails,
ARENA an Age of Barbarians story,$9.99 ,59.00%,2017-09-01,"1,274",43,mixed,ARENA an Age of Barbarians story,,,0,,storesearch+appdetails,
Quest Rooms,$14.99 ,60.87%,2020-03-01,536,43,mixed,Quest Rooms,,,0,,storesearch+appdetails,
Kings of Kung Fu,$9.99 ,63.41%,2015-06-01,"2,882",43,mixed,Kings of Kung Fu,,,0,,storesearch+appdetails,
Gumboy Tournament,$2.99 ,66.82%,2008-05-01,221,43,mixed,Gumboy Tournament,,,0,,storesearch+appdetails,
Gunheart,$2.99 ,69.08%,2018-06-01,"2,953",43,mixed,Gunheart,,,0,,storesearch+appdetails,
Mighty Switch Force! Academy,$9.99 ,70.12%,2015-11-01,960,43,mixed,Mighty Switch Force! Academy,,,0,,storesearch+appdetails,
The Story Goes On,$4.99 ,72.67%,2018-03-01,"1,593",43,mixed,The Story Goes On,,,0,,storesearch+appdetails,
Apocalypse Express,$6.99 ,77.33%,2025-06-01,"1,788",43,mixed,Apocalypse Express,,,0,,storesearch+appdetails,
SLOWLY FIGHTER,$5.99 ,77.87%,2025-03-01,107,43,mixed,SLOWLY FIGHTER,,,0,,storesearch+appdetails,
Arcus Chroma: Classic,$7.99 ,85.96%,2024-05-01,"1,550",43,mixed,Arcus Chroma: Classic,,,0,,storesearch+appdetails,
Elasto Mania Remastered,$9.99 ,89.90%,2000-02-01,813,43,mixed,Elasto Mania Remastered,,,0,,storesearch+appdetails,
The Bradwell Conspiracy,$19.99 ,60.32%,2019-10-01,981,42,single only,The Bradwell Conspiracy,,,0,,storesearch+appdetails,
Yrminsul,$9.99 ,61.29%,2016-03-01,203,42,single only,Yrminsul,,,0,,storesearch+appdetails,
Somewhere on Zibylon,$9.99 ,62.89%,2017-09-01,860,42,single only,Somewhere on Zibylon,,,0,,storesearch+appdetails,
Creatura,$14.99 ,63.89%,2021-03-01,"3,946",42,single only,Creatura,,,0,,storesearch+appdetails,
Magnetic: Cage Closed,$14.99 ,64.28%,2015-05-01,"3,043",42,single only,Magnetic: Cage Closed,,,0,,storesearch+appdetails,
Starport Delta,$24.99 ,65.73%,2020-03-01,"2,993",42,single only,Starport Delta,,,0,,storesearch+appdetails,
ASCII Attack,$2.99 ,67.30%,2016-03-01,190,42,single only,ASCII Attack,,,0,,storesearch+appdetails,
Dracula: Origin,$9.99 ,69.98%,2008-05-01,"1,202",42,single only,Dracula: Origin,,,0,,storesearch+appdetails,
Dustbowl,$8.99 ,70.85%,2015-05-01,"1,775",42,single only,Dustbowl,,,0,,storesearch+appdetails,
Evil Democracy: 1932,$11.99 ,70.89%,2020-10-01,"11,253",42,single only,Evil Democracy: 1932,,,0,,storesearch+appdetails,
Gender Bender DNA Twister Extreme,$24.99 ,73.16%,2014-09-01,"3,358",42,single only,Gender Bender DNA Twister Extreme,,,0,,storesearch+appdetails,
Demon's Rise - War for the Deep,$6.99 ,73.27%,2018-04-01,"1,531",42,single only,Demon's Rise - War for the Deep,,,0,,storesearch+appdetails,
The Shape Of Heart,$2.99 ,74.21%,2016-10-01,"2,324",42,single only,The Shape Of Heart,,,0,,storesearch+appdetails,
Age of Defense,$14.99 ,74.30%,2024-07-01,"2,398",42,single only,Age of Defense,,,0,,storesearch+appdetails,
Magi Trials,$9.99 ,74.64%,2016-11-01,"1,299",42,single only,Magi Trials,,,0,,storesearch+appdetails,
Sakura Sakura,$34.99 ,75.09%,2018-11-01,"3,389",42,single only,Sakura Sakura,,,0,,storesearch+appdetails,
Poly Universe,$9.99 ,78.43%,2018-07-01,"1,561",42,single only,Poly Universe,,,0,,storesearch+appdetails,
Mecha Ace,$5.99 ,78.98%,2014-06-01,599,42,single only,Mecha Ace,,,0,,storesearch+appdetails,
True or False 2,$2.45 ,79.04%,2017-01-01,492,42,single only,True or False 2,,,0,,storesearch+appdetails,
Lost in Secular Love,$9.99 ,81.54%,2016-10-01,"3,198",42,single only,Lost in Secular Love,,,0,,storesearch+appdetails,
A Little Lily Princess,$14.99 ,85.40%,2016-05-01,"3,365",42,single only,A Little Lily Princess,,,0,,storesearch+appdetails,
Hegemony Gold: Wars of Ancient Greece,$14.99 ,85.98%,2012-03-01,"1,472",42,single only,Hegemony Gold: Wars of Ancient Greece,,,0,,storesearch+appdetails,
羽翼的祈愿 - Feather Of Praying,$1.99 ,87.78%,2018-06-01,"1,543",42,single only,羽翼的祈愿 - Feather Of Praying,,,0,,storesearch+appdetails,
Frog Detective 1: The Haunted Island,$4.99 ,89.01%,2018-11-01,"2,852",42,single only,Frog Detective 1: The Haunted Island,,,0,,storesearch+appdetails,
Think of the Children,$9.99 ,55.39%,2017-10-01,"1,624",42,mixed,Think of the Children,,,0,,storesearch+appdetails,
Burgers 2,$2.90 ,62.26%,2017-01-01,293,42,mixed,Burgers 2,,,0,,storesearch+appdetails,
Super Button Soccer,$6.99 ,63.00%,2016-01-01,380,42,mixed,Super Button Soccer,,,0,,storesearch+appdetails,
Village Feud,$3.99 ,67.77%,2019-06-01,"1,159",42,mixed,Village Feud,,,0,,storesearch+appdetails,
Fast and Low,$19.99 ,76.89%,2023-04-01,"2,139",42,mixed,Fast and Low,,,0,,storesearch+appdetails,
Countryballs: Modern Ballfare,$4.99 ,86.61%,2023-11-01,963,42,mixed,Countryballs: Modern Ballfare,,,0,,storesearch+appdetails,
Gregory Horror Show: Soul of Roses,$16.99 ,87.08%,2024-11-01,586,42,mixed,Gregory Horror Show: Soul of Roses,,,0,,storesearch+appdetails,
Crimzon Clover World EXplosion,$9.99 ,89.54%,2021-12-01,"1,672",42,mixed,Crimzon Clover World EXplosion,,,0,,storesearch+appdetails,
Star Rangers™ XE,$11.99 ,42.09%,2016-07-01,"10,203",41,multi only,Star Rangers™ XE,,,0,,storesearch+appdetails,
Let's Cook Together,$15.99 ,87.69%,2020-11-01,411,41,multi only,Let's Cook Together,,,0,,storesearch+appdetails,
Gaia,$19.99 ,56.81%,2020-04-01,"10,313",41,single only,Gaia,,,0,,storesearch+appdetails,
Invasion 2037,$9.99 ,57.81%,2019-11-01,"4,042",41,single only,Invasion 2037,,,0,,storesearch+appdetails,
AirMech Command,$9.99 ,64.22%,2017-03-01,"3,640",41,single only,AirMech Command,,,0,,storesearch+appdetails,
Maximum Override,$6.99 ,64.68%,2017-03-01,"1,806",41,single only,Maximum Override,,,0,,storesearch+appdetails,
Sunset,$19.99 ,65.15%,2015-05-01,"2,556",41,single only,Sunset,,,0,,storesearch+appdetails,
The Lost Heir 2: Forging a Kingdom,$5.99 ,67.91%,2016-01-01,206,41,single only,The Lost Heir 2: Forging a Kingdom,,,0,,storesearch+appdetails,
A.R.E.S. Extinction Agenda EX,$9.99 ,68.11%,2014-10-01,"1,047",41,single only,A.R.E.S. Extinction Agenda EX,,,0,,storesearch+appdetails,
"I, Cyborg",$6.99 ,69.33%,2018-06-01,140,41,single only,"I, Cyborg",,,0,,storesearch+appdetails,
Cathedral,$14.99 ,69.72%,2019-10-01,"1,603",41,single only,Cathedral,,,0,,storesearch+appdetails,
TY the Tasmanian Tiger 4,$9.99 ,73.34%,2015-09-01,"1,603",41,single only,TY the Tasmanian Tiger 4,,,0,,storesearch+appdetails,
The Superlatives: Aetherfall,$6.99 ,74.63%,2017-10-01,204,41,single only,The Superlatives: Aetherfall,,,0,,storesearch+appdetails,
AntVentor,$4.99 ,77.66%,2018-05-01,"1,892",41,single only,AntVentor,,,0,,storesearch+appdetails,
东方龙隐談 ~ Touhou Chaos of Black Loong,$9.90 ,78.89%,2019-08-01,946,41,single only,东方龙隐談 ~ Touhou Chaos of Black Loong,,,0,,storesearch+appdetails,
Transcendence,$14.99 ,80.56%,2015-07-01,"4,510",41,single only,Transcendence,,,0,,storesearch+appdetails,
Soundboxing,$15.99 ,82.12%,2016-09-01,746,41,single only,Soundboxing,,,0,,storesearch+appdetails,
Aveyond 4: Shadow of the Mist,$2.99 ,85.07%,2016-02-01,689,41,single only,Aveyond 4: Shadow of the Mist,,,0,,storesearch+appdetails,
Dark Fear,$3.99 ,85.41%,2016-06-01,531,41,single only,Dark Fear,,,0,,storesearch+appdetails,
Trouble Witches Origin - Episode1 Daughters of Amalgam -,$9.99 ,85.54%,2016-11-01,"2,326",41,single only,Trouble Witches Origin - Episode1 Daughters of Amalgam -,,,0,,storesearch+appdetails,
Lair of the Clockwork God,$1.99 ,86.93%,2020-02-01,"2,148",41,single only,Lair of the Clockwork God,,,0,,storesearch+appdetails,
Mr. Massagy,$5.58 ,87.85%,2016-12-01,"1,533",41,single only,Mr. Massagy,,,0,,storesearch+appdetails,
יום פתוח (Open Day),$5.99 ,89.63%,2022-06-01,676,41,single only,יום פתוח (Open Day),,,0,,storesearch+appdetails,
ホロライブオールスター バトルタイルズ,$3.99 ,39.05%,2025-11-01,148,41,mixed,ホロライブオールスター バトルタイルズ,,,0,,storesearch+appdetails,
Creatures Inc,$4.99 ,53.39%,2019-03-01,"3,627",41,mixed,Creatures Inc,,,0,,storesearch+appdetails,
Rascal Fight | 捣蛋大作战,$3.99 ,60.71%,2020-04-01,514,41,mixed,Rascal Fight | 捣蛋大作战,,,0,,storesearch+appdetails,
Genesia Legacy: Ultimate Domain,$19.99 ,62.14%,2017-05-01,"2,460",41,mixed,Genesia Legacy: Ultimate Domain,,,0,,storesearch+appdetails,
Sky Gamblers: Storm Raiders,$9.99 ,75.42%,2015-01-01,"2,323",41,mixed,Sky Gamblers: Storm Raiders,,,0,,storesearch+appdetails,
Soul Searching,$9.99 ,79.80%,2017-02-01,"1,395",41,mixed,Soul Searching,,,0,,storesearch+appdetails,
Trade Rivals - Goblin Age,$5.39 ,80.60%,2025-07-01,399,41,mixed,Trade Rivals - Goblin Age,,,0,,storesearch+appdetails,
Speed Crew,$9.99 ,86.00%,2024-01-01,"1,194",41,mixed,Speed Crew,,,0,,storesearch+appdetails,
Petal Crash,$9.99 ,89.20%,2020-10-01,706,41,mixed,Petal Crash,,,0,,storesearch+appdetails,
War Brokers,$4.99 ,84.93%,2018-04-01,"1,024",40,multi only,War Brokers,,,0,,storesearch+appdetails,
Hypnorain,$4.99 ,59.00%,2016-03-01,137,40,single only,Hypnorain,,,0,,storesearch+appdetails,
Satellite Command,$9.99 ,60.09%,2016-12-01,"3,655",40,single only,Satellite Command,,,0,,storesearch+appdetails,
Base Raid,$4.99 ,63.45%,2016-11-01,114,40,single only,Base Raid,,,0,,storesearch+appdetails,
Sorcery Is for Saps,$5.99 ,65.86%,2016-10-01,120,40,single only,Sorcery Is for Saps,,,0,,storesearch+appdetails,
Glow,$4.99 ,67.18%,2016-10-01,139,40,single only,Glow,,,0,,storesearch+appdetails,
Respawn Man,$2.99 ,67.90%,2015-12-01,178,40,single only,Respawn Man,,,0,,storesearch+appdetails,
Fatehaven,$4.99 ,68.29%,2014-08-01,287,40,single only,Fatehaven,,,0,,storesearch+appdetails,
After the Empire,$7.99 ,68.69%,2017-03-01,976,40,single only,After the Empire,,,0,,storesearch+appdetails,
3000th Duel,$14.99 ,68.83%,2019-12-01,"3,005",40,single only,3000th Duel,,,0,,storesearch+appdetails,
Warden: Melody of the Undergrowth,$19.99 ,69.31%,2016-04-01,"1,981",40,single only,Warden: Melody of the Undergrowth,,,0,,storesearch+appdetails,
Trace Vector,$6.99 ,69.46%,2014-08-01,189,40,single only,Trace Vector,,,0,,storesearch+appdetails,
Tavernier,$2.99 ,70.97%,2016-08-01,"1,312",40,single only,Tavernier,,,0,,storesearch+appdetails,
Where's My Mommy?,$5.99 ,71.19%,2016-03-01,772,40,single only,Where's My Mommy?,,,0,,storesearch+appdetails,
Born Punk,$19.99 ,72.58%,2022-06-01,"1,662",40,single only,Born Punk,,,0,,storesearch+appdetails,
Curse of the Assassin,$4.99 ,73.63%,2015-05-01,329,40,single only,Curse of the Assassin,,,0,,storesearch+appdetails,
Beeftacular,$3.42 ,73.83%,2016-08-01,261,40,single only,Beeftacular,,,0,,storesearch+appdetails,
Highlands,$4.99 ,75.25%,2015-04-01,"2,605",40,single only,Highlands,,,0,,storesearch+appdetails,
Wanderer of Teandria,$9.99 ,75.71%,2017-09-01,140,40,single only,Wanderer of Teandria,,,0,,storesearch+appdetails,
Ria's Hook,$2.99 ,76.22%,2018-04-01,223,40,single only,Ria's Hook,,,0,,storesearch+appdetails,
Hollow Island,$9.99 ,76.34%,2020-01-01,970,40,single only,Hollow Island,,,0,,storesearch+appdetails,
The Secret Order 5: The Buried Kingdom,$14.99 ,76.42%,2017-04-01,646,40,single only,The Secret Order 5: The Buried Kingdom,,,0,,storesearch+appdetails,
Blind Men,$3.99 ,76.43%,2017-07-01,509,40,single only,Blind Men,,,0,,storesearch+appdetails,
AIRHEART - Tales of broken Wings,$14.99 ,76.94%,2018-07-01,"2,920",40,single only,AIRHEART - Tales of broken Wings,,,0,,storesearch+appdetails,
Desecration of Wings,$14.99 ,79.95%,2018-03-01,"1,085",40,single only,Desecration of Wings,,,0,,storesearch+appdetails,
Fantasia of the Wind 2 风之幻想曲 第二部,$6.99 ,80.24%,2019-04-01,"1,348",40,single only,Fantasia of the Wind 2 风之幻想曲 第二部,,,0,,storesearch+appdetails,
Strata,$7.99 ,80.83%,2014-05-01,835,40,single only,Strata,,,0,,storesearch+appdetails,
Dungeon Cards,$1.99 ,81.34%,2020-01-01,290,40,single only,Dungeon Cards,,,0,,storesearch+appdetails,
Scarlett Mysteries: Cursed Child,$14.99 ,82.39%,2017-06-01,985,40,single only,Scarlett Mysteries: Cursed Child,,,0,,storesearch+appdetails,
Saint Slaughter X Days,$2.99 ,82.74%,2018-07-01,850,40,single only,Saint Slaughter X Days,,,0,,storesearch+appdetails,
Dark Fall: Ghost Vigil,$10.99 ,82.88%,2020-01-01,819,40,single only,Dark Fall: Ghost Vigil,,,0,,storesearch+appdetails,
Persian Nights: Sands of Wonders,$14.99 ,84.68%,2017-06-01,933,40,single only,Persian Nights: Sands of Wonders,,,0,,storesearch+appdetails,
Luxor Evolved,$9.99 ,85.63%,2012-03-01,362,40,single only,Luxor Evolved,,,0,,storesearch+appdetails,
Graze Counter,$9.99 ,87.84%,2017-07-01,"2,089",40,single only,Graze Counter,,,0,,storesearch+appdetails,
Clea,$13.99 ,89.91%,2019-07-01,"3,108",40,single only,Clea,,,0,,storesearch+appdetails,
FIGHTING SPACE,$4.99 ,50.00%,2016-12-01,81,40,mixed,FIGHTING SPACE,,,0,,storesearch+appdetails,
Prison Ball: Full Blown,$4.99 ,61.97%,2019-07-01,32,40,mixed,Prison Ball: Full Blown,,,0,,storesearch+appdetails,
Alchemist's Awakening,$9.99 ,69.64%,2019-06-01,"8,742",40,mixed,Alchemist's Awakening,,,0,,storesearch+appdetails,
Temple of Rust,$7.99 ,74.80%,2023-12-01,824,40,mixed,Temple of Rust,,,0,,storesearch+appdetails,
SPACERIFT: Arcanum System,$19.99 ,72.64%,2020-12-01,"3,371",39,multi only,SPACERIFT: Arcanum System,,,0,,storesearch+appdetails,
3D Arcade Fishing,$4.99 ,57.02%,2016-12-01,161,39,single only,3D Arcade Fishing,,,0,,storesearch+appdetails,
Nono's magic general shop,$7.99 ,57.80%,2018-09-01,803,39,single only,Nono's magic general shop,,,0,,storesearch+appdetails,
Giana Sisters 2D,$1.99 ,57.88%,2015-10-01,800,39,single only,Giana Sisters 2D,,,0,,storesearch+appdetails,
The Church in the Darkness ™,$19.99 ,57.92%,2019-08-01,"4,715",39,single only,The Church in the Darkness ™,,,0,,storesearch+appdetails,
Empyrean,$6.99 ,59.43%,2016-12-01,184,39,single only,Empyrean,,,0,,storesearch+appdetails,
Rent-a-Vice,$4.99 ,62.90%,2018-05-01,143,39,single only,Rent-a-Vice,,,0,,storesearch+appdetails,
光與暗之戀曲,$3.99 ,64.63%,2019-10-01,"1,195",39,single only,光與暗之戀曲,,,0,,storesearch+appdetails,
记忆重构/Memories,$1.99 ,67.73%,2019-08-01,"1,049",39,single only,记忆重构/Memories,,,0,,storesearch+appdetails,
TheNightfall,$24.99 ,67.94%,2018-01-01,786,39,single only,TheNightfall,,,0,,storesearch+appdetails,
The Body Changer,$4.99 ,67.95%,2015-10-01,513,39,single only,The Body Changer,,,0,,storesearch+appdetails,
Battle Princess Madelyn,$19.99 ,68.04%,2018-12-01,"2,730",39,single only,Battle Princess Madelyn,,,0,,storesearch+appdetails,
Sleep Attack,$6.99 ,68.24%,2015-05-01,276,39,single only,Sleep Attack,,,0,,storesearch+appdetails,
Sumeru,$3.99 ,69.49%,2016-09-01,"2,304",39,single only,Sumeru,,,0,,storesearch+appdetails,
World of Subways 2 – Berlin Line 7,$14.99 ,70.28%,2014-06-01,369,39,single only,World of Subways 2 – Berlin Line 7,,,0,,storesearch+appdetails,
Drizzlepath: Deja Vu,$3.99 ,72.00%,2018-05-01,868,39,single only,Drizzlepath: Deja Vu,,,0,,storesearch+appdetails,
Dead Days,$2.99 ,72.22%,2017-03-01,81,39,single only,Dead Days,,,0,,storesearch+appdetails,
Xeodrifter,$9.99 ,72.28%,2014-12-01,"1,792",39,single only,Xeodrifter,,,0,,storesearch+appdetails,
Shaq Fu: A Legend Reborn,$4.99 ,72.36%,2018-06-01,"1,137",39,single only,Shaq Fu: A Legend Reborn,,,0,,storesearch+appdetails,
Zombie Derby 2,$3.99 ,74.72%,2016-09-01,584,39,single only,Zombie Derby 2,,,0,,storesearch+appdetails,
Her Majesty's SPIFFING,$11.99 ,74.84%,2016-12-01,"3,052",39,single only,Her Majesty's SPIFFING,,,0,,storesearch+appdetails,
Gun Club VR,$19.99 ,75.20%,2018-08-01,"5,010",39,single only,Gun Club VR,,,0,,storesearch+appdetails,
The Dreadful Whispers,$9.99 ,76.97%,2019-09-01,"1,049",39,single only,The Dreadful Whispers,,,0,,storesearch+appdetails,
Tragedy of Prince Rupert,$3.99 ,77.22%,2017-07-01,654,39,single only,Tragedy of Prince Rupert,,,0,,storesearch+appdetails,
Defense Zone 2,$3.99 ,77.51%,2014-05-01,435,39,single only,Defense Zone 2,,,0,,storesearch+appdetails,
Driven Out,$14.99 ,77.76%,2019-10-01,"1,588",39,single only,Driven Out,,,0,,storesearch+appdetails,
Dreamwalker: Never Fall Asleep,$14.99 ,79.37%,2018-10-01,848,39,single only,Dreamwalker: Never Fall Asleep,,,0,,storesearch+appdetails,
Yuletide Legends: Who Framed Santa Claus,$14.99 ,79.41%,2019-12-01,332,39,single only,Yuletide Legends: Who Framed Santa Claus,,,0,,storesearch+appdetails,
Lost Grimoires: Stolen Kingdom,$14.99 ,79.47%,2016-11-01,972,39,single only,Lost Grimoires: Stolen Kingdom,,,0,,storesearch+appdetails,
Silverworld,$7.99 ,79.58%,2018-04-01,133,39,single only,Silverworld,,,0,,storesearch+appdetails,
Zen Bound 2,$4.99 ,80.58%,2010-11-01,848,39,single only,Zen Bound 2,,,0,,storesearch+appdetails,
Blink,$6.99 ,81.07%,2017-03-01,316,39,single only,Blink,,,0,,storesearch+appdetails,
Seers Isle,$13.99 ,82.61%,2018-09-01,"2,379",39,single only,Seers Isle,,,0,,storesearch+appdetails,
XING: The Land Beyond,$19.99 ,82.61%,2017-09-01,"1,912",39,single only,XING: The Land Beyond,,,0,,storesearch+appdetails,
Pharaoh Rebirth+,$9.99 ,84.52%,2016-03-01,"1,980",39,single only,Pharaoh Rebirth+,,,0,,storesearch+appdetails,
SiNKR,$3.99 ,87.20%,2017-10-01,"1,255",39,single only,SiNKR,,,0,,storesearch+appdetails,
Helen's Mysterious Castle,$1.99 ,87.67%,2016-03-01,"6,579",39,single only,Helen's Mysterious Castle,,,0,,storesearch+appdetails,
Phantom Trigger,$14.99 ,55.56%,2017-08-01,"1,713",39,mixed,Phantom Trigger,,,0,,storesearch+appdetails,
I'm Awesome,$1.99 ,61.25%,2017-06-01,286,39,mixed,I'm Awesome,,,0,,storesearch+appdetails,
Cosmic Cavern 3671　　宇宙最大の地底最大の作戦,$4.99 ,62.00%,2016-07-01,236,39,mixed,Cosmic Cavern 3671　　宇宙最大の地底最大の作戦,,,0,,storesearch+appdetails,
Polylithic,$14.99 ,66.07%,2023-11-01,"5,045",39,mixed,Polylithic,,,0,,storesearch+appdetails,
Metal Mutation,$16.99 ,67.16%,2023-05-01,"1,588",39,mixed,Metal Mutation,,,0,,storesearch+appdetails,
Wondershot,$12.99 ,72.21%,2016-02-01,273,39,mixed,Wondershot,,,0,,storesearch+appdetails,
GeneRally 2,$14.99 ,72.52%,2023-05-01,"1,441",39,mixed,GeneRally 2,,,0,,storesearch+appdetails,
Drift King,$3.75 ,72.87%,2022-07-01,"1,793",39,mixed,Drift King,,,0,,storesearch+appdetails,
Drunkn Bar Fight,$17.99 ,72.94%,2025-07-01,"4,345",39,mixed,Drunkn Bar Fight,,,0,,storesearch+appdetails,
Air Missions: HIND,$16.99 ,75.66%,2016-03-01,"10,157",39,mixed,Air Missions: HIND,,,0,,storesearch+appdetails,
Procyon,$3.99 ,81.30%,2014-02-01,314,39,mixed,Procyon,,,0,,storesearch+appdetails,
Combat Racers,$6.99 ,58.33%,2016-04-01,99,38,multi only,Combat Racers,,,0,,storesearch+appdetails,
Orc Colony,$9.99 ,56.45%,2019-06-01,965,38,single only,Orc Colony,,,0,,storesearch+appdetails,
Elf Manor,$14.99 ,59.04%,2019-12-01,940,38,single only,Elf Manor,,,0,,storesearch+appdetails,
Sky Valley,$1.99 ,59.87%,2016-08-01,219,38,single only,Sky Valley,,,0,,storesearch+appdetails,
Summer Fling,$9.99 ,61.82%,2016-06-01,"1,682",38,single only,Summer Fling,,,0,,storesearch+appdetails,
Xenon Valkyrie,$9.99 ,62.26%,2017-02-01,"3,405",38,single only,Xenon Valkyrie,,,0,,storesearch+appdetails,
Eggoria,$19.99 ,62.64%,2019-06-01,"1,578",38,single only,Eggoria,,,0,,storesearch+appdetails,
Lantern,$4.99 ,62.71%,2016-11-01,479,38,single only,Lantern,,,0,,storesearch+appdetails,
Wildlife Park 2 - Marine World,$3.99 ,63.44%,2007-08-01,687,38,single only,Wildlife Park 2 - Marine World,,,0,,storesearch+appdetails,
The Dungeoning,$3.99 ,65.42%,2014-04-01,359,38,single only,The Dungeoning,,,0,,storesearch+appdetails,
prog.1,$4.99 ,66.76%,2016-06-01,249,38,single only,prog.1,,,0,,storesearch+appdetails,
Skyworld: Kingdom Brawl,$9.99 ,66.77%,2019-04-01,"1,073",38,single only,Skyworld: Kingdom Brawl,,,0,,storesearch+appdetails,
Ancient Frontier: Steel Shadows,$14.99 ,67.75%,2018-12-01,"1,390",38,single only,Ancient Frontier: Steel Shadows,,,0,,storesearch+appdetails,
Artifact Adventure,$6.99 ,68.51%,2015-05-01,"1,975",38,single only,Artifact Adventure,,,0,,storesearch+appdetails,
K-Point Ski Jumping,$5.99 ,68.57%,2020-01-01,256,38,single only,K-Point Ski Jumping,,,0,,storesearch+appdetails,
Bokida - Heartfelt Reunion,$9.99 ,69.78%,2017-05-01,"1,644",38,single only,Bokida - Heartfelt Reunion,,,0,,storesearch+appdetails,
Hope Lake,$7.99 ,69.81%,2016-06-01,"1,965",38,single only,Hope Lake,,,0,,storesearch+appdetails,
SELF,$4.99 ,72.63%,2020-01-01,"1,296",38,single only,SELF,,,0,,storesearch+appdetails,
Witch and Hero(魔女と勇者),$4.99 ,73.86%,2016-04-01,845,38,single only,Witch and Hero(魔女と勇者),,,0,,storesearch+appdetails,
Shio And Mysterious Forest,$7.99 ,73.88%,2019-09-01,793,38,single only,Shio And Mysterious Forest,,,0,,storesearch+appdetails,
Blacksea Odyssey,$9.99 ,74.36%,2016-06-01,"1,691",38,single only,Blacksea Odyssey,,,0,,storesearch+appdetails,
A Walk in the Dark,$6.99 ,75.01%,2013-11-01,908,38,single only,A Walk in the Dark,,,0,,storesearch+appdetails,
LOST EGG,$2.99 ,75.40%,2019-06-01,475,38,single only,LOST EGG,,,0,,storesearch+appdetails,
Disassembly 3D,$29.99 ,75.40%,2017-12-01,"1,495",38,single only,Disassembly 3D,,,0,,storesearch+appdetails,
Diamond Joyce and the Secret of Crystal Cave,$5.99 ,80.07%,2016-09-01,212,38,single only,Diamond Joyce and the Secret of Crystal Cave,,,0,,storesearch+appdetails,
SnowNight,$1.99 ,85.12%,2018-12-01,"1,313",38,single only,SnowNight,,,0,,storesearch+appdetails,
Sable's Grimoire,$14.99 ,85.54%,2018-05-01,987,38,single only,Sable's Grimoire,,,0,,storesearch+appdetails,
PLAYNE : The Meditation Game,$14.99 ,88.52%,2020-05-01,"8,817",38,single only,PLAYNE : The Meditation Game,,,0,,storesearch+appdetails,
Galactic Ruler,$19.98 ,49.05%,2022-08-01,"1,759",38,mixed,Galactic Ruler,,,0,,storesearch+appdetails,
World League Baseball,$14.99 ,65.67%,2023-10-01,268,38,mixed,World League Baseball,,,0,,storesearch+appdetails,
Battlewake,$29.99 ,67.84%,2019-09-01,"2,454",38,mixed,Battlewake,,,0,,storesearch+appdetails,
SunAge: Battle for Elysium,$5.99 ,68.14%,2014-12-01,"2,178",38,mixed,SunAge: Battle for Elysium,,,0,,storesearch+appdetails,
Angel Express [Tokkyu Tenshi],$9.99 ,68.30%,2016-07-01,446,38,mixed,Angel Express [Tokkyu Tenshi],,,0,,storesearch+appdetails,
I Hate Running Backwards,$14.99 ,69.87%,2018-05-01,"2,718",38,mixed,I Hate Running Backwards,,,0,,storesearch+appdetails,
God of Word,$4.99 ,70.90%,2016-09-01,983,38,mixed,God of Word,,,0,,storesearch+appdetails,
Bombslinger,$11.99 ,71.96%,2018-04-01,"1,967",38,mixed,Bombslinger,,,0,,storesearch+appdetails,
Lichtspeer: Double Speer Edition,$9.99 ,72.30%,2019-08-01,376,38,mixed,Lichtspeer: Double Speer Edition,,,0,,storesearch+appdetails,
Aeolis Tournament,$4.99 ,73.53%,2020-07-01,"1,135",38,mixed,Aeolis Tournament,,,0,,storesearch+appdetails,
Windlands 2,$19.99 ,74.91%,2018-11-01,"2,271",38,mixed,Windlands 2,,,0,,storesearch+appdetails,
Bullet Roulette VR,$7.99 ,79.81%,2020-09-01,"1,265",38,mixed,Bullet Roulette VR,,,0,,storesearch+appdetails,
Exoracer,$4.99 ,83.34%,2024-08-01,263,38,mixed,Exoracer,,,0,,storesearch+appdetails,
Juiced!,$1.99 ,84.76%,2020-04-01,187,38,mixed,Juiced!,,,0,,storesearch+appdetails,
Cats on Duty,$9.99 ,85.07%,2024-07-01,805,38,mixed,Cats on Duty,,,0,,storesearch+appdetails,
Rum & Gun,$4.99 ,86.12%,2024-08-01,"2,994",38,mixed,Rum & Gun,,,0,,storesearch+appdetails,
Shaolin vs Wutang,$9.99 ,87.30%,2018-07-01,"5,661",38,mixed,Shaolin vs Wutang,,,0,,storesearch+appdetails,
Boss Defiance - Heroic Edition,$9.99 ,52.59%,2017-09-01,380,37,multi only,Boss Defiance - Heroic Edition,,,0,,storesearch+appdetails,
Gavis Arenarium,$12.99 ,67.93%,2024-10-01,22,37,multi only,Gavis Arenarium,,,0,,storesearch+appdetails,
Muddledash,$5.99 ,76.95%,2018-07-01,792,37,multi only,Muddledash,,,0,,storesearch+appdetails,
Luna's Wandering Stars,$9.99 ,57.00%,2015-05-01,445,37,single only,Luna's Wandering Stars,,,0,,storesearch+appdetails,
Winds Of Trade,$11.99 ,59.32%,2017-02-01,"3,122",37,single only,Winds Of Trade,,,0,,storesearch+appdetails,
HYPERGUN,$9.99 ,59.45%,2018-08-01,702,37,single only,HYPERGUN,,,0,,storesearch+appdetails,
First Day: Home Defender,$9.99 ,60.10%,2020-02-01,86,37,single only,First Day: Home Defender,,,0,,storesearch+appdetails,
Memorrha,$14.99 ,62.47%,2019-09-01,"1,549",37,single only,Memorrha,,,0,,storesearch+appdetails,
Flamel's miracle（弗拉梅尔的奇迹）,$5.99 ,63.52%,2017-04-01,"1,664",37,single only,Flamel's miracle（弗拉梅尔的奇迹）,,,0,,storesearch+appdetails,
Switch - Or Die Trying,$6.99 ,64.07%,2017-03-01,347,37,single only,Switch - Or Die Trying,,,0,,storesearch+appdetails,
The Saint: Abyss of Despair,$3.99 ,65.49%,2013-04-01,154,37,single only,The Saint: Abyss of Despair,,,0,,storesearch+appdetails,
Trucks & Trailers,$4.99 ,66.79%,2011-06-01,"1,863",37,single only,Trucks & Trailers,,,0,,storesearch+appdetails,
Elisa: Seduce the Innkeeper,$4.99 ,67.22%,2017-09-01,"3,361",37,single only,Elisa: Seduce the Innkeeper,,,0,,storesearch+appdetails,
City Quest,$1.99 ,67.25%,2015-08-01,301,37,single only,City Quest,,,0,,storesearch+appdetails,
Small Radios Big Televisions,$11.99 ,68.00%,2016-11-01,"1,309",37,single only,Small Radios Big Televisions,,,0,,storesearch+appdetails,
法利恩戰記（Furion Chronicles）,$4.99 ,68.71%,2020-03-01,"1,466",37,single only,法利恩戰記（Furion Chronicles）,,,0,,storesearch+appdetails,
RED Fuse: Rolling Explosive Device,$4.99 ,69.91%,2015-09-01,112,37,single only,RED Fuse: Rolling Explosive Device,,,0,,storesearch+appdetails,
Systematic Immunity,$3.99 ,69.94%,2016-05-01,153,37,single only,Systematic Immunity,,,0,,storesearch+appdetails,
Beauty and the Beast: Hidden Objects,$7.99 ,70.02%,2018-08-01,283,37,single only,Beauty and the Beast: Hidden Objects,,,0,,storesearch+appdetails,
Affairs of the Court: Choice of Romance,$8.99 ,70.64%,2013-08-01,353,37,single only,Affairs of the Court: Choice of Romance,,,0,,storesearch+appdetails,
Duck Life 7: Battle,$4.99 ,70.97%,2018-08-01,453,37,single only,Duck Life 7: Battle,,,0,,storesearch+appdetails,
Monochroma,$19.99 ,71.02%,2014-05-01,"2,176",37,single only,Monochroma,,,0,,storesearch+appdetails,
iBomber Attack,$5.99 ,71.98%,2012-11-01,261,37,single only,iBomber Attack,,,0,,storesearch+appdetails,
Wimp: Who Stole My Pants?,$3.99 ,72.63%,2015-06-01,218,37,single only,Wimp: Who Stole My Pants?,,,0,,storesearch+appdetails,
Unsouled,$19.99 ,73.71%,2022-04-01,"4,671",37,single only,Unsouled,,,0,,storesearch+appdetails,
XXZ: XXL,$5.99 ,74.01%,2017-09-01,"1,426",37,single only,XXZ: XXL,,,0,,storesearch+appdetails,
Wenjia,$8.99 ,74.65%,2018-10-01,"3,811",37,single only,Wenjia,,,0,,storesearch+appdetails,
Avernum 4,$4.99 ,76.05%,2012-05-01,588,37,single only,Avernum 4,,,0,,storesearch+appdetails,
🚀 Human Rocket Person,$1.99 ,77.59%,2018-11-01,253,37,single only,🚀 Human Rocket Person,,,0,,storesearch+appdetails,
Mother Simulator,$1.99 ,78.12%,2018-03-01,"1,930",37,single only,Mother Simulator,,,0,,storesearch+appdetails,
Another Perspective,$5.99 ,80.94%,2014-08-01,587,37,single only,Another Perspective,,,0,,storesearch+appdetails,
The Chronicles of Nyanya,$19.99 ,81.61%,2018-02-01,995,37,single only,The Chronicles of Nyanya,,,0,,storesearch+appdetails,
Night Blights,$6.99 ,81.82%,2016-04-01,636,37,single only,Night Blights,,,0,,storesearch+appdetails,
Expand,$5.99 ,82.11%,2015-09-01,663,37,single only,Expand,,,0,,storesearch+appdetails,
Rifter,$11.99 ,82.61%,2018-07-01,"1,287",37,single only,Rifter,,,0,,storesearch+appdetails,
Tally Ho,$7.99 ,83.35%,2017-12-01,276,37,single only,Tally Ho,,,0,,storesearch+appdetails,
Cranked Up,$9.99 ,83.65%,2021-07-01,196,37,single only,Cranked Up,,,0,,storesearch+appdetails,
Mighty Switch Force! Hyper Drive Edition,$9.99 ,83.97%,2015-06-01,"2,573",37,single only,Mighty Switch Force! Hyper Drive Edition,,,0,,storesearch+appdetails,
Supaplex,$4.49 ,86.71%,2018-05-01,528,37,single only,Supaplex,,,0,,storesearch+appdetails,
Diesel Railcar Simulator,$19.99 ,86.80%,2018-03-01,"2,407",37,single only,Diesel Railcar Simulator,,,0,,storesearch+appdetails,
Dead Sky,$1.99 ,38.91%,2013-11-01,231,37,mixed,Dead Sky,,,0,,storesearch+appdetails,
Ragtag Adventurers,$9.99 ,58.97%,2017-12-01,193,37,mixed,Ragtag Adventurers,,,0,,storesearch+appdetails,
The Next Penelope,$12.99 ,67.62%,2015-05-01,"1,760",37,mixed,The Next Penelope,,,0,,storesearch+appdetails,
Gehinnom,$9.99 ,69.91%,2023-10-01,918,37,mixed,Gehinnom,,,0,,storesearch+appdetails,
Steam: Rails to Riches,$4.49 ,71.49%,2017-03-01,"2,933",37,mixed,Steam: Rails to Riches,,,0,,storesearch+appdetails,
A Technician's Nightmare,$1.99 ,72.99%,2024-01-01,388,37,mixed,A Technician's Nightmare,,,0,,storesearch+appdetails,
Anzeigen Simulator,$4.99 ,73.90%,2024-04-01,381,37,mixed,Anzeigen Simulator,,,0,,storesearch+appdetails,
Eyes of War,$20.99 ,74.15%,2025-01-01,"3,848",37,mixed,Eyes of War,,,0,,storesearch+appdetails,
Watcher Chronicles,$19.99 ,78.64%,2022-01-01,"1,045",37,mixed,Watcher Chronicles,,,0,,storesearch+appdetails,
Rival Megagun,$14.99 ,81.45%,2018-11-01,"1,908",37,mixed,Rival Megagun,,,0,,storesearch+appdetails,
de Blob,$4.99 ,81.90%,2017-04-01,"2,168",37,mixed,de Blob,,,0,,storesearch+appdetails,
Sunday Rivals,$19.99 ,83.83%,2022-05-01,"1,479",37,mixed,Sunday Rivals,,,0,,storesearch+appdetails,
Zero-based World-从零开始,$18.99 ,67.27%,2020-07-01,"1,757",36,multi only,Zero-based World-从零开始,,,0,,storesearch+appdetails,
Trials of the Thief-Taker,$4.99 ,57.18%,2017-08-01,99,36,single only,Trials of the Thief-Taker,,,0,,storesearch+appdetails,
Bret Airborne,$4.99 ,59.54%,2013-04-01,118,36,single only,Bret Airborne,,,0,,storesearch+appdetails,
The Great Fusion,$2.99 ,61.27%,2015-02-01,309,36,single only,The Great Fusion,,,0,,storesearch+appdetails,
TIMEframe,$5.99 ,63.27%,2015-07-01,"2,232",36,single only,TIMEframe,,,0,,storesearch+appdetails,
Blood Waves,$9.99 ,63.67%,2018-05-01,"1,432",36,single only,Blood Waves,,,0,,storesearch+appdetails,
Stronghold: A Hero's Fate,$6.99 ,64.07%,2018-11-01,95,36,single only,Stronghold: A Hero's Fate,,,0,,storesearch+appdetails,
Urban Pirate,$11.99 ,65.37%,2016-06-01,464,36,single only,Urban Pirate,,,0,,storesearch+appdetails,
Planet Diver,$3.99 ,69.50%,2015-12-01,517,36,single only,Planet Diver,,,0,,storesearch+appdetails,
Lovely Planet Arcade,$5.99 ,70.53%,2016-07-01,523,36,single only,Lovely Planet Arcade,,,0,,storesearch+appdetails,
Flockers™,$9.99 ,70.93%,2014-09-01,"1,582",36,single only,Flockers™,,,0,,storesearch+appdetails,
Tethered,$18.99 ,75.07%,2017-02-01,"3,531",36,single only,Tethered,,,0,,storesearch+appdetails,
Batbarian: Testament of the Primordials,$14.99 ,75.15%,2020-10-01,"3,288",36,single only,Batbarian: Testament of the Primordials,,,0,,storesearch+appdetails,
Samurai of Hyuga Book 2,$5.99 ,76.37%,2016-09-01,373,36,single only,Samurai of Hyuga Book 2,,,0,,storesearch+appdetails,
Eventide 3: Legacy of Legends,$14.99 ,78.56%,2017-09-01,"1,215",36,single only,Eventide 3: Legacy of Legends,,,0,,storesearch+appdetails,
Captain Forever Trilogy,$9.99 ,81.46%,2018-05-01,"1,132",36,single only,Captain Forever Trilogy,,,0,,storesearch+appdetails,
Ballex,$3.99 ,82.32%,2019-08-01,"1,015",36,single only,Ballex,,,0,,storesearch+appdetails,
Koi Musubi,$10.99 ,83.15%,2016-08-01,"3,958",36,single only,Koi Musubi,,,0,,storesearch+appdetails,
場外人生,$2.98 ,83.28%,2019-08-01,"1,108",36,single only,場外人生,,,0,,storesearch+appdetails,
Lord Winklebottom Investigates,$18.99 ,84.31%,2022-07-01,"1,695",36,single only,Lord Winklebottom Investigates,,,0,,storesearch+appdetails,
Nobodies: Murder Cleaner,$6.99 ,84.52%,2019-09-01,"1,592",36,single only,Nobodies: Murder Cleaner,,,0,,storesearch+appdetails,
Bunny Park,$4.99 ,84.99%,2020-01-01,"1,624",36,single only,Bunny Park,,,0,,storesearch+appdetails,
Danmaku Unlimited 2,$4.99 ,85.99%,2014-03-01,872,36,single only,Danmaku Unlimited 2,,,0,,storesearch+appdetails,
Knock Harder,$9.99 ,86.38%,2020-04-01,"3,068",36,single only,Knock Harder,,,0,,storesearch+appdetails,
Sure Footing,$4.99 ,39.63%,2018-03-01,138,36,mixed,Sure Footing,,,0,,storesearch+appdetails,
The Experiment: Escape Room,$3.99 ,53.18%,2018-11-01,"1,135",36,mixed,The Experiment: Escape Room,,,0,,storesearch+appdetails,
Dark Forester,$14.99 ,60.77%,2018-07-01,847,36,mixed,Dark Forester,,,0,,storesearch+appdetails,
Axis Football 2019,$9.99 ,64.87%,2019-09-01,566,36,mixed,Axis Football 2019,,,0,,storesearch+appdetails,
aerofly RC 10 - RC Flight Simulator,$99.99 ,69.81%,2023-11-01,"1,220",36,mixed,aerofly RC 10 - RC Flight Simulator,,,0,,storesearch+appdetails,
KungFu Kickball,$19.99 ,72.66%,2022-02-01,953,36,mixed,KungFu Kickball,,,0,,storesearch+appdetails,
Pigeons Attack,$4.99 ,83.44%,2019-02-01,856,36,mixed,Pigeons Attack,,,0,,storesearch+appdetails,
Suika Shapes,$4.99 ,84.06%,2023-11-01,230,36,mixed,Suika Shapes,,,0,,storesearch+appdetails,
Goodboy Galaxy,$24.99 ,85.08%,2024-10-01,"1,046",36,mixed,Goodboy Galaxy,,,0,,storesearch+appdetails,
Infinimine,$9.99 ,59.10%,2023-02-01,371,35,multi only,Infinimine,,,0,,storesearch+appdetails,
Magic Nations - Card Game,$14.99 ,65.10%,2018-09-01,307,35,multi only,Magic Nations - Card Game,,,0,,storesearch+appdetails,
Omegalodon,$9.99 ,65.52%,2012-03-01,"1,057",35,multi only,Omegalodon,,,0,,storesearch+appdetails,
Hide and Seek,$2.99 ,68.94%,2026-11-21,840,35,multi only,Hide and Seek,,,0,,storesearch+appdetails,
A-Tech Cybernetic VR,$14.99 ,58.85%,2020-03-01,"3,578",35,single only,A-Tech Cybernetic VR,,,0,,storesearch+appdetails,
Imagine Lifetimes,$5.99 ,62.13%,2020-11-01,"1,111",35,single only,Imagine Lifetimes,,,0,,storesearch+appdetails,
Morphite,$14.99 ,63.54%,2017-09-01,"1,427",35,single only,Morphite,,,0,,storesearch+appdetails,
Saga of the North Wind,$6.99 ,64.35%,2016-11-01,169,35,single only,Saga of the North Wind,,,0,,storesearch+appdetails,
LifeZ - Survival,$9.99 ,64.48%,2018-03-01,"3,198",35,single only,LifeZ - Survival,,,0,,storesearch+appdetails,
The Weaponographist,$5.99 ,65.20%,2015-04-01,887,35,single only,The Weaponographist,,,0,,storesearch+appdetails,
Classic Card Games 3D,$19.99 ,65.37%,2018-11-01,303,35,single only,Classic Card Games 3D,,,0,,storesearch+appdetails,
Nekuia,$9.99 ,66.25%,2016-12-01,340,35,single only,Nekuia,,,0,,storesearch+appdetails,
Vampires: Guide Them to Safety!,$4.99 ,67.65%,2014-10-01,206,35,single only,Vampires: Guide Them to Safety!,,,0,,storesearch+appdetails,
Disjunction,$15.99 ,67.65%,2021-01-01,"3,956",35,single only,Disjunction,,,0,,storesearch+appdetails,
The Islander,$2.99 ,67.79%,2018-02-01,"2,996",35,single only,The Islander,,,0,,storesearch+appdetails,
A Hole New World,$9.99 ,69.37%,2017-05-01,"1,261",35,single only,A Hole New World,,,0,,storesearch+appdetails,
RETSNOM,$4.99 ,69.88%,2015-07-01,571,35,single only,RETSNOM,,,0,,storesearch+appdetails,
Violet rE:-The Final reExistence-,$3.99 ,70.01%,2019-07-01,966,35,single only,Violet rE:-The Final reExistence-,,,0,,storesearch+appdetails,
Lord of Dwarves,$19.99 ,70.88%,2020-05-01,"2,588",35,single only,Lord of Dwarves,,,0,,storesearch+appdetails,
Puzzle Bots,$4.99 ,70.95%,2010-10-01,164,35,single only,Puzzle Bots,,,0,,storesearch+appdetails,
Ultimate Booster Experience,$4.99 ,71.11%,2016-04-01,"1,268",35,single only,Ultimate Booster Experience,,,0,,storesearch+appdetails,
The Spectrum Retreat,$12.99 ,71.46%,2018-07-01,"1,509",35,single only,The Spectrum Retreat,,,0,,storesearch+appdetails,
The Hero Unmasked!,$6.99 ,72.28%,2017-07-01,125,35,single only,The Hero Unmasked!,,,0,,storesearch+appdetails,
Sentinel 3: Homeworld,$5.99 ,73.14%,2010-11-01,366,35,single only,Sentinel 3: Homeworld,,,0,,storesearch+appdetails,
The Overdreamer,$4.99 ,73.45%,2017-07-01,192,35,single only,The Overdreamer,,,0,,storesearch+appdetails,
Last Stop,$24.99 ,73.49%,2021-07-01,"3,783",35,single only,Last Stop,,,0,,storesearch+appdetails,
TankBlitz,$7.99 ,75.95%,2017-04-01,226,35,single only,TankBlitz,,,0,,storesearch+appdetails,
"Time Gentlemen, Please! and Ben There, Dan That! Special Edition Double Pack",$4.99 ,76.31%,2009-06-01,721,35,single only,"Time Gentlemen, Please! and Ben There, Dan That! Special Edition Double Pack",,,0,,storesearch+appdetails,
Alien Robot Monsters,$5.99 ,76.57%,2015-09-01,338,35,single only,Alien Robot Monsters,,,0,,storesearch+appdetails,
Devious Dungeon,$7.99 ,77.39%,2019-08-01,"4,081",35,single only,Devious Dungeon,,,0,,storesearch+appdetails,
PowerBeatsVR - VR Fitness,$19.99 ,78.63%,2020-11-01,"3,091",35,single only,PowerBeatsVR - VR Fitness,,,0,,storesearch+appdetails,
Globesweeper: Hex Puzzler,$7.99 ,80.34%,2019-11-01,254,35,single only,Globesweeper: Hex Puzzler,,,0,,storesearch+appdetails,
Super Chibi Knight,$6.99 ,80.82%,2015-06-01,"1,715",35,single only,Super Chibi Knight,,,0,,storesearch+appdetails,
Necrosphere,$7.99 ,81.13%,2017-09-01,685,35,single only,Necrosphere,,,0,,storesearch+appdetails,
克莉丝的炎之信仰 Cryste: the Faith of Fire Vol.1,$9.99 ,81.85%,2017-05-01,"2,956",35,single only,克莉丝的炎之信仰 Cryste: the Faith of Fire Vol.1,,,0,,storesearch+appdetails,
The Blind Prophet,$19.99 ,82.10%,2020-02-01,"2,858",35,single only,The Blind Prophet,,,0,,storesearch+appdetails,
Mr Husky,$1.99 ,82.53%,2019-07-01,300,35,single only,Mr Husky,,,0,,storesearch+appdetails,
NOISZ,$19.99 ,84.03%,2018-08-01,609,35,single only,NOISZ,,,0,,storesearch+appdetails,
The Wind and Wilting Blossom,$9.99 ,85.38%,2020-12-01,"1,625",35,single only,The Wind and Wilting Blossom,,,0,,storesearch+appdetails,
Red Matter,$24.99 ,85.58%,2018-11-01,"4,396",35,single only,Red Matter,,,0,,storesearch+appdetails,
Endless ATC,$7.99 ,89.92%,2015-12-01,"1,207",35,single only,Endless ATC,,,0,,storesearch+appdetails,
SPACE ALPHA,$10.99 ,—,2021-08-01,55,35,mixed,SPACE ALPHA,,,0,,storesearch+appdetails,
GM Forge - Virtual Tabletop,$29.99 ,38.02%,2018-05-01,"1,647",35,mixed,GM Forge - Virtual Tabletop,,,0,,storesearch+appdetails,
Toy Wars Invasion,$11.99 ,44.86%,2015-05-01,188,35,mixed,Toy Wars Invasion,,,0,,storesearch+appdetails,
Survival Camp,$10.99 ,45.92%,2019-12-01,"2,548",35,mixed,Survival Camp,,,0,,storesearch+appdetails,
Trials of Ascension: Exile,$9.99 ,50.00%,2018-07-01,"1,547",35,mixed,Trials of Ascension: Exile,,,0,,storesearch+appdetails,
FunkyMouse's ISO,$7.99 ,50.57%,2024-09-01,372,35,mixed,FunkyMouse's ISO,,,0,,storesearch+appdetails,
Blackwind,$24.99 ,56.88%,2022-01-01,"2,266",35,mixed,Blackwind,,,0,,storesearch+appdetails,
Backgammon Blitz,$3.99 ,57.19%,2015-11-01,449,35,mixed,Backgammon Blitz,,,0,,storesearch+appdetails,
ManaCollect,$6.99 ,57.65%,2015-04-01,"1,093",35,mixed,ManaCollect,,,0,,storesearch+appdetails,
BattleLore: Command,$6.99 ,61.46%,2014-11-01,"1,072",35,mixed,BattleLore: Command,,,0,,storesearch+appdetails,
Super Soccer Blast,$7.99 ,66.43%,2020-06-01,708,35,mixed,Super Soccer Blast,,,0,,storesearch+appdetails,
Mitch: Berry Challenge,$3.99 ,68.75%,2016-08-01,159,35,mixed,Mitch: Berry Challenge,,,0,,storesearch+appdetails,
Aeon Drive,$14.99 ,70.69%,2021-09-01,"2,317",35,mixed,Aeon Drive,,,0,,storesearch+appdetails,
Deep Space Battle Simulator,$9.99 ,73.97%,2021-11-01,"6,104",35,mixed,Deep Space Battle Simulator,,,0,,storesearch+appdetails,
Summer Catchers,$8.99 ,75.70%,2019-07-01,"1,822",35,mixed,Summer Catchers,,,0,,storesearch+appdetails,
Golf Gambit,$9.99 ,77.77%,2025-04-01,314,35,mixed,Golf Gambit,,,0,,storesearch+appdetails,
Carrier Battles 4 Guadalcanal - Pacific War Naval Warfare,$29.99 ,80.13%,2020-06-01,"2,411",35,mixed,Carrier Battles 4 Guadalcanal - Pacific War Naval Warfare,,,0,,storesearch+appdetails,
The 18th Attic - Paranormal Anomaly Hunting Game,$7.99 ,80.63%,2026-01-01,"1,009",35,mixed,The 18th Attic - Paranormal Anomaly Hunting Game,,,0,,storesearch+appdetails,
Spooky Station,$4.99 ,80.67%,2019-10-01,"1,544",35,mixed,Spooky Station,,,0,,storesearch+appdetails,
Floor Kids,$19.90 ,80.76%,2018-05-01,"1,451",35,mixed,Floor Kids,,,0,,storesearch+appdetails,
Crash Drive 3,$19.99 ,84.34%,2021-07-01,"1,135",35,mixed,Crash Drive 3,,,0,,storesearch+appdetails,
Hand Simulator: Shooter,$2.99 ,48.38%,2026-02-25,410,34,multi only,Hand Simulator: Shooter,,,0,,storesearch+appdetails,
Fight Party,$4.99 ,72.09%,2026-05-21,540,34,multi only,Fight Party,,,0,,storesearch+appdetails,
Only False,$5.99 ,82.28%,2026-02-25,190,34,multi only,Only False,,,0,,storesearch+appdetails,
Judofuri,$14.99 ,86.26%,2026-12-24,333,34,multi only,Judofuri,,,0,,storesearch+appdetails,
Brave Escape,$19.99 ,87.53%,2026-01-25,690,34,multi only,Brave Escape,,,0,,storesearch+appdetails,
Hidden in Plain Sight,$5.99 ,92.81%,2026-07-14,"1,776",34,multi only,Hidden in Plain Sight,,,0,,storesearch+appdetails,
Soul Locus,$9.99 ,57.36%,2015-04-01,431,34,single only,Soul Locus,,,0,,storesearch+appdetails,
3D Gravity Rocket,$2.99 ,58.80%,2018-06-01,46,34,single only,3D Gravity Rocket,,,0,,storesearch+appdetails,
Miscreation: Evolve Your Creature!,$9.99 ,59.40%,2019-11-01,575,34,single only,Miscreation: Evolve Your Creature!,,,0,,storesearch+appdetails,
Flatspace IIk,$15.99 ,59.68%,2017-04-01,413,34,single only,Flatspace IIk,,,0,,storesearch+appdetails,
MegaSphere,$14.99 ,61.09%,2015-08-01,"5,465",34,single only,MegaSphere,,,0,,storesearch+appdetails,
Door,$6.99 ,61.75%,2018-06-01,796,34,single only,Door,,,0,,storesearch+appdetails,
Forgiveness : Escape Room,$9.99 ,62.95%,2019-02-01,758,34,single only,Forgiveness : Escape Room,,,0,,storesearch+appdetails,
Memento Mori 2,$24.99 ,64.39%,2014-05-01,"1,524",34,single only,Memento Mori 2,,,0,,storesearch+appdetails,
Ninja Senki DX,$4.99 ,65.67%,2016-02-01,570,34,single only,Ninja Senki DX,,,0,,storesearch+appdetails,
Cannonfire Concerto,$5.99 ,66.33%,2016-12-01,156,34,single only,Cannonfire Concerto,,,0,,storesearch+appdetails,
Epitasis,$14.99 ,67.97%,2019-05-01,"3,002",34,single only,Epitasis,,,0,,storesearch+appdetails,
MoonQuest,$19.99 ,68.01%,2020-02-01,"2,434",34,single only,MoonQuest,,,0,,storesearch+appdetails,
Samurai of Hyuga Book 3,$5.99 ,68.41%,2017-12-01,149,34,single only,Samurai of Hyuga Book 3,,,0,,storesearch+appdetails,
Brute,$6.99 ,68.78%,2017-05-01,128,34,single only,Brute,,,0,,storesearch+appdetails,
iBomber Defense,$5.99 ,69.23%,2011-05-01,208,34,single only,iBomber Defense,,,0,,storesearch+appdetails,
MindSeize,$14.99 ,70.80%,2020-02-01,"2,095",34,single only,MindSeize,,,0,,storesearch+appdetails,
Eternal Dread 2,$9.99 ,73.11%,2019-12-01,"2,077",34,single only,Eternal Dread 2,,,0,,storesearch+appdetails,
Abomi Nation,$14.99 ,75.56%,2021-07-01,"1,096",34,single only,Abomi Nation,,,0,,storesearch+appdetails,
WaveLand,$4.99 ,76.54%,2017-04-01,366,34,single only,WaveLand,,,0,,storesearch+appdetails,
Eschalon: Book II,$5.99 ,76.56%,2010-05-01,626,34,single only,Eschalon: Book II,,,0,,storesearch+appdetails,
An Octave Higher,$11.99 ,76.70%,2015-03-01,"4,207",34,single only,An Octave Higher,,,0,,storesearch+appdetails,
Disc Creatures,$14.99 ,77.10%,2019-10-01,"2,423",34,single only,Disc Creatures,,,0,,storesearch+appdetails,
Blackwood Crossing,$15.99 ,77.47%,2017-04-01,"3,906",34,single only,Blackwood Crossing,,,0,,storesearch+appdetails,
Ironheart,$6.99 ,78.13%,2020-02-01,242,34,single only,Ironheart,,,0,,storesearch+appdetails,
The Dark Room,$13.99 ,80.28%,2018-09-01,"1,005",34,single only,The Dark Room,,,0,,storesearch+appdetails,
Because We're Here - Act I,$5.99 ,83.84%,2018-07-01,457,34,single only,Because We're Here - Act I,,,0,,storesearch+appdetails,
The Devil's Calculator,$2.99 ,85.07%,2019-01-01,401,34,single only,The Devil's Calculator,,,0,,storesearch+appdetails,
Redirection,$3.99 ,85.23%,2016-10-01,589,34,single only,Redirection,,,0,,storesearch+appdetails,
Final Approach,$14.99 ,86.44%,2016-04-01,"2,703",34,single only,Final Approach,,,0,,storesearch+appdetails,
Masterspace,$4.99 ,32.51%,2015-06-01,"1,155",34,mixed,Masterspace,,,0,,storesearch+appdetails,
Mars Colony: Frontier,$4.99 ,43.19%,2015-09-01,743,34,mixed,Mars Colony: Frontier,,,0,,storesearch+appdetails,
Oh My Godheads,$14.99 ,44.95%,2017-12-01,"1,613",34,mixed,Oh My Godheads,,,0,,storesearch+appdetails,
MiniBotz,$1.99 ,47.89%,2017-01-01,153,34,mixed,MiniBotz,,,0,,storesearch+appdetails,
FROM FEAR,$12.99 ,50.82%,2023-10-01,933,34,mixed,FROM FEAR,,,0,,storesearch+appdetails,
Shadowkin,$6.99 ,65.94%,2024-02-01,"1,316",34,mixed,Shadowkin,,,0,,storesearch+appdetails,
Dandy: Or a Brief Glimpse Into the Life of the Candy Alchemist,$9.99 ,68.52%,2015-08-01,268,34,mixed,Dandy: Or a Brief Glimpse Into the Life of the Candy Alchemist,,,0,,storesearch+appdetails,
Climb and Cry,$7.99 ,68.97%,2024-10-01,20,34,mixed,Climb and Cry,,,0,,storesearch+appdetails,
Diamond Hands: To The Moon,$7.99 ,69.76%,2021-09-01,97,34,mixed,Diamond Hands: To The Moon,,,0,,storesearch+appdetails,
Shmadow,$1.99 ,75.12%,2015-11-01,889,34,mixed,Shmadow,,,0,,storesearch+appdetails,
The World Next Door,$4.99 ,75.30%,2019-03-01,"1,939",34,mixed,The World Next Door,,,0,,storesearch+appdetails,
SKIBIDI GYATROOMS,$1.99 ,75.76%,2025-01-01,360,34,mixed,SKIBIDI GYATROOMS,,,0,,storesearch+appdetails,
Feather,$9.99 ,77.27%,2019-04-01,"3,527",34,mixed,Feather,,,0,,storesearch+appdetails,
Paradiddle,$24.99 ,85.77%,2022-11-01,"3,082",34,mixed,Paradiddle,,,0,,storesearch+appdetails,
Premium Bowling,$19.99 ,86.65%,2019-10-01,"1,352",34,mixed,Premium Bowling,,,0,,storesearch+appdetails,
Card Hog,$5.99 ,87.77%,2023-12-01,"1,762",34,mixed,Card Hog,,,0,,storesearch+appdetails,
Chicken Invaders 4,$5.99 ,90.74%,2014-06-01,931,34,mixed,Chicken Invaders 4,,,0,,storesearch+appdetails,
WARMA,$8.98 ,53.20%,2026-07-19,"2,555",33,multi only,WARMA,,,0,,storesearch+appdetails,
The Watchers,$4.99 ,70.19%,2026-02-20,"1,432",33,multi only,The Watchers,,,0,,storesearch+appdetails,
Arcane Rivals,$3.99 ,76.82%,2026-01-26,321,33,multi only,Arcane Rivals,,,0,,storesearch+appdetails,
Overdosed - A Trip To Hell,$6.99 ,58.55%,2016-05-01,363,33,single only,Overdosed - A Trip To Hell,,,0,,storesearch+appdetails,
Tenshu General,$5.99 ,60.17%,2015-12-01,580,33,single only,Tenshu General,,,0,,storesearch+appdetails,
Starship Traveller (Standalone),$4.99 ,60.32%,2015-03-01,"1,538",33,single only,Starship Traveller (Standalone),,,0,,storesearch+appdetails,
Time To Stop Time,$9.99 ,66.85%,2020-11-01,"2,149",33,single only,Time To Stop Time,,,0,,storesearch+appdetails,
The Last Wizard,$5.99 ,68.10%,2018-08-01,97,33,single only,The Last Wizard,,,0,,storesearch+appdetails,
Pixplode,$2.99 ,68.17%,2017-07-01,263,33,single only,Pixplode,,,0,,storesearch+appdetails,
Almost Alive,$11.99 ,68.67%,2018-07-01,"2,330",33,single only,Almost Alive,,,0,,storesearch+appdetails,
Crossroad Mysteries: The Broken Deal,$9.99 ,68.90%,2017-09-01,384,33,single only,Crossroad Mysteries: The Broken Deal,,,0,,storesearch+appdetails,
Tahira: Echoes of the Astral Empire,$14.99 ,70.18%,2016-08-01,"1,913",33,single only,Tahira: Echoes of the Astral Empire,,,0,,storesearch+appdetails,
Queen's Quest 3: The End of Dawn,$14.99 ,71.76%,2017-04-01,588,33,single only,Queen's Quest 3: The End of Dawn,,,0,,storesearch+appdetails,
forma.8,$9.99 ,72.90%,2017-02-01,891,33,single only,forma.8,,,0,,storesearch+appdetails,
Remorse: The List,$14.99 ,73.52%,2022-04-01,"2,049",33,single only,Remorse: The List,,,0,,storesearch+appdetails,
The Fidelio Incident,$9.99 ,74.36%,2017-05-01,"4,741",33,single only,The Fidelio Incident,,,0,,storesearch+appdetails,
A Healer Only Lives Twice,$4.99 ,74.97%,2016-06-01,"2,933",33,single only,A Healer Only Lives Twice,,,0,,storesearch+appdetails,
DRAW CHILLY,$4.99 ,75.15%,2019-11-01,"1,137",33,single only,DRAW CHILLY,,,0,,storesearch+appdetails,
Last Horizon,$5.99 ,75.57%,2015-11-01,"1,397",33,single only,Last Horizon,,,0,,storesearch+appdetails,
Loot Hound™,$7.99 ,75.89%,2015-11-01,547,33,single only,Loot Hound™,,,0,,storesearch+appdetails,
House of Snark 6-in-1 Bundle,$11.99 ,77.57%,2016-07-01,378,33,single only,House of Snark 6-in-1 Bundle,,,0,,storesearch+appdetails,
Lines X,$1.99 ,77.71%,2017-10-01,964,33,single only,Lines X,,,0,,storesearch+appdetails,
Light Fall,$14.99 ,77.84%,2018-04-01,"1,388",33,single only,Light Fall,,,0,,storesearch+appdetails,
Sidewords,$4.99 ,80.92%,2017-09-01,160,33,single only,Sidewords,,,0,,storesearch+appdetails,
868-HACK,$5.65 ,81.36%,2015-01-01,"1,069",33,single only,868-HACK,,,0,,storesearch+appdetails,
Lydia,$3.99 ,83.27%,2017-06-01,"2,403",33,single only,Lydia,,,0,,storesearch+appdetails,
Rainbow Billy: The Curse of the Leviathan,$19.99 ,84.22%,2021-10-01,"1,527",33,single only,Rainbow Billy: The Curse of the Leviathan,,,0,,storesearch+appdetails,
Overloop,$11.99 ,85.33%,2022-08-01,"1,249",33,single only,Overloop,,,0,,storesearch+appdetails,
Lifeslide,$9.99 ,85.89%,2021-08-01,"2,059",33,single only,Lifeslide,,,0,,storesearch+appdetails,
Everyday Genius: SquareLogic,$4.99 ,90.67%,2009-10-01,529,33,single only,Everyday Genius: SquareLogic,,,0,,storesearch+appdetails,
ZombieThon,$14.99 ,40.94%,2018-05-01,93,33,mixed,ZombieThon,,,0,,storesearch+appdetails,
Air Forte,$9.99 ,52.58%,2010-09-01,102,33,mixed,Air Forte,,,0,,storesearch+appdetails,
Mizz Survival,$4.99 ,56.32%,2023-04-01,109,33,mixed,Mizz Survival,,,0,,storesearch+appdetails,
Bicyclism EP,$14.99 ,60.17%,2016-11-01,163,33,mixed,Bicyclism EP,,,0,,storesearch+appdetails,
Haegemonia: The Solon Heritage,$1.79 ,63.38%,2014-05-01,968,33,mixed,Haegemonia: The Solon Heritage,,,0,,storesearch+appdetails,
Project Rebearth,$15.99 ,64.24%,2026-01-01,948,33,mixed,Project Rebearth,,,0,,storesearch+appdetails,
Wer weiß denn sowas? - Das Spiel,$19.99 ,65.30%,2018-10-01,195,33,mixed,Wer weiß denn sowas? - Das Spiel,,,0,,storesearch+appdetails,
Zombie Within,$9.99 ,66.27%,2024-08-01,898,33,mixed,Zombie Within,,,0,,storesearch+appdetails,
Brick Inventions,$4.99 ,67.25%,2016-03-01,600,33,mixed,Brick Inventions,,,0,,storesearch+appdetails,
Muffin Knight,$4.99 ,74.22%,2014-05-01,545,33,mixed,Muffin Knight,,,0,,storesearch+appdetails,
Turn the Line!,$13.99 ,75.08%,2022-04-01,"1,049",33,mixed,Turn the Line!,,,0,,storesearch+appdetails,
Dunk Lords,$9.99 ,75.37%,2020-03-01,405,33,mixed,Dunk Lords,,,0,,storesearch+appdetails,
Inside the Labs,$3.99 ,75.66%,2024-04-01,354,33,mixed,Inside the Labs,,,0,,storesearch+appdetails,
Haunted Investigation,$3.99 ,77.29%,2023-08-01,655,33,mixed,Haunted Investigation,,,0,,storesearch+appdetails,
Train Frontier Classic,$9.99 ,80.49%,2026-12-17,"1,498",33,mixed,Train Frontier Classic,,,0,,storesearch+appdetails,
Prison Boss Prohibition,$19.99 ,80.70%,2026-07-25,"1,052",33,mixed,Prison Boss Prohibition,,,0,,storesearch+appdetails,
Canabalt,$2.99 ,81.22%,2026-04-15,928,33,mixed,Canabalt,,,0,,storesearch+appdetails,
Elsewhere,$15.99 ,82.19%,2026-10-25,720,33,mixed,Elsewhere,,,0,,storesearch+appdetails,
Pixel Dungeon VR,$19.99 ,82.58%,2026-05-25,"1,363",33,mixed,Pixel Dungeon VR,,,0,,storesearch+appdetails,
Ray Eager,$9.99 ,56.45%,2026-04-20,434,32,multi only,Ray Eager,,,0,,storesearch+appdetails,
Thief Town,$7.99 ,72.34%,2026-09-14,717,32,multi only,Thief Town,,,0,,storesearch+appdetails,
VR Giants,$19.99 ,78.43%,2026-06-23,"3,079",32,multi only,VR Giants,,,0,,storesearch+appdetails,
Holy Avatar vs. Maidens of the Dead,$9.99 ,56.22%,2014-02-01,"1,016",32,single only,Holy Avatar vs. Maidens of the Dead,,,0,,storesearch+appdetails,
Awesome Machine,$1.99 ,57.26%,2017-07-01,131,32,single only,Awesome Machine,,,0,,storesearch+appdetails,
Dragon Racer,$7.99 ,57.76%,2019-01-01,72,32,single only,Dragon Racer,,,0,,storesearch+appdetails,
One Last Day,$12.99 ,59.14%,2015-04-01,"1,099",32,single only,One Last Day,,,0,,storesearch+appdetails,
Mermaid Adventures: The Frozen Time,$5.99 ,59.18%,2018-02-01,85,32,single only,Mermaid Adventures: The Frozen Time,,,0,,storesearch+appdetails,
Lily´s Epic Quest,$6.99 ,59.80%,2016-08-01,128,32,single only,Lily´s Epic Quest,,,0,,storesearch+appdetails,
Bohemian Killing,$12.99 ,60.33%,2016-07-01,"2,957",32,single only,Bohemian Killing,,,0,,storesearch+appdetails,
Burly Men at Sea,$9.99 ,60.80%,2016-09-01,"2,303",32,single only,Burly Men at Sea,,,0,,storesearch+appdetails,
Silver Bullet: Prometheus,$4.99 ,60.88%,2016-04-01,640,32,single only,Silver Bullet: Prometheus,,,0,,storesearch+appdetails,
StratoBash,$3.99 ,62.10%,2017-06-01,170,32,single only,StratoBash,,,0,,storesearch+appdetails,
Meridian: Squad 22,$14.99 ,62.64%,2016-08-01,"2,385",32,single only,Meridian: Squad 22,,,0,,storesearch+appdetails,
Storm,$9.99 ,63.52%,2013-06-01,289,32,single only,Storm,,,0,,storesearch+appdetails,
Natural - Beyond Nature -,$9.99 ,65.51%,2016-12-01,820,32,single only,Natural - Beyond Nature -,,,0,,storesearch+appdetails,
World Keepers: Last Resort,$3.99 ,65.94%,2016-04-01,194,32,single only,World Keepers: Last Resort,,,0,,storesearch+appdetails,
VICCP,$4.88 ,66.30%,2019-06-01,768,32,single only,VICCP,,,0,,storesearch+appdetails,
Defect,$5.99 ,66.71%,2016-07-01,"1,891",32,single only,Defect,,,0,,storesearch+appdetails,
Forbidden Clicker Party,$2.99 ,67.85%,2018-01-01,410,32,single only,Forbidden Clicker Party,,,0,,storesearch+appdetails,
Gladiator School,$4.99 ,68.26%,2017-11-01,"1,301",32,single only,Gladiator School,,,0,,storesearch+appdetails,
Apocalipsis,$6.99 ,68.65%,2018-02-01,"2,639",32,single only,Apocalipsis,,,0,,storesearch+appdetails,
Pax Romana: Romulus,$3.99 ,68.87%,2019-05-01,"1,418",32,single only,Pax Romana: Romulus,,,0,,storesearch+appdetails,
The Sphere of Abyss,$14.99 ,69.85%,2019-11-01,500,32,single only,The Sphere of Abyss,,,0,,storesearch+appdetails,
Evertree Inn,$6.99 ,70.15%,2017-01-01,155,32,single only,Evertree Inn,,,0,,storesearch+appdetails,
Odyssey - The Story of Science,$4.99 ,70.87%,2017-04-01,"2,405",32,single only,Odyssey - The Story of Science,,,0,,storesearch+appdetails,
Flow:The Sliding,$3.99 ,71.67%,2017-07-01,"7,898",32,single only,Flow:The Sliding,,,0,,storesearch+appdetails,
J-Girl,$3.99 ,71.70%,2018-10-01,"1,027",32,single only,J-Girl,,,0,,storesearch+appdetails,
Pumped BMX +,$9.99 ,74.60%,2015-09-01,778,32,single only,Pumped BMX +,,,0,,storesearch+appdetails,
Keeper of the Sun and Moon,$6.99 ,74.80%,2019-01-01,87,32,single only,Keeper of the Sun and Moon,,,0,,storesearch+appdetails,
Radiant Defense,$9.99 ,75.34%,2014-07-01,431,32,single only,Radiant Defense,,,0,,storesearch+appdetails,
Flute Master,$14.99 ,76.12%,2016-06-01,207,32,single only,Flute Master,,,0,,storesearch+appdetails,
Venusian Vengeance,$3.99 ,76.55%,2012-10-01,298,32,single only,Venusian Vengeance,,,0,,storesearch+appdetails,
Prominence,$19.99 ,76.56%,2015-11-01,"1,336",32,single only,Prominence,,,0,,storesearch+appdetails,
Dead Secret,$14.99 ,76.85%,2016-03-01,"10,487",32,single only,Dead Secret,,,0,,storesearch+appdetails,
The Snowboard Game,$14.99 ,77.46%,2018-04-01,"1,197",32,single only,The Snowboard Game,,,0,,storesearch+appdetails,
Tidal Tribe,$14.99 ,77.65%,2019-07-01,"1,171",32,single only,Tidal Tribe,,,0,,storesearch+appdetails,
Chuck's Challenge 3D 2020,$9.99 ,77.71%,2020-09-01,508,32,single only,Chuck's Challenge 3D 2020,,,0,,storesearch+appdetails,
Wait - Extended,$7.99 ,77.85%,2015-10-01,536,32,single only,Wait - Extended,,,0,,storesearch+appdetails,
Love In Drawing,$1.99 ,78.17%,2019-01-01,494,32,single only,Love In Drawing,,,0,,storesearch+appdetails,
The Heiress of Sorcery,$9.99 ,79.00%,2020-08-01,649,32,single only,The Heiress of Sorcery,,,0,,storesearch+appdetails,
My Beautiful Paper Smile,$3.74 ,79.32%,2021-10-01,"4,181",32,single only,My Beautiful Paper Smile,,,0,,storesearch+appdetails,
Ghost Town Mine Ride & Shootin' Gallery,$8.99 ,79.79%,2016-10-01,"1,415",32,single only,Ghost Town Mine Ride & Shootin' Gallery,,,0,,storesearch+appdetails,
Suzy Cube,$4.99 ,80.02%,2018-06-01,"1,030",32,single only,Suzy Cube,,,0,,storesearch+appdetails,
The Rainy Port Keelung 雨港基隆,$24.99 ,80.72%,2015-03-01,"3,900",32,single only,The Rainy Port Keelung 雨港基隆,,,0,,storesearch+appdetails,
Prison Boss VR,$19.99 ,81.16%,2017-08-01,"2,317",32,single only,Prison Boss VR,,,0,,storesearch+appdetails,
Beglitched,$9.99 ,81.28%,2016-10-01,635,32,single only,Beglitched,,,0,,storesearch+appdetails,
Rauniot,$8.09 ,81.64%,2024-04-01,"1,882",32,single only,Rauniot,,,0,,storesearch+appdetails,
Wolf & Rabbit,$1.99 ,83.31%,2018-04-01,"1,486",32,single only,Wolf & Rabbit,,,0,,storesearch+appdetails,
Delicious - Emily's Message in a Bottle,$19.99 ,83.43%,2016-12-01,608,32,single only,Delicious - Emily's Message in a Bottle,,,0,,storesearch+appdetails,
SLAMMED!,$6.99 ,83.55%,2013-06-01,265,32,single only,SLAMMED!,,,0,,storesearch+appdetails,
Slowdrive,$4.99 ,83.61%,2017-04-01,265,32,single only,Slowdrive,,,0,,storesearch+appdetails,
The Cursed Forest,$13.99 ,84.23%,2019-02-01,"4,895",32,single only,The Cursed Forest,,,0,,storesearch+appdetails,
MEANDERS,$2.99 ,84.60%,2018-02-01,"1,564",32,single only,MEANDERS,,,0,,storesearch+appdetails,
Brass Brigade,$14.99 ,85.60%,2019-11-01,"2,004",32,single only,Brass Brigade,,,0,,storesearch+appdetails,
FoxTail,$9.99 ,85.92%,2018-03-01,"2,523",32,single only,FoxTail,,,0,,storesearch+appdetails,
Astrologaster,$9.99 ,88.03%,2019-05-01,"1,961",32,single only,Astrologaster,,,0,,storesearch+appdetails,
DEMON'S TILT,$19.99 ,88.97%,2019-12-01,"4,198",32,single only,DEMON'S TILT,,,0,,storesearch+appdetails,
We Know the Devil,$6.66 ,89.00%,2016-02-01,"2,072",32,single only,We Know the Devil,,,0,,storesearch+appdetails,
Scalak,$2.99 ,91.51%,2018-05-01,624,32,single only,Scalak,,,0,,storesearch+appdetails,
Majotori,$1.79 ,91.76%,2017-03-01,"2,482",32,single only,Majotori,,,0,,storesearch+appdetails,
Future Wars,$4.99 ,33.55%,2026-04-10,281,32,mixed,Future Wars,,,0,,storesearch+appdetails,
Detached,$7.49 ,54.55%,2026-05-17,"6,635",32,mixed,Detached,,,0,,storesearch+appdetails,
Game Type DX,$4.99 ,68.04%,2026-09-15,199,32,mixed,Game Type DX,,,0,,storesearch+appdetails,
Chupacabras: Night Hunt,$2.99 ,68.62%,2026-08-21,586,32,mixed,Chupacabras: Night Hunt,,,0,,storesearch+appdetails,
LASTFIGHT,$14.99 ,70.64%,2026-05-16,"2,043",32,mixed,LASTFIGHT,,,0,,storesearch+appdetails,
GunHero,$7.99 ,71.52%,2026-04-17,86,32,mixed,GunHero,,,0,,storesearch+appdetails,
Goldilock One: The Mists of Jakaira,$9.59 ,72.75%,2026-02-26,"1,109",32,mixed,Goldilock One: The Mists of Jakaira,,,0,,storesearch+appdetails,
Egyptian Senet,$9.99 ,73.11%,2026-08-15,"1,033",32,mixed,Egyptian Senet,,,0,,storesearch+appdetails,
NEO AQUARIUM - The King of Crustaceans -,$8.99 ,73.58%,2026-06-15,"2,711",32,mixed,NEO AQUARIUM - The King of Crustaceans -,,,0,,storesearch+appdetails,
Vasilisa,$6.99 ,73.62%,2026-11-25,254,32,mixed,Vasilisa,,,0,,storesearch+appdetails,
Skellboy Refractured,$19.99 ,77.26%,2026-01-21,"1,717",32,mixed,Skellboy Refractured,,,0,,storesearch+appdetails,
Super Mutant Alien Assault,$9.99 ,78.18%,2026-08-15,"1,090",32,mixed,Super Mutant Alien Assault,,,0,,storesearch+appdetails,
Asterogues,$14.99 ,78.35%,2026-11-24,"1,671",32,mixed,Asterogues,,,0,,storesearch+appdetails,
Age of Rivals,$8.99 ,79.25%,2026-03-17,"1,287",32,mixed,Age of Rivals,,,0,,storesearch+appdetails,
Times Trials,$11.99 ,80.79%,2026-11-25,82,32,mixed,Times Trials,,,0,,storesearch+appdetails,
Tipston Salvage,$16.99 ,83.44%,2026-10-24,883,32,mixed,Tipston Salvage,,,0,,storesearch+appdetails,
TowerClimb,$14.99 ,84.88%,2026-09-15,"3,705",32,mixed,TowerClimb,,,0,,storesearch+appdetails,
Survival Games,$2.99 ,50.66%,2026-04-18,"1,845",31,multi only,Survival Games,,,0,,storesearch+appdetails,
Failspace,$9.99 ,55.53%,2026-01-20,836,31,multi only,Failspace,,,0,,storesearch+appdetails,
Takelings House Party,$19.99 ,73.40%,2026-07-19,"2,917",31,multi only,Takelings House Party,,,0,,storesearch+appdetails,
Love ritual,$11.99 ,57.12%,2019-04-01,739,31,single only,Love ritual,,,0,,storesearch+appdetails,
Momentum,$9.99 ,60.34%,2016-08-01,346,31,single only,Momentum,,,0,,storesearch+appdetails,
The Viceroy,$19.99 ,62.21%,2015-07-01,"1,496",31,single only,The Viceroy,,,0,,storesearch+appdetails,
Bob Came in Pieces,$9.99 ,63.78%,2010-01-01,361,31,single only,Bob Came in Pieces,,,0,,storesearch+appdetails,
N.E.R.O.: Nothing Ever Remains Obscure,$4.99 ,64.63%,2016-04-01,"1,534",31,single only,N.E.R.O.: Nothing Ever Remains Obscure,,,0,,storesearch+appdetails,
Kumoon : Ballistic Physics Puzzle,$2.99 ,64.67%,2015-11-01,"1,121",31,single only,Kumoon : Ballistic Physics Puzzle,,,0,,storesearch+appdetails,
Pixel Noir,$24.99 ,64.89%,2024-02-01,"2,849",31,single only,Pixel Noir,,,0,,storesearch+appdetails,
Chronicles of Teddy,$14.99 ,66.18%,2015-04-01,"6,940",31,single only,Chronicles of Teddy,,,0,,storesearch+appdetails,
Stairs,$12.99 ,66.46%,2015-09-01,"2,212",31,single only,Stairs,,,0,,storesearch+appdetails,
Eternal Fantasy,$9.99 ,66.91%,2018-10-01,"1,269",31,single only,Eternal Fantasy,,,0,,storesearch+appdetails,
Pulang Insanity - Director's Cut,$14.99 ,67.76%,2020-03-01,691,31,single only,Pulang Insanity - Director's Cut,,,0,,storesearch+appdetails,
The Sojourn,$24.99 ,67.76%,2020-09-01,"4,820",31,single only,The Sojourn,,,0,,storesearch+appdetails,
Dawn of the Plow,$3.99 ,67.93%,2015-11-01,103,31,single only,Dawn of the Plow,,,0,,storesearch+appdetails,
Sorcery! Part 4,$9.99 ,69.56%,2016-09-01,"1,571",31,single only,Sorcery! Part 4,,,0,,storesearch+appdetails,
Wildlife Park 2 - Horses,$2.79 ,70.85%,2007-10-01,550,31,single only,Wildlife Park 2 - Horses,,,0,,storesearch+appdetails,
Axes and Acres,$9.99 ,73.14%,2016-04-01,790,31,single only,Axes and Acres,,,0,,storesearch+appdetails,
MechCube: Escape,$4.99 ,73.57%,2020-06-01,145,31,single only,MechCube: Escape,,,0,,storesearch+appdetails,
Heretic Operative,$19.99 ,73.76%,2019-02-01,"2,454",31,single only,Heretic Operative,,,0,,storesearch+appdetails,
Aztez,$19.99 ,73.88%,2017-08-01,"3,729",31,single only,Aztez,,,0,,storesearch+appdetails,
Life of a Mobster,$4.99 ,75.24%,2014-07-01,160,31,single only,Life of a Mobster,,,0,,storesearch+appdetails,
樱雪集～Yuyuko's Butterfly Dream,$3.99 ,75.46%,2019-02-01,967,31,single only,樱雪集～Yuyuko's Butterfly Dream,,,0,,storesearch+appdetails,
Fool!,$7.99 ,76.45%,2019-05-01,153,31,single only,Fool!,,,0,,storesearch+appdetails,
Heart of the House,$6.99 ,78.51%,2017-10-01,294,31,single only,Heart of the House,,,0,,storesearch+appdetails,
Sixth Grade Detective,$4.99 ,78.99%,2015-12-01,141,31,single only,Sixth Grade Detective,,,0,,storesearch+appdetails,
Lethe - Episode One,$14.99 ,79.34%,2016-08-01,"4,765",31,single only,Lethe - Episode One,,,0,,storesearch+appdetails,
Peaceful Days,$16.99 ,80.20%,2020-02-01,"1,977",31,single only,Peaceful Days,,,0,,storesearch+appdetails,
Mutropolis,$15.20 ,80.93%,2021-02-01,"1,706",31,single only,Mutropolis,,,0,,storesearch+appdetails,
Tardy,$6.99 ,82.04%,2018-03-01,796,31,single only,Tardy,,,0,,storesearch+appdetails,
The Little Acre,$12.99 ,83.24%,2016-12-01,"4,776",31,single only,The Little Acre,,,0,,storesearch+appdetails,
Mad Bullets,$8.99 ,84.74%,2016-06-01,621,31,single only,Mad Bullets,,,0,,storesearch+appdetails,
Remain,$7.99 ,28.24%,2026-11-25,"1,296",31,mixed,Remain,,,0,,storesearch+appdetails,
Disembowel,$3.99 ,38.48%,2026-11-22,175,31,mixed,Disembowel,,,0,,storesearch+appdetails,
Hostile Dimension,$1.99 ,45.16%,2026-06-15,165,31,mixed,Hostile Dimension,,,0,,storesearch+appdetails,
Drift Gang,$2.99 ,60.17%,2026-12-25,612,31,mixed,Drift Gang,,,0,,storesearch+appdetails,
Reiko's Fragments,$4.99 ,65.75%,2026-10-19,"2,582",31,mixed,Reiko's Fragments,,,0,,storesearch+appdetails,
Kindred Fates: Combat Arena,$44.99 ,65.82%,2026-05-21,"1,014",31,mixed,Kindred Fates: Combat Arena,,,0,,storesearch+appdetails,
Under Lock,$9.99 ,66.03%,2026-01-21,560,31,mixed,Under Lock,,,0,,storesearch+appdetails,
Fracture the Flag,$4.99 ,67.22%,2026-12-16,"1,731",31,mixed,Fracture the Flag,,,0,,storesearch+appdetails,
Slime Heroes,$29.99 ,68.30%,2026-03-25,"2,370",31,mixed,Slime Heroes,,,0,,storesearch+appdetails,
Bake 'n Switch,$4.99 ,73.21%,2026-08-20,"1,522",31,mixed,Bake 'n Switch,,,0,,storesearch+appdetails,
Sweet Escape VR,$9.99 ,75.48%,2026-04-16,609,31,mixed,Sweet Escape VR,,,0,,storesearch+appdetails,
XenoRaptor,$9.99 ,75.66%,2026-12-19,"2,185",31,mixed,XenoRaptor,,,0,,storesearch+appdetails,
Vector 36,$14.99 ,76.00%,2026-01-17,"3,684",31,mixed,Vector 36,,,0,,storesearch+appdetails,
Super Hydorah,$19.99 ,80.72%,2026-09-17,"1,964",31,mixed,Super Hydorah,,,0,,storesearch+appdetails,
Starri,$17.99 ,85.19%,2026-10-23,788,31,mixed,Starri,,,0,,storesearch+appdetails,
Racket: Nx,$19.99 ,88.52%,2026-07-18,"2,311",31,mixed,Racket: Nx,,,0,,storesearch+appdetails,
