snapshot_date,appid,success,type,name,is_free,release_coming_soon,release_date_text,price_currency,price_initial,price_final,price_discount_pct,platform_windows,platform_mac,platform_linux,categories,genres,supported_languages,pc_minimum,pc_recommended,header_image,screenshots_count,movies_count
20260228,346110,True,game,ARK: Survival Evolved,False,False,"Aug 27, 2017",USD,1499,989,34,True,True,False,Single-player|Multi-player|MMO|Co-op|Steam Achievements|Full controller support|Steam Workshop|Steam Cloud|Valve Anti-Cheat enabled|Includes level editor|Remote Play on Tablet|Family Sharing,Action|Adventure|Indie|Massively Multiplayer|RPG,"English<strong>*</strong>, French<strong>*</strong>, Italian<strong>*</strong>, German<strong>*</strong>, Spanish - Spain<strong>*</strong>, Russian<strong>*</strong>, Portuguese - Brazil<strong>*</strong>, Simplified Chinese<strong>*</strong>, Czech<strong>*</strong>, Danish<strong>*</strong>, Dutch<strong>*</strong>, Hungarian<strong>*</strong>, Polish<strong>*</strong>, Swedish<strong>*</strong>, Thai<strong>*</strong>, Traditional Chinese<strong>*</strong>, Turkish<strong>*</strong>, Ukrainian<strong>*</strong>, Finnish<strong>*</strong>, Japanese<strong>*</strong>, Korean<strong>*</strong><br><strong>*</strong>languages with full audio support","<strong>Minimum:</strong><br><ul class=""bb_ul""><li><strong>OS *:</strong> Windows 7/8.1/10 (64-bit versions)<br></li><li><strong>Processor:</strong> Intel Core i5-2400/AMD FX-8320 or better<br></li><li><strong>Memory:</strong> 8 GB RAM<br></li><li><strong>Graphics:</strong> NVIDIA GTX 670 2GB/AMD Radeon HD 7870 2GB or better<br></li><li><strong>DirectX:</strong> Version 10<br></li><li><strong>Storage:</strong> 60 GB available space<br></li><li><strong>Additional Notes:</strong> Requires broadband internet connection for multiplayer</li></ul>",,https://shared.akamai.steamstatic.com/store_item_assets/steam/apps/346110/header.jpg?t=1765677889,23,7
20260228,227300,True,game,Euro Truck Simulator 2,False,False,"Oct 12, 2012",USD,1999,1999,0,True,True,True,Single-player|Multi-player|Co-op|Online Co-op|Steam Achievements|Steam Trading Cards|Steam Workshop|Camera Comfort|Custom Volume Controls|Adjustable Difficulty|Keyboard Only Option|Playable without Timed Input|Save Anytime|Stereo Sound|Surround Sound|Partial Controller Support|Steam Cloud|Includes level editor|Remote Play on Phone|Remote Play on Tablet|Remote Play Together|Family Sharing,Indie|Simulation,"English, German, French, Italian, Korean, Spanish - Spain, Simplified Chinese, Russian, Japanese, Portuguese - Portugal, Polish, Danish, Dutch, Finnish, Norwegian, Swedish, Hungarian, Czech, Romanian, Turkish, Portuguese - Brazil, Bulgarian, Greek, Ukrainian, Traditional Chinese, Catalan, Lithuanian, Serbian, Slovak, Slovenian","<strong>Minimum:</strong><br><ul class=""bb_ul""><li><strong>OS:</strong> Windows 10 64-bit<br></li><li><strong>Processor:</strong> Intel Core i5-6400 or AMD Ryzen 3 1200 or similar<br></li><li><strong>Memory:</strong> 8 GB RAM<br></li><li><strong>Graphics:</strong> NVIDIA GeForce GTX 660 or AMD Radeon RX 460 or Intel HD 630 (2GB VRAM)<br></li><li><strong>Hard Drive:</strong> 25 GB available space (Euro Truck Simulator 2 base game)</li></ul>","<strong>Recommended:</strong><br><ul class=""bb_ul""><li><strong>OS:</strong> Windows 10 64-bit<br></li><li><strong>Processor:</strong> Intel Core i5-9600 or AMD Ryzen 5 3600 or similar<br></li><li><strong>Memory:</strong> 12 GB RAM<br></li><li><strong>Graphics:</strong> NVIDIA GeForce GTX 1660 or AMD Radeon RX 590 (2GB VRAM)<br></li><li><strong>Hard Drive:</strong> 25 GB available space (Euro Truck Simulator 2 base game)</li></ul>",https://shared.akamai.steamstatic.com/store_item_assets/steam/apps/227300/9a81dc3126c56637297b654f9dcac057cfd79b77/header.jpg?t=1764266628,56,2
20260228,252490,True,game,Rust,False,False,"Feb 8, 2018",USD,3999,3999,0,True,True,False,Multi-player|MMO|PvP|Online PvP|Co-op|Online Co-op|Cross-Platform Multiplayer|Steam Achievements|Steam Trading Cards|Steam Workshop|In-App Purchases|Adjustable Text Size|Camera Comfort|Color Alternatives|Custom Volume Controls|Adjustable Difficulty|Stereo Sound|Subtitle Options|Surround Sound|Valve Anti-Cheat enabled|Stats|Remote Play on Tablet,Action|Adventure|Indie|Massively Multiplayer|RPG,"English<strong>*</strong>, French<strong>*</strong>, Italian<strong>*</strong>, German<strong>*</strong>, Spanish - Spain<strong>*</strong>, Japanese<strong>*</strong>, Korean<strong>*</strong>, Russian<strong>*</strong>, Simplified Chinese<strong>*</strong>, Ukrainian<strong>*</strong>, Polish<strong>*</strong>, Portuguese - Portugal<strong>*</strong>, Turkish<strong>*</strong>, Arabic, Czech, Danish, Dutch, Finnish, Greek, Norwegian, Portuguese - Brazil, Spanish - Latin America, Swedish, Traditional Chinese, Vietnamese<br><strong>*</strong>languages with full audio support","<strong>Minimum:</strong><br><ul class=""bb_ul""><li>Requires a 64-bit processor and operating system<br></li><li><strong>OS:</strong> Windows 11 64bit<br></li><li><strong>Processor:</strong> AMD Ryzen 5 1400 or Intel Core i5-6600<br></li><li><strong>Memory:</strong> 12 GB RAM<br></li><li><strong>Graphics:</strong> AMD Radeon RX 470, NVIDIA GeForce GTX 1060, Intel® Arc™ A580<br></li><li><strong>DirectX:</strong> Version 11<br></li><li><strong>Network:</strong> Broadband Internet connection<br></li><li><strong>Storage:</strong> 45 GB available space<br></li><li><strong>Additional Notes:</strong> SSD is highly recommended or expect longer than average load times.</li></ul>","<strong>Recommended:</strong><br><ul class=""bb_ul""><li>Requires a 64-bit processor and operating system<br></li><li><strong>OS:</strong> Windows 11 64bit<br></li><li><strong>Processor:</strong> AMD Ryzen 7 3700X or Intel® Core i7-6700K<br></li><li><strong>Memory:</strong> 16 GB RAM<br></li><li><strong>Graphics:</strong> AMD Radeon RX 6600XT, NVIDIA GeForce RTX 3060, Intel Arc B580<br></li><li><strong>DirectX:</strong> Version 12<br></li><li><strong>Network:</strong> Broadband Internet connection<br></li><li><strong>Storage:</strong> 45 GB available space<br></li><li><strong>Additional Notes:</strong> SSD Required</li></ul>",https://shared.akamai.steamstatic.com/store_item_assets/steam/apps/252490/header.jpg?t=1771871433,32,5
20260228,413150,True,game,Stardew Valley,False,False,"Feb 26, 2016",USD,1499,1499,0,True,True,True,Single-player|Multi-player|Co-op|Online Co-op|LAN Co-op|Shared/Split Screen Co-op|Shared/Split Screen|Steam Achievements|Full controller support|Steam Trading Cards|Steam Cloud|Remote Play on Phone|Remote Play on Tablet|Remote Play Together|Family Sharing,Indie|RPG|Simulation,"English, German, Spanish - Spain, Japanese, Portuguese - Brazil, Russian, Simplified Chinese, French, Italian, Hungarian, Korean, Turkish","<strong>Minimum:</strong><br><ul class=""bb_ul""><li><strong>OS *:</strong> Windows Vista or greater<br></li><li><strong>Processor:</strong> 2 Ghz<br></li><li><strong>Memory:</strong> 2 GB RAM<br></li><li><strong>Graphics:</strong> 256 mb video memory, shader model 3.0+<br></li><li><strong>DirectX:</strong> Version 10<br></li><li><strong>Storage:</strong> 500 MB available space</li></ul>",,https://shared.akamai.steamstatic.com/store_item_assets/steam/apps/413150/header.jpg?t=1754692865,16,1
20260228,105600,True,game,Terraria,False,False,"May 16, 2011",USD,999,999,0,True,True,True,Single-player|Multi-player|PvP|Online PvP|Co-op|Online Co-op|Steam Achievements|Full controller support|Steam Trading Cards|Steam Cloud|Remote Play on Phone|Remote Play on Tablet|Remote Play on TV|Family Sharing,Action|Adventure|Indie|RPG,"English, French, Italian, German, Spanish - Spain, Polish, Portuguese - Brazil, Russian, Simplified Chinese","<h2 class=""bb_tag"" ><strong>REQUIRED</strong></h2><ul class=""bb_ul""><li><strong>OS: Windows Xp, Vista, 7, 8/8.1, 10</strong> <br>										</li><li><strong>Processor: 2.0 Ghz</strong> <br>										</li><li><strong>Memory: 2.5GB</strong><br>										</li><li><strong>Hard Disk Space: 200MB </strong> 	<br>										</li><li><strong>Video Card: 128mb Video Memory, capable of Shader Model 2.0+</strong> <br>										</li><li><strong>DirectX®: 9.0c or Greater</strong> 	<br>									</li></ul>","<h2 class=""bb_tag"" ><strong>RECOMMENDED</strong></h2><ul class=""bb_ul""><li><strong>OS: Windows 7, 8/8.1, 10</strong> <br>										</li><li><strong>Processor: Dual Core 3.0 Ghz</strong> <br>										</li><li><strong>Memory: 4GB</strong><br>										</li><li><strong>Hard Disk Space: 200MB </strong> 	<br>										</li><li><strong>Video Card: 256mb Video Memory, capable of Shader Model 2.0+</strong> <br>										</li><li><strong>DirectX®: 9.0c or Greater</strong> 	<br>									</li></ul>",https://shared.akamai.steamstatic.com/store_item_assets/steam/apps/105600/header.jpg?t=1769844435,19,5
20260228,275850,True,game,No Man's Sky,False,False,"Aug 12, 2016",USD,5999,5999,0,True,True,False,Single-player|Multi-player|PvP|Online PvP|Co-op|Online Co-op|Cross-Platform Multiplayer|Steam Achievements|Full controller support|Tracked Controller Support|VR Supported|Steam Trading Cards|Adjustable Text Size|Camera Comfort|Chat Speech-to-text|Color Alternatives|Custom Volume Controls|Adjustable Difficulty|Playable without Timed Input|Save Anytime|Stereo Sound|Subtitle Options|Surround Sound|Steam Cloud|Remote Play on Tablet|Remote Play on TV|HDR available|Family Sharing,Action|Adventure,"English<strong>*</strong>, French<strong>*</strong>, Italian<strong>*</strong>, German<strong>*</strong>, Spanish - Spain<strong>*</strong>, Dutch, Japanese<strong>*</strong>, Korean<strong>*</strong>, Polish<strong>*</strong>, Portuguese - Portugal<strong>*</strong>, Portuguese - Brazil<strong>*</strong>, Russian<strong>*</strong>, Simplified Chinese<strong>*</strong>, Traditional Chinese<strong>*</strong><br><strong>*</strong>languages with full audio support","<strong>Minimum:</strong><br><ul class=""bb_ul""><li>Requires a 64-bit processor and operating system<br></li><li><strong>OS:</strong> Windows 10/11 (64-bit versions)<br></li><li><strong>Processor:</strong> Intel Core i3<br></li><li><strong>Memory:</strong> 8 GB RAM<br></li><li><strong>Graphics:</strong> Nvidia GTX 1060 3GB, AMD RX 470 4GB, Intel UHD graphics 630<br></li><li><strong>Storage:</strong> 15 GB available space<br></li><li><strong>VR Support:</strong> SteamVR</li></ul>","<strong>Recommended:</strong><br><ul class=""bb_ul""><li>Requires a 64-bit processor and operating system</li></ul>",https://shared.akamai.steamstatic.com/store_item_assets/steam/apps/275850/bd8d4c2d59dfc199529f50fc2a65828f19096aa3/header_alt_assets_25.jpg?t=1770822722,169,42
20260228,4000,True,game,Garry's Mod,False,False,"Nov 29, 2006",USD,999,499,50,True,True,True,Single-player|Multi-player|PvP|Online PvP|LAN PvP|Co-op|Online Co-op|LAN Co-op|Cross-Platform Multiplayer|Steam Achievements|Steam Trading Cards|Captions available|Steam Workshop|Color Alternatives|Custom Volume Controls|Adjustable Difficulty|Playable without Timed Input|Save Anytime|Stereo Sound|Steam Cloud|Valve Anti-Cheat enabled|Includes level editor|Includes Source SDK|Remote Play on Tablet|Family Sharing,Casual|Indie|Simulation,"English<strong>*</strong>, French, Italian, German, Spanish - Spain, Bulgarian, Czech, Danish, Dutch, Finnish, Greek, Hungarian, Japanese, Korean, Norwegian, Polish, Portuguese - Portugal, Portuguese - Brazil, Russian, Simplified Chinese, Swedish, Thai, Traditional Chinese, Turkish, Ukrainian, Vietnamese, Croatian, Estonian, Hebrew, Lithuanian, Slovak<br><strong>*</strong>languages with full audio support","<strong>Minimum:</strong><br><ul class=""bb_ul""><li><strong>OS:</strong> Windows® 10<br></li><li><strong>Processor:</strong> 2 GHz Processor or better<br></li><li><strong>Memory:</strong> 4 GB RAM<br></li><li><strong>Graphics:</strong> 1GB dedicated VRAM or better<br></li><li><strong>DirectX:</strong> Version 9.0c<br></li><li><strong>Network:</strong> Broadband Internet connection<br></li><li><strong>Storage:</strong> 10 GB available space<br></li><li><strong>Sound Card:</strong> DirectX® 9 compatible<br></li><li><strong>Additional Notes:</strong> Mouse, Keyboard, Monitor</li></ul>","<strong>Recommended:</strong><br><ul class=""bb_ul""><li><strong>OS:</strong> Windows® 10/11<br></li><li><strong>Processor:</strong> 2.5 GHz Processor or better<br></li><li><strong>Memory:</strong> 8 GB RAM<br></li><li><strong>Graphics:</strong> 4GB dedicated VRAM or better<br></li><li><strong>DirectX:</strong> Version 9.0c<br></li><li><strong>Network:</strong> Broadband Internet connection<br></li><li><strong>Storage:</strong> 25 GB available space</li></ul>",https://shared.akamai.steamstatic.com/store_item_assets/steam/apps/4000/header.jpg?t=1764757984,20,0
20260228,242760,True,game,The Forest,False,False,"Apr 30, 2018",USD,1999,1999,0,True,False,False,Single-player|Multi-player|Co-op|Online Co-op|LAN Co-op|Tracked Controller Support|VR Supported|Partial Controller Support|Steam Cloud|Family Sharing,Action|Adventure|Indie|Simulation,"English<strong>*</strong>, French, German, Czech, Finnish, Japanese, Korean, Polish, Portuguese - Brazil, Russian, Simplified Chinese, Swedish, Traditional Chinese, Turkish, Italian, Spanish - Spain<br><strong>*</strong>languages with full audio support","<strong>Minimum:</strong><br><ul class=""bb_ul""><li><strong>OS *:</strong> Windows 7<br></li><li><strong>Processor:</strong> Intel Dual-Core 2.4 GHz<br></li><li><strong>Memory:</strong> 4 GB RAM<br></li><li><strong>Graphics:</strong> NVIDIA GeForce 8800GT<br></li><li><strong>DirectX:</strong> Version 9.0<br></li><li><strong>Storage:</strong> 5 GB available space<br></li><li><strong>Sound Card:</strong> DirectX®-compatible<br></li><li><strong>VR Support:</strong> SteamVR or Oculus PC<br></li><li><strong>Additional Notes:</strong> 32bit windows users need to ensure they have at least 4gb of ram usable on their system.</li></ul>","<strong>Recommended:</strong><br><ul class=""bb_ul""><li><strong>OS *:</strong> Windows 7<br></li><li><strong>Processor:</strong> Quad Core Processor<br></li><li><strong>Memory:</strong> 4 GB RAM<br></li><li><strong>Graphics:</strong> NVIDIA GeForce GTX 560<br></li><li><strong>DirectX:</strong> Version 9.0<br></li><li><strong>Storage:</strong> 5 GB available space<br></li><li><strong>Sound Card:</strong> DirectX®-compatible</li></ul>",https://shared.akamai.steamstatic.com/store_item_assets/steam/apps/242760/header.jpg?t=1699381053,16,1
20260228,322330,True,game,Don't Starve Together,False,False,"Apr 21, 2016",USD,1499,1499,0,True,True,True,Single-player|Multi-player|PvP|Online PvP|LAN PvP|Co-op|Online Co-op|LAN Co-op|Full controller support|Steam Trading Cards|Steam Workshop|In-App Purchases|Adjustable Text Size|Camera Comfort|Color Alternatives|Custom Volume Controls|Adjustable Difficulty|Keyboard Only Option|Mouse Only Option|Playable without Timed Input|Save Anytime|Stereo Sound|Remote Play on Phone|Remote Play on Tablet|Remote Play on TV|Family Sharing,Action|Adventure|Indie|RPG|Simulation|Strategy,"English<strong>*</strong>, Simplified Chinese<strong>*</strong>, French<strong>*</strong>, Italian<strong>*</strong>, German<strong>*</strong>, Japanese<strong>*</strong>, Korean<strong>*</strong>, Polish<strong>*</strong>, Portuguese - Portugal<strong>*</strong>, Russian<strong>*</strong>, Spanish - Latin America<strong>*</strong>, Traditional Chinese<strong>*</strong><br><strong>*</strong>languages with full audio support","<strong>Minimum:</strong><br><ul class=""bb_ul""><li><strong>OS *:</strong> Windows Vista/Windows 7/Windows 8<br></li><li><strong>Processor:</strong> 1.7+ GHz or better<br></li><li><strong>Memory:</strong> 1 GB RAM<br></li><li><strong>Graphics:</strong> Radeon HD5450 or better; 256 MB or higher<br></li><li><strong>DirectX:</strong> Version 9.0c<br></li><li><strong>Network:</strong> Broadband Internet connection<br></li><li><strong>Storage:</strong> 3 GB available space<br></li><li><strong>Sound Card:</strong> 100% DirectX9.0c compatible sound card and drivers</li></ul>",,https://shared.akamai.steamstatic.com/store_item_assets/steam/apps/322330/bd69fed767b480572defd5f736479408e21bf003/header_alt_assets_49.jpg?t=1770923276,14,50
20260228,1260320,True,game,Party Animals,False,False,"Sep 20, 2023",USD,1999,1999,0,True,False,False,Single-player|Multi-player|PvP|Online PvP|Shared/Split Screen PvP|Co-op|Online Co-op|Shared/Split Screen Co-op|Shared/Split Screen|Cross-Platform Multiplayer|Steam Achievements|Full controller support|In-App Purchases|Remote Play Together|Family Sharing,Action|Casual|Indie,"English<strong>*</strong>, Simplified Chinese<strong>*</strong>, Traditional Chinese<strong>*</strong>, French, German, Spanish - Spain, Japanese, Korean, Portuguese - Brazil, Thai<br><strong>*</strong>languages with full audio support","<strong>Minimum:</strong><br><ul class=""bb_ul""><li>Requires a 64-bit processor and operating system<br></li><li><strong>OS:</strong> Windows 10, 64-bit / Windows 11, 64-bit<br></li><li><strong>Processor:</strong> Intel Core i5 / AMD equivalent<br></li><li><strong>Memory:</strong> 8 GB RAM<br></li><li><strong>Graphics:</strong> NVIDIA GTX 750-Ti / AMD RX 550, 2GB VRam<br></li><li><strong>DirectX:</strong> Version 11<br></li><li><strong>Network:</strong> Broadband Internet connection<br></li><li><strong>Storage:</strong> 12 GB available space</li></ul>","<strong>Recommended:</strong><br><ul class=""bb_ul""><li>Requires a 64-bit processor and operating system<br></li><li><strong>OS:</strong> Windows 10, 64-bit / Windows 11, 64-bit<br></li><li><strong>Processor:</strong> Intel Core i5 7500K / AMD equivalent<br></li><li><strong>Memory:</strong> 16 GB RAM<br></li><li><strong>Graphics:</strong> NVIDIA GTX 1060 / AMD RX 580, 4GB VRam / Intel Arc A380<br></li><li><strong>DirectX:</strong> Version 11<br></li><li><strong>Network:</strong> Broadband Internet connection<br></li><li><strong>Storage:</strong> 12 GB available space</li></ul>",https://shared.akamai.steamstatic.com/store_item_assets/steam/apps/1260320/64e1bf99d8e6d516941db14c46b9459b34afe957/header_alt_assets_8.jpg?t=1770880496,18,3
20260228,648800,True,game,Raft,False,False,"Jun 20, 2022",USD,1999,1999,0,True,False,False,Single-player|Multi-player|Co-op|Online Co-op|Steam Achievements|Steam Cloud|Family Sharing,Adventure|Indie|Simulation,"English<strong>*</strong>, French, Italian, German, Spanish - Spain, Japanese, Korean, Polish, Portuguese - Brazil, Russian, Simplified Chinese, Swedish<br><strong>*</strong>languages with full audio support","<strong>Minimum:</strong><br><ul class=""bb_ul""><li>Requires a 64-bit processor and operating system<br></li><li><strong>OS *:</strong> Windows 7 or later<br></li><li><strong>Processor:</strong> Intel Core i5 2.6GHz or similar<br></li><li><strong>Memory:</strong> 6 GB RAM<br></li><li><strong>Graphics:</strong> GeForce GTX 700 series or similar<br></li><li><strong>DirectX:</strong> Version 11<br></li><li><strong>Network:</strong> Broadband Internet connection<br></li><li><strong>Storage:</strong> 10 GB available space<br></li><li><strong>Additional Notes:</strong> 64-bit operating system is required</li></ul>","<strong>Recommended:</strong><br><ul class=""bb_ul""><li>Requires a 64-bit processor and operating system<br></li><li><strong>OS *:</strong> Windows 7 or later<br></li><li><strong>Processor:</strong> Intel Core i5-6600 3.3GHz or similar<br></li><li><strong>Memory:</strong> 8 GB RAM<br></li><li><strong>Graphics:</strong> GeForce GTX 1050 series or similar<br></li><li><strong>DirectX:</strong> Version 11<br></li><li><strong>Network:</strong> Broadband Internet connection<br></li><li><strong>Storage:</strong> 10 GB available space<br></li><li><strong>Additional Notes:</strong> 64-bit operating system is required</li></ul>",https://shared.akamai.steamstatic.com/store_item_assets/steam/apps/648800/header.jpg?t=1727184011,24,5
20260228,264710,True,game,Subnautica,False,False,"Jan 23, 2018",USD,2999,2999,0,True,True,False,Single-player|Steam Achievements|Full controller support|VR Supported|Steam Trading Cards|VR Support|Steam Cloud|Remote Play on TV|Family Sharing,Adventure|Indie,"English<strong>*</strong>, French, German, Polish, Russian, Simplified Chinese, Turkish, Finnish, Italian, Czech, Hungarian, Spanish - Spain, Danish, Japanese, Korean, Portuguese - Brazil, Bulgarian, Ukrainian, Dutch, Swedish, Vietnamese, Spanish - Latin America, Traditional Chinese, Portuguese - Portugal, Latvian, Lithuanian, Slovak<br><strong>*</strong>languages with full audio support","<strong>Minimum:</strong><br><ul class=""bb_ul""><li>Requires a 64-bit processor and operating system<br></li><li><strong>OS *:</strong> Windows Vista SP2 or newer, 64-bit<br></li><li><strong>Processor:</strong> Intel Haswell 2 cores / 4 threads @ 2.5Ghz or equivalent<br></li><li><strong>Memory:</strong> 4 GB RAM<br></li><li><strong>Graphics:</strong> Intel HD 4600 or equivalent - This includes most GPUs scoring greater than 950 points in the 3DMark Fire Strike benchmark<br></li><li><strong>DirectX:</strong> Version 11<br></li><li><strong>Storage:</strong> 20 GB available space<br></li><li><strong>VR Support:</strong> SteamVR. Keyboard or gamepad required</li></ul>","<strong>Recommended:</strong><br><ul class=""bb_ul""><li>Requires a 64-bit processor and operating system<br></li><li><strong>OS *:</strong> Windows Vista SP2 or newer, 64-bit<br></li><li><strong>Processor:</strong> Intel Haswell 4 cores / 4 threads @ 3.2Ghz or equivalent<br></li><li><strong>Memory:</strong> 8 GB RAM<br></li><li><strong>Graphics:</strong> Nvidia GTX 550 Ti or equivalent, 2GB VRAM<br></li><li><strong>DirectX:</strong> Version 11<br></li><li><strong>Storage:</strong> 20 GB available space</li></ul>",https://shared.akamai.steamstatic.com/store_item_assets/steam/apps/264710/header.jpg?t=1751944840,10,7
20260228,294100,True,game,RimWorld,False,False,"Oct 17, 2018",USD,3499,3499,0,True,True,True,Single-player|Steam Workshop|Adjustable Text Size|Camera Comfort|Custom Volume Controls|Adjustable Difficulty|Mouse Only Option|Playable without Timed Input|Save Anytime|Partial Controller Support|Steam Cloud|Remote Play on Tablet|Family Sharing,Indie|Simulation|Strategy,"English, French, German, Polish, Russian, Italian, Spanish - Spain, Czech, Danish, Dutch, Hungarian, Japanese, Norwegian, Portuguese - Portugal, Portuguese - Brazil, Simplified Chinese, Swedish, Traditional Chinese, Turkish, Ukrainian, Finnish, Korean, Romanian, Spanish - Latin America","<strong>Minimum:</strong><br><ul class=""bb_ul""><li><strong>OS *:</strong> Windows 7<br></li><li><strong>Processor:</strong> Core 2 Duo<br></li><li><strong>Memory:</strong> 4 GB RAM<br></li><li><strong>Graphics:</strong> Intel HD Graphics 4000 or other shader model 4.0<br></li><li><strong>Storage:</strong> 1 GB available space</li></ul>",,https://shared.akamai.steamstatic.com/store_item_assets/steam/apps/294100/header.jpg?t=1770059921,23,1
20260228,1623730,True,game,Palworld,False,False,"Jan 18, 2024",USD,2999,2999,0,True,False,False,Single-player|Multi-player|Co-op|Online Co-op|Cross-Platform Multiplayer|Steam Achievements|Full controller support|Steam Trading Cards|Steam Workshop|Steam Cloud|Family Sharing,Action|Adventure|Indie|RPG|Early Access,"English, Simplified Chinese, Traditional Chinese, Japanese, French, Italian, German, Spanish - Spain, Portuguese - Brazil, Russian, Korean, Indonesian, Spanish - Latin America, Thai, Turkish, Vietnamese, Polish","<strong>Minimum:</strong><br><ul class=""bb_ul""><li>Requires a 64-bit processor and operating system<br></li><li><strong>OS:</strong> Windows 10 or later (64-Bit)<br></li><li><strong>Processor:</strong> i5-3570K 3.4 GHz 4 Core<br></li><li><strong>Memory:</strong> 16 GB RAM<br></li><li><strong>Graphics:</strong> GeForce GTX 1050 (2GB)<br></li><li><strong>DirectX:</strong> Version 11<br></li><li><strong>Network:</strong> Broadband Internet connection<br></li><li><strong>Storage:</strong> 40 GB available space<br></li><li><strong>Additional Notes:</strong> Internet connection required for multiplayer. SSD required.</li></ul>","<strong>Recommended:</strong><br><ul class=""bb_ul""><li>Requires a 64-bit processor and operating system<br></li><li><strong>OS:</strong> Windows 10 or later (64-Bit)<br></li><li><strong>Processor:</strong> i9-9900K 3.6 GHz 8 Core<br></li><li><strong>Memory:</strong> 32 GB RAM<br></li><li><strong>Graphics:</strong> GeForce RTX 2070<br></li><li><strong>DirectX:</strong> Version 11<br></li><li><strong>Network:</strong> Broadband Internet connection<br></li><li><strong>Storage:</strong> 40 GB available space<br></li><li><strong>Additional Notes:</strong> Internet connection required for multiplayer. SSD required.</li></ul>",https://shared.akamai.steamstatic.com/store_item_assets/steam/apps/1623730/058bd87dc17a7179e07c446aa64d0574ca43ab9d/header.jpg?t=1770887635,29,9
20260228,1030300,True,game,Hollow Knight: Silksong,False,False,"Sep 4, 2025",USD,1999,1999,0,True,True,True,Single-player|Steam Achievements|Full controller support|Steam Trading Cards|Camera Comfort|Keyboard Only Option|Playable without Timed Input|Save Anytime|Stereo Sound|Steam Cloud|Remote Play on TV|Family Sharing,Action|Adventure|Indie,"English<strong>*</strong>, French<strong>*</strong>, Italian<strong>*</strong>, German<strong>*</strong>, Spanish - Spain<strong>*</strong>, Japanese<strong>*</strong>, Korean<strong>*</strong>, Portuguese - Brazil<strong>*</strong>, Russian<strong>*</strong>, Simplified Chinese<strong>*</strong><br><strong>*</strong>languages with full audio support","<strong>Minimum:</strong><br><ul class=""bb_ul""><li>Requires a 64-bit processor and operating system<br></li><li><strong>OS:</strong> Windows 10 version 21H1 (build 19043) or newer<br></li><li><strong>Processor:</strong> Intel Core i3-3240, AMD FX-4300<br></li><li><strong>Memory:</strong> 4 GB RAM<br></li><li><strong>Graphics:</strong> GeForce GTX 560 Ti (1GB), Radeon HD 7750 (1GB)<br></li><li><strong>DirectX:</strong> Version 10<br></li><li><strong>Storage:</strong> 8 GB available space</li></ul>","<strong>Recommended:</strong><br><ul class=""bb_ul""><li>Requires a 64-bit processor and operating system<br></li><li><strong>OS:</strong> Windows 10 version 21H1 (build 19043) or newer<br></li><li><strong>Processor:</strong> Intel Core i5-3470<br></li><li><strong>Memory:</strong> 8 GB RAM<br></li><li><strong>Graphics:</strong> GeForce GTX 1050 (2GB), Radeon R9 380 (2GB)<br></li><li><strong>DirectX:</strong> Version 10<br></li><li><strong>Storage:</strong> 8 GB available space</li></ul>",https://shared.akamai.steamstatic.com/store_item_assets/steam/apps/1030300/7983574d464e6559ac7e24275727f73a8bcca1f3/header.jpg?t=1764916587,10,2
20260228,477160,True,game,Human Fall Flat,False,False,"Jul 22, 2016",USD,1999,1999,0,True,True,False,Single-player|Multi-player|PvP|Online PvP|Co-op|Shared/Split Screen Co-op|Shared/Split Screen|Steam Achievements|Full controller support|Steam Trading Cards|Steam Workshop|Color Alternatives|Custom Volume Controls|Keyboard Only Option|Playable without Timed Input|Stereo Sound|Surround Sound|Steam Cloud|Stats|Remote Play on TV|Remote Play Together|Family Sharing,Adventure|Casual|Indie|Simulation,"English<strong>*</strong>, French, German, Spanish - Spain, Russian, Italian, Simplified Chinese, Japanese, Korean, Polish, Portuguese - Portugal, Portuguese - Brazil, Thai, Turkish, Ukrainian, Traditional Chinese<br><strong>*</strong>languages with full audio support","<strong>Minimum:</strong><br><ul class=""bb_ul""><li><strong>OS *:</strong> Windows XP/Vista/7/8/8.1/10 x86 and x64<br></li><li><strong>Processor:</strong> Intel Core2 Duo E6750 (2 * 2660) or equivalent | AMD Athlon 64 X2 Dual Core 6000+ (2 * 3000) or equivalent<br></li><li><strong>Memory:</strong> 1024 MB RAM<br></li><li><strong>Graphics:</strong> GeForce GT 740 (2048 MB) or equivalent | Radeon HD 5770 (1024 MB)<br></li><li><strong>Storage:</strong> 500 MB available space</li></ul>","<strong>Recommended:</strong><br><ul class=""bb_ul""><li><strong>OS *:</strong> Windows XP/Vista/7/8/8.1/10 x86 and x64<br></li><li><strong>Processor:</strong> Intel Core2 Quad Q9300 (4 * 2500) or equivalent | AMD A10-5800K APU (4*3800) or equivalent<br></li><li><strong>Memory:</strong> 2048 MB RAM<br></li><li><strong>Graphics:</strong> GeForce GTX 460 (1024 MB) or equivalent | Radeon HD 7770 (1024 MB)<br></li><li><strong>Storage:</strong> 500 MB available space</li></ul>",https://shared.akamai.steamstatic.com/store_item_assets/steam/apps/477160/47794e3bd6e51595178b57b7a8e013535a9a172c/header_alt_assets_27.jpg?t=1770736658,66,18
20260228,108600,True,game,Project Zomboid,False,False,"Nov 8, 2013",USD,1999,1999,0,True,True,True,Single-player|Multi-player|PvP|Online PvP|Co-op|Online Co-op|Shared/Split Screen Co-op|Shared/Split Screen|Cross-Platform Multiplayer|Steam Trading Cards|Steam Workshop|Partial Controller Support|Remote Play Together|Family Sharing,Indie|RPG|Simulation|Early Access,"English, French, Italian, German, Spanish - Spain, Danish, Dutch, Hungarian, Norwegian, Polish, Portuguese - Portugal, Russian, Turkish, Japanese, Simplified Chinese, Portuguese - Brazil, Finnish, Korean, Thai, Traditional Chinese, Ukrainian","<ul class=""bb_ul""><li><strong>OS:</strong> Windows 10, 64 Bit<br>	</li><li> 64bit OS required<br>	</li><li><strong>Processor:</strong> Intel 2.77GHz Quad-core<br>	</li><li><strong>Memory:</strong> 8Gb Ram<br>	</li><li><strong>Hard Disk Space:</strong> 5gig 	<br>	</li><li><strong>Video Card:</strong>  Dedicated graphics card with 2 GB of RAM minimum, OpenGL 2.1 and GLSL 1.2 support (generally 2012 or newer)<br>        </li><li><strong>Sound:</strong> FMOD compatible sound card	</li></ul>",,https://shared.akamai.steamstatic.com/store_item_assets/steam/apps/108600/header.jpg?t=1762369969,11,1
20260228,361420,True,game,ASTRONEER,False,False,"Feb 5, 2019",USD,2999,2999,0,True,False,False,Single-player|Multi-player|Co-op|Online Co-op|Steam Achievements|Full controller support|Steam Cloud|Remote Play on Tablet|Remote Play on TV|Family Sharing,Adventure|Indie,"English, French, Italian, German, Spanish - Spain, Dutch, Japanese, Korean, Polish, Russian, Simplified Chinese, Portuguese - Brazil, Turkish","<strong>Minimum:</strong><br><ul class=""bb_ul""><li>Requires a 64-bit processor and operating system<br></li><li><strong>OS:</strong> Windows 10 (64-bit)<br></li><li><strong>Processor:</strong> X64 Dual Core CPU, 2+ GHz<br></li><li><strong>Memory:</strong> 4 GB RAM<br></li><li><strong>Graphics:</strong> Discrete Non Mobile GPU with 1 GB Ram<br></li><li><strong>DirectX:</strong> Version 11<br></li><li><strong>Storage:</strong> 2 GB available space<br></li><li><strong>Sound Card:</strong> Any<br></li><li><strong>Additional Notes:</strong> Internet connection required for online multiplayer</li></ul>","<strong>Recommended:</strong><br><ul class=""bb_ul""><li>Requires a 64-bit processor and operating system<br></li><li><strong>OS:</strong> Windows 11 (64-bit)<br></li><li><strong>Processor:</strong> X64 Quad Core CPU, 3+ GHz<br></li><li><strong>Memory:</strong> 8 GB RAM<br></li><li><strong>Graphics:</strong> Discrete Non Mobile GPU with 2 GB RAM<br></li><li><strong>DirectX:</strong> Version 11<br></li><li><strong>Network:</strong> Broadband Internet connection<br></li><li><strong>Storage:</strong> 4 GB available space<br></li><li><strong>Sound Card:</strong> Any</li></ul>",https://shared.akamai.steamstatic.com/store_item_assets/steam/apps/361420/1c44099d86c824a6fd1098a4215097878d68664e/header.jpg?t=1770767049,10,2
20260228,892970,True,game,Valheim,False,False,"Feb 2, 2021",USD,1999,1999,0,True,True,True,Single-player|Multi-player|Co-op|Online Co-op|Full controller support|Camera Comfort|Custom Volume Controls|Adjustable Difficulty|Save Anytime|Stereo Sound|Steam Cloud|Remote Play on Tablet|Family Sharing,Action|Adventure|Indie|RPG|Early Access,"English, French, German, Spanish - Spain, Russian, Simplified Chinese, Turkish, Japanese, Portuguese - Brazil, Polish, Ukrainian, Italian, Korean, Traditional Chinese","<strong>Minimum:</strong><br><ul class=""bb_ul""><li>Requires a 64-bit processor and operating system<br></li><li><strong>OS:</strong> Windows 10 or later<br></li><li><strong>Processor:</strong> 2.6 GHz Quad Core or similar<br></li><li><strong>Memory:</strong> 8 GB RAM<br></li><li><strong>Graphics:</strong> GeForce GTX 950 or Radeon HD 7970<br></li><li><strong>DirectX:</strong> Version 11<br></li><li><strong>Storage:</strong> 1 GB available space<br></li><li><strong>Additional Notes:</strong> The following languages have been partially translated by the community: Svenska, Italiano, Romanian, български, македонски, Suomi, Dansk, íslenska, Lietuvių kalba, čeština, Magyar nyelv, Português europeu, 한국어 (불완전한), Norsk, ภาษาไทย, ქართული ენა, Abenaki, Slovenčina</li></ul>","<strong>Recommended:</strong><br><ul class=""bb_ul""><li>Requires a 64-bit processor and operating system<br></li><li><strong>OS:</strong> Windows 10 or later<br></li><li><strong>Processor:</strong> i5 3GHz or Ryzen 5 3GHz<br></li><li><strong>Memory:</strong> 16 GB RAM<br></li><li><strong>Graphics:</strong> GeForce GTX 1060 or Radeon RX 580<br></li><li><strong>DirectX:</strong> Version 11<br></li><li><strong>Network:</strong> Broadband Internet connection<br></li><li><strong>Storage:</strong> 1 GB available space</li></ul>",https://shared.akamai.steamstatic.com/store_item_assets/steam/apps/892970/de0bdcf6c008c508a79d8e75eb91fc67f4bebd5d/header.jpg?t=1765967243,18,7
20260228,305620,True,game,The Long Dark,False,False,"Aug 1, 2017",USD,1999,1999,0,True,True,True,Single-player|Steam Achievements|Full controller support|Steam Trading Cards|Steam Cloud|Remote Play on TV|Family Sharing,Adventure|Indie|Simulation|Strategy,"English<strong>*</strong>, German, Russian, French, Spanish - Spain, Finnish, Japanese, Korean, Norwegian, Portuguese - Portugal, Simplified Chinese, Swedish, Traditional Chinese, Turkish, Portuguese - Brazil, Dutch, Italian, Polish, Ukrainian<br><strong>*</strong>languages with full audio support","<strong>Minimum:</strong><br><ul class=""bb_ul""><li>Requires a 64-bit processor and operating system<br></li><li><strong>OS *:</strong> Windows 8<br></li><li><strong>Processor:</strong> Dual-Core Intel i5 CPU @ 2GHz+<br></li><li><strong>Memory:</strong> 4 GB RAM<br></li><li><strong>Graphics:</strong> Intel 4xxx Series w/ 512MB VRAM or better<br></li><li><strong>Storage:</strong> 7 GB available space<br></li><li><strong>Sound Card:</strong> Any on-board chip will work.</li></ul>","<strong>Recommended:</strong><br><ul class=""bb_ul""><li>Requires a 64-bit processor and operating system<br></li><li><strong>OS:</strong> Windows 10<br></li><li><strong>Processor:</strong> Intel i7 CPU @ 2.6GHz or higher<br></li><li><strong>Memory:</strong> 8 GB RAM<br></li><li><strong>Graphics:</strong> nVidia GTX 555 w/ 1GB VRAM or better<br></li><li><strong>Storage:</strong> 7 GB available space<br></li><li><strong>Sound Card:</strong> Ideally, something with Surround capabilities.</li></ul>",https://shared.akamai.steamstatic.com/store_item_assets/steam/apps/305620/header.jpg?t=1768865059,23,5
20260228,367520,True,game,Hollow Knight,False,False,"Feb 24, 2017",USD,1499,1499,0,True,True,True,Single-player|Steam Achievements|Full controller support|Steam Trading Cards|Steam Cloud|Remote Play on Phone|Remote Play on Tablet|Remote Play on TV|Family Sharing,Action|Adventure|Indie,"English<strong>*</strong>, French<strong>*</strong>, German<strong>*</strong>, Spanish - Spain<strong>*</strong>, Korean<strong>*</strong>, Simplified Chinese<strong>*</strong>, Italian<strong>*</strong>, Portuguese - Brazil<strong>*</strong>, Russian<strong>*</strong>, Japanese<strong>*</strong><br><strong>*</strong>languages with full audio support","<strong>Minimum:</strong><br><ul class=""bb_ul""><li>Requires a 64-bit processor and operating system<br></li><li><strong>OS:</strong> Windows 10 version 21H1 (build 19043) or newer<br></li><li><strong>Processor:</strong> Intel Core i3-3240, AMD FX-4300<br></li><li><strong>Memory:</strong> 4 GB RAM<br></li><li><strong>Graphics:</strong> GeForce GTX 560 Ti (1GB), Radeon HD 7750 (1GB)<br></li><li><strong>DirectX:</strong> Version 10<br></li><li><strong>Storage:</strong> 9 GB available space</li></ul>","<strong>Recommended:</strong><br><ul class=""bb_ul""><li>Requires a 64-bit processor and operating system<br></li><li><strong>OS:</strong> Windows 10 version 21H1 (build 19043) or newer<br></li><li><strong>Processor:</strong> Intel Core i5-3470<br></li><li><strong>Memory:</strong> 8 GB RAM<br></li><li><strong>Graphics:</strong> GeForce GTX 1050 (2GB), Radeon R9 380 (2GB)<br></li><li><strong>DirectX:</strong> Version 10<br></li><li><strong>Storage:</strong> 9 GB available space</li></ul>",https://shared.akamai.steamstatic.com/store_item_assets/steam/apps/367520/3c3489495136b26b34f8a9543c7f5645b99d388c/header.jpg?t=1770338567,15,5
20260228,739630,True,game,Phasmophobia,False,False,"Sep 18, 2020",USD,1999,1999,0,True,False,False,Single-player|Multi-player|Co-op|Online Co-op|Steam Achievements|Full controller support|Tracked Controller Support|VR Supported|Steam Trading Cards|Camera Comfort|Adjustable Difficulty|Playable without Timed Input|Stereo Sound|Surround Sound|Steam Cloud|Remote Play on Phone|Remote Play on Tablet|Family Sharing,Action|Indie|Early Access,"English<strong>*</strong>, Portuguese - Portugal, Spanish - Spain, Portuguese - Brazil, German, French, Italian, Bulgarian, Czech, Danish, Dutch, Finnish, Greek, Hungarian, Japanese, Korean, Norwegian, Polish, Romanian, Russian, Simplified Chinese, Swedish, Traditional Chinese, Turkish, Ukrainian, Catalan<br><strong>*</strong>languages with full audio support","<strong>Minimum:</strong><br><ul class=""bb_ul""><li>Requires a 64-bit processor and operating system<br></li><li><strong>OS:</strong> Windows 10 64Bit<br></li><li><strong>Processor:</strong> Intel Core i5-4590 / AMD Ryzen 5 2600<br></li><li><strong>Memory:</strong> 8 GB RAM<br></li><li><strong>Graphics:</strong> NVIDIA GTX 970 / AMD Radeon R9 390<br></li><li><strong>DirectX:</strong> Version 11<br></li><li><strong>Storage:</strong> 21 GB available space<br></li><li><strong>VR Support:</strong> OpenXR<br></li><li><strong>Additional Notes:</strong> Minimum Specs are for VR, lower specs may work for Non-VR.</li></ul>","<strong>Recommended:</strong><br><ul class=""bb_ul""><li>Requires a 64-bit processor and operating system<br></li><li><strong>OS:</strong> Windows 10 64Bit<br></li><li><strong>Processor:</strong> Intel Core i5-10600 / AMD Ryzen 5 3600<br></li><li><strong>Memory:</strong> 8 GB RAM<br></li><li><strong>Graphics:</strong> NVIDIA RTX 2060 / AMD Radeon RX 5700<br></li><li><strong>DirectX:</strong> Version 11<br></li><li><strong>Network:</strong> Broadband Internet connection<br></li><li><strong>Storage:</strong> 21 GB available space</li></ul>",https://shared.akamai.steamstatic.com/store_item_assets/steam/apps/739630/c227a2855aba60f3657bc0c3a46515b8c41fb2b6/header.jpg?t=1771845652,23,5
20260228,457140,True,game,Oxygen Not Included,False,False,"Jul 30, 2019",USD,2499,2499,0,True,True,True,Single-player|Steam Trading Cards|Family Sharing,Indie|Simulation,"English<strong>*</strong>, Simplified Chinese<strong>*</strong>, Korean<strong>*</strong>, Russian<strong>*</strong><br><strong>*</strong>languages with full audio support","<strong>Minimum:</strong><br><ul class=""bb_ul""><li>Requires a 64-bit processor and operating system<br></li><li><strong>OS *:</strong> Windows 7 (64 bit)<br></li><li><strong>Processor:</strong> Dual Core 2 GHz<br></li><li><strong>Memory:</strong> 4 GB RAM<br></li><li><strong>Graphics:</strong> Intel HD 4600 (AMD or NVIDIA equivalent)<br></li><li><strong>DirectX:</strong> Version 11<br></li><li><strong>Storage:</strong> 2 GB available space</li></ul>","<strong>Recommended:</strong><br><ul class=""bb_ul""><li>Requires a 64-bit processor and operating system</li></ul>",https://shared.akamai.steamstatic.com/store_item_assets/steam/apps/457140/header.jpg?t=1766014410,8,11
20260228,427520,True,game,Factorio,False,False,"Aug 14, 2020",USD,3500,3500,0,True,True,True,Single-player|Multi-player|Co-op|Online Co-op|LAN Co-op|Cross-Platform Multiplayer|Steam Achievements|Adjustable Text Size|Camera Comfort|Custom Volume Controls|Adjustable Difficulty|Playable without Timed Input|Save Anytime|Subtitle Options|Partial Controller Support|Steam Cloud|Includes level editor|Remote Play on Tablet|Family Sharing,Casual|Indie|Simulation|Strategy,"English, French, Italian, German, Spanish - Spain, Hungarian, Dutch, Norwegian, Polish, Portuguese - Portugal, Portuguese - Brazil, Romanian, Finnish, Swedish, Czech, Russian, Ukrainian, Japanese, Simplified Chinese, Traditional Chinese, Korean, Turkish, Greek, Spanish - Latin America, Thai, Vietnamese, Belarusian, Catalan, Kazakh, Georgian","<strong>Minimum:</strong><br><ul class=""bb_ul""><li><strong>OS:</strong> Windows 11, 10<br></li><li><strong>Processor:</strong> Quad core 3Ghz+<br></li><li><strong>Memory:</strong> 8 GB RAM<br></li><li><strong>Graphics:</strong> DirectX 11 capable GPU with 1GB VRAM - GeForce GTX 750 Ti, Radeon R7 360 or Intel UHD Graphics 730<br></li><li><strong>DirectX:</strong> Version 11<br></li><li><strong>Storage:</strong> 5 GB available space<br></li><li><strong>Additional Notes:</strong> Normal sprite resolution, Low quality compression, 1080p resolution</li></ul>","<strong>Recommended:</strong><br><ul class=""bb_ul""><li><strong>OS:</strong> Windows 11, 10<br></li><li><strong>Processor:</strong> Quad core 4Ghz+ from 2020 or newer<br></li><li><strong>Memory:</strong> 16 GB RAM<br></li><li><strong>Graphics:</strong> DirectX 11 capable GPU with 4 GB VRAM - GeForce GTX 1050 Ti, Radeon RX 570, Intel Arc<br></li><li><strong>DirectX:</strong> Version 11<br></li><li><strong>Storage:</strong> 10 GB available space<br></li><li><strong>Additional Notes:</strong> High sprite resolution, High quality compression</li></ul>",https://shared.akamai.steamstatic.com/store_item_assets/steam/apps/427520/header.jpg?t=1763986204,34,3
20260228,526870,True,game,Satisfactory,False,False,"Sep 10, 2024",USD,3999,3999,0,True,False,False,Single-player|Multi-player|Co-op|Online Co-op|Cross-Platform Multiplayer|Steam Achievements|Adjustable Text Size|Camera Comfort|Color Alternatives|Custom Volume Controls|Adjustable Difficulty|Playable without Timed Input|Save Anytime|Stereo Sound|Surround Sound|Partial Controller Support|Steam Cloud|Remote Play on Tablet|Family Sharing,Adventure|Indie|Simulation|Strategy,"English<strong>*</strong>, French, Italian, German, Spanish - Spain, Japanese, Korean, Polish, Portuguese - Brazil, Russian, Simplified Chinese, Traditional Chinese, Ukrainian<br><strong>*</strong>languages with full audio support","<strong>Minimum:</strong><br><ul class=""bb_ul""><li>Requires a 64-bit processor and operating system<br></li><li><strong>OS:</strong> Windows 10 or later (64-Bit)<br></li><li><strong>Processor:</strong> i5-3570 3.4 GHz 4 Core<br></li><li><strong>Memory:</strong> 8 GB RAM<br></li><li><strong>Graphics:</strong> Nvidia GTX 1650/GTX 1050-ti, or AMD RX 470/RX 570, or equivalent performance &amp; VRAM<br></li><li><strong>Storage:</strong> 20 GB available space<br></li><li><strong>Additional Notes:</strong> Internet connection required for multiplayer.</li></ul>","<strong>Recommended:</strong><br><ul class=""bb_ul""><li>Requires a 64-bit processor and operating system<br></li><li><strong>OS:</strong> Windows 11 or later (64-Bit)<br></li><li><strong>Processor:</strong> Ryzen 5 5600X﻿ or ﻿i5-12400 ﻿or equivalent performance, 6 physical cores minimum<br></li><li><strong>Memory:</strong> 16 GB RAM<br></li><li><strong>Graphics:</strong> Nvidia RTX 2070﻿ or RX 5700, or equivalent performance &amp; VRAM<br></li><li><strong>Storage:</strong> 20 GB available space<br></li><li><strong>Additional Notes:</strong> Internet connection required for multiplayer.</li></ul>",https://shared.akamai.steamstatic.com/store_item_assets/steam/apps/526870/header.jpg?t=1749717464,17,7
20260228,588650,True,game,Dead Cells,False,False,"Aug 6, 2018",USD,2499,2499,0,True,True,True,Single-player|Steam Achievements|Full controller support|Steam Trading Cards|Steam Workshop|Steam Cloud|Remote Play on Phone|Remote Play on Tablet|Remote Play on TV|Family Sharing,Action|Adventure|Indie,"English<strong>*</strong>, French<strong>*</strong>, Simplified Chinese<strong>*</strong>, Italian<strong>*</strong>, German<strong>*</strong>, Spanish - Spain<strong>*</strong>, Japanese<strong>*</strong>, Portuguese - Portugal<strong>*</strong>, Russian<strong>*</strong>, Turkish<strong>*</strong>, Korean<strong>*</strong>, Traditional Chinese<strong>*</strong>, Portuguese - Brazil<strong>*</strong>, Spanish - Latin America<strong>*</strong>, Polish<strong>*</strong><br><strong>*</strong>languages with full audio support","<strong>Minimum:</strong><br><ul class=""bb_ul""><li><strong>OS *:</strong> Windows 7+<br></li><li><strong>Processor:</strong> Intel i5+<br></li><li><strong>Memory:</strong> 2 GB RAM<br></li><li><strong>Graphics:</strong> Nvidia 450 GTS / Radeon HD 5750 or better<br></li><li><strong>Storage:</strong> 500 MB available space<br></li><li><strong>Additional Notes:</strong> DirectX 9.1+ or OpenGL 3.2+</li></ul>","<strong>Recommended:</strong><br><ul class=""bb_ul""><li><strong>OS *:</strong> Windows 7+<br></li><li><strong>Processor:</strong> Intel i5+<br></li><li><strong>Memory:</strong> 4 GB RAM<br></li><li><strong>Graphics:</strong> Nvidia GTX 460 / Radeon HD 7800 or better<br></li><li><strong>Storage:</strong> 500 MB available space<br></li><li><strong>Additional Notes:</strong> DirectX 9.1+ or OpenGL 3.2+</li></ul>",https://shared.akamai.steamstatic.com/store_item_assets/steam/apps/588650/header.jpg?t=1761123066,13,1
20260228,282070,True,game,This War of Mine,False,False,"Nov 14, 2014",USD,1999,1999,0,True,True,True,Single-player|Steam Achievements|Steam Trading Cards|Steam Workshop|Partial Controller Support|Steam Cloud|Family Sharing,Adventure|Indie|Simulation,"English<strong>*</strong>, French, German, Polish, Russian, Italian, Portuguese - Brazil, Spanish - Spain, Japanese, Korean, Turkish, Simplified Chinese<br><strong>*</strong>languages with full audio support","<strong>Minimum:</strong><br><ul class=""bb_ul""><li>Requires a 64-bit processor and operating system<br></li><li><strong>OS *:</strong> Windows 7/8/10<br></li><li><strong>Processor:</strong> 2.4 GHz Dual Core<br></li><li><strong>Memory:</strong> 2 GB RAM<br></li><li><strong>Graphics:</strong> GeForce GTX 260, Radeon HD 5770, 1024 MB, Shader Model 3.0<br></li><li><strong>Sound Card:</strong> DirectX compatible</li></ul>","<strong>Recommended:</strong><br><ul class=""bb_ul""><li>Requires a 64-bit processor and operating system<br></li><li><strong>OS *:</strong> Windows 7/8/10<br></li><li><strong>Processor:</strong> 2.5+ GHz Quad Core<br></li><li><strong>Memory:</strong> 4 GB RAM<br></li><li><strong>Graphics:</strong> NVIDIA GTX 660 or better, Radeon HD 7950 or better, Shader Model 3.0<br></li><li><strong>DirectX:</strong> Version 9.0c<br></li><li><strong>Sound Card:</strong> DirectX compatible</li></ul>",https://shared.akamai.steamstatic.com/store_item_assets/steam/apps/282070/26fb8c9bb7b9e3a17469d8026ee3fa510ee7f8f5/header.jpg?t=1765218571,12,3
20260228,379430,True,game,Kingdom Come: Deliverance,False,False,"Feb 13, 2018",USD,2999,599,80,True,False,False,Single-player|Steam Achievements|Full controller support|Steam Trading Cards|Steam Cloud|Remote Play on TV|Family Sharing,Action|Adventure|RPG,"English<strong>*</strong>, French<strong>*</strong>, German<strong>*</strong>, Spanish - Spain, Czech<strong>*</strong>, Polish, Russian, Italian, Simplified Chinese, Turkish, Korean, Ukrainian, Portuguese - Brazil, Japanese<strong>*</strong><br><strong>*</strong>languages with full audio support","<strong>Minimum:</strong><br><ul class=""bb_ul""><li>Requires a 64-bit processor and operating system<br></li><li><strong>OS *:</strong> OS 64-bit Windows 7 or 64-bit Windows 8 (8.1) or Windows 10<br></li><li><strong>Processor:</strong> Intel CPU Core i5-2500K 3.3GHz, AMD CPU Phenom II X4 940<br></li><li><strong>Memory:</strong> 8 GB RAM<br></li><li><strong>Graphics:</strong> Nvidia GPU GeForce GTX 660, AMD GPU Radeon HD 7870<br></li><li><strong>DirectX:</strong> Version 11<br></li><li><strong>Storage:</strong> 70 GB available space<br></li><li><strong>Sound Card:</strong> Integrated<br></li><li><strong>Additional Notes:</strong> SSD recommended</li></ul>","<strong>Recommended:</strong><br><ul class=""bb_ul""><li>Requires a 64-bit processor and operating system<br></li><li><strong>OS *:</strong> OS 64-bit Windows 7 or 64-bit Windows 8 (8.1) or Windows 10<br></li><li><strong>Processor:</strong> Intel CPU Core i7 3770 3,4 GHz, AMD CPU AMD FX-8350 4 GHz<br></li><li><strong>Memory:</strong> 16 GB RAM<br></li><li><strong>Graphics:</strong> Nvidia GPU GeForce GTX 1060, AMD GPU Radeon RX 580<br></li><li><strong>DirectX:</strong> Version 11<br></li><li><strong>Storage:</strong> 90 GB available space<br></li><li><strong>Sound Card:</strong> Creative SOUND BLASTER Zx<br></li><li><strong>Additional Notes:</strong> SSD recommended</li></ul>",https://shared.akamai.steamstatic.com/store_item_assets/steam/apps/379430/43b72106345687f4a2bf94d5f98335e52c1cd598/header.jpg?t=1770998376,23,8
20260228,391540,True,game,Undertale,False,False,"Sep 15, 2015",USD,999,999,0,True,True,True,Single-player|Steam Trading Cards|Remote Play on Phone|Remote Play on Tablet|Family Sharing,Indie|RPG,"English, Japanese","<strong>Minimum:</strong><br><ul class=""bb_ul""><li><strong>OS *:</strong> Windows XP, Vista, 7, 8, or 10<br></li><li><strong>Memory:</strong> 2 GB RAM<br></li><li><strong>Graphics:</strong> 128MB<br></li><li><strong>Storage:</strong> 200 MB available space</li></ul>","<strong>Recommended:</strong><br><ul class=""bb_ul""><li><strong>OS *:</strong> Windows XP, Vista, 7, or 10<br></li><li><strong>Processor:</strong> 2GHz+<br></li><li><strong>Memory:</strong> 3 GB RAM<br></li><li><strong>Graphics:</strong> 512MB<br></li><li><strong>Storage:</strong> 200 MB available space</li></ul>",https://shared.akamai.steamstatic.com/store_item_assets/steam/apps/391540/header.jpg?t=1757349115,7,1
20260228,250900,True,game,The Binding of Isaac: Rebirth,False,False,"Nov 4, 2014",USD,1499,1499,0,True,True,True,Single-player|Multi-player|Shared/Split Screen|Steam Achievements|Full controller support|Steam Trading Cards|Steam Cloud|Remote Play on TV|Remote Play Together|Family Sharing,Action,English<strong>*</strong><br><strong>*</strong>languages with full audio support,"<strong>Minimum:</strong><br><ul class=""bb_ul""><li><strong>OS:</strong> XP<br></li><li><strong>Processor:</strong> Core 2 Duo<br></li><li><strong>Memory:</strong> 2 GB RAM<br></li><li><strong>Graphics:</strong> Discreet video card<br></li><li><strong>Storage:</strong> 449 MB available space<br></li><li><strong>Sound Card:</strong> Yes</li></ul>","<strong>Recommended:</strong><br><ul class=""bb_ul""><li><strong>OS *:</strong> Windows 8 / 7 / Vista / XP<br></li><li><strong>Processor:</strong> 2.4 GHz Quad Core 2.0 (or higher)<br></li><li><strong>Memory:</strong> 8 GB RAM<br></li><li><strong>Graphics:</strong> Intel HD Graphics 4000 and higher, ATI Radeon HD-Series 4650 and higher, Nvidia GeForce 2xx-Series and up<br></li><li><strong>Storage:</strong> 449 MB available space<br></li><li><strong>Sound Card:</strong> Yes</li></ul>",https://shared.akamai.steamstatic.com/store_item_assets/steam/apps/250900/header.jpg?t=1731977365,12,1
20260228,262060,True,game,Darkest Dungeon®,False,False,"Jan 19, 2016",USD,2499,2499,0,True,True,True,Single-player|Steam Achievements|Steam Trading Cards|Partial Controller Support|Steam Cloud|Remote Play on Tablet|Family Sharing,Indie|RPG|Strategy,"English<strong>*</strong>, French, German, Spanish - Spain, Czech, Polish, Portuguese - Brazil, Russian, Italian, Simplified Chinese, Korean, Japanese<br><strong>*</strong>languages with full audio support","<strong>Minimum:</strong><br><ul class=""bb_ul""><li><strong>OS *:</strong> Windows XP<br></li><li><strong>Memory:</strong> 2 GB RAM<br></li><li><strong>Graphics:</strong> Open GL 3.2+ Compliant<br></li><li><strong>Storage:</strong> 2 GB available space<br></li><li><strong>Additional Notes:</strong> 1080p, 16:9 recommended</li></ul>","<strong>Recommended:</strong><br><ul class=""bb_ul""><li><strong>OS *:</strong> Windows 7+<br></li><li><strong>Memory:</strong> 4 GB RAM<br></li><li><strong>Graphics:</strong> Open GL 3.2+ Compliant<br></li><li><strong>Storage:</strong> 2 GB available space<br></li><li><strong>Additional Notes:</strong> 1080p, 16:9 recommended</li></ul>",https://shared.akamai.steamstatic.com/store_item_assets/steam/apps/262060/header.jpg?t=1769780578,23,3
20260228,1203620,True,game,Enshrouded,False,False,"Jan 24, 2024",USD,2999,2999,0,True,False,False,Single-player|Multi-player|Co-op|Online Co-op|Steam Achievements|Full controller support|Adjustable Text Size|Camera Comfort|Color Alternatives|Custom Volume Controls|Adjustable Difficulty|Stereo Sound|Steam Cloud|Family Sharing,Action|Adventure|Indie|RPG|Early Access,"English, French, Italian, German, Spanish - Spain, Japanese, Korean, Polish, Portuguese - Brazil, Russian, Simplified Chinese, Traditional Chinese, Turkish, Ukrainian, Thai","<strong>Minimum:</strong><br><ul class=""bb_ul""><li>Requires a 64-bit processor and operating system<br></li><li><strong>OS:</strong> Windows 10<br></li><li><strong>Processor:</strong> Intel Core i5-6400 (2.7 GHz 4 Core) / AMD Ryzen 5 1500X (3.5 GHz 4 Core) or equivalent<br></li><li><strong>Memory:</strong> 16 GB RAM<br></li><li><strong>Graphics:</strong> NVIDIA GeForce GTX 1060 (req. 6GB VRAM) / AMD Radeon RX 580 (req. 6GB VRAM) / Intel ARC A380<br></li><li><strong>Network:</strong> Broadband Internet connection<br></li><li><strong>Storage:</strong> 60 GB available space<br></li><li><strong>Sound Card:</strong> on board</li></ul>","<strong>Recommended:</strong><br><ul class=""bb_ul""><li>Requires a 64-bit processor and operating system<br></li><li><strong>OS:</strong> Windows 10<br></li><li><strong>Processor:</strong> Intel i7-8700 (3.7 GHz 6 Core) / AMD Ryzen 7 2700X (3.7 GHz 8 Core) or equivalent<br></li><li><strong>Memory:</strong> 16 GB RAM<br></li><li><strong>Graphics:</strong> NVIDIA RTX 2070 Super (req. 6GB VRAM) / AMD Radeon RX 6700 XT (req. 6GB VRAM) / Intel ARC A770<br></li><li><strong>Network:</strong> Broadband Internet connection<br></li><li><strong>Storage:</strong> 60 GB available space<br></li><li><strong>Sound Card:</strong> on board<br></li><li><strong>Additional Notes:</strong> SSD recommended.</li></ul>",https://shared.akamai.steamstatic.com/store_item_assets/steam/apps/1203620/7b462e81072e94d96cb4242a75f8adddd9ec1cbd/header.jpg?t=1769096112,14,11
20260228,1332010,True,game,Stray,False,False,"Jul 19, 2022",USD,2999,1799,40,True,True,False,Single-player|Steam Achievements|Full controller support|Steam Trading Cards|Steam Cloud|Remote Play on TV|Family Sharing,Adventure|Indie,"English, French, Italian, German, Spanish - Spain, Japanese, Korean, Polish, Portuguese - Brazil, Russian, Simplified Chinese, Spanish - Latin America, Traditional Chinese, Turkish, Dutch, Portuguese - Portugal","<strong>Minimum:</strong><br><ul class=""bb_ul""><li>Requires a 64-bit processor and operating system<br></li><li><strong>OS:</strong> Windows 10<br></li><li><strong>Processor:</strong> Intel Core i5-2300 | AMD FX-6350<br></li><li><strong>Memory:</strong> 8 GB RAM<br></li><li><strong>Graphics:</strong> NVIDIA GeForce GTX 650 Ti, 2 GB | AMD Radeon R7 360, 2 GB<br></li><li><strong>DirectX:</strong> Version 12<br></li><li><strong>Storage:</strong> 10 GB available space</li></ul>","<strong>Recommended:</strong><br><ul class=""bb_ul""><li>Requires a 64-bit processor and operating system<br></li><li><strong>OS:</strong> Windows 10<br></li><li><strong>Processor:</strong> Intel Core i5-8400 | AMD Ryzen 5 2600<br></li><li><strong>Memory:</strong> 8 GB RAM<br></li><li><strong>Graphics:</strong> NVIDIA GeForce GTX 780, 3 GB | AMD Radeon R9 290X, 4 GB<br></li><li><strong>DirectX:</strong> Version 12<br></li><li><strong>Storage:</strong> 10 GB available space</li></ul>",https://shared.akamai.steamstatic.com/store_item_assets/steam/apps/1332010/header.jpg?t=1733260906,8,4
20260228,244210,True,game,Assetto Corsa,False,False,"Dec 19, 2014",USD,1999,1999,0,True,False,False,Single-player|Multi-player|PvP|Online PvP|Steam Achievements|VR Supported|Partial Controller Support|Steam Leaderboards|Includes level editor|Family Sharing,Indie|Racing|Simulation|Sports,"English, Italian, Simplified Chinese, Traditional Chinese","<strong>Minimum:</strong><br><ul class=""bb_ul""><li><strong>OS *:</strong> Windows 7 Sp1 - 8 - 8.1 - 10<br></li><li><strong>Processor:</strong> AMD Athlon X2 2.8 GHZ, Intel Core 2 Duo 2.4 GHZ<br></li><li><strong>Memory:</strong> 2 GB RAM<br></li><li><strong>Graphics:</strong> DirectX 10.1 (e.g. AMD Radeon HD 6450, Nvidia GeForce GT 460)<br></li><li><strong>DirectX:</strong> Version 11<br></li><li><strong>Network:</strong> Broadband Internet connection<br></li><li><strong>Storage:</strong> 15 GB available space<br></li><li><strong>Sound Card:</strong> Integrated<br></li><li><strong>VR Support:</strong> SteamVR or Oculus PC. Keyboard or gamepad required</li></ul>","<strong>Recommended:</strong><br><ul class=""bb_ul""><li><strong>OS *:</strong> Windows 7 Sp1 - 8 - 8.1 - 10<br></li><li><strong>Processor:</strong> AMD Six-Core CPU, Intel Quad-Core CPU<br></li><li><strong>Memory:</strong> 6 GB RAM<br></li><li><strong>Graphics:</strong> DirectX 11 (e.g. AMD Radeon 290x, Nvidia GeForce GTX 970)<br></li><li><strong>DirectX:</strong> Version 11<br></li><li><strong>Network:</strong> Broadband Internet connection<br></li><li><strong>Storage:</strong> 30 GB available space<br></li><li><strong>Sound Card:</strong> Integrated</li></ul>",https://shared.akamai.steamstatic.com/store_item_assets/steam/apps/244210/header.jpg?t=1754985171,141,11
20260228,268910,True,game,Cuphead,False,False,"Sep 29, 2017",USD,1999,1999,0,True,True,False,Single-player|Multi-player|Co-op|Shared/Split Screen Co-op|Shared/Split Screen|Steam Achievements|Full controller support|Steam Trading Cards|Steam Cloud|Remote Play on Phone|Remote Play on Tablet|Remote Play on TV|Remote Play Together|Family Sharing,Action|Indie,"English, French, Italian, German, Spanish - Spain, Japanese, Korean, Polish, Portuguese - Brazil, Russian, Simplified Chinese, Spanish - Latin America","<strong>Minimum:</strong><br><ul class=""bb_ul""><li>Requires a 64-bit processor and operating system<br></li><li><strong>OS *:</strong> Windows 7<br></li><li><strong>Processor:</strong> Intel Core2 Duo E8400, 3.0GHz or AMD Athlon 64 X2 6000+, 3.0GHz or higher<br></li><li><strong>Memory:</strong> 3 GB RAM<br></li><li><strong>Graphics:</strong> Geforce 9600 GT or AMD HD 3870 512MB or higher<br></li><li><strong>DirectX:</strong> Version 11<br></li><li><strong>Storage:</strong> 4 GB available space</li></ul>","<strong>Recommended:</strong><br><ul class=""bb_ul""><li>Requires a 64-bit processor and operating system</li></ul>",https://shared.akamai.steamstatic.com/store_item_assets/steam/apps/268910/header.jpg?t=1709068852,10,3
20260228,508440,True,game,Totally Accurate Battle Simulator,False,False,"Apr 1, 2021",USD,1999,1999,0,True,True,False,Single-player|Multi-player|PvP|Online PvP|Steam Achievements|Partial Controller Support|Remote Play on Phone|Remote Play on Tablet|Remote Play Together|Family Sharing,Indie|Simulation|Strategy,"English, French, Italian, German, Spanish - Spain, Japanese, Simplified Chinese, Portuguese - Portugal, Russian","<strong>Minimum:</strong><br><ul class=""bb_ul""><li>Requires a 64-bit processor and operating system<br></li><li><strong>OS *:</strong> Windows 7<br></li><li><strong>Processor:</strong> Intel Core i5-2400 @ 3.1 GHz or AMD FX-6300 @ 3.5 GHz or equivalent<br></li><li><strong>Memory:</strong> 8 GB RAM<br></li><li><strong>Graphics:</strong> NVIDIA GeForce GTX 670 or AMD R9 270 (2GB VRAM with Shader Model 5.0 or better)<br></li><li><strong>DirectX:</strong> Version 10<br></li><li><strong>Storage:</strong> 4 GB available space<br></li><li><strong>Additional Notes:</strong> Only runs on 64 bit systems</li></ul>","<strong>Recommended:</strong><br><ul class=""bb_ul""><li>Requires a 64-bit processor and operating system<br></li><li><strong>OS:</strong> Win 10<br></li><li><strong>Processor:</strong> Intel Core i7-4770 @ 3.4 GHz or AMD Ryzen 5 1600 @ 3.2 GHz or equivalent<br></li><li><strong>Memory:</strong> 8 GB RAM<br></li><li><strong>Graphics:</strong> NVIDIA GeForce GTX 970 or AMD R9 290X (4GB VRAM with Shader Model 5.0 or better)<br></li><li><strong>DirectX:</strong> Version 11<br></li><li><strong>Storage:</strong> 6 GB available space<br></li><li><strong>Additional Notes:</strong> Only runs on 64 bit systems</li></ul>",https://shared.akamai.steamstatic.com/store_item_assets/steam/apps/508440/header.jpg?t=1730715415,9,2
20260228,632360,True,game,Risk of Rain 2,False,False,"Aug 11, 2020",USD,2499,2499,0,True,False,False,Single-player|Multi-player|PvP|Online PvP|Co-op|Online Co-op|Full controller support|Steam Trading Cards|Adjustable Text Size|Camera Comfort|Custom Volume Controls|Adjustable Difficulty|Stereo Sound|Surround Sound|Steam Cloud|Steam Leaderboards|Remote Play on Phone|Remote Play on Tablet|Remote Play on TV|Family Sharing,Action|Indie,"English, French, Italian, German, Spanish - Spain, Japanese, Korean, Portuguese - Brazil, Russian, Simplified Chinese, Turkish","<strong>Minimum:</strong><br><ul class=""bb_ul""><li>Requires a 64-bit processor and operating system<br></li><li><strong>OS *:</strong> Windows 7 or newer, 64-bit<br></li><li><strong>Processor:</strong> Intel Core i3-6100 / AMD FX-8350<br></li><li><strong>Memory:</strong> 4 GB RAM<br></li><li><strong>Graphics:</strong> GTX 580 / AMD HD 7870<br></li><li><strong>DirectX:</strong> Version 11<br></li><li><strong>Network:</strong> Broadband Internet connection<br></li><li><strong>Storage:</strong> 4 GB available space</li></ul>","<strong>Recommended:</strong><br><ul class=""bb_ul""><li>Requires a 64-bit processor and operating system<br></li><li><strong>OS *:</strong> Windows 7 or newer, 64-bit<br></li><li><strong>Processor:</strong> Intel Core i5-4670K / AMD Ryzen 5 1500X<br></li><li><strong>Memory:</strong> 4 GB RAM<br></li><li><strong>Graphics:</strong> GTX 680 / AMD HD 7970<br></li><li><strong>DirectX:</strong> Version 11<br></li><li><strong>Network:</strong> Broadband Internet connection<br></li><li><strong>Storage:</strong> 4 GB available space</li></ul>",https://shared.akamai.steamstatic.com/store_item_assets/steam/apps/632360/header.jpg?t=1763490165,6,3
20260228,686810,True,game,Hell Let Loose,False,False,"Jul 27, 2021",USD,4999,1249,75,True,False,False,Multi-player|PvP|Online PvP|Steam Achievements|Partial Controller Support|Family Sharing,Action|Indie|Massively Multiplayer|Simulation|Strategy,"English, French, German, Spanish - Spain, Russian, Simplified Chinese, Polish, Portuguese - Brazil, Traditional Chinese, Korean, Japanese","<strong>Minimum:</strong><br><ul class=""bb_ul""><li>Requires a 64-bit processor and operating system<br></li><li><strong>OS:</strong> Windows 10 64bit<br></li><li><strong>Processor:</strong> Intel Core i5-6600/AMD Ryzen 3 1300X<br></li><li><strong>Memory:</strong> 12 GB RAM<br></li><li><strong>Graphics:</strong> NVIDIA GeForce GTX 960 4GB/AMD Radeon R9 380 4GB<br></li><li><strong>DirectX:</strong> Version 11<br></li><li><strong>Network:</strong> Broadband Internet connection<br></li><li><strong>Storage:</strong> 60 GB available space</li></ul>","<strong>Recommended:</strong><br><ul class=""bb_ul""><li>Requires a 64-bit processor and operating system<br></li><li><strong>OS:</strong> Windows 10 64bit<br></li><li><strong>Processor:</strong> Intel Core i5-8400/AMD Ryzen 5 2600X<br></li><li><strong>Memory:</strong> 16 GB RAM<br></li><li><strong>Graphics:</strong> NVIDIA GeForce GTX 1060 6GB /AMD Radeon RX 590 8GB<br></li><li><strong>DirectX:</strong> Version 11<br></li><li><strong>Network:</strong> Broadband Internet connection<br></li><li><strong>Storage:</strong> 60 GB available space</li></ul>",https://shared.akamai.steamstatic.com/store_item_assets/steam/apps/686810/fa2c71907321b36aab57edc44dbfe645f0f3a899/header_alt_assets_4.jpg?t=1772130327,16,3
20260228,219640,True,game,Chivalry: Medieval Warfare,False,False,"Oct 16, 2012",USD,2499,2499,0,True,True,True,Multi-player|Steam Achievements|Full controller support|Steam Trading Cards|Steam Workshop|Valve Anti-Cheat enabled|Includes level editor|Remote Play on TV|Family Sharing,Action|Indie,"English<strong>*</strong>, German, French, Italian, Spanish - Spain, Russian, Polish, Simplified Chinese, Traditional Chinese<br><strong>*</strong>languages with full audio support","<strong>Minimum:</strong><br><ul class=""bb_ul""><li><strong>OS *:</strong> Windows XP<br>	</li><li><strong>Processor:</strong> Intel Core 2 Duo 2.4 GHz or AMD Athlon X2 2.7 GHz (a dual-core CPU is <i>required</i>)<br>	</li><li><strong>Memory:</strong> 2 GB RAM<br>	</li><li><strong>Graphics:</strong> ATI Radeon 3870 or higher, Nvidia GeForce 8800 GT or higher. 512MB VRAM.<br>	</li><li><strong>DirectX®:</strong> 9.0c<br>	</li><li><strong>Hard Drive:</strong> 7 GB HD space<br>	</li><li><strong>Other Requirements:</strong> Broadband Internet connection<br>	</li><li><strong>Supported controls:</strong>: Keyboard + Mouse, or Xbox 360 controller, Xbox One controller, or compatible XInput controller</li></ul>",,https://shared.akamai.steamstatic.com/store_item_assets/steam/apps/219640/header.jpg?t=1710276094,21,2
20260228,387990,True,game,Scrap Mechanic,False,False,"Jan 19, 2016",USD,1999,1999,0,True,False,False,Single-player|Multi-player|Co-op|Online Co-op|Steam Workshop|Steam Cloud|Includes level editor|Family Sharing,Action|Adventure|Indie|Simulation|Early Access,"English, French, Italian, German, Spanish - Spain, Polish, Portuguese - Brazil, Simplified Chinese, Japanese, Korean, Russian","<strong>Minimum:</strong><br><ul class=""bb_ul""><li>Requires a 64-bit processor and operating system<br></li><li><strong>OS *:</strong> Microsoft Windows 7 or later<br></li><li><strong>Processor:</strong> 2.6 GHz Dual Core<br></li><li><strong>Memory:</strong> 8 GB RAM<br></li><li><strong>Graphics:</strong> Intel HD Graphics 520 or a dedicated graphics card with 2 GB memory and DirectX feature level 10.1<br></li><li><strong>DirectX:</strong> Version 11<br></li><li><strong>Network:</strong> Broadband Internet connection<br></li><li><strong>Storage:</strong> 15 GB available space</li></ul>","<strong>Recommended:</strong><br><ul class=""bb_ul""><li>Requires a 64-bit processor and operating system<br></li><li><strong>OS *:</strong> Microsoft Windows 7 or later<br></li><li><strong>Processor:</strong> Intel Core i5 6600K<br></li><li><strong>Memory:</strong> 16 GB RAM<br></li><li><strong>Graphics:</strong> NVIDIA GeForce GTX 970<br></li><li><strong>DirectX:</strong> Version 11<br></li><li><strong>Network:</strong> Broadband Internet connection<br></li><li><strong>Storage:</strong> 15 GB available space</li></ul>",https://shared.akamai.steamstatic.com/store_item_assets/steam/apps/387990/header.jpg?t=1727183889,9,4
20260228,1145360,True,game,Hades,False,False,"Sep 17, 2020",USD,2499,2499,0,True,True,False,Single-player|Steam Achievements|Full controller support|Steam Trading Cards|Captions available|Steam Cloud|Remote Play on Phone|Remote Play on Tablet|Remote Play on TV|Family Sharing,Action|Indie|RPG,"English<strong>*</strong>, French, Italian, German, Spanish - Spain, Korean, Portuguese - Brazil, Russian, Simplified Chinese, Polish, Japanese<br><strong>*</strong>languages with full audio support","<strong>Minimum:</strong><br><ul class=""bb_ul""><li><strong>OS *:</strong> Windows 7 SP1<br></li><li><strong>Processor:</strong> Dual Core 2.4 GHz<br></li><li><strong>Memory:</strong> 4 GB RAM<br></li><li><strong>Graphics:</strong> 1GB VRAM / DirectX 10+ support<br></li><li><strong>Storage:</strong> 15 GB available space</li></ul>","<strong>Recommended:</strong><br><ul class=""bb_ul""><li><strong>OS *:</strong> Windows 7 SP1<br></li><li><strong>Processor:</strong> Dual Core 3.0 GHz+<br></li><li><strong>Memory:</strong> 8 GB RAM<br></li><li><strong>Graphics:</strong> 2GB VRAM / DirectX 10+ support<br></li><li><strong>Storage:</strong> 20 GB available space</li></ul>",https://shared.akamai.steamstatic.com/store_item_assets/steam/apps/1145360/header.jpg?t=1758127023,11,3
20260228,233860,True,game,Kenshi,False,False,"Dec 6, 2018",USD,2999,1199,60,True,False,False,Single-player|Steam Trading Cards|Steam Workshop|Includes level editor|Family Sharing,Action|Indie|RPG|Simulation|Strategy,"English<strong>*</strong>, Spanish - Spain<strong>*</strong>, Portuguese - Brazil<strong>*</strong>, Japanese<strong>*</strong>, German<strong>*</strong>, Russian<strong>*</strong>, French<strong>*</strong>, Simplified Chinese<strong>*</strong>, Korean<strong>*</strong><br><strong>*</strong>languages with full audio support","<strong>Minimum:</strong><br><ul class=""bb_ul""><li>OS:64-bit Windows<br></li><li>Processor:Dual-core 64-bit<br></li><li>Memory:6 GB RAM<br></li><li>Graphics:Pixel shader 5.0 capable card<br></li><li>DirectX®:11<br></li><li>Hard Drive:14GB HD space</li></ul>","<strong>Recommended:</strong><br><ul class=""bb_ul""><li><strong>OS *:</strong>Windows 7 64-bit<br>	</li><li><strong>Processor:</strong>Quad-core 64-bit<br>	</li><li><strong>Memory:</strong>16 GB RAM<br>	</li><li><strong>DirectX®:</strong>11<br>	</li><li><strong>Hard Drive:</strong>14GB HD space</li></ul>**<i>Recommended install to SSD for optimum performance</i>",https://shared.akamai.steamstatic.com/store_item_assets/steam/apps/233860/fa72ac8a032fd876780cd5b554e4c03b4976ef74/header.jpg?t=1765221522,6,4
20260228,220200,True,game,Kerbal Space Program,False,False,"Apr 27, 2015",USD,3999,3999,0,True,True,True,Single-player|Steam Trading Cards|Steam Workshop|Partial Controller Support|Steam Cloud|Family Sharing,Indie|Simulation,"English, Spanish - Spain, Simplified Chinese, Japanese, Russian, French, Italian, German, Portuguese - Brazil","<strong>Minimum:</strong><br><ul class=""bb_ul""><li><strong>OS *:</strong>Windows 7 SP1+<br>	</li><li><strong>Processor:</strong>Core 2 Duo 2.0 Ghz<br>	</li><li><strong>Memory:</strong>4 GB RAM<br>	</li><li><strong>Graphics:</strong>DX10 (SM 4.0) capable, 512MB VRAM<br>	</li><li><strong>Hard Drive:</strong>3 GB HD space</li></ul>","<strong>Recommended:</strong><br><ul class=""bb_ul""><li><strong>OS:</strong>Windows 10 64-bit<br>	</li><li><strong>Processor:</strong>Core i5<br>	</li><li><strong>Memory:</strong>8 GB RAM<br>	</li><li><strong>Graphics:</strong>DX10 (SM 4.0) capable, 1GB VRAM<br>	</li><li><strong>Hard Drive:</strong>4 GB HD space</li></ul>",https://shared.akamai.steamstatic.com/store_item_assets/steam/apps/220200/header.jpg?t=1738037585,12,3
20260228,1145350,True,game,Hades II,False,False,"Sep 25, 2025",USD,2999,2999,0,True,True,False,Single-player|Steam Achievements|Full controller support|Steam Trading Cards|Captions available|Steam Cloud|Family Sharing,Action|Indie|RPG,"English<strong>*</strong>, French, Italian, German, Spanish - Spain, Greek, Japanese, Korean, Polish, Portuguese - Brazil, Russian, Simplified Chinese, Traditional Chinese, Turkish, Ukrainian<br><strong>*</strong>languages with full audio support","<strong>Minimum:</strong><br><ul class=""bb_ul""><li>Requires a 64-bit processor and operating system<br></li><li><strong>OS:</strong> Windows 10 64-bit<br></li><li><strong>Processor:</strong> Dual Core 2.4 GHz<br></li><li><strong>Memory:</strong> 8 GB RAM<br></li><li><strong>Graphics:</strong> GeForce GTX 950, Radeon R7 360, or Intel HD Graphics 630<br></li><li><strong>Storage:</strong> 10 GB available space</li></ul>","<strong>Recommended:</strong><br><ul class=""bb_ul""><li>Requires a 64-bit processor and operating system<br></li><li><strong>OS:</strong> Windows 10 64-bit<br></li><li><strong>Processor:</strong> Quad Core 2.4ghz<br></li><li><strong>Memory:</strong> 16 GB RAM<br></li><li><strong>Graphics:</strong> GeForce RTX 2060, Radeon RX 5600 XT, or Intel Arc A580<br></li><li><strong>Storage:</strong> 10 GB available space</li></ul>",https://shared.akamai.steamstatic.com/store_item_assets/steam/apps/1145350/91ac334a2c137d08968ccc0bc474a02579602100/header.jpg?t=1765831644,8,6
20260228,644930,True,game,They Are Billions,False,False,"Jun 18, 2019",USD,2999,2999,0,True,False,False,Single-player|Steam Achievements|Steam Trading Cards|Steam Workshop|Steam Cloud|Stats|Steam Leaderboards|Includes level editor|Remote Play on Tablet|Family Sharing,Strategy,"English<strong>*</strong>, Spanish - Spain, French, German, Japanese, Korean, Polish, Portuguese - Brazil, Russian, Simplified Chinese, Traditional Chinese, Italian<br><strong>*</strong>languages with full audio support","<strong>Minimum:</strong><br><ul class=""bb_ul""><li><strong>OS *:</strong> Windows 7, 8, 10 (32 and 64 bits)<br></li><li><strong>Processor:</strong> INTEL, AMD 2 cores CPU at 2Ghz<br></li><li><strong>Memory:</strong> 4 GB RAM<br></li><li><strong>Graphics:</strong> Intel HD3000, Radeon, Nvidia card with shader model 3, 1GB video ram.<br></li><li><strong>DirectX:</strong> Version 9.0c<br></li><li><strong>Storage:</strong> 4 GB available space<br></li><li><strong>Additional Notes:</strong> Minimum resolution: 1360x768, recomended FULL HD 1920x1080.</li></ul>","<strong>Recommended:</strong><br><ul class=""bb_ul""><li><strong>OS *:</strong> Windows 7, 8, 10  (64 bits)<br></li><li><strong>Processor:</strong> INTEL. AMD 4 cores CPU at 3Ghz<br></li><li><strong>Memory:</strong> 8 GB RAM<br></li><li><strong>Graphics:</strong> Radeon 7950 or above, Nvidia GTX 670 or above.  4GB video ram.<br></li><li><strong>DirectX:</strong> Version 9.0c<br></li><li><strong>Storage:</strong> 4 GB available space<br></li><li><strong>Additional Notes:</strong> 4K Monitor (3840x2160)</li></ul>",https://shared.akamai.steamstatic.com/store_item_assets/steam/apps/644930/header.jpg?t=1595631876,18,2
20260228,222880,True,game,Insurgency,False,False,"Jan 22, 2014",USD,1499,1499,0,True,True,True,Multi-player|Co-op|Cross-Platform Multiplayer|Steam Achievements|Full controller support|Steam Trading Cards|Steam Workshop|Valve Anti-Cheat enabled|Includes level editor|Family Sharing,Action|Indie|Strategy,"English<strong>*</strong>, French, German, Dutch, Polish, Portuguese - Brazil, Russian, Simplified Chinese, Italian, Spanish - Spain, Ukrainian<br><strong>*</strong>languages with full audio support","<strong>Minimum</strong><br><ul class=""bb_ul""><li><strong>OS *:</strong> Windows® 7<br></li><li><strong>Processor:</strong> Intel® Core™ 2 Duo E6600 or AMD Phenom™ X3 8750 processor or better<br></li><li><strong>Memory:</strong> 4 GB RAM<br></li><li><strong>Graphics:</strong> Video card must be 512 MB or more and should be a DirectX 9-compatible with support for Pixel Shader 3.0<br></li><li><strong>Hard Drive:</strong> 10 GB HD space<br></li><li><strong>DirectX:</strong> 9.0c</li></ul>","<strong>Recommended</strong><br><ul class=""bb_ul""><li><strong>Memory:</strong> 8 GB RAM<br></li><li><strong>Graphics:</strong> Video card 2048 MB or more<br></li><li><strong>Hard Drive:</strong> 10 GB HD space on a SSD</li></ul>",https://shared.akamai.steamstatic.com/store_item_assets/steam/apps/222880/header.jpg?t=1758742858,13,0
20260228,211820,True,game,Starbound,False,False,"Jul 22, 2016",USD,1499,1499,0,True,True,True,Single-player|Multi-player|PvP|Online PvP|Co-op|Online Co-op|Cross-Platform Multiplayer|Steam Achievements|Steam Trading Cards|Steam Workshop|Family Sharing,Action|Adventure|Casual|Indie|RPG,English<strong>*</strong><br><strong>*</strong>languages with full audio support,"<strong>Minimum:</strong><br><ul class=""bb_ul""><li><strong>OS *:</strong> Windows XP or later<br></li><li><strong>Processor:</strong> Core 2 Duo<br></li><li><strong>Memory:</strong> 2 GB RAM<br></li><li><strong>Graphics:</strong> 256 MB graphics memory and directx 9.0c compatible gpu<br></li><li><strong>DirectX:</strong> Version 9.0c<br></li><li><strong>Network:</strong> Broadband Internet connection<br></li><li><strong>Storage:</strong> 3 GB available space</li></ul>","<strong>Recommended:</strong><br><ul class=""bb_ul""><li><strong>OS *:</strong> Windows XP or later<br></li><li><strong>Processor:</strong> Core i3<br></li><li><strong>Memory:</strong> 4 GB RAM<br></li><li><strong>Graphics:</strong> Discrete GPU capable of directx 9.0c<br></li><li><strong>DirectX:</strong> Version 9.0c<br></li><li><strong>Network:</strong> Broadband Internet connection<br></li><li><strong>Storage:</strong> 4 GB available space</li></ul>",https://shared.akamai.steamstatic.com/store_item_assets/steam/apps/211820/3ec8855d056d8695de0256594f893a9e3cb826e3/header.jpg?t=1767622909,10,3
20260228,362890,True,game,Black Mesa,False,False,"Mar 6, 2020",USD,1999,1999,0,True,False,True,Single-player|Multi-player|PvP|Online PvP|Cross-Platform Multiplayer|Steam Achievements|Steam Trading Cards|Captions available|Steam Workshop|Partial Controller Support|Steam Cloud|Includes level editor|Includes Source SDK|Remote Play on Phone|Remote Play on Tablet|Family Sharing,Action|Adventure|Indie,"English<strong>*</strong>, German, Spanish - Spain, Finnish, Norwegian, French, Portuguese - Portugal, Russian, Italian, Czech, Danish, Dutch, Hungarian, Korean, Polish, Romanian, Simplified Chinese, Swedish, Traditional Chinese, Turkish, Ukrainian, Greek, Japanese, Portuguese - Brazil, Spanish - Latin America, Vietnamese, Croatian, Georgian, Indonesian, Lithuanian<br><strong>*</strong>languages with full audio support","<strong>Minimum:</strong><br><ul class=""bb_ul""><li><strong>OS:</strong> Windows® 10 or Newer<br></li><li><strong>Processor:</strong> 2.6 Dual Core Processor or Greater<br></li><li><strong>Memory:</strong> 6 GB RAM<br></li><li><strong>Graphics:</strong> 2 GB Dedicated Video Card or Greater<br></li><li><strong>DirectX:</strong> Version 9.0c<br></li><li><strong>Network:</strong> Broadband Internet connection<br></li><li><strong>Storage:</strong> 20 GB available space</li></ul>","<strong>Recommended:</strong><br><ul class=""bb_ul""><li><strong>OS:</strong> Windows® 10 or Newer<br></li><li><strong>Processor:</strong> 3.2 Quad Core Processor or Greater<br></li><li><strong>Memory:</strong> 8 GB RAM<br></li><li><strong>Graphics:</strong> 4 GB Dedicated Video Card or Greater<br></li><li><strong>DirectX:</strong> Version 9.0c<br></li><li><strong>Network:</strong> Broadband Internet connection<br></li><li><strong>Storage:</strong> 20 GB available space</li></ul>",https://shared.akamai.steamstatic.com/store_item_assets/steam/apps/362890/674b9a0e7b31996efd5032dc15e695dbf457d71d/header.jpg?t=1747193649,19,4
20260228,613100,True,game,House Flipper,False,False,"May 17, 2018",USD,2499,2499,0,True,True,False,Single-player|Steam Achievements|Full controller support|Steam Trading Cards|Steam Workshop|Steam Cloud|Remote Play on Tablet|Family Sharing,Indie|Simulation,"English, French, Italian, German, Spanish - Spain, Polish, Russian, Simplified Chinese, Czech, Japanese, Korean, Romanian, Turkish, Hungarian, Portuguese - Brazil, Traditional Chinese, Ukrainian, Greek, Dutch, Norwegian, Portuguese - Portugal, Spanish - Latin America","<strong>Minimum:</strong><br><ul class=""bb_ul""><li>Requires a 64-bit processor and operating system<br></li><li><strong>OS *:</strong> Windows 7 (64-bit) or newer<br></li><li><strong>Processor:</strong> Intel Core i3 3,20GHz / AMD Phenom II X4 955 3,2 GHz<br></li><li><strong>Memory:</strong> 4 GB RAM<br></li><li><strong>Graphics:</strong> GeForce GTX 560 / AMD R7-260X<br></li><li><strong>DirectX:</strong> Version 11<br></li><li><strong>Storage:</strong> 6 GB available space</li></ul>","<strong>Recommended:</strong><br><ul class=""bb_ul""><li>Requires a 64-bit processor and operating system<br></li><li><strong>OS:</strong> Windows 10 64bit<br></li><li><strong>Processor:</strong> Intel Core i5-8400 / AMD Ryzen 5 1600<br></li><li><strong>Memory:</strong> 8 GB RAM<br></li><li><strong>Graphics:</strong> GeForce GTX 970 / AMD Radeon RX 580<br></li><li><strong>DirectX:</strong> Version 11<br></li><li><strong>Storage:</strong> 6 GB available space</li></ul>",https://shared.akamai.steamstatic.com/store_item_assets/steam/apps/613100/6cee40fe293f0bab47534e78bcda64487902efc1/header.jpg?t=1770917229,20,2
20260228,433340,True,game,Slime Rancher,False,False,"Aug 1, 2017",USD,1999,499,75,True,True,True,Single-player|Steam Achievements|Full controller support|Steam Trading Cards|Steam Cloud|Remote Play on Phone|Remote Play on Tablet|Remote Play on TV|Family Sharing,Action|Adventure|Indie|Simulation,"English, French, German, Russian, Swedish, Simplified Chinese, Japanese, Portuguese - Brazil, Korean, Spanish - Latin America","<strong>Minimum:</strong><br><ul class=""bb_ul""><li><strong>OS *:</strong> Windows 7+<br></li><li><strong>Processor:</strong> 2.2GHz Dual Core<br></li><li><strong>Memory:</strong> 4 GB RAM<br></li><li><strong>Graphics:</strong> 512MB VRAM<br></li><li><strong>DirectX:</strong> Version 11<br></li><li><strong>Storage:</strong> 1 GB available space</li></ul>",,https://shared.akamai.steamstatic.com/store_item_assets/steam/apps/433340/header.jpg?t=1758651509,24,5
20260228,581320,True,game,Insurgency: Sandstorm,False,False,"Dec 12, 2018",USD,2999,899,70,True,False,False,Multi-player|PvP|Online PvP|Co-op|Online Co-op|Cross-Platform Multiplayer|Steam Achievements|Full controller support|Steam Trading Cards|Steam Cloud|Stats|Family Sharing,Action,"English<strong>*</strong>, French, Italian, German, Simplified Chinese, Russian, Spanish - Latin America, Spanish - Spain, Traditional Chinese, Korean, Danish, Finnish, Hungarian, Japanese, Norwegian, Dutch, Polish, Portuguese - Portugal, Portuguese - Brazil, Swedish, Czech, Thai, Turkish<br><strong>*</strong>languages with full audio support","<strong>Minimum:</strong><br><ul class=""bb_ul""><li>Requires a 64-bit processor and operating system<br></li><li><strong>OS:</strong> Windows 10/11 (64 bits)<br></li><li><strong>Processor:</strong> Intel Core i5-4440 (3.10GHz)/AMD FX-6300 (3.50GHz)<br></li><li><strong>Memory:</strong> 8 GB RAM<br></li><li><strong>Graphics:</strong> NVIDIA GeForce GTX 760/AMD Radeon HD 7970<br></li><li><strong>DirectX:</strong> Version 11<br></li><li><strong>Storage:</strong> 40 GB available space</li></ul>","<strong>Recommended:</strong><br><ul class=""bb_ul""><li>Requires a 64-bit processor and operating system<br></li><li><strong>OS:</strong> Windows 10/11 (64 bits)<br></li><li><strong>Processor:</strong> Intel Core i7-8700 (3.20GHz)/AMD Ryzen 7 2700 (3.20GHz)<br></li><li><strong>Memory:</strong> 16 GB RAM<br></li><li><strong>Graphics:</strong> NVIDIA GeForce GTX 980/AMD Radeon R9 390X<br></li><li><strong>DirectX:</strong> Version 11<br></li><li><strong>Storage:</strong> 40 GB available space<br></li><li><strong>Additional Notes:</strong> SSD is recommended.</li></ul>",https://shared.akamai.steamstatic.com/store_item_assets/steam/apps/581320/header_alt_assets_3.jpg?t=1772029528,10,5
20260228,285900,True,game,Gang Beasts,False,False,"Dec 12, 2017",USD,1999,1999,0,True,True,True,Multi-player|PvP|Online PvP|Shared/Split Screen PvP|Shared/Split Screen|Steam Achievements|Full controller support|Remote Play on Phone|Remote Play on Tablet|Remote Play on TV|Remote Play Together|Family Sharing,Action|Adventure|Casual|Indie|Simulation,"English, French, Italian, German, Spanish - Spain, Portuguese - Brazil, Japanese, Korean, Simplified Chinese, Traditional Chinese","<strong>Minimum:</strong><br><ul class=""bb_ul""><li><strong>OS *:</strong> Windows 7<br></li><li><strong>Processor:</strong> 2nd generation Core i3, AMD A6, or higher<br></li><li><strong>Memory:</strong> 4 GB RAM<br></li><li><strong>Graphics:</strong> Nvidia 8800 GT, AMD 5670, Intel HD 3000<br></li><li><strong>Network:</strong> Broadband Internet connection<br></li><li><strong>Storage:</strong> 2 GB available space<br></li><li><strong>Additional Notes:</strong> DirectX 10 or higher</li></ul>","<strong>Recommended:</strong><br><ul class=""bb_ul""><li><strong>OS:</strong> Windows 10<br></li><li><strong>Processor:</strong> Core i5<br></li><li><strong>Memory:</strong> 8 GB RAM<br></li><li><strong>Graphics:</strong> SM4 1GB VRAM<br></li><li><strong>Network:</strong> Broadband Internet connection<br></li><li><strong>Storage:</strong> 2 GB available space<br></li><li><strong>Additional Notes:</strong> DirectX 10 or higher</li></ul>",https://shared.akamai.steamstatic.com/store_item_assets/steam/apps/285900/header.jpg?t=1732109683,23,2
20260228,1366540,True,game,Dyson Sphere Program,False,False,"Jan 20, 2021",USD,1999,1999,0,True,False,False,Single-player|Steam Achievements|Family Sharing,Indie|Simulation|Strategy|Early Access,"Simplified Chinese, English","<strong>Minimum:</strong><br><ul class=""bb_ul""><li>Requires a 64-bit processor and operating system<br></li><li><strong>OS *:</strong> Windows 7(64-Bit)<br></li><li><strong>Processor:</strong> i3-530 2.93GHZ 2 Core<br></li><li><strong>Memory:</strong> 8 GB RAM<br></li><li><strong>Graphics:</strong> Dedicated graphics card, GTX 750 Ti 2GB<br></li><li><strong>DirectX:</strong> Version 11<br></li><li><strong>Storage:</strong> 5 GB available space<br></li><li><strong>Sound Card:</strong> DirectX compatible<br></li><li><strong>Additional Notes:</strong> GPU must support Shader Model 5.0</li></ul>","<strong>Recommended:</strong><br><ul class=""bb_ul""><li>Requires a 64-bit processor and operating system<br></li><li><strong>OS:</strong> Windows 10(64-Bit)<br></li><li><strong>Processor:</strong> i9 11900KF8 Core<br></li><li><strong>Memory:</strong> 32 GB RAM<br></li><li><strong>Graphics:</strong> Dedicated graphics card, GTX 2070<br></li><li><strong>DirectX:</strong> Version 11<br></li><li><strong>Storage:</strong> 20 GB available space<br></li><li><strong>Sound Card:</strong> DirectX compatible<br></li><li><strong>Additional Notes:</strong> GPU must support Shader Model 5.0. Display Resolution 1080p +</li></ul>",https://shared.akamai.steamstatic.com/store_item_assets/steam/apps/1366540/2521472f3f71b6f179515fdcfa33d27c212ba3ce/header.jpg?t=1765532615,16,5
20260228,376210,True,game,The Isle,False,False,"Dec 1, 2015",USD,1999,1999,0,True,False,False,Multi-player|MMO|PvP|Online PvP|Partial Controller Support|Valve Anti-Cheat enabled,Action|Adventure|Indie|Massively Multiplayer|Simulation|Early Access,English<strong>*</strong><br><strong>*</strong>languages with full audio support,"<strong>Minimum:</strong><br><ul class=""bb_ul""><li>Requires a 64-bit processor and operating system<br></li><li><strong>OS *:</strong> Windows 7 64-bit or later (64 Bit ONLY)<br></li><li><strong>Processor:</strong> Quad-core Intel or AMD processor, 3.0 GHz or faster.<br></li><li><strong>Memory:</strong> 8 GB RAM<br></li><li><strong>Graphics:</strong> NVIDIA GeForce GTX 960 or AMD Radeon R9 280X series card or higher.<br></li><li><strong>DirectX:</strong> Version 11<br></li><li><strong>Network:</strong> Broadband Internet connection<br></li><li><strong>Storage:</strong> 25 GB available space<br></li><li><strong>Additional Notes:</strong> This game needs a dedicated graphics card to run. Integrated graphics cards will not work.</li></ul>","<strong>Recommended:</strong><br><ul class=""bb_ul""><li>Requires a 64-bit processor and operating system<br></li><li><strong>OS:</strong> Windows 10 64-bit or later (64 Bit ONLY)<br></li><li><strong>Processor:</strong> Quad-core Intel or AMD processor, 3.4 GHz or faster.<br></li><li><strong>Memory:</strong> 16 GB RAM<br></li><li><strong>Graphics:</strong> NVIDIA GeForce GTX 1070<br></li><li><strong>DirectX:</strong> Version 11<br></li><li><strong>Network:</strong> Broadband Internet connection<br></li><li><strong>Storage:</strong> 25 GB available space</li></ul>",https://shared.akamai.steamstatic.com/store_item_assets/steam/apps/376210/header.jpg?t=1653237914,12,1
20260228,848450,True,game,Subnautica: Below Zero,False,False,"May 13, 2021",USD,2999,2999,0,True,True,False,Single-player|Steam Achievements|Full controller support|Steam Trading Cards|Steam Cloud|Remote Play on TV|Family Sharing,Adventure|Indie,"English<strong>*</strong>, French, Italian, German, Spanish - Spain, Japanese, Korean, Portuguese - Brazil, Spanish - Latin America, Russian, Simplified Chinese, Turkish, Ukrainian, Czech, Finnish, Hungarian, Polish, Traditional Chinese, Slovak<br><strong>*</strong>languages with full audio support","<strong>Minimum:</strong><br><ul class=""bb_ul""><li>Requires a 64-bit processor and operating system<br></li><li><strong>OS *:</strong> Windows 7 64-bit<br></li><li><strong>Processor:</strong> Intel Core i3 4XXX series / AMD Ryzen 3 2.6ghz+<br></li><li><strong>Memory:</strong> 8 GB RAM<br></li><li><strong>Graphics:</strong> Intel HD 530 or better<br></li><li><strong>DirectX:</strong> Version 11<br></li><li><strong>Storage:</strong> 15 GB available space</li></ul>","<strong>Recommended:</strong><br><ul class=""bb_ul""><li>Requires a 64-bit processor and operating system<br></li><li><strong>OS:</strong> Windows 10 64-bit<br></li><li><strong>Processor:</strong> Intel Core i5 4XXX series/ AMD Ryzen 5 @ 3Ghz +<br></li><li><strong>Memory:</strong> 8 GB RAM<br></li><li><strong>Graphics:</strong> Nvidia 1050 Ti / AMD Radeon 570, 4GB VRAM<br></li><li><strong>DirectX:</strong> Version 11<br></li><li><strong>Storage:</strong> 15 GB available space</li></ul>",https://shared.akamai.steamstatic.com/store_item_assets/steam/apps/848450/header.jpg?t=1751944927,9,3
20260228,646570,True,game,Slay the Spire,False,False,"Jan 23, 2019",USD,2499,2499,0,True,True,True,Single-player|Steam Achievements|Full controller support|Steam Trading Cards|Steam Workshop|Adjustable Text Size|Custom Volume Controls|Mouse Only Option|Playable without Timed Input|Save Anytime|Touch Only Option|Steam Cloud|Stats|Steam Leaderboards|Remote Play on Phone|Remote Play on Tablet|Remote Play on TV|Family Sharing,Indie|Strategy,"English, Simplified Chinese, French, German, Korean, Russian, Japanese, Polish, Ukrainian, Spanish - Spain, Italian, Dutch, Traditional Chinese, Turkish, Thai, Portuguese - Brazil, Vietnamese","<strong>Minimum:</strong><br><ul class=""bb_ul""><li><strong>OS *:</strong> Windows XP, Vista, 7, 8/8.1, 10<br></li><li><strong>Processor:</strong> 2.0 Ghz<br></li><li><strong>Memory:</strong> 2 GB RAM<br></li><li><strong>Graphics:</strong> 1Gb Video Memory, capable of OpenGL 3.0+ support (2.1 with ARB extensions acceptable)<br></li><li><strong>Storage:</strong> 1 GB available space</li></ul>",,https://shared.akamai.steamstatic.com/store_item_assets/steam/apps/646570/header.jpg?t=1769094928,6,1
20260228,690830,True,game,Foundation,False,False,"Jan 31, 2025",USD,3499,3499,0,True,False,False,Single-player|Steam Achievements|Steam Cloud|Family Sharing,Indie|Simulation|Strategy,"English, French, Italian, German, Spanish - Spain, Russian, Portuguese - Brazil, Simplified Chinese, Japanese, Korean, Polish, Swedish, Turkish, Vietnamese, Czech, Thai, Ukrainian","<strong>Minimum:</strong><br><ul class=""bb_ul""><li>Requires a 64-bit processor and operating system<br></li><li><strong>OS:</strong> Windows 10<br></li><li><strong>Processor:</strong> Intel Core i5-4460<br></li><li><strong>Memory:</strong> 8 GB RAM<br></li><li><strong>Graphics:</strong> GTX 960 / R9 290 - 3 GB Video Memory<br></li><li><strong>Additional Notes:</strong> OpenGL 4.3</li></ul>","<strong>Recommended:</strong><br><ul class=""bb_ul""><li>Requires a 64-bit processor and operating system<br></li><li><strong>OS:</strong> Windows 10<br></li><li><strong>Processor:</strong> Intel Core i7-6700K<br></li><li><strong>Memory:</strong> 16 GB RAM<br></li><li><strong>Graphics:</strong> RTX 2060</li></ul>",https://shared.akamai.steamstatic.com/store_item_assets/steam/apps/690830/a4dcfb5b8a252b9763dd2e5d06dd0e59e0a995c6/header.jpg?t=1765384527,17,4
20260228,286160,True,game,Tabletop Simulator,False,False,"Jun 5, 2015",USD,1999,1999,0,True,True,True,Single-player|Multi-player|PvP|Online PvP|Shared/Split Screen PvP|Co-op|Online Co-op|Shared/Split Screen Co-op|Shared/Split Screen|Cross-Platform Multiplayer|Steam Achievements|Full controller support|Tracked Controller Support|VR Supported|Steam Trading Cards|Steam Workshop|Steam Cloud|Includes level editor|Remote Play Together|Family Sharing,Casual|Indie|RPG|Simulation|Strategy,English,"<strong>Minimum:</strong><br><ul class=""bb_ul""><li>Requires a 64-bit processor and operating system<br></li><li><strong>OS:</strong> Windows 10 64-bit 21H1+.<br></li><li><strong>Processor:</strong> SSE2 instruction set support.<br></li><li><strong>Memory:</strong> 4 GB RAM<br></li><li><strong>Graphics:</strong> Graphics card with DX10 (shader model 4.0) capabilities.<br></li><li><strong>DirectX:</strong> Version 10<br></li><li><strong>Network:</strong> Broadband Internet connection<br></li><li><strong>Storage:</strong> 3 GB available space<br></li><li><strong>VR Support:</strong> SteamVR</li></ul>","<strong>Recommended:</strong><br><ul class=""bb_ul""><li>Requires a 64-bit processor and operating system</li></ul>",https://shared.akamai.steamstatic.com/store_item_assets/steam/apps/286160/header.jpg?t=1765809682,13,4
20260228,1868140,True,game,DAVE THE DIVER,False,False,"Jun 28, 2023",USD,1999,1999,0,True,True,False,Single-player|Steam Achievements|Full controller support|Steam Trading Cards|Steam Cloud|Family Sharing,Adventure|Casual|RPG|Simulation,"English, Korean, Japanese, Simplified Chinese, German, Spanish - Spain, Traditional Chinese, French, Portuguese - Brazil, Italian, Russian","<strong>Minimum:</strong><br><ul class=""bb_ul""><li><strong>OS *:</strong> Windows 7 64 bit<br></li><li><strong>Processor:</strong> Intel Core i3 Dual Core<br></li><li><strong>Memory:</strong> 8 GB RAM<br></li><li><strong>Graphics:</strong> NVIDIA Geforce GTS 450 / AMD Radeon HD 5570<br></li><li><strong>DirectX:</strong> Version 11<br></li><li><strong>Storage:</strong> 10 GB available space<br></li><li><strong>Sound Card:</strong> Windows Compatible Audio Device</li></ul>","<strong>Recommended:</strong><br><ul class=""bb_ul""><li><strong>OS:</strong> Windows 10 64 bit<br></li><li><strong>Processor:</strong> Intel Core i5 - i7 Quad Core<br></li><li><strong>Memory:</strong> 16 GB RAM<br></li><li><strong>Graphics:</strong> NVIDIA Geforce GTX 750Ti / AMD Radeon R9 270x<br></li><li><strong>DirectX:</strong> Version 11<br></li><li><strong>Storage:</strong> 10 GB available space<br></li><li><strong>Sound Card:</strong> Windows Compatible Audio Device</li></ul>",https://shared.akamai.steamstatic.com/store_item_assets/steam/apps/1868140/81bdb3bce15d27ca1b4554a642d91096e89be229/header.jpg?t=1768463150,16,2
20260228,632470,True,game,Disco Elysium - The Final Cut,False,False,"Oct 15, 2019",USD,3999,999,75,True,True,False,Single-player|Steam Achievements|Full controller support|Steam Trading Cards|Steam Cloud|Remote Play on Tablet|Family Sharing,RPG,"English<strong>*</strong>, Simplified Chinese, Spanish - Spain, Korean, Portuguese - Brazil, French, German, Traditional Chinese, Russian, Polish, Japanese, Turkish, Arabic<br><strong>*</strong>languages with full audio support","<strong>Minimum:</strong><br><ul class=""bb_ul""><li>Requires a 64-bit processor and operating system<br></li><li><strong>OS *:</strong> Windows 7<br></li><li><strong>Processor:</strong> Intel Core 2 Duo<br></li><li><strong>Memory:</strong> 2 GB RAM<br></li><li><strong>Graphics:</strong> DirectX 11 compatible video card (integrated or dedicated with min 512MB memory)<br></li><li><strong>DirectX:</strong> Version 11<br></li><li><strong>Storage:</strong> 20 GB available space</li></ul>","<strong>Recommended:</strong><br><ul class=""bb_ul""><li>Requires a 64-bit processor and operating system<br></li><li><strong>OS *:</strong> Windows 7/8/10<br></li><li><strong>Processor:</strong> Intel Core i7 or AMD 1800 equivalent<br></li><li><strong>Memory:</strong> 8 GB RAM<br></li><li><strong>Graphics:</strong> NVIDIA Geforce 1060 or equivalent<br></li><li><strong>DirectX:</strong> Version 11<br></li><li><strong>Storage:</strong> 20 GB available space</li></ul>",https://shared.akamai.steamstatic.com/store_item_assets/steam/apps/632470/header.jpg?t=1771867336,17,3
20260228,728880,True,game,Overcooked! 2,False,False,"Aug 7, 2018",USD,2499,624,75,True,True,True,Single-player|Multi-player|PvP|Online PvP|Shared/Split Screen PvP|Co-op|Online Co-op|Shared/Split Screen Co-op|Shared/Split Screen|Steam Achievements|Full controller support|Steam Trading Cards|Steam Cloud|Remote Play on Phone|Remote Play on Tablet|Remote Play on TV|Remote Play Together|Family Sharing,Action|Casual|Indie,"English, French, Italian, German, Spanish - Spain, Japanese, Simplified Chinese, Korean, Polish, Portuguese - Brazil, Traditional Chinese, Russian","<strong>Minimum:</strong><br><ul class=""bb_ul""><li><strong>OS:</strong> WIN7-64 bit<br></li><li><strong>Processor:</strong> Intel i3-2100 / AMD A8-5600k<br></li><li><strong>Memory:</strong> 4 GB RAM<br></li><li><strong>Graphics:</strong> GeForce GTX 630 / Radeon HD 6570<br></li><li><strong>DirectX:</strong> Version 11<br></li><li><strong>Storage:</strong> 3 GB available space</li></ul>","<strong>Recommended:</strong><br><ul class=""bb_ul""><li><strong>OS:</strong> Win7 -64 bit<br></li><li><strong>Processor:</strong> Intel i5-650 / AMD A10-5800K<br></li><li><strong>Graphics:</strong> Nvidia GeForce GTX 650 / Radeon HD 7510<br></li><li><strong>Sound Card:</strong> DirectX Compatible Sound Card</li></ul>",https://shared.akamai.steamstatic.com/store_item_assets/steam/apps/728880/header.jpg?t=1771346113,29,4
20260228,246620,True,game,Plague Inc: Evolved,False,False,"Feb 18, 2016",USD,1499,1499,0,True,True,True,Single-player|Multi-player|PvP|Online PvP|Co-op|Online Co-op|Steam Achievements|Steam Trading Cards|Steam Workshop|Camera Comfort|Custom Volume Controls|Adjustable Difficulty|Mouse Only Option|Playable without Timed Input|Save Anytime|Stereo Sound|Partial Controller Support|Steam Cloud|Stats|Steam Leaderboards|Includes level editor|Remote Play on Tablet|Family Sharing,Casual|Indie|Simulation|Strategy,"English<strong>*</strong>, French<strong>*</strong>, German<strong>*</strong>, Russian<strong>*</strong>, Spanish - Spain<strong>*</strong>, Italian<strong>*</strong>, Portuguese - Portugal<strong>*</strong>, Portuguese - Brazil<strong>*</strong>, Simplified Chinese<strong>*</strong>, Traditional Chinese<strong>*</strong>, Japanese<strong>*</strong>, Norwegian<strong>*</strong>, Polish<strong>*</strong>, Turkish<strong>*</strong>, Korean<strong>*</strong><br><strong>*</strong>languages with full audio support","<strong>Minimum:</strong><br><ul class=""bb_ul""><li><strong>OS *:</strong> Windows 8 (64 Bit)<br></li><li><strong>Processor:</strong> 2.0 GHz Dual Core Processor<br></li><li><strong>Memory:</strong> 1 GB RAM<br></li><li><strong>Graphics:</strong> Integrated Graphics (512MB)<br></li><li><strong>Storage:</strong> 500 MB available space<br></li><li><strong>Additional Notes:</strong> Additional Notes: Requires a system running DirectX 11 as a minimum. Graphics cards over 10 years old may find some graphics display issues. Unsupported video chipsets: Intel HD Graphics 3000, Intel GMA X3100, Intel GMA 950.</li></ul>","<strong>Recommended:</strong><br><ul class=""bb_ul""><li><strong>OS:</strong> Windows 10 (64 Bit)<br></li><li><strong>Processor:</strong> 3.0GHz i5 Dual Core or equivalent<br></li><li><strong>Memory:</strong> 2 GB RAM<br></li><li><strong>Graphics:</strong> Nvidia GeForce GTX 650 Radeon HD 3600 (1GB)<br></li><li><strong>Storage:</strong> 1 GB available space<br></li><li><strong>Additional Notes:</strong> Additional Notes: Requires a system running DirectX 11 as a minimum. Graphics cards over 10 years old may find some graphics display issues. Unsupported video chipsets: Intel HD Graphics 3000, Intel GMA X3100, Intel GMA 950.</li></ul>",https://shared.akamai.steamstatic.com/store_item_assets/steam/apps/246620/ef2219c2fc8fa3e12b00f458dcaaadade584deb2/header_alt_assets_3.jpg?t=1765804786,22,1
20260228,1167630,True,game,Teardown,False,False,"Apr 21, 2022",USD,2999,2999,0,True,False,False,Single-player|Steam Achievements|Full controller support|Steam Workshop|Steam Cloud|Includes level editor|Remote Play on Tablet|Family Sharing,Action|Indie|Simulation|Strategy,"English, French, Italian, German, Spanish - Spain, Japanese, Polish, Russian, Simplified Chinese","<strong>Minimum:</strong><br><ul class=""bb_ul""><li>Requires a 64-bit processor and operating system<br></li><li><strong>OS:</strong> Windows 10<br></li><li><strong>Processor:</strong> Quad Core CPU<br></li><li><strong>Memory:</strong> 4 GB RAM<br></li><li><strong>Graphics:</strong> NVIDIA GeForce GTX 1060 or similar. 3 Gb VRAM.<br></li><li><strong>Storage:</strong> 4 GB available space<br></li><li><strong>Additional Notes:</strong> Integrated graphics cards not supported.</li></ul>","<strong>Recommended:</strong><br><ul class=""bb_ul""><li>Requires a 64-bit processor and operating system<br></li><li><strong>OS:</strong> Windows 10<br></li><li><strong>Processor:</strong> Intel Core i7 or better<br></li><li><strong>Memory:</strong> 4 GB RAM<br></li><li><strong>Graphics:</strong> NVIDIA GeForce GTX 1080 or similar. 8 Gb VRAM.<br></li><li><strong>Storage:</strong> 4 GB available space</li></ul>",https://shared.akamai.steamstatic.com/store_item_assets/steam/apps/1167630/header.jpg?t=1770730858,11,1
20260228,219740,True,game,Don't Starve,False,False,"Apr 23, 2013",USD,999,999,0,True,True,True,Single-player|Full controller support|Steam Trading Cards|Steam Workshop|Steam Cloud|Remote Play on Phone|Remote Play on Tablet|Remote Play on TV|Family Sharing,Adventure|Indie|Simulation,"English<strong>*</strong>, Simplified Chinese<strong>*</strong><br><strong>*</strong>languages with full audio support","<strong>Minimum:</strong><br><ul class=""bb_ul""><li><strong>OS *:</strong>Windows XP/Vista/Windows 7/Windows 8<br>	</li><li><strong>Processor:</strong>1.7+ GHz or better<br>	</li><li><strong>Memory:</strong>1+ gigs of RAM GB RAM<br>	</li><li><strong>Graphics:</strong>Radeon HD5450 or better; 256 MB or higher<br>	</li><li><strong>DirectX®:</strong>9.0c<br>	</li><li><strong>Hard Drive:</strong>500 MB HD space<br>	</li><li><strong>Sound:</strong>100% DirectX9.0c compatible sound card and drivers</li></ul>",,https://shared.akamai.steamstatic.com/store_item_assets/steam/apps/219740/88641e235d75934ea9f7ed4e947edfd9da682732/header.jpg?t=1763685379,9,4
20260228,2592160,True,game,Dispatch,False,False,"Oct 22, 2025",USD,2999,2999,0,True,False,False,Single-player|Steam Achievements|Full controller support|Steam Trading Cards|Adjustable Text Size|Color Alternatives|Custom Volume Controls|Adjustable Difficulty|Mouse Only Option|Playable without Timed Input|Subtitle Options|Steam Cloud|Family Sharing,Action|Adventure|Casual|Indie|Strategy,"English<strong>*</strong>, French, Italian, German, Spanish - Spain, Japanese, Korean, Simplified Chinese, Portuguese - Brazil, Russian, Traditional Chinese<br><strong>*</strong>languages with full audio support","<strong>Minimum:</strong><br><ul class=""bb_ul""><li><strong>OS:</strong> Windows 10 (64-bit) or later<br></li><li><strong>Processor:</strong> Intel(R) Core(TM) i5-6402p CPU / AMD Ryzen 5 1600 or higher<br></li><li><strong>Memory:</strong> 2 GB RAM<br></li><li><strong>Graphics:</strong> NVIDIA GeForce GTX960 / AMD Radeon RX560<br></li><li><strong>DirectX:</strong> Version 11<br></li><li><strong>Storage:</strong> 15 GB available space<br></li><li><strong>Sound Card:</strong> DirectX compatible</li></ul>","<strong>Recommended:</strong><br><ul class=""bb_ul""><li><strong>OS:</strong> Windows 10 (64-bit) or later<br></li><li><strong>Processor:</strong> Processor: Intel(R) Core(TM) i5-7400 CPU / AMD Ryzen 5 2600 or higher<br></li><li><strong>Memory:</strong> 16 GB RAM<br></li><li><strong>Graphics:</strong> NVIDIA GTX 1050 / AMD Radeon RX 580<br></li><li><strong>DirectX:</strong> Version 11<br></li><li><strong>Storage:</strong> 15 GB available space<br></li><li><strong>Sound Card:</strong> DirectX compatible</li></ul>",https://shared.akamai.steamstatic.com/store_item_assets/steam/apps/2592160/header.jpg?t=1770854821,10,2
20260228,233450,True,game,Prison Architect,False,False,"Oct 6, 2015",USD,2999,2999,0,True,True,True,Single-player|Steam Achievements|Steam Trading Cards|Steam Workshop|Steam Cloud|Includes level editor|Family Sharing,Indie|Simulation|Strategy,"English, French, Italian, German, Korean, Polish, Portuguese - Brazil, Russian, Simplified Chinese, Spanish - Spain, Dutch, Japanese, Swedish, Traditional Chinese, Turkish","<strong>Minimum:</strong><br><ul class=""bb_ul""><li><strong>OS:</strong>Windows® 10 Home 64 Bit<br>	</li><li><strong>Processor:</strong>Intel Core2 Duo 2.4Ghz or Higher / AMD 3Ghz or Higher<br>	</li><li><strong>Memory:</strong>6 GB RAM<br>	</li><li><strong>Graphics:</strong>Nvidia 8600 / Radeon equivalent (2009 era)<br>	</li><li><strong>Hard Drive:</strong>400 MB HD space</li></ul>",,https://shared.akamai.steamstatic.com/store_item_assets/steam/apps/233450/header.jpg?t=1759221867,16,2
20260228,671860,True,game,BattleBit Remastered,False,False,"Jun 15, 2023",USD,1499,1499,0,True,False,False,Multi-player|MMO|PvP|Online PvP|Partial Controller Support,Action|Massively Multiplayer|Early Access,"English, French, Italian, German, Spanish - Spain, Arabic, Czech, Dutch, Finnish, Hungarian, Japanese, Korean, Norwegian, Polish, Portuguese - Brazil, Russian, Simplified Chinese, Traditional Chinese, Turkish, Ukrainian, Vietnamese, Belarusian, Estonian, Macedonian, Serbian, Slovak, Swedish","<strong>Minimum:</strong><br><ul class=""bb_ul""><li>Requires a 64-bit processor and operating system<br></li><li><strong>OS:</strong> Windows 10 (x64) - Windows 11 (x64)<br></li><li><strong>Processor:</strong> Intel Core i5-2310<br></li><li><strong>Memory:</strong> 6 GB RAM<br></li><li><strong>Graphics:</strong> Geforce GTS 450 or equivalent or better<br></li><li><strong>DirectX:</strong> Version 11<br></li><li><strong>Network:</strong> Broadband Internet connection<br></li><li><strong>Storage:</strong> 2 GB available space</li></ul>","<strong>Recommended:</strong><br><ul class=""bb_ul""><li>Requires a 64-bit processor and operating system<br></li><li><strong>OS:</strong> Windows 10 (x64) - Windows 11 (x64)<br></li><li><strong>Processor:</strong> Intel Core i5 4th Generation and above<br></li><li><strong>Memory:</strong> 8 GB RAM<br></li><li><strong>Graphics:</strong> Geforce GTX 600 Series or equivalent or better<br></li><li><strong>DirectX:</strong> Version 11<br></li><li><strong>Network:</strong> Broadband Internet connection<br></li><li><strong>Storage:</strong> 2 GB available space</li></ul>",https://shared.akamai.steamstatic.com/store_item_assets/steam/apps/671860/header.jpg?t=1730393449,11,2
20260228,1527950,True,game,Wartales,False,False,"Apr 12, 2023",USD,3499,3499,0,True,False,False,Single-player|Multi-player|Co-op|Online Co-op|Steam Achievements|Full controller support|Steam Cloud|Family Sharing,Adventure|Indie|RPG|Strategy,"English<strong>*</strong>, French, German, Spanish - Spain, Polish, Portuguese - Brazil, Russian, Simplified Chinese, Korean<br><strong>*</strong>languages with full audio support","<strong>Minimum:</strong><br><ul class=""bb_ul""><li>Requires a 64-bit processor and operating system<br></li><li><strong>OS *:</strong> Windows 7 64bit<br></li><li><strong>Processor:</strong> Intel Core i5 2.5 GHz / AMD Ryzen 5<br></li><li><strong>Memory:</strong> 8 GB RAM<br></li><li><strong>Graphics:</strong> NVidia GTX 1050 / AMD RX550<br></li><li><strong>DirectX:</strong> Version 10<br></li><li><strong>Storage:</strong> 30 GB available space</li></ul>","<strong>Recommended:</strong><br><ul class=""bb_ul""><li>Requires a 64-bit processor and operating system<br></li><li><strong>OS:</strong> Windows 10 64bit<br></li><li><strong>Processor:</strong> Intel Core i7 2.8 GHz / AMD Ryzen 7<br></li><li><strong>Memory:</strong> 16 GB RAM<br></li><li><strong>Graphics:</strong> NVidia GTX 1080 / AMD RX 5600<br></li><li><strong>DirectX:</strong> Version 10<br></li><li><strong>Storage:</strong> 30 GB available space</li></ul>",https://shared.akamai.steamstatic.com/store_item_assets/steam/apps/1527950/header.jpg?t=1766130800,8,1
20260228,535930,True,game,Two Point Hospital,False,False,"Aug 29, 2018",USD,2999,2999,0,True,True,True,Single-player|Steam Achievements|Steam Trading Cards|Steam Workshop|Steam Cloud|Remote Play on Tablet|Family Sharing,Indie|Simulation,"English<strong>*</strong>, French, Italian, German<strong>*</strong>, Spanish - Spain, Polish, Russian, Simplified Chinese<strong>*</strong>, Traditional Chinese, Portuguese - Brazil, Korean<br><strong>*</strong>languages with full audio support","<strong>Minimum:</strong><br><ul class=""bb_ul""><li>Requires a 64-bit processor and operating system<br></li><li><strong>OS *:</strong> Windows 7 64-bit<br></li><li><strong>Processor:</strong> Intel Core i3 6100 or AMD FX-4350<br></li><li><strong>Memory:</strong> 4 GB RAM<br></li><li><strong>Graphics:</strong> NVIDIA Geforce GT 1030, 2GB (Legacy: NVIDIA GeForce GTX 460), AMD RX550, 2GB (Legacy: AMD Radeon HD 6850), Integrated: Intel HD Graphics 630<br></li><li><strong>DirectX:</strong> Version 11<br></li><li><strong>Storage:</strong> 6 GB available space<br></li><li><strong>Additional Notes:</strong> Microsoft no longer supports Windows 10 or older versions</li></ul>","<strong>Recommended:</strong><br><ul class=""bb_ul""><li>Requires a 64-bit processor and operating system<br></li><li><strong>OS:</strong> Windows 10  64-bit<br></li><li><strong>Processor:</strong> Intel Core i5 6600 or AMD Ryzen 1600x<br></li><li><strong>Memory:</strong> 8 GB RAM<br></li><li><strong>Graphics:</strong> NVIDIA Geforce GTX 1060, 3 GB (Legacy: NVIDIA Geforce GTX 780, 4GB) or AMD RX 580, 4 GB (Legacy: AMD R9 290X, 4GB)<br></li><li><strong>DirectX:</strong> Version 11<br></li><li><strong>Storage:</strong> 6 GB available space<br></li><li><strong>Additional Notes:</strong> Microsoft no longer supports Windows 10 or older versions</li></ul>",https://shared.akamai.steamstatic.com/store_item_assets/steam/apps/535930/header.jpg?t=1763648286,10,4
20260228,383870,True,game,Firewatch,False,False,"Feb 9, 2016",USD,1999,1999,0,True,True,True,Single-player|Steam Achievements|Full controller support|Steam Trading Cards|Steam Cloud|Remote Play on Phone|Remote Play on Tablet|Remote Play on TV|Family Sharing,Adventure|Indie,"English<strong>*</strong>, Russian, French, German, Spanish - Spain, Simplified Chinese, Japanese<br><strong>*</strong>languages with full audio support","<strong>Minimum:</strong><br><ul class=""bb_ul""><li><strong>OS *:</strong> Windows 7 or higher 64bit<br></li><li><strong>Processor:</strong> Intel Core i3 2.00 GHz or AMD equivalent<br></li><li><strong>Memory:</strong> 6 GB RAM<br></li><li><strong>Graphics:</strong> NVIDIA GeForce 450 or higher with 1GB Memory<br></li><li><strong>DirectX:</strong> Version 11<br></li><li><strong>Storage:</strong> 4 GB available space</li></ul>",,https://shared.akamai.steamstatic.com/store_item_assets/steam/apps/383870/41a7d0ff4c2dab4ed69c53c9a29c931e6f62948d/header.jpg?t=1755789801,7,6
20260228,235540,True,game,Warhammer: End Times - Vermintide,False,False,"Oct 23, 2015",USD,2999,2999,0,True,False,False,Single-player|Multi-player|Co-op|Online Co-op|Steam Achievements|Steam Trading Cards|Captions available|Partial Controller Support|Steam Cloud|Family Sharing,Action|Indie,"English<strong>*</strong>, French, German, Spanish - Spain, Russian, Italian, Polish, Portuguese - Brazil<br><strong>*</strong>languages with full audio support","<strong>Minimum:</strong><br><ul class=""bb_ul""><li><strong>OS *:</strong> Windows 7 64-bit, Windows 8/8.1 64-bit, Windows 10 64-bit*<br></li><li><strong>Processor:</strong> Intel Core2 Quad Q9500 @ 2.83GHz or AMD Phenom II X4 940<br></li><li><strong>Memory:</strong> 6 GB RAM<br></li><li><strong>Graphics:</strong> NVIDIA GeForce GTX 460 or AMD Radeon HD 5770 /w 1GB VRAM<br></li><li><strong>DirectX:</strong> Version 11<br></li><li><strong>Network:</strong> Broadband Internet connection<br></li><li><strong>Storage:</strong> 30 GB available space<br></li><li><strong>Additional Notes:</strong> *WARNING: 32-bit OS is NOT officially supported at this time</li></ul>","<strong>Recommended:</strong><br><ul class=""bb_ul""><li><strong>OS *:</strong> Windows 7 64-bit, Windows 8/8.1 64-bit, Windows 10 64-bit*<br></li><li><strong>Processor:</strong> Intel Core i7-4790K @ 4.00 GHz or AMD FX-9590 @ 4.7 GHz<br></li><li><strong>Memory:</strong> 8 GB RAM<br></li><li><strong>Graphics:</strong> NVIDIA GeForce GTX 780 or AMD GPU Radeon R9 290<br></li><li><strong>DirectX:</strong> Version 11<br></li><li><strong>Network:</strong> Broadband Internet connection<br></li><li><strong>Storage:</strong> 30 GB available space<br></li><li><strong>Additional Notes:</strong> *WARNING: 32-bit OS is NOT officially supported at this time</li></ul>",https://shared.akamai.steamstatic.com/store_item_assets/steam/apps/235540/27acad277d2820c818471ef415209c36c924b3dd/header.jpg?t=1761316136,19,3
20260228,1057090,True,game,Ori and the Will of the Wisps,False,False,"Mar 10, 2020",USD,2999,2999,0,True,False,False,Single-player|Steam Achievements|Full controller support|Steam Cloud|Remote Play on Phone|Remote Play on Tablet|Remote Play on TV|HDR available|Family Sharing,Action,"English, French, Italian, German, Spanish - Spain, Czech, Danish, Dutch, Finnish, Hungarian, Japanese, Korean, Norwegian, Polish, Portuguese - Brazil, Russian, Simplified Chinese, Spanish - Latin America, Swedish, Traditional Chinese, Turkish","<strong>Minimum:</strong><br><ul class=""bb_ul""><li><strong>OS:</strong> Windows 10 Version 18362.0 or higher<br></li><li><strong>Processor:</strong> AMD Athlon X4 | Intel Core i5 4460<br></li><li><strong>Memory:</strong> 8 GB RAM<br></li><li><strong>Graphics:</strong> Nvidia GTX 950 | AMD R7 370<br></li><li><strong>DirectX:</strong> Version 11<br></li><li><strong>Storage:</strong> 20 GB available space</li></ul>","<strong>Recommended:</strong><br><ul class=""bb_ul""><li><strong>OS:</strong> Windows 10 Version 18362.0 or higher<br></li><li><strong>Processor:</strong> AMD Ryzen 3 | Intel i5 Skylake<br></li><li><strong>Memory:</strong> 8 GB RAM<br></li><li><strong>Graphics:</strong> Nvidia GTX 970 | AMD RX 570<br></li><li><strong>DirectX:</strong> Version 11<br></li><li><strong>Storage:</strong> 20 GB available space</li></ul>",https://shared.akamai.steamstatic.com/store_item_assets/steam/apps/1057090/header.jpg?t=1759530749,27,2
20260228,424840,True,game,Little Nightmares,False,False,"Apr 27, 2017",USD,1999,1999,0,True,False,False,Single-player|Steam Achievements|Full controller support|Steam Trading Cards|Steam Cloud|Remote Play on TV|Family Sharing,Adventure,"English, French, Italian, German, Spanish - Spain, Korean, Portuguese - Brazil, Russian, Traditional Chinese, Japanese, Polish, Spanish - Latin America, Swedish","<strong>Minimum:</strong><br><ul class=""bb_ul""><li>Requires a 64-bit processor and operating system<br></li><li><strong>OS *:</strong>  Windows 7, 64-bit<br></li><li><strong>Processor:</strong>  Intel CPU Core i3<br></li><li><strong>Memory:</strong> 4 GB RAM<br></li><li><strong>Graphics:</strong> Nvidia GTX 460<br></li><li><strong>DirectX:</strong> Version 11<br></li><li><strong>Network:</strong> Broadband Internet connection<br></li><li><strong>Storage:</strong> 10 GB available space<br></li><li><strong>Additional Notes:</strong> SSE4.2 required</li></ul>","<strong>Recommended:</strong><br><ul class=""bb_ul""><li>Requires a 64-bit processor and operating system<br></li><li><strong>OS *:</strong>  Windows 7, 64-bit<br></li><li><strong>Processor:</strong>  Intel CPU Core i7<br></li><li><strong>Memory:</strong> 8 GB RAM<br></li><li><strong>Graphics:</strong>  Nvidia GPU GeForce GTX 660<br></li><li><strong>DirectX:</strong> Version 11<br></li><li><strong>Network:</strong> Broadband Internet connection<br></li><li><strong>Storage:</strong> 10 GB available space<br></li><li><strong>Additional Notes:</strong> SSE4.2 required</li></ul>",https://shared.akamai.steamstatic.com/store_item_assets/steam/apps/424840/facf9a7a675c6d7f210d96d6b111caffe0386cd5/header.jpg?t=1767884926,10,4
20260228,48700,True,game,Mount & Blade: Warband,False,False,"Mar 31, 2010",USD,1999,1999,0,True,True,True,Single-player|Multi-player|Steam Achievements|Steam Trading Cards|Steam Workshop|Family Sharing,Action|RPG,"English, Czech, French, German, Hungarian, Polish, Simplified Chinese, Traditional Chinese, Spanish - Spain, Turkish","<strong>Minimum:</strong><br><ul class=""bb_ul""><li><strong>OS *:</strong> Windows® XP<br></li><li><strong>Processor:</strong> Intel Pentium 4 2.0 GHz or AMD 2.5 GHz<br></li><li><strong>Memory:</strong> 512MB RAM<br></li><li><strong>Graphics:</strong> 3D graphics card with 64MB RAM<br></li><li><strong>Hard Drive:</strong> 100 MB available space <br></li><li><strong>Sound:</strong> Standard audio</li></ul>","<strong>Recommended:</strong><br><ul class=""bb_ul""><li><strong>OS *:</strong> Windows XP or greater<br></li><li><strong>Processor:</strong> Intel Core Duo 2.0 GHz or AMD Athlon 64 X2 3600+<br></li><li><strong>Memory:</strong> 1GB RAM<br></li><li><strong>Graphics:</strong> NVIDIA GeForce FX 5200, ATI Radeon 9600, or better<br></li><li><strong>Hard Drive:</strong> 100MB available space<br></li><li><strong>Sound:</strong> Standard audio</li></ul>",https://shared.akamai.steamstatic.com/store_item_assets/steam/apps/48700/header.jpg?t=1750147149,7,1
20260228,414340,True,game,Hellblade: Senua's Sacrifice,False,False,"Aug 7, 2017",USD,2999,2999,0,True,False,False,Single-player|Steam Achievements|Full controller support|Steam Trading Cards|Steam Cloud|Remote Play on TV|Family Sharing,Action|Adventure|Indie,"English<strong>*</strong>, French, Italian, German, Spanish - Spain, Arabic, Danish, Dutch, Finnish, Japanese, Korean, Norwegian, Polish, Portuguese - Portugal, Portuguese - Brazil, Russian, Simplified Chinese, Swedish, Traditional Chinese, Turkish<br><strong>*</strong>languages with full audio support","<strong>Minimum:</strong><br><ul class=""bb_ul""><li><strong>OS *:</strong> Windows 7, 8, 10<br></li><li><strong>Processor:</strong> Intel i5 3570K / AMD FX-8350<br></li><li><strong>Memory:</strong> 8 GB RAM<br></li><li><strong>Graphics:</strong> GTX 770 with 2GB VRAM / Radeon R9 280X 3GB<br></li><li><strong>DirectX:</strong> Version 11<br></li><li><strong>Storage:</strong> 30 GB available space<br></li><li><strong>Additional Notes:</strong> Minimum spec screen resolution: 1280x720</li></ul>",,https://shared.akamai.steamstatic.com/store_item_assets/steam/apps/414340/header.jpg?t=1726851372,11,4
20260228,1206560,True,game,WorldBox - God Simulator,False,False,"Dec 2, 2021",USD,1999,1999,0,True,True,True,Single-player|Steam Workshop|Steam Cloud|Includes level editor|Family Sharing,Indie|Simulation|Early Access,"English, French, Italian, German, Spanish - Spain, Japanese, Korean, Portuguese - Portugal, Russian, Simplified Chinese, Traditional Chinese, Turkish, Danish, Dutch, Polish, Portuguese - Brazil, Swedish, Thai, Ukrainian, Arabic, Czech, Finnish, Greek, Hungarian, Norwegian, Romanian, Vietnamese","<strong>Minimum:</strong><br><ul class=""bb_ul""><li>Requires a 64-bit processor and operating system<br></li><li><strong>OS:</strong> Windows 10<br></li><li><strong>Processor:</strong> 2.0 Ghz<br></li><li><strong>Memory:</strong> 2.5 GB RAM<br></li><li><strong>Graphics:</strong> 128mb Video Memory, capable of Shader Model 2.0+<br></li><li><strong>DirectX:</strong> Version 9.0c<br></li><li><strong>Storage:</strong> 300 MB available space<br></li><li><strong>Additional Notes:</strong> (╯°□°）╯︵ 🌏</li></ul>","<strong>Recommended:</strong><br><ul class=""bb_ul""><li>Requires a 64-bit processor and operating system<br></li><li><strong>OS:</strong> Windows 10<br></li><li><strong>Processor:</strong> Dual Core 3.0 Ghz<br></li><li><strong>Memory:</strong> 4 GB RAM<br></li><li><strong>Graphics:</strong> 256mb Video Memory, capable of Shader Model 2.0+<br></li><li><strong>DirectX:</strong> Version 9.0c<br></li><li><strong>Storage:</strong> 300 MB available space<br></li><li><strong>Additional Notes:</strong> (╯°□°）╯︵ 🌏</li></ul>",https://shared.akamai.steamstatic.com/store_item_assets/steam/apps/1206560/header.jpg?t=1727687171,15,1
20260228,240720,True,game,Getting Over It with Bennett Foddy,False,False,"Dec 6, 2017",USD,799,799,0,True,True,True,Single-player|Partial Controller Support|Commentary available|Remote Play on Phone|Remote Play on Tablet|Family Sharing,Action,"English<strong>*</strong>, Japanese, Russian, Korean, Simplified Chinese<br><strong>*</strong>languages with full audio support","<strong>Minimum:</strong><br><ul class=""bb_ul""><li>Requires a 64-bit processor and operating system<br></li><li><strong>OS *:</strong> Windows Vista<br></li><li><strong>Processor:</strong> 2 GHz Dual Core CPU<br></li><li><strong>Memory:</strong> 2 GB RAM<br></li><li><strong>Graphics:</strong> Intel HD Graphics 4000 or better<br></li><li><strong>DirectX:</strong> Version 11<br></li><li><strong>Network:</strong> Broadband Internet connection<br></li><li><strong>Storage:</strong> 2 GB available space</li></ul>","<strong>Recommended:</strong><br><ul class=""bb_ul""><li>Requires a 64-bit processor and operating system<br></li><li><strong>OS:</strong> Windows 10<br></li><li><strong>Processor:</strong> 2.5 GHz Dual Core CPU<br></li><li><strong>Memory:</strong> 4 GB RAM<br></li><li><strong>Graphics:</strong> Geforce GTX 970/Radeon RX470 or better<br></li><li><strong>DirectX:</strong> Version 11<br></li><li><strong>Network:</strong> Broadband Internet connection<br></li><li><strong>Storage:</strong> 2 GB available space</li></ul>",https://shared.akamai.steamstatic.com/store_item_assets/steam/apps/240720/header.jpg?t=1666987027,5,1
20260228,2198150,True,game,Tiny Glade,False,False,"Sep 23, 2024",USD,1499,1499,0,True,False,True,Single-player|Camera Comfort|Custom Volume Controls|Mouse Only Option|Playable without Timed Input|Save Anytime|Stereo Sound|Partial Controller Support|Steam Cloud|Family Sharing,Casual|Indie|Simulation,"English, French, German, Spanish - Spain, Japanese, Norwegian, Polish, Portuguese - Brazil, Russian, Swedish, Simplified Chinese, Ukrainian, Italian, Turkish, Korean","<strong>Minimum:</strong><br><ul class=""bb_ul""><li>Requires a 64-bit processor and operating system<br></li><li><strong>OS:</strong> Windows 10+<br></li><li><strong>Processor:</strong> Intel Core i5 or AMD Ryzen<br></li><li><strong>Memory:</strong> 4 GB RAM<br></li><li><strong>Graphics:</strong> For 720p: A graphics card with Vulkan 1.2 support and 2+ GB of video memory: Radeon R9 270 (driver 21.3.1), GeForce GTX 670 (at least Kepler architecture, driver 472.12 or newer), Intel Iris Xe, or similar.<br></li><li><strong>Storage:</strong> 3 GB available space<br></li><li><strong>Sound Card:</strong> Yes, please<br></li><li><strong>Additional Notes:</strong> A mouse with 2 buttons + scroll wheel is necessary for camera control. ========================================= UNSUPPORTED graphics cards: laptop NVIDIA Kepler series, e.g. GeForce GT 740M, and older Intel HD Graphics series, e.g. 500, 4000, 5000, 6000.</li></ul>","<strong>Recommended:</strong><br><ul class=""bb_ul""><li>Requires a 64-bit processor and operating system<br></li><li><strong>OS:</strong> Windows 10+<br></li><li><strong>Processor:</strong> Intel Core i5 or AMD Ryzen<br></li><li><strong>Memory:</strong> 4 GB RAM<br></li><li><strong>Graphics:</strong> For 1080p: A graphics card with Vulkan 1.2 support and 4+ GB of video memory: Radeon RX 580, GeForce GTX 1060, Intel Arc A380, or similar.<br></li><li><strong>Storage:</strong> 3 GB available space<br></li><li><strong>Sound Card:</strong> Absolutely<br></li><li><strong>Additional Notes:</strong> A mouse with 2 buttons + scroll wheel is necessary for camera control. ========================================= UNSUPPORTED graphics cards: laptop NVIDIA Kepler series, e.g. GeForce GT 740M, and older Intel HD Graphics series, e.g. 500, 4000, 5000, 6000.</li></ul>",https://shared.akamai.steamstatic.com/store_item_assets/steam/apps/2198150/header.jpg?t=1768157722,9,2
20260228,666140,True,game,My Time at Portia,False,False,"Jan 15, 2019",USD,2999,599,80,True,True,False,Single-player|Steam Achievements|Full controller support|Steam Trading Cards|Steam Cloud|Remote Play on Phone|Remote Play on Tablet|Remote Play on TV|Family Sharing,Adventure|Casual|Indie|RPG|Simulation,"English<strong>*</strong>, Simplified Chinese<strong>*</strong>, French, German, Traditional Chinese, Italian, Spanish - Spain, Japanese, Korean, Russian, Turkish, Portuguese - Brazil<br><strong>*</strong>languages with full audio support","<strong>Minimum:</strong><br><ul class=""bb_ul""><li>Requires a 64-bit processor and operating system<br></li><li><strong>OS *:</strong> Windows 7+ / 8.1 / 10 64 bit<br></li><li><strong>Processor:</strong> Intel i3 Processor<br></li><li><strong>Memory:</strong> 6 GB RAM<br></li><li><strong>Graphics:</strong> ATI 7770, Nvidia GeForce GTX 660 2GB<br></li><li><strong>DirectX:</strong> Version 10<br></li><li><strong>Storage:</strong> 6 GB available space</li></ul>","<strong>Recommended:</strong><br><ul class=""bb_ul""><li>Requires a 64-bit processor and operating system<br></li><li><strong>OS:</strong> Windows 10 64 bit<br></li><li><strong>Processor:</strong> Intel i7 Processor<br></li><li><strong>Memory:</strong> 16 GB RAM<br></li><li><strong>Graphics:</strong> Nvidia GeForce GTX960+<br></li><li><strong>DirectX:</strong> Version 11<br></li><li><strong>Storage:</strong> 10 GB available space</li></ul>",https://shared.akamai.steamstatic.com/store_item_assets/steam/apps/666140/header.jpg?t=1744872501,11,1
20260228,881100,True,game,Noita,False,False,"Oct 15, 2020",USD,1999,1999,0,True,False,False,Single-player|Steam Achievements|Steam Workshop|Partial Controller Support|Steam Cloud|Family Sharing,Action|Adventure|Indie|RPG|Simulation,"English, French, German, Spanish - Spain, Japanese, Korean, Portuguese - Brazil, Russian, Simplified Chinese, Italian, Polish","<strong>Minimum:</strong><br><ul class=""bb_ul""><li><strong>OS *:</strong> Windows Vista, 7, 8/8.1, 10<br></li><li><strong>Processor:</strong> Dual Core CPU, Intel i5 or better<br></li><li><strong>Memory:</strong> 4 GB RAM<br></li><li><strong>Graphics:</strong> 512MB VRAM, OpenGL 3.0 support<br></li><li><strong>Storage:</strong> 1600 MB available space</li></ul>","<strong>Recommended:</strong><br><ul class=""bb_ul""><li><strong>OS *:</strong> Windows Vista, 7, 8/8.1, 10<br></li><li><strong>Processor:</strong> The more cores the better<br></li><li><strong>Memory:</strong> 8 GB RAM<br></li><li><strong>Graphics:</strong> 1024MB VRAM, OpenGL 3.0 support<br></li><li><strong>Storage:</strong> 2500 MB available space</li></ul>",https://shared.akamai.steamstatic.com/store_item_assets/steam/apps/881100/header.jpg?t=1675987871,16,4
20260228,414700,True,game,Outlast 2,False,False,"Apr 24, 2017",USD,1999,1999,0,True,False,False,Single-player|Steam Achievements|Full controller support|Steam Trading Cards|Steam Cloud|Remote Play on TV|Family Sharing,Action|Adventure|Indie,"English<strong>*</strong>, French<strong>*</strong>, Italian, German, Spanish - Spain, Russian, Portuguese - Brazil, Japanese, Polish, Simplified Chinese<br><strong>*</strong>languages with full audio support","<strong>Minimum:</strong><br><ul class=""bb_ul""><li><strong>OS *:</strong> Windows Vista / 7 / 8 / 10,  64-bits<br></li><li><strong>Processor:</strong> Intel Core i3-530<br></li><li><strong>Memory:</strong> 4 GB RAM<br></li><li><strong>Graphics:</strong> 1GB VRAM, NVIDIA Geforce GTX 260 / ATI Radeon HD 4870<br></li><li><strong>DirectX:</strong> Version 10<br></li><li><strong>Storage:</strong> 30 GB available space<br></li><li><strong>Sound Card:</strong> DirectX Compatible<br></li><li><strong>Additional Notes:</strong> Targetting 720p @ 30 fps</li></ul>","<strong>Recommended:</strong><br><ul class=""bb_ul""><li><strong>OS *:</strong> Windows Vista / 7 / 8 / 10,  64-bits<br></li><li><strong>Processor:</strong> Intel Core i5<br></li><li><strong>Memory:</strong> 8 GB RAM<br></li><li><strong>Graphics:</strong> 1.5GB VRAM, NVIDIA Geforce GTX 660 / ATI Radeon HD 7850<br></li><li><strong>DirectX:</strong> Version 11<br></li><li><strong>Storage:</strong> 30 GB available space<br></li><li><strong>Sound Card:</strong> DirectX Compatible<br></li><li><strong>Additional Notes:</strong> Targetting 1080p @ 60 fps</li></ul>",https://shared.akamai.steamstatic.com/store_item_assets/steam/apps/414700/header.jpg?t=1618944453,20,2
20260228,313630,True,game,The Solus Project,False,False,"Jun 7, 2016",USD,1999,1999,0,True,False,False,Single-player|Steam Achievements|Full controller support|Tracked Controller Support|VR Supported|Steam Trading Cards|Captions available|VR Support|Remote Play on TV|Family Sharing,Adventure|Indie|Simulation,"English<strong>*</strong>, Danish, Swedish, French, German, Spanish - Spain, Russian, Italian, Polish, Czech<br><strong>*</strong>languages with full audio support","<strong>Minimum:</strong><br><ul class=""bb_ul""><li><strong>OS *:</strong> Windows 7 64 bit and newer<br></li><li><strong>Processor:</strong> Dual Core 2GHZ+<br></li><li><strong>Memory:</strong> 4 GB RAM<br></li><li><strong>Graphics:</strong> DirectX10 Compatible 3D Card - Minimum GeForce 460 or equivalent  - Integrated graphics (Intel) may not work well and have not been tested. For use with Intel integrated graphics please run the game in DirectX10 compatibility mode.<br></li><li><strong>DirectX:</strong> Version 10<br></li><li><strong>Storage:</strong> 11 GB available space<br></li><li><strong>Sound Card:</strong> Any Windows compatible card<br></li><li><strong>VR Support:</strong> SteamVR or Oculus PC<br></li><li><strong>Additional Notes:</strong> Supports Tobii Eye Tracking. Vive and Oculus VR supported but still partially in development. Playing the game in VR requires a powerful computer.</li></ul>","<strong>Recommended:</strong><br><ul class=""bb_ul""><li><strong>OS *:</strong> Windows 7 64 bit and newer<br></li><li><strong>Processor:</strong> Quad Core 2GHZ+<br></li><li><strong>Memory:</strong> 8 GB RAM<br></li><li><strong>Graphics:</strong> DirectX11 compatible 3D card strongly recommended - GeForce 760 or equivalent and higher<br></li><li><strong>DirectX:</strong> Version 11<br></li><li><strong>Storage:</strong> 11 GB available space<br></li><li><strong>Sound Card:</strong> Any Windows compatible card</li></ul>",https://shared.akamai.steamstatic.com/store_item_assets/steam/apps/313630/header.jpg?t=1480876448,7,7
20260228,257510,True,game,The Talos Principle,False,False,"Dec 11, 2014",USD,2999,2999,0,True,True,True,Single-player|Steam Achievements|Full controller support|Steam Trading Cards|Steam Workshop|Steam Cloud|Includes level editor|Remote Play on TV|Family Sharing,Action|Adventure|Indie,"English<strong>*</strong>, French<strong>*</strong>, Italian<strong>*</strong>, German<strong>*</strong>, Spanish - Spain<strong>*</strong>, Russian<strong>*</strong>, Japanese<strong>*</strong>, Korean<strong>*</strong>, Polish<strong>*</strong>, Portuguese - Brazil<strong>*</strong>, Simplified Chinese<strong>*</strong>, Traditional Chinese<strong>*</strong>, Czech<br><strong>*</strong>languages with full audio support","<strong>Minimum:</strong><br><ul class=""bb_ul""><li><strong>OS *:</strong> Windows 7<br></li><li><strong>Processor:</strong> Dual-core 2.0 GHz<br></li><li><strong>Memory:</strong> 2 GB RAM<br></li><li><strong>Graphics:</strong> DirectX 11 class GPU with 1GB VRAM (nVidia GeForce 480 GTX, AMD Radeon HD 5870)<br></li><li><strong>DirectX:</strong> Version 9.0c<br></li><li><strong>Storage:</strong> 5 GB available space</li></ul>","<strong>Recommended:</strong><br><ul class=""bb_ul""><li><strong>OS *:</strong> Windows 7 64-bit<br></li><li><strong>Processor:</strong> Quad-core 3.0 GHz<br></li><li><strong>Memory:</strong> 4 GB RAM<br></li><li><strong>Graphics:</strong> AMD RX 480 or NVIDIA GTX 970<br></li><li><strong>DirectX:</strong> Version 9.0c<br></li><li><strong>Storage:</strong> 8 GB available space</li></ul>",https://shared.akamai.steamstatic.com/store_item_assets/steam/apps/257510/header.jpg?t=1744327639,6,3
20260228,753640,True,game,Outer Wilds,False,False,"Jun 18, 2020",USD,2499,1249,50,True,False,False,Single-player|Steam Achievements|Full controller support|Steam Trading Cards|Steam Cloud|Remote Play on Phone|Remote Play on Tablet|Remote Play on TV|Family Sharing,Action|Adventure,"English<strong>*</strong>, French, Italian, German, Japanese, Korean, Polish, Portuguese - Brazil, Russian, Simplified Chinese, Spanish - Latin America, Spanish - Spain, Turkish<br><strong>*</strong>languages with full audio support","<strong>Minimum:</strong><br><ul class=""bb_ul""><li>Requires a 64-bit processor and operating system<br></li><li><strong>OS:</strong> Windows 10<br></li><li><strong>Processor:</strong> Intel Core i5-2300 | AMD FX-4350<br></li><li><strong>Memory:</strong> 6 GB RAM<br></li><li><strong>Graphics:</strong> Nvidia GeForce GTX 660, 2 GB | AMD Radeon HD 7870, 2 GB<br></li><li><strong>Storage:</strong> 8 GB available space<br></li><li><strong>Additional Notes:</strong> Gamepad or Controller Recommended (Xbox and PS4 Natively Supported)</li></ul>","<strong>Recommended:</strong><br><ul class=""bb_ul""><li>Requires a 64-bit processor and operating system<br></li><li><strong>OS:</strong> Windows 10<br></li><li><strong>Processor:</strong> Intel Core i5-8400 | AMD Ryzen 5 2600X<br></li><li><strong>Memory:</strong> 8 GB RAM<br></li><li><strong>Graphics:</strong> Nvidia GeForce GTX 1060 | AMD Radeon RX 580<br></li><li><strong>Storage:</strong> 8 GB available space<br></li><li><strong>Additional Notes:</strong> Gamepad or Controller Recommended (Xbox and PS4 Natively Supported)</li></ul>",https://shared.akamai.steamstatic.com/store_item_assets/steam/apps/753640/header.jpg?t=1729097431,5,2
20260228,304430,True,game,INSIDE,False,False,"Jul 7, 2016",USD,2499,2499,0,True,False,False,Single-player|Steam Achievements|Full controller support|Steam Trading Cards|Color Alternatives|Keyboard Only Option|Playable without Timed Input|Stereo Sound|Steam Cloud|Family Sharing,Action|Adventure|Indie,"English, French, Italian, German, Spanish - Spain, Japanese, Korean, Polish, Portuguese - Portugal, Portuguese - Brazil, Russian, Simplified Chinese, Traditional Chinese, Turkish","<strong>Minimum:</strong><br><ul class=""bb_ul""><li><strong>OS:</strong> Windows 10 (64-bit OS required)<br></li><li><strong>Processor:</strong> Intel Core 2 Quad Q6600 @ 2.4 GHz, AMD FX 8120 @ 3.1 GHz<br></li><li><strong>Memory:</strong> 4 GB RAM<br></li><li><strong>Graphics:</strong> NVIDIA GT 630 / 650m, AMD Radeon HD6570 or equivalent<br></li><li><strong>DirectX:</strong> Version 9.0c<br></li><li><strong>Storage:</strong> 3 GB available space<br></li><li><strong>Sound Card:</strong> 100% DirectX 9.0c compatible sound card</li></ul>","<strong>Recommended:</strong><br><ul class=""bb_ul""><li><strong>OS:</strong> Windows 10 or later (64-bit OS required)<br></li><li><strong>Processor:</strong> Intel i7 920 @ 2.7 GHz, AMD Phenom II 945 @ 3.0 GHz<br></li><li><strong>Memory:</strong> 8 GB RAM<br></li><li><strong>Graphics:</strong> NVIDIA GTX 660, Radeon R9-270<br></li><li><strong>DirectX:</strong> Version 11<br></li><li><strong>Storage:</strong> 3 GB available space<br></li><li><strong>Sound Card:</strong> 100% DirectX 9.0c compatible sound card</li></ul>",https://shared.akamai.steamstatic.com/store_item_assets/steam/apps/304430/header.jpg?t=1761819581,10,3
20260228,629760,True,game,MORDHAU,False,False,"Apr 29, 2019",USD,2999,2999,0,True,False,False,Multi-player|PvP|Online PvP|Co-op|Online Co-op|Cross-Platform Multiplayer|Steam Achievements|Steam Trading Cards|Partial Controller Support|Steam Cloud|Valve Anti-Cheat enabled|Stats|Remote Play on Phone|Remote Play on Tablet,Action|Indie,"English<strong>*</strong>, German, Spanish - Spain, Simplified Chinese, French, Italian, Portuguese - Portugal, Russian, Korean, Traditional Chinese<br><strong>*</strong>languages with full audio support","<strong>Minimum:</strong><br><ul class=""bb_ul""><li>Requires a 64-bit processor and operating system<br></li><li><strong>OS:</strong> Windows® 10 64 Bit (latest update)<br></li><li><strong>Processor:</strong> Intel Core i5 - 4670 or AMD equivalent<br></li><li><strong>Memory:</strong> 8 GB RAM<br></li><li><strong>Graphics:</strong> NVIDIA GTX 680 or AMD equivalent<br></li><li><strong>DirectX:</strong> Version 11<br></li><li><strong>Network:</strong> Broadband Internet connection<br></li><li><strong>Storage:</strong> 40 GB available space</li></ul>","<strong>Recommended:</strong><br><ul class=""bb_ul""><li>Requires a 64-bit processor and operating system<br></li><li><strong>OS:</strong> Windows® 10 64 Bit (latest update) or Windows® 11 64 Bit (latest update)<br></li><li><strong>Processor:</strong> Intel Core i5 - 6600k or AMD equivalent<br></li><li><strong>Memory:</strong> 16 GB RAM<br></li><li><strong>Graphics:</strong> NVIDIA GTX 1060 or AMD equivalent<br></li><li><strong>DirectX:</strong> Version 11<br></li><li><strong>Network:</strong> Broadband Internet connection<br></li><li><strong>Storage:</strong> 40 GB available space</li></ul>",https://shared.akamai.steamstatic.com/store_item_assets/steam/apps/629760/header.jpg?t=1760646918,17,5
20260228,230290,True,game,Universe Sandbox,False,False,"Aug 24, 2015",USD,2999,2999,0,True,True,False,Single-player|Steam Workshop|Adjustable Text Size|Custom Volume Controls|Mouse Only Option|Playable without Timed Input|Save Anytime|Touch Only Option|Partial Controller Support|Steam Cloud|Family Sharing,Casual|Indie|Simulation|Early Access,"English, French, Italian, German, Spanish - Spain, Czech, Danish, Dutch, Finnish, Hungarian, Japanese, Korean, Norwegian, Polish, Portuguese - Portugal, Russian, Swedish, Thai, Turkish, Simplified Chinese, Traditional Chinese, Bulgarian, Greek, Romanian, Ukrainian, Vietnamese, Filipino, Indonesian","<strong>Minimum:</strong><br><ul class=""bb_ul""><li><strong>OS:</strong> Windows 10 21H1+ (64-bit, x86)<br></li><li><strong>Processor:</strong> 1.6 GHz dual-core<br></li><li><strong>Memory:</strong> 4 GB RAM<br></li><li><strong>Graphics:</strong> 4 GB Video Memory†, Shader Model 6.0<br></li><li><strong>DirectX:</strong> Version 12<br></li><li><strong>Storage:</strong> 4 GB available space<br></li><li><strong>Additional Notes:</strong> † Laptops or other computers that use integrated graphics (rather than dedicated graphics hardware) may see issues with Universe Sandbox even if they meet the video memory requirement. Dedicated video hardware is recommended.</li></ul>","<strong>Recommended:</strong><br><ul class=""bb_ul""><li><strong>OS:</strong> Windows 11<br></li><li><strong>Processor:</strong> 3.6 GHz quad-core<br></li><li><strong>Memory:</strong> 8 GB RAM<br></li><li><strong>Graphics:</strong> 8+ GB Video Memory<br></li><li><strong>DirectX:</strong> Version 12</li></ul>",https://shared.akamai.steamstatic.com/store_item_assets/steam/apps/230290/header.jpg?t=1745448523,17,2
20260228,621060,True,game,PC Building Simulator,False,False,"Jan 29, 2019",USD,1999,1999,0,True,False,False,Single-player|Steam Achievements|Steam Trading Cards|Steam Workshop|Partial Controller Support|Steam Cloud|Remote Play on Phone|Remote Play on Tablet|Family Sharing,Indie|Simulation,"English, French, German, Japanese, Portuguese - Brazil, Russian, Simplified Chinese, Spanish - Spain, Korean, Polish","<strong>Minimum:</strong><br><ul class=""bb_ul""><li><strong>OS *:</strong> Windows 7 or higher<br></li><li><strong>Processor:</strong> Intel Core i5-2500K or AMD Athlon X4 740 (or equivalent)<br></li><li><strong>Memory:</strong> 4 GB RAM<br></li><li><strong>Graphics:</strong> GeForce GTX 660 (2048 MB) or Radeon R9 285 (2048 MB) - Integrated GPUs may work but are not supported.<br></li><li><strong>DirectX:</strong> Version 9.0c<br></li><li><strong>Storage:</strong> 30 GB available space<br></li><li><strong>Sound Card:</strong> DirectX compatible</li></ul>",,https://shared.akamai.steamstatic.com/store_item_assets/steam/apps/621060/header.jpg?t=1653555111,15,3
20260228,392110,True,game,ENDLESS™ Space 2,False,False,"May 18, 2017",USD,3999,3999,0,True,True,False,Single-player|Multi-player|PvP|Online PvP|Cross-Platform Multiplayer|Steam Achievements|Steam Trading Cards|Steam Workshop|Steam Cloud|Remote Play on Tablet|Family Sharing,Strategy,"English<strong>*</strong>, French, German, Spanish - Spain, Korean, Polish, Portuguese - Brazil, Russian, Simplified Chinese, Traditional Chinese<br><strong>*</strong>languages with full audio support","<strong>Minimum:</strong><br><ul class=""bb_ul""><li>Requires a 64-bit processor and operating system<br></li><li><strong>OS *:</strong> Windows  (64bits only) 7 / 8 / 8.1 / 10<br></li><li><strong>Processor:</strong> i3 4th generation / i5 2nd generation / A6 series<br></li><li><strong>Memory:</strong> 4 GB RAM<br></li><li><strong>Graphics:</strong> Intel HD 4000 / AMD Radeon 5800 series / NVidia 550Ti<br></li><li><strong>DirectX:</strong> Version 11<br></li><li><strong>Storage:</strong> 8 GB available space<br></li><li><strong>Sound Card:</strong> DX11 compatible<br></li><li><strong>Additional Notes:</strong> Minimum Resolution: 1280 x 720</li></ul>","<strong>Recommended:</strong><br><ul class=""bb_ul""><li>Requires a 64-bit processor and operating system<br></li><li><strong>OS *:</strong> Windows (64bits only) 7 / 8 / 8.1 / 10<br></li><li><strong>Processor:</strong> i3 5th generation (or newer) / i5 3rd generation (or newer) / FX4170 (or newer)<br></li><li><strong>Memory:</strong> 8 GB RAM<br></li><li><strong>Graphics:</strong> AMD Radeon 8000 series or newer / NVidia GTX 660 or newer<br></li><li><strong>DirectX:</strong> Version 11<br></li><li><strong>Storage:</strong> 8 GB available space<br></li><li><strong>Sound Card:</strong> DX11 compatible<br></li><li><strong>Additional Notes:</strong> Recommended Resolution: 1920 x 1080</li></ul>",https://shared.akamai.steamstatic.com/store_item_assets/steam/apps/392110/header.jpg?t=1762449129,22,4
20260228,418240,True,game,Shadow Tactics: Blades of the Shogun,False,False,"Dec 6, 2016",USD,3999,3999,0,True,True,True,Single-player|Steam Achievements|Full controller support|Steam Trading Cards|Steam Cloud|Remote Play on TV|Family Sharing,Indie|Strategy,"English<strong>*</strong>, French, German, Spanish - Spain, Japanese<strong>*</strong>, Polish, Russian, Korean, Simplified Chinese, Portuguese - Brazil, Italian, Traditional Chinese, Turkish<br><strong>*</strong>languages with full audio support","<strong>Minimum:</strong><br><ul class=""bb_ul""><li><strong>OS *:</strong> Windows Vista 64-bit<br></li><li><strong>Processor:</strong> Intel i3 2nd-Generation 2.5GHz, AMD Quad-Core 2.5GHz<br></li><li><strong>Memory:</strong> 4 GB RAM<br></li><li><strong>Graphics:</strong> Nvidia GT640, AMD Radeon HD7750, 1GB Vram<br></li><li><strong>DirectX:</strong> Version 10<br></li><li><strong>Storage:</strong> 13 GB available space<br></li><li><strong>Sound Card:</strong> DirectX 9.0c Compatible Sound Card with Latest Drivers</li></ul>","<strong>Recommended:</strong><br><ul class=""bb_ul""><li><strong>OS *:</strong> Windows 7 64-bit or higher, Windows 8, Windows 10<br></li><li><strong>Processor:</strong> Intel i3 4th-Generation 3.5GHz, AMD Quad-Core 3.9GHz<br></li><li><strong>Memory:</strong> 6 GB RAM<br></li><li><strong>Graphics:</strong> Nvidia GTX 570, AMD Radeon HD 6950, 2GB Vram<br></li><li><strong>DirectX:</strong> Version 11<br></li><li><strong>Storage:</strong> 13 GB available space<br></li><li><strong>Sound Card:</strong> DirectX 9.0c Compatible Sound Card with Latest Drivers<br></li><li><strong>Additional Notes:</strong> Installing the game on an SSD improves loading times.</li></ul>",https://shared.akamai.steamstatic.com/store_item_assets/steam/apps/418240/header.jpg?t=1770912397,10,3
20260228,322170,True,game,Geometry Dash,False,False,"Dec 22, 2014",USD,499,499,0,True,True,False,Single-player|Steam Achievements|Steam Trading Cards|Partial Controller Support|Includes level editor|Remote Play on Phone|Remote Play on Tablet|Family Sharing,Action|Indie,English,"<strong>Minimum:</strong><br><ul class=""bb_ul""><li><strong>OS *:</strong> Windows XP<br></li><li><strong>Processor:</strong> 2.0+ GHz<br></li><li><strong>Memory:</strong> 512 MB RAM<br></li><li><strong>Graphics:</strong> OpenGL 2.0 support<br></li><li><strong>Storage:</strong> 100 MB available space</li></ul>",,https://shared.akamai.steamstatic.com/store_item_assets/steam/apps/322170/header.jpg?t=1703006148,11,1
20260228,992300,True,game,嗜血印 Bloody Spell,False,False,"Jan 26, 2022",USD,2499,2499,0,True,False,False,Single-player|Steam Achievements|Full controller support|Steam Trading Cards|Steam Workshop|Steam Leaderboards|Family Sharing,Action|Adventure|Indie|RPG,"English, Simplified Chinese<strong>*</strong>, Japanese<br><strong>*</strong>languages with full audio support","<strong>Minimum:</strong><br><ul class=""bb_ul""><li><strong>OS *:</strong> Windows 7/8/10 64-bit<br></li><li><strong>Processor:</strong> Intel i5 Processor<br></li><li><strong>Memory:</strong> 8 GB RAM<br></li><li><strong>Graphics:</strong> Nvidia GeForce GTX 770<br></li><li><strong>DirectX:</strong> Version 10<br></li><li><strong>Storage:</strong> 25 GB available space</li></ul>","<strong>Recommended:</strong><br><ul class=""bb_ul""><li><strong>OS *:</strong> Windows 7/8/10 64-bit<br></li><li><strong>Processor:</strong> Intel i7 Processor<br></li><li><strong>Memory:</strong> 16 GB RAM<br></li><li><strong>Graphics:</strong> Nvidia GeForce GTX 1060<br></li><li><strong>DirectX:</strong> Version 11<br></li><li><strong>Storage:</strong> 25 GB available space</li></ul>",https://shared.akamai.steamstatic.com/store_item_assets/steam/apps/992300/header.jpg?t=1755193653,15,3
20260228,1621690,True,game,Core Keeper,False,False,"Aug 27, 2024",USD,1999,1199,40,True,False,True,Single-player|Multi-player|Co-op|Online Co-op|Full controller support|Steam Cloud|Family Sharing,Action|Adventure|Indie|RPG|Simulation,"English, Simplified Chinese, Thai, German, Japanese, Korean, Spanish - Spain, French, Italian, Portuguese - Brazil, Traditional Chinese, Russian, Ukrainian","<strong>Minimum:</strong><br><ul class=""bb_ul""><li>Requires a 64-bit processor and operating system<br></li><li><strong>OS:</strong> Windows 10 64-bit<br></li><li><strong>Processor:</strong> Intel Core i5-2300 / AMD Ryzen 3 1200<br></li><li><strong>Memory:</strong> 8 GB RAM<br></li><li><strong>Graphics:</strong> GeForce GTX 460 / Radeon HD 5850</li></ul>","<strong>Recommended:</strong><br><ul class=""bb_ul""><li>Requires a 64-bit processor and operating system<br></li><li><strong>OS:</strong> Windows 10 64-bit<br></li><li><strong>Processor:</strong> Intel Core i5-8400 / AMD Ryzen 7 2700X<br></li><li><strong>Memory:</strong> 8 GB RAM<br></li><li><strong>Graphics:</strong> GeForce GTX 1050 Ti / Radeon R9 280X</li></ul>",https://shared.akamai.steamstatic.com/store_item_assets/steam/apps/1621690/a98ee12bc299c22ea7b06fc04256d8571858debb/header_alt_assets_15.jpg?t=1772014723,16,2
20260228,860510,True,game,Little Nightmares II,False,False,"Feb 10, 2021",USD,2999,2999,0,True,False,False,Single-player|Steam Achievements|Full controller support|Steam Trading Cards|Steam Cloud|Remote Play on Phone|Remote Play on Tablet|Family Sharing,Adventure,"English<strong>*</strong>, French, Italian, German, Spanish - Spain, Arabic, Japanese, Korean, Polish, Portuguese - Brazil, Russian, Simplified Chinese, Spanish - Latin America, Traditional Chinese<br><strong>*</strong>languages with full audio support","<strong>Minimum:</strong><br><ul class=""bb_ul""><li>Requires a 64-bit processor and operating system<br></li><li><strong>OS:</strong> Windows 10<br></li><li><strong>Processor:</strong> Intel Core i5-2300 | AMD FX-4350<br></li><li><strong>Memory:</strong> 4 GB RAM<br></li><li><strong>Graphics:</strong> Nvidia GeForce GTX 570, 1 GB | AMD Radeon HD 7850, 2 GB<br></li><li><strong>DirectX:</strong> Version 11<br></li><li><strong>Additional Notes:</strong> Estimated performance: 1080p/60fps with graphics settings at &quot;Low&quot;. Framerate might drop in graphics-intensive scenes.  - 64-bit processor and operating system are required.</li></ul>","<strong>Recommended:</strong><br><ul class=""bb_ul""><li>Requires a 64-bit processor and operating system<br></li><li><strong>OS:</strong> Windows 10<br></li><li><strong>Processor:</strong> Intel Core i7-3770 | AMD FX-8350<br></li><li><strong>Memory:</strong> 4 GB RAM<br></li><li><strong>Graphics:</strong> Nvidia GeForce GTX 760, 2 GB | AMD Radeon HD 7870, 2 GB<br></li><li><strong>DirectX:</strong> Version 11<br></li><li><strong>Additional Notes:</strong> Estimated performance: 1080p/60fps with graphics settings at &quot;High&quot;.  Framerate might drop in graphics-intensive scenes.  - 64-bit processor and operating system are required. - Windows 10 (Version 1809 or later) and a 4GB VRAM GPU (graphics board or video card) are required for DirectX 12 API.</li></ul>",https://shared.akamai.steamstatic.com/store_item_assets/steam/apps/860510/header.jpg?t=1730127763,12,3
20260228,880940,True,game,Pummel Party,False,False,"Sep 20, 2018",USD,1499,1499,0,True,False,False,Single-player|Multi-player|PvP|Online PvP|Shared/Split Screen PvP|Shared/Split Screen|Steam Achievements|Full controller support|Steam Workshop|Includes level editor|Remote Play on Phone|Remote Play on Tablet|Remote Play on TV|Remote Play Together|Family Sharing,Action|Casual|Indie,"English<strong>*</strong>, French<strong>*</strong>, Italian<strong>*</strong>, German<strong>*</strong>, Spanish - Spain<strong>*</strong>, Japanese<strong>*</strong>, Korean<strong>*</strong>, Russian<strong>*</strong>, Simplified Chinese<strong>*</strong>, Traditional Chinese<strong>*</strong>, Portuguese - Brazil<strong>*</strong><br><strong>*</strong>languages with full audio support","<strong>Minimum:</strong><br><ul class=""bb_ul""><li><strong>OS *:</strong> Windows 7<br></li><li><strong>Processor:</strong> Dual Core 2.4Ghz<br></li><li><strong>Memory:</strong> 3 GB RAM<br></li><li><strong>Graphics:</strong> GeForce 8800 GT / AMD HD 6850 / Intel HD Graphics 4400 or above<br></li><li><strong>DirectX:</strong> Version 11<br></li><li><strong>Network:</strong> Broadband Internet connection<br></li><li><strong>Storage:</strong> 1 GB available space</li></ul>",,https://shared.akamai.steamstatic.com/store_item_assets/steam/apps/880940/header.jpg?t=1725311353,7,1
20260228,620980,True,game,Beat Saber,False,False,"May 21, 2019",USD,2999,2999,0,True,False,False,Single-player|Multi-player|PvP|Online PvP|Tracked Controller Support|VR Only|Steam Leaderboards|Family Sharing,Indie,"English<strong>*</strong>, French<strong>*</strong>, German<strong>*</strong>, Spanish - Spain<strong>*</strong>, Japanese<strong>*</strong>, Korean<strong>*</strong>, Spanish - Latin America<strong>*</strong><br><strong>*</strong>languages with full audio support","<strong>Minimum:</strong><br><ul class=""bb_ul""><li><strong>OS *:</strong> Windows 7/8.1/10 (64bit)<br></li><li><strong>Processor:</strong> Intel Core i5 Sandy Bridge or equivalent<br></li><li><strong>Memory:</strong> 4 GB RAM<br></li><li><strong>Graphics:</strong> Nvidia GTX 960 or equivalent<br></li><li><strong>DirectX:</strong> Version 11<br></li><li><strong>Storage:</strong> 200 MB available space<br></li><li><strong>VR Support:</strong> SteamVR</li></ul>","<strong>Recommended:</strong><br><ul class=""bb_ul""><li><strong>OS *:</strong> Windows 7/8.1/10 (64bit)<br></li><li><strong>Processor:</strong> Intel Core i7 Skylake or equivalent<br></li><li><strong>Memory:</strong> 8 GB RAM<br></li><li><strong>Graphics:</strong> Nvidia GTX 1060 or equivalent<br></li><li><strong>DirectX:</strong> Version 12<br></li><li><strong>Storage:</strong> 200 MB available space</li></ul>",https://shared.akamai.steamstatic.com/store_item_assets/steam/apps/620980/3067664ee110fed550f5c3a1b74340cabd7d53f0/header.jpg?t=1770379765,8,1
20260228,311690,True,game,Enter the Gungeon,False,False,"Apr 5, 2016",USD,1499,1499,0,True,False,True,Single-player|Multi-player|Shared/Split Screen|Steam Achievements|Full controller support|Steam Cloud|Remote Play on Phone|Remote Play on Tablet|Remote Play on TV|Remote Play Together|Family Sharing,Action|Adventure|Indie,"English, French, Italian, German, Spanish - Spain, Japanese, Korean, Polish, Portuguese - Brazil, Russian, Simplified Chinese","<strong>Minimum:</strong><br><ul class=""bb_ul""><li><strong>OS *:</strong> Windows 7 or later<br></li><li><strong>Processor:</strong> Intel Core 2 Duo E6320 (2*1866) or equivalent<br></li><li><strong>Memory:</strong> 2 GB RAM<br></li><li><strong>Graphics:</strong> GeForce 7600 GS (512 MB) or equivalent<br></li><li><strong>Storage:</strong> 2 GB available space</li></ul>",,https://shared.akamai.steamstatic.com/store_item_assets/steam/apps/311690/header.jpg?t=1743602589,34,1
20260228,291650,True,game,Pillars of Eternity,False,False,"Mar 26, 2015",USD,3999,3999,0,True,True,True,Single-player|Steam Achievements|Steam Trading Cards|Steam Cloud|Commentary available|Remote Play on Tablet|Family Sharing,RPG,"English<strong>*</strong>, French, Italian, German, Spanish - Spain, Russian, Polish<br><strong>*</strong>languages with full audio support","<strong>Minimum:</strong><br><ul class=""bb_ul""><li><strong>OS *:</strong> Windows Vista 64-bit or newer<br></li><li><strong>Processor:</strong> Intel Core i3-2100T @ 2.50 GHz / AMD Phenom II X3 B73<br></li><li><strong>Memory:</strong> 4 GB RAM<br></li><li><strong>Graphics:</strong> ATI Radeon HD 4850 or NVIDIA GeForce 9600 GT<br></li><li><strong>Storage:</strong> 14 GB available space<br></li><li><strong>Sound Card:</strong> DirectX Compatible Sound Card</li></ul>","<strong>Recommended:</strong><br><ul class=""bb_ul""><li><strong>OS *:</strong> Windows Vista 64-bit or newer<br></li><li><strong>Processor:</strong> Intel Core i5-2400 @ 3.10 GHz / AMD Phenom II X6 1100T<br></li><li><strong>Memory:</strong> 8 GB RAM<br></li><li><strong>Graphics:</strong> Radeon HD 7700 or NVIDIA GeForce GTX 570<br></li><li><strong>Storage:</strong> 14 GB available space<br></li><li><strong>Sound Card:</strong> DirectX Compatible Sound Card</li></ul>",https://shared.akamai.steamstatic.com/store_item_assets/steam/apps/291650/header.jpg?t=1770928829,12,2
20260228,674940,True,game,Stick Fight: The Game,False,False,"Sep 28, 2017",USD,499,499,0,True,True,False,Multi-player|PvP|Online PvP|Shared/Split Screen PvP|Shared/Split Screen|Partial Controller Support|Remote Play on Phone|Remote Play on Tablet|Remote Play Together|Family Sharing,Action|Casual|Indie,English,"<strong>Minimum:</strong><br><ul class=""bb_ul""><li><strong>OS:</strong> 10, 8, 7<br></li><li><strong>Processor:</strong> 2GHz<br></li><li><strong>Memory:</strong> 1 GB RAM<br></li><li><strong>DirectX:</strong> Version 9.0<br></li><li><strong>Storage:</strong> 400 MB available space</li></ul>",,https://shared.akamai.steamstatic.com/store_item_assets/steam/apps/674940/header.jpg?t=1730715399,5,1
20260228,774171,True,game,Muse Dash,False,False,"Jun 19, 2019",USD,299,299,0,True,True,False,Single-player|Partial Controller Support|Steam Cloud|Remote Play on Phone|Remote Play on Tablet|Remote Play on TV|Family Sharing,Action|Casual|Indie,"Japanese<strong>*</strong>, Simplified Chinese, English, Traditional Chinese, Korean<br><strong>*</strong>languages with full audio support","<strong>Minimum:</strong><br><ul class=""bb_ul""><li><strong>OS *:</strong> Windows 7 64bit or later<br></li><li><strong>Processor:</strong> Intel Core™ Duo or faster<br></li><li><strong>Memory:</strong> 2 GB RAM<br></li><li><strong>Graphics:</strong> DirectX® 9 Compatible Graphics Card<br></li><li><strong>Storage:</strong> 2 GB available space</li></ul>",,https://shared.akamai.steamstatic.com/store_item_assets/steam/apps/774171/header.jpg?t=1756199346,8,1
