appid,hw_ram_gb,hw_storage_gb,hw_has_gpu_req,parse_success
346110,8.0,60.0,1,True
227300,8.0,25.0,1,True
252490,12.0,45.0,1,True
413150,2.0,0.488,0,True
105600,2.5,0.195,0,True
275850,8.0,15.0,1,True
4000,4.0,10.0,1,True
242760,4.0,5.0,1,True
322330,1.0,3.0,1,True
1260320,8.0,12.0,1,True
648800,6.0,10.0,1,True
264710,4.0,20.0,1,True
294100,4.0,1.0,1,True
477160,1.0,0.488,1,True
361420,4.0,2.0,1,True
305620,4.0,7.0,1,True
367520,4.0,9.0,1,True
457140,4.0,2.0,1,True
427520,8.0,5.0,1,True
526870,8.0,20.0,1,True
588650,2.0,0.488,1,True
282070,2.0,1.0,1,True
379430,8.0,70.0,1,True
391540,2.0,0.195,0,True
250900,2.0,0.438,1,True
262060,2.0,2.0,0,True
1332010,8.0,10.0,1,True
244210,2.0,15.0,1,True
268910,3.0,4.0,1,True
508440,8.0,4.0,1,True
313120,8.0,4.0,1,True
632360,4.0,4.0,1,True
686810,12.0,60.0,1,True
219640,2.0,7.0,1,True
1145360,4.0,15.0,1,True
233860,6.0,14.0,0,True
220200,4.0,3.0,1,True
644930,4.0,4.0,1,True
222880,4.0,10.0,1,True
211820,2.0,3.0,1,True
362890,6.0,20.0,0,True
613100,4.0,6.0,1,True
433340,4.0,1.0,1,True
581320,8.0,40.0,1,True
285900,4.0,2.0,1,True
848450,8.0,15.0,1,True
646570,2.0,1.0,0,True
690830,8.0,1.0,1,True
393420,4.0,2.0,1,True
286160,4.0,3.0,1,True
1868140,8.0,10.0,1,True
899770,8.0,22.0,1,True
632470,2.0,20.0,1,True
728880,4.0,3.0,1,True
246620,1.0,0.488,1,True
1167630,4.0,4.0,1,True
219740,1.0,0.488,1,True
233450,6.0,0.391,1,True
1527950,8.0,30.0,1,True
535930,4.0,6.0,1,True
383870,6.0,4.0,1,True
235540,6.0,30.0,1,True
1057090,8.0,20.0,1,True
424840,4.0,10.0,1,True
48700,0.5,0.098,1,True
414340,8.0,30.0,1,True
597820,8.0,25.0,1,True
240720,2.0,2.0,1,True
2198150,4.0,3.0,1,True
666140,6.0,6.0,1,True
881100,4.0,1.562,1,True
414700,4.0,30.0,1,True
313630,4.0,11.0,1,True
257510,2.0,5.0,1,True
753640,6.0,8.0,1,True
304430,4.0,3.0,1,True
629760,8.0,40.0,1,True
621060,4.0,30.0,1,True
392110,4.0,8.0,1,True
418240,4.0,13.0,1,True
322170,0.5,0.098,0,True
992300,8.0,25.0,1,True
1621690,8.0,1.0,1,True
860510,4.0,1.0,1,True
880940,3.0,1.0,1,True
736220,16.0,100.0,1,True
620980,4.0,0.195,1,True
311690,2.0,2.0,1,True
320240,8.0,6.0,1,True
291650,4.0,14.0,1,True
739540,1.0,1.0,0,True
526160,6.0,2.0,1,True
674940,1.0,0.391,0,True
644560,2.0,2.0,1,True
774171,2.0,2.0,1,True
289130,4.0,6.0,1,True
641990,2.0,4.0,1,True
1158160,6.0,8.0,1,True
24240,1.0,1.0,1,True
238460,1.0,2.0,0,True
242920,0.5,0.244,0,True
516750,6.0,1.0,1,True
1794680,1.0,2.441,0,True
1562430,4.0,2.0,1,True
1084600,8.0,50.0,1,True
527230,4.0,3.0,1,True
373420,2.0,9.766,1,True
683320,4.0,4.0,1,True
322500,4.0,4.0,1,True
568220,8.0,6.0,1,True
955050,6.0,4.0,1,True
1217060,4.0,4.0,1,True
1605220,8.0,4.0,1,True
228380,8.0,32.0,1,True
599140,4.0,1.0,0,True
282140,4.0,25.0,1,True
858810,4.0,2.0,1,True
253250,4.0,2.0,1,True
859570,6.0,5.0,1,True
1210320,8.0,2.0,1,True
837470,2.0,0.811,0,False
238320,2.0,5.0,1,True
704850,8.0,5.0,1,True
387290,4.0,11.0,1,True
3590,1.0,1.0,0,True
239030,2.0,0.098,0,True
972660,4.0,7.0,1,True
341800,2.0,1.0,0,True
210970,4.0,5.0,1,True
285920,4.0,1.0,1,True
396750,4.0,12.0,1,True
280790,6.0,4.0,1,True
955900,8.0,0.977,0,True
1147560,4.0,1.0,1,True
751780,1.0,0.195,0,True
1066780,8.0,1.0,1,True
747660,8.0,80.0,1,True
274190,4.0,1.27,0,True
554620,3.0,14.0,1,True
1244090,4.0,5.0,1,True
504230,2.0,1.172,1,True
248390,4.0,2.0,1,True
527430,4.0,75.0,1,True
257850,4.0,2.0,0,True
403190,2.0,0.635,1,True
501300,2.0,5.0,1,True
1369630,2.0,2.0,0,True
692850,4.0,10.0,1,True
977880,4.0,2.0,1,True
2379780,1.0,0.146,1,True
1227890,2.0,1.0,1,True
1113120,8.0,20.0,1,True
445980,4.0,1.0,0,True
1150690,4.0,2.0,1,True
265930,2.0,2.0,1,True
298630,2.0,2.0,1,True
553640,2.0,6.0,1,True
473690,4.0,11.0,1,True
312520,4.0,4.0,1,True
738520,8.0,7.0,1,True
1350650,2.0,5.0,0,True
698670,8.0,50.0,1,True
823500,8.0,20.0,1,True
460950,1.0,0.195,1,True
559650,8.0,7.0,1,True
1016800,8.0,40.0,1,True
1178830,8.0,13.0,1,True
1118200,4.0,0.342,1,True
933820,8.0,6.0,1,True
302670,4.0,40.0,0,True
979690,8.0,35.0,1,True
774361,4.0,4.0,1,True
1222700,8.0,25.0,1,True
448510,2.0,0.732,1,True
512900,4.0,0.312,1,True
858820,8.0,8.0,1,True
1948980,4.0,2.0,1,True
447820,4.0,12.0,1,True
200710,1.0,1.7,1,True
290300,2.0,2.0,1,True
253230,4.0,8.0,0,True
427730,4.0,6.0,1,True
590380,1.0,0.391,1,True
1119730,8.0,15.0,1,True
756800,12.0,12.0,1,True
1190000,8.0,35.0,1,True
2071280,8.0,3.0,1,True
1274570,8.0,10.0,1,True
1094520,4.0,4.0,0,True
333600,1.0,3.0,0,True
237930,4.0,3.0,1,True
1809540,8.0,15.0,1,True
736190,2.0,0.488,0,True
536270,8.0,1.0,1,True
240760,4.0,30.0,1,True
616560,8.0,5.0,1,True
629730,8.0,1.0,1,True
1290000,4.0,6.0,1,True
475550,2.0,1.562,1,True
1782120,4.0,0.293,1,True
986130,8.0,4.0,1,True
384190,4.0,6.0,1,True
1256670,8.0,10.0,1,True
431240,2.0,4.0,1,True
367450,2.0,0.146,0,True
763890,3.0,2.0,0,True
428690,2.0,3.0,1,True
274170,1.0,0.586,1,True
1296830,4.0,8.0,1,True
1190970,8.0,10.0,1,True
1435790,4.0,18.0,1,True
2273430,8.0,18.0,1,True
386070,8.0,5.0,1,True
204300,2.0,3.5,1,True
1069640,8.0,12.0,1,True
2239150,4.0,1.0,1,True
283640,1.0,2.0,1,True
610370,8.0,20.0,1,True
247080,0.977,1.562,1,True
242640,3.0,8.0,1,True
953490,1.0,0.488,0,True
653530,4.0,2.0,1,True
557340,4.0,4.0,1,True
410900,8.0,3.0,1,True
280160,8.0,6.0,1,True
365450,0.5,0.488,0,True
291860,4.0,3.0,0,True
304650,1.0,0.684,1,True
1291340,4.0,1.0,0,True
300380,8.0,0.977,1,True
942970,4.0,2.0,1,True
977950,2.0,1.465,1,True
553420,8.0,2.0,1,True
276810,4.0,8.0,1,True
638230,4.0,4.0,1,True
368340,2.0,1.0,0,True
2835570,2.0,0.488,1,True
269770,1.0,1.0,1,True
319510,1.0,0.244,1,True
245170,2.0,14.0,1,True
746850,8.0,7.0,1,True
420530,4.0,1.0,0,True
323850,8.0,1.0,1,True
487120,8.0,20.0,1,True
1455840,3.0,0.635,1,True
1740720,4.0,2.0,1,True
258520,6.0,9.0,1,True
1388880,4.0,3.0,0,True
1929610,16.0,20.0,1,True
1189490,8.0,15.0,0,True
1509510,4.0,1.0,1,True
1669980,8.0,5.0,1,True
206440,0.5,0.098,0,True
1040200,16.0,35.0,1,True
266510,4.0,5.0,1,True
2138710,8.0,22.0,1,True
671440,8.0,1.0,1,True
391720,4.0,5.0,1,True
221910,2.0,3.0,1,True
464060,4.0,10.0,1,True
404680,4.0,5.0,1,True
868360,4.0,1.0,1,True
1361510,4.0,1.0,1,True
1135690,2.0,1.0,1,False
207140,3.0,0.781,0,True
552620,2.0,10.0,1,True
493490,4.0,10.0,1,True
326460,1.0,0.488,0,True
417290,3.0,5.0,1,True
919640,4.0,50.0,1,True
1239080,4.0,2.0,1,True
451020,4.0,10.0,1,True
246900,4.0,5.0,1,True
269210,8.0,4.0,1,True
237850,3.0,12.0,1,True
1232580,4.0,13.0,1,True
1954200,12.0,25.0,1,True
419480,8.0,15.0,1,True
1766740,4.0,3.0,1,True
113200,1.0,0.049,0,True
894020,8.0,5.0,1,True
397950,4.0,0.488,0,True
1177980,4.0,4.0,1,True
212680,1.0,0.171,1,True
356040,1.0,0.586,1,True
580200,6.0,4.0,1,True
327860,2.0,0.684,0,True
502520,2.0,2.0,1,True
315460,1.0,0.488,1,True
1509960,4.0,0.098,0,True
239820,2.0,1.0,0,True
462770,4.0,9.0,1,True
758870,4.0,0.537,0,True
1433140,8.0,30.0,1,True
761830,4.0,5.0,1,True
250760,2.0,0.244,0,True
257420,8.0,42.0,1,True
1282730,2.0,0.293,1,True
383980,0.5,0.293,1,True
846770,2.0,0.75,0,True
505230,8.0,25.0,1,True
456670,4.0,4.0,1,True
1368030,4.0,10.0,1,True
455980,8.0,3.0,1,True
1178490,8.0,15.0,1,True
1016920,4.0,2.0,1,True
541210,2.0,2.0,0,True
494430,6.0,8.0,1,True
337320,2.0,2.0,1,True
361280,2.0,0.146,0,True
1063420,8.0,7.0,1,True
1123770,4.0,2.0,1,True
895870,4.0,16.0,1,True
356650,2.0,1.0,1,True
609320,4.0,3.0,1,True
1276790,8.0,15.0,1,True
4920,6.0,13.0,1,True
622650,8.0,2.0,0,True
594330,6.0,10.0,1,True
1164940,8.0,35.0,1,True
312530,1.0,0.146,0,True
286000,2.0,2.0,1,True
293780,2.0,0.391,1,True
324510,4.0,5.0,1,True
1253920,8.0,2.0,1,True
260230,2.0,2.0,1,True
1106840,8.0,10.0,1,True
813230,1.0,0.034,1,True
1149620,8.0,10.0,1,True
272270,4.0,20.0,1,True
443810,2.0,5.0,1,True
603850,1.0,0.371,0,True
219150,0.5,0.244,1,True
915810,8.0,15.0,1,True
385380,2.0,0.391,0,True
1126320,2.0,6.0,0,True
451340,8.0,19.0,1,True
326410,2.0,0.244,1,True
2231450,0.5,0.293,1,True
555220,4.0,3.0,1,True
2005010,8.0,5.0,1,True
568570,2.0,0.195,0,True
539470,2.0,0.391,0,True
860890,1.0,0.244,0,True
400910,8.0,1.0,0,True
248610,2.0,2.0,1,True
332800,1.0,0.244,1,True
242680,1.0,0.195,0,True
342180,8.0,12.0,1,True
1649080,4.0,6.0,1,True
287980,2.0,0.342,0,True
602520,1.0,3.0,0,True
1324780,1.465,10.0,1,True
668630,1.0,4.0,1,True
318600,4.0,2.0,0,True
268870,3.0,2.0,1,True
1089980,4.0,1.0,1,True
1110910,8.0,12.0,1,True
541570,4.0,0.586,1,True
555160,8.0,60.0,1,True
236150,2.0,8.0,1,True
209080,2.0,3.0,1,True
1696440,8.0,5.0,1,True
328080,4.0,1.0,1,True
420110,1.0,3.0,0,True
514900,8.0,10.0,1,True
1243830,4.0,8.0,1,True
1043810,8.0,3.0,1,True
851100,2.0,0.049,0,True
970830,4.0,8.0,1,True
1097350,6.0,16.0,1,True
249050,2.0,0.684,1,True
503560,1.0,0.488,0,True
1270580,8.0,6.0,1,True
921800,4.0,20.0,1,True
1227530,8.0,10.0,1,True
339800,2.0,1.0,1,True
366220,4.0,2.93,1,True
2429860,4.0,1.0,1,True
256290,2.0,3.0,1,True
48000,4.0,0.146,0,True
649950,4.0,15.0,1,True
252470,2.0,1.0,0,True
362680,2.0,5.0,1,True
1046030,2.0,0.195,1,True
865360,8.0,20.0,1,True
606800,2.0,1.0,1,True
633460,4.0,8.0,1,True
357310,4.0,2.0,1,True
1556790,8.0,30.0,1,True
241260,2.0,14.0,1,True
388090,2.0,1.0,1,True
814370,2.0,1.0,1,True
1071870,4.0,8.0,1,True
1353230,4.0,2.0,1,True
248820,1.0,0.127,0,True
692890,8.0,6.0,1,True
345180,4.0,4.0,1,True
2696050,4.0,1.0,1,True
1049890,8.0,15.0,1,True
684410,2.0,0.195,0,True
673880,12.0,11.0,1,True
107100,2.0,1.0,1,True
1608230,4.0,10.0,1,True
371970,4.0,4.0,1,True
306760,8.0,20.0,1,True
1066890,8.0,120.0,1,True
233610,4.0,5.0,1,True
2475490,8.0,3.0,1,True
985890,4.0,8.0,1,True
323220,1.0,0.195,1,True
1488200,0.25,1.0,0,True
1097200,2.0,1.0,1,True
341940,4.0,5.0,1,True
290790,4.0,15.0,1,True
225080,2.0,2.0,1,True
423230,4.0,5.0,1,True
1009560,6.0,6.0,1,True
295790,2.0,3.0,1,True
1229240,4.0,0.879,1,True
1263370,4.0,0.391,1,True
42910,2.0,2.0,1,True
1948280,2.0,0.195,0,True
538100,2.0,0.5,0,True
1189630,8.0,10.0,1,True
388880,2.0,3.0,1,True
281640,2.0,4.0,0,True
378720,4.0,3.0,1,True
1293160,8.0,55.0,1,True
690640,4.0,16.0,1,True
250400,4.0,7.0,1,True
1245560,4.0,1.0,0,True
798490,4.0,6.0,1,True
275100,2.0,2.0,1,True
537800,2.0,0.488,1,True
807120,1.0,3.418,1,True
1127400,1.0,0.195,0,True
736260,1.0,0.195,1,True
682990,8.0,15.0,1,True
656350,4.0,2.0,1,True
1035120,8.0,37.0,1,True
365160,4.0,5.0,1,True
557600,0.5,0.664,1,True
115800,1.0,0.586,1,True
252610,0.125,0.059,0,True
435530,1.0,2.0,1,True
654880,4.0,4.0,0,True
391730,2.5,0.488,0,True
1592190,8.0,20.0,1,True
2725260,4.0,5.0,1,True
446020,4.0,2.0,1,True
1199030,8.0,8.0,1,True
1188930,4.0,5.0,1,True
3059070,8.0,9.0,1,True
962730,8.0,5.0,1,True
307670,4.0,6.0,1,True
407130,8.0,8.0,1,True
2683150,8.0,7.0,1,True
251730,2.0,2.0,1,True
493200,4.0,7.52,1,True
530890,2.0,1.0,1,True
1958220,8.0,5.0,1,True
1310990,1.0,4.0,1,True
506610,1.0,1.0,1,True
421170,6.0,6.0,1,True
747200,2.0,1.465,0,True
421120,1.0,1.0,1,True
323580,4.0,8.0,1,True
939400,4.0,1.5,0,True
994730,4.0,2.0,0,True
1432050,1.0,2.0,1,True
491950,4.0,3.0,1,True
1147550,8.0,50.0,1,True
1520500,8.0,9.0,1,True
268750,0.5,0.439,0,True
1115690,2.0,0.721,1,True
280520,2.0,0.25,1,True
874260,8.0,26.0,1,True
303210,2.0,4.0,1,True
423580,2.0,0.488,1,True
1126290,4.0,0.391,1,True
41070,1.0,4.0,1,True
316790,4.0,5.859,1,True
201790,2.0,9.0,1,True
2756920,8.0,3.0,1,True
824270,4.0,7.0,1,True
25000,4.0,35.0,1,True
346940,2.0,10.0,1,True
857980,8.0,6.0,1,True
250520,2.0,6.0,1,True
504210,4.0,0.439,0,True
268130,8.0,0.391,1,True
674500,8.0,3.0,1,True
35720,1.0,4.5,1,True
1578650,4.0,2.0,1,True
1802870,1.0,2.0,0,True
354140,1.0,0.244,1,True
598330,4.0,1.0,1,True
1002300,2.0,1.0,1,True
385800,1.0,3.0,0,True
360940,4.0,14.0,1,True
727130,8.0,5.0,1,True
1127500,2.0,0.342,0,False
297130,4.0,0.391,0,True
335670,0.5,0.781,0,True
1274600,2.0,3.0,1,True
356570,1.0,1.0,1,True
280740,1.0,4.0,1,True
792300,8.0,40.0,1,True
234270,4.0,13.184,1,True
1732180,2.0,2.0,0,True
1225570,4.0,8.0,1,True
1931770,8.0,0.587,1,True
1515210,1.0,1.0,1,True
1606180,16.0,40.0,1,True
571740,4.0,15.0,1,True
1434950,4.0,2.0,1,True
895620,4.0,5.0,1,True
329130,2.0,0.146,0,True
1295920,4.0,4.0,1,True
897730,8.0,3.0,1,True
916840,8.0,40.0,1,True
699170,3.0,2.0,0,True
1216710,4.0,3.0,1,True
57300,2.0,3.0,1,True
2420660,8.0,15.0,1,True
334230,2.0,3.0,0,True
433170,8.0,10.0,1,True
607050,2.0,1.0,0,True
38700,1.0,0.195,1,True
1525700,3.0,3.0,1,True
364420,0.5,0.439,0,True
378610,8.0,5.0,1,True
619150,2.0,0.488,1,True
375480,4.0,1.465,1,True
761620,4.0,4.0,1,True
677120,2.0,0.488,0,True
332200,0.488,0.293,1,True
410340,8.0,25.0,1,True
1330470,8.0,25.0,1,True
1874490,8.0,7.0,1,True
861650,8.0,15.0,1,True
2103140,16.0,2.0,1,True
531510,8.0,1.0,1,True
1406990,2.0,6.0,1,True
237990,2.0,4.0,0,True
418180,2.0,0.488,0,True
300550,2.0,2.0,1,True
327890,2.0,2.441,1,True
599080,8.0,15.0,1,True
1288310,4.0,2.0,1,True
318020,2.0,15.0,1,True
1097580,6.0,10.0,1,True
535480,4.0,3.0,1,True
743450,4.0,1.0,0,True
776490,1.0,2.0,0,True
3146520,8.0,4.0,1,True
386880,2.0,2.0,1,True
1859910,8.0,5.0,1,True
233980,4.0,0.25,1,True
215470,3.0,4.0,1,True
445190,4.0,12.0,1,True
1042780,8.0,4.0,1,True
628670,4.0,6.0,1,True
252110,2.0,0.879,1,True
347620,1.0,8.0,0,True
1533420,6.0,6.0,1,True
398850,4.0,1.0,1,True
282800,1.0,2.0,0,True
48720,1.2,0.879,0,True
597220,2.0,4.0,0,True
896160,4.0,2.93,0,True
597170,2.0,1.0,1,True
343710,4.0,5.0,1,True
210770,2.0,4.0,1,True
1385380,2.0,1.0,0,True
248860,1.0,0.073,0,True
588040,4.0,3.0,1,True
591370,4.0,0.488,1,True
960690,2.0,1.0,0,True
964800,2.0,4.0,1,True
981430,2.0,1.0,0,True
558990,4.0,0.586,0,True
1286580,6.0,2.0,1,True
430960,0.125,1.0,1,True
1296610,2.0,0.293,0,True
1332720,8.0,12.0,1,True
1562700,4.0,1.0,1,True
278360,2.0,2.0,1,True
1203630,2.0,0.049,0,True
1120810,4.0,8.0,1,True
1012790,16.0,15.0,1,True
584980,2.0,7.0,0,True
1658040,4.0,4.0,1,True
1153640,8.0,36.0,1,True
582270,8.0,2.0,1,True
1619750,8.0,1.0,1,True
1143810,4.0,2.0,0,True
910490,6.0,6.0,1,True
407330,1.0,1.0,0,True
1750770,6.0,3.0,1,True
758190,0.5,1.0,1,True
499520,4.0,10.0,1,True
982290,8.0,2.0,1,True
1937500,8.0,1.0,1,True
382560,4.0,10.0,0,True
1040420,3.0,6.0,1,True
40700,1.0,1.0,0,True
223830,1.0,3.0,0,True
319050,2.0,2.0,0,True
789760,2.0,6.0,1,False
764790,2.0,1.172,1,True
467960,2.0,1.0,0,True
428660,4.0,10.0,1,True
433530,4.0,10.0,1,True
589780,1.0,0.391,1,True
1216320,6.0,8.0,1,True
785740,2.0,4.0,1,True
1120320,6.0,1.0,1,True
503350,2.0,1.0,1,True
239840,2.0,3.0,1,True
435400,2.0,0.293,0,False
1109680,8.0,15.0,1,True
1239320,8.0,6.0,1,True
1146630,4.0,1.0,1,True
844260,8.0,5.0,1,True
2638370,8.0,3.0,1,True
732690,8.0,11.0,1,True
1978590,8.0,15.0,1,True
914800,2.0,0.586,0,True
1227280,4.0,2.0,1,True
1785150,8.0,15.0,1,True
520950,8.0,20.0,0,True
22100,0.5,0.684,1,True
1063660,8.0,15.0,1,True
596970,4.0,4.395,1,True
471010,4.0,10.0,1,True
595690,2.0,0.244,1,True
1240210,4.0,0.928,1,True
873940,4.0,2.0,1,True
1745510,0.004,0.781,0,True
1627570,8.0,27.0,1,True
965580,2.0,1.0,1,True
703700,0.5,1.0,0,True
814540,2.0,1.0,0,False
1410710,4.0,0.781,1,True
2111190,8.0,5.0,1,True
677160,8.0,10.0,1,True
651670,4.0,5.0,1,True
617160,4.0,11.0,1,True
816340,1.0,0.488,0,True
1231560,2.0,0.342,0,True
1390350,1.0,0.244,0,True
314660,4.0,10.0,1,True
242840,2.0,4.0,1,True
1504500,4.0,4.0,1,True
2695940,8.0,13.0,1,True
38720,1.0,0.391,1,True
1220010,4.0,4.0,0,True
2195410,8.0,10.0,1,True
1684170,3.0,3.0,0,True
239350,2.0,0.195,1,True
469820,4.0,0.488,0,True
1585220,4.0,2.0,0,True
245470,1.0,0.488,0,True
417880,4.0,8.0,1,True
1195290,6.0,2.441,1,True
537110,2.0,1.0,0,True
1280930,2.0,1.0,1,True
1179080,2.0,0.781,1,True
2666510,4.0,0.25,1,True
714120,8.0,8.0,0,True
418530,4.0,0.586,1,True
402180,1.0,0.195,0,True
938560,1.0,2.0,1,True
1123050,4.0,5.0,1,True
208140,2.0,2.0,0,True
40800,1.0,0.293,1,True
525510,4.0,2.0,1,True
300570,2.0,1.465,0,True
1981820,4.0,2.0,1,True
288160,2.0,1.0,1,True
686200,0.5,0.098,1,True
359310,4.0,0.781,1,True
1793250,2.0,1.0,0,True
360830,8.0,9.0,1,True
274900,1.0,0.244,1,True
939600,1.0,6.0,0,True
617480,8.0,12.0,1,True
296970,4.0,1.0,1,True
1083880,0.5,1.0,0,True
846470,8.0,12.0,1,True
1123830,8.0,8.0,1,True
598700,4.0,1.172,1,True
342380,1.0,0.195,0,True
236090,1.0,1.5,1,True
1092660,4.0,16.0,1,True
448280,4.0,1.0,1,True
461950,2.0,1.0,1,True
1497440,6.0,3.0,1,True
523650,8.0,15.0,1,True
1267910,0.5,0.195,0,True
250620,2.0,2.0,1,True
2849080,4.0,1.0,0,True
1062160,4.0,0.488,1,True
753420,1.0,0.391,1,True
1173220,8.0,20.0,1,True
241600,1.0,0.391,1,True
1458100,4.0,3.0,1,True
416210,4.0,1.0,1,True
2291680,2.0,2.0,0,True
486310,4.0,2.0,1,True
397060,4.0,2.0,0,True
569860,4.0,1.0,1,True
344850,4.0,2.0,1,True
1747760,4.0,1.5,1,True
215530,2.0,20.0,1,True
484900,4.0,25.0,1,True
1328350,8.0,5.0,1,True
1454400,0.5,0.342,0,True
861540,4.0,1.0,1,True
698640,4.0,4.0,1,True
95400,0.5,0.83,0,True
471550,4.0,7.0,1,True
1590910,8.0,9.0,1,True
1069650,2.0,11.0,1,True
301860,4.0,3.0,1,True
705120,4.0,0.488,0,True
38740,0.5,0.244,1,True
1280780,4.0,4.0,0,True
528230,4.0,0.586,1,True
1286350,8.0,14.0,1,True
254200,4.0,4.883,1,True
231200,0.5,2.5,0,True
679900,4.0,1.0,1,True
2217000,4.0,20.0,1,True
733460,2.0,0.586,0,True
562860,1.0,0.098,1,True
375820,1.0,0.195,1,True
373770,1.0,0.027,0,True
858210,4.0,0.781,1,True
234650,2.0,2.0,1,True
574720,2.0,2.0,1,True
572430,4.0,6.0,1,True
1477810,2.0,2.0,0,True
436320,8.0,10.0,1,True
218680,2.0,2.0,1,True
438270,2.0,2.0,1,True
331500,4.0,2.0,1,True
261180,1.0,1.0,1,True
893850,4.0,5.0,1,True
1974520,8.0,1.0,0,True
551770,4.0,10.0,1,True
521150,2.0,0.293,1,True
1051200,8.0,25.0,1,True
439190,4.0,2.0,1,True
1384630,16.0,15.0,1,True
1570010,4.0,4.0,1,True
582550,1.0,2.0,1,True
469610,4.0,1.0,1,True
314410,1.0,0.146,0,True
1501610,4.0,0.83,1,True
473950,2.0,3.0,1,True
261470,1.0,1.0,0,True
224760,2.0,0.488,1,True
1546010,0.5,2.441,1,True
371200,2.0,0.391,0,True
253430,1.0,0.098,0,True
361300,2.0,7.0,1,True
1563180,4.0,7.0,1,True
1808680,8.0,1.0,1,True
1043260,6.0,2.0,0,True
572890,2.0,0.293,1,True
1796220,4.0,15.0,1,True
434460,4.0,6.0,1,True
252330,8.0,20.0,1,True
246420,1.0,1.465,0,True
799640,4.0,4.0,0,True
393520,1.0,0.488,0,True
404540,4.0,1.0,1,True
361550,2.0,3.0,1,True
1108370,4.0,2.0,0,True
1746030,8.0,8.0,0,True
474750,2.0,1.0,0,False
990630,4.0,3.0,1,True
930210,2.0,2.0,1,True
1104330,4.0,0.488,1,True
208750,1.0,1.0,1,True
342310,4.0,3.0,1,True
396900,4.0,8.0,1,True
581630,2.0,1.0,0,True
1108590,4.0,2.0,1,True
323320,2.0,1.0,1,True
600480,8.0,1.0,1,True
314790,4.0,20.0,1,True
821880,2.0,1.0,1,True
359230,2.0,2.0,1,True
343860,4.0,11.0,0,True
996770,4.0,1.0,1,True
370360,2.0,0.098,0,True
1547890,2.0,0.721,1,True
1051310,4.0,3.0,1,True
593280,4.0,0.244,0,True
1080020,8.0,4.0,1,True
1394800,0.391,0.195,1,True
1293180,4.0,4.0,1,True
363930,3.0,2.0,1,True
1043390,4.0,4.0,1,True
1901370,2.0,0.391,0,True
322190,1.0,0.312,1,True
1349230,0.5,0.049,0,True
553310,4.0,4.0,1,True
2873080,4.0,2.0,0,True
366320,4.0,4.0,1,True
1604000,4.0,0.684,0,True
1801110,2.0,1.0,0,True
1557740,8.0,4.0,1,True
661790,4.0,5.0,1,True
1148150,2.0,3.0,1,True
578620,8.0,2.0,1,True
384110,2.0,2.0,1,True
322110,1.0,1.0,1,True
257030,2.0,20.0,1,True
269790,4.0,5.0,1,True
739650,8.0,7.0,1,True
1983260,8.0,8.0,1,True
745880,1.0,0.586,0,True
313740,1.0,0.195,0,True
555150,8.0,4.0,1,True
1202200,8.0,5.0,1,True
253840,2.0,2.0,1,True
718590,2.0,0.488,1,True
1037020,2.0,0.488,1,True
1161170,2.0,2.0,1,True
1462570,8.0,20.0,1,True
1682970,4.0,30.0,1,True
340150,1.0,0.146,0,True
470260,8.0,10.0,1,True
1654660,8.0,15.0,1,True
299950,8.0,40.0,1,True
394760,6.0,11.0,1,True
458710,2.0,1.465,0,False
269650,1.5,8.0,1,True
249630,1.0,0.195,0,True
1260820,4.0,4.0,0,True
283160,4.0,2.0,1,True
1055540,2.0,0.391,1,True
635320,4.0,3.0,1,True
35700,1.0,4.0,1,True
537340,2.0,6.0,1,True
1097880,2.0,2.051,0,True
280180,4.0,2.0,1,True
937170,2.0,3.0,1,True
1265820,4.0,1.0,0,True
702670,2.0,0.488,1,True
1534980,2.0,0.879,1,True
1172450,4.0,2.0,1,True
2200780,4.0,4.0,1,True
432100,1.0,0.586,0,True
571310,1.0,0.342,1,True
873840,4.0,4.0,1,True
1875060,8.0,3.0,1,True
358090,6.0,10.0,1,True
1155970,2.0,2.0,1,True
2366980,4.0,1.0,1,True
206190,1.0,0.684,0,True
259680,0.5,0.5,0,True
787810,4.0,0.293,1,True
870200,4.0,1.0,1,True
231160,1.0,1.0,1,True
427250,4.0,2.0,1,True
1272160,1.0,3.0,0,True
1012840,4.0,15.0,1,True
809230,4.0,5.0,1,True
2754380,8.0,1.0,1,True
1390410,8.0,7.0,1,True
384740,2.0,5.0,1,True
224480,2.0,3.0,1,True
979120,8.0,1.0,1,True
2455060,8.0,20.0,1,True
1996010,4.0,2.0,1,True
2073250,6.0,1.0,1,True
405640,2.0,0.391,0,True
306660,2.0,2.0,1,True
1340480,8.0,1.0,1,True
906100,4.0,12.0,1,True
325210,4.0,1.0,1,True
1181140,4.0,2.344,1,True
204340,0.25,3.0,1,True
1186400,2.0,0.293,1,True
1227690,8.0,1.0,1,True
842100,8.0,23.0,1,True
2533960,2.0,0.488,1,True
1157220,3.0,2.0,1,True
515960,8.0,30.0,1,True
1786790,4.0,1.0,1,True
340490,4.0,1.172,1,True
343780,1.0,0.015,1,True
250340,0.5,2.0,0,True
860950,4.0,8.0,1,True
1082430,8.0,5.0,1,True
235800,2.0,0.391,1,True
2365810,8.0,0.586,1,True
317820,2.0,0.732,0,True
1433570,8.0,25.0,1,True
552590,8.0,3.0,1,True
345820,1.0,1.0,1,True
242880,2.0,1.0,1,True
1670870,6.0,10.0,1,True
247000,0.5,0.586,0,True
1111460,2.0,4.0,0,True
432350,2.0,0.391,0,True
91700,1.0,1.0,1,True
543260,4.0,1.074,1,True
353640,2.0,1.0,1,True
246110,4.0,2.0,1,True
400170,2.0,40.0,1,True
422970,1.0,0.488,1,True
455820,6.0,5.0,1,True
994220,4.0,4.0,1,True
485980,4.0,10.0,1,True
394970,1.0,0.127,0,True
1213700,8.0,4.0,1,True
274270,2.0,0.488,1,True
931500,4.0,10.0,1,True
1102130,8.0,2.0,1,True
292910,2.0,8.0,0,True
483980,1.0,0.098,0,True
331870,4.0,3.0,1,True
219890,2.0,1.0,1,True
589590,1.0,0.146,1,True
623940,4.0,6.0,1,True
466130,4.0,10.0,1,True
956030,4.0,5.0,1,True
250560,1.0,0.488,1,True
239070,1.0,0.293,0,True
1231990,0.004,4.0,1,True
1975440,8.0,10.0,1,True
550320,4.0,8.0,1,True
426000,2.0,1.0,1,True
1042490,8.0,15.0,1,True
1684930,6.0,3.0,1,True
1264670,12.0,40.0,1,True
1930640,0.391,2.0,1,True
723090,4.0,2.0,1,True
1049320,4.0,6.0,1,True
887450,4.0,5.0,1,True
843810,4.0,3.0,0,True
1465070,16.0,1.0,1,True
1411740,4.0,2.0,1,True
251130,0.5,0.244,0,True
485460,2.0,8.0,0,True
1138850,6.0,2.0,1,True
896890,8.0,50.0,1,True
408410,4.0,4.0,1,True
2273980,8.0,15.0,1,True
263760,1.0,0.293,1,True
823910,2.0,5.0,1,True
775940,4.0,1.0,1,True
1457080,8.0,4.0,1,True
392580,4.0,5.0,1,True
790740,4.0,2.0,1,True
312200,1.0,1.0,0,True
934780,4.0,2.0,1,True
222750,2.0,15.0,1,True
587520,4.0,4.0,1,True
382140,4.0,1.27,1,True
791330,4.0,1.0,1,True
368620,1.0,0.391,0,True
233720,2.0,0.488,1,True
274500,4.0,1.0,1,True
425210,4.0,6.0,1,True
495560,4.0,6.0,1,True
232790,2.0,2.441,1,True
583470,2.0,0.488,1,True
1147860,8.0,0.488,1,True
425580,2.0,2.0,1,True
726110,4.0,0.488,1,True
1018800,0.002,1.0,0,True
606230,8.0,10.0,1,True
335000,2.0,0.488,1,True
231330,2.0,6.5,1,True
1255560,8.0,20.0,1,True
991170,6.0,21.0,1,True
434030,4.0,35.0,0,True
94400,0.5,0.195,1,True
559210,0.5,0.244,0,True
1291010,4.0,0.537,1,True
1061090,2.0,1.66,0,True
1461810,16.0,25.0,1,True
1544360,8.0,5.0,1,True
1250760,2.0,3.0,1,True
1166290,2.0,2.0,1,True
1186640,4.0,5.0,1,True
1755830,4.0,2.0,0,True
2654470,4.0,2.0,1,True
2201940,12.0,8.0,1,True
927250,4.0,3.0,1,True
270210,1.0,0.195,1,True
313780,6.0,8.0,1,True
1358250,2.0,5.0,0,True
406970,4.0,8.0,1,True
434170,4.0,1.0,0,True
844850,3.906,3.906,1,True
574980,4.0,6.0,1,True
2442460,4.0,2.0,1,True
221540,3.0,2.0,0,True
356400,4.0,1.367,1,True
506900,4.0,7.0,1,True
1374970,4.0,1.0,1,True
1276660,4.0,2.0,1,True
222730,2.0,0.488,1,True
1003590,4.0,5.0,1,True
416680,2.0,0.586,1,True
251470,2.0,0.391,1,True
665090,2.0,3.0,1,True
414190,1.0,0.293,1,True
924750,8.0,56.0,1,True
433100,4.0,8.0,1,True
224500,1.0,0.195,0,True
828070,4.0,2.0,1,True
763180,4.0,15.0,1,True
744190,2.0,0.098,0,False
1713810,8.0,4.0,1,True
416600,2.0,0.879,1,True
833360,2.0,1.0,1,True
430210,4.0,1.5,1,True
824600,2.0,0.25,1,True
211400,2.0,5.0,0,True
2127010,4.0,2.5,1,True
26800,0.75,0.195,0,True
324260,2.0,0.488,1,True
286040,2.0,3.0,1,True
284460,3.0,4.0,1,True
1104660,8.0,10.0,1,True
296470,2.0,0.195,1,True
1256610,2.0,0.293,1,True
1579380,4.0,4.395,1,True
834740,3.0,1.0,1,True
2656540,32.0,40.0,1,True
2289720,12.0,4.0,1,True
200900,0.125,0.195,0,True
359840,2.0,9.0,1,True
70400,0.25,0.684,1,True
1136160,2.0,4.395,1,True
506500,4.0,0.488,1,True
979070,8.0,2.5,1,True
898890,8.0,6.0,1,True
2075720,2.0,20.0,1,False
322210,4.0,5.0,1,True
604240,8.0,4.0,1,True
318230,2.0,2.0,0,True
716710,2.0,1.0,1,True
41000,1.0,1.0,1,True
1372320,1.0,0.293,1,True
633360,4.0,10.0,1,True
1328840,4.0,3.0,0,True
1933650,4.0,0.049,1,True
555880,8.0,10.0,1,True
1590730,8.0,5.0,0,True
1059990,2.0,0.706,1,True
1371720,4.0,2.0,1,True
1714320,1.0,1.0,0,True
542050,3.0,12.0,1,True
1227780,4.0,3.0,1,True
402020,4.0,4.0,1,True
1876590,4.0,3.0,1,True
347800,4.0,5.0,1,True
296710,4.0,3.0,1,True
899970,1.0,1.0,1,True
1402120,8.0,1.0,0,True
17710,2.0,6.0,1,True
1070710,4.0,0.293,0,True
1140270,4.0,1.0,0,True
421050,2.0,3.418,1,True
954650,4.0,2.0,1,True
457760,8.0,2.0,1,True
2231010,3.0,8.0,0,True
562410,4.0,2.0,0,True
383230,2.0,0.195,0,True
853550,2.0,0.293,1,True
1244630,8.0,1.0,1,True
1585570,0.5,1.0,0,True
1794470,2.0,8.0,0,True
2157680,0.391,4.0,1,True
2190220,4.0,10.0,1,True
308173,2.0,4.0,1,True
1078350,4.0,1.0,1,True
811320,8.0,2.0,1,True
327410,2.0,0.195,0,True
1045520,2.0,4.0,0,True
733790,2.0,3.0,1,True
355680,4.0,1.465,1,True
792100,1.0,0.195,1,True
316430,2.0,6.0,1,True
1205450,1.0,0.586,1,True
248310,1.0,0.391,1,True
380150,2.0,5.0,1,True
113020,2.0,0.488,1,False
2501600,16.0,16.0,1,True
612470,2.0,2.0,1,True
400940,6.0,1.0,1,True
746580,2.0,10.0,1,True
966330,4.0,1.0,1,True
286260,2.0,2.0,1,True
1107790,2.0,10.0,0,True
1639990,2.0,7.0,0,True
1011940,4.0,4.0,1,True
547360,6.0,8.0,1,True
638850,8.0,47.0,1,True
1677310,4.0,0.488,1,True
648100,4.0,3.0,1,True
940910,4.0,3.0,1,True
456750,4.0,4.0,1,True
407310,1.0,2.0,0,True
360740,1.0,0.195,0,True
339200,1.0,0.684,1,True
732370,4.0,1.0,1,True
1668690,2.0,1.0,0,True
232430,2.0,1.0,1,False
70000,2.0,5.0,1,True
224460,2.0,4.0,1,True
1172650,6.0,15.0,1,True
2663530,8.0,12.0,1,True
1508570,8.0,0.684,1,True
244910,4.0,2.0,1,True
2296990,8.0,10.0,1,True
989690,8.0,10.0,1,True
780350,4.0,4.0,1,True
598060,2.0,2.441,1,True
770810,2.0,0.293,1,True
1226510,4.0,3.0,1,True
711540,4.0,1.0,1,True
532110,1.0,0.098,0,True
398170,4.0,2.0,1,True
826940,8.0,15.0,1,True
1658290,4.0,20.0,1,True
215510,1.0,1.0,1,True
1281160,1.0,1.0,1,True
1416230,8.0,5.0,1,True
602320,2.0,1.0,1,True
1076200,6.0,4.0,1,True
725270,4.0,3.0,1,True
1372810,4.0,1.0,0,True
369530,4.0,2.0,1,True
310510,2.0,20.0,1,True
2961530,8.0,6.0,1,True
266130,2.0,3.0,0,True
323380,2.0,2.0,1,True
1016600,4.0,1.0,1,True
265000,4.0,6.0,1,True
306020,0.5,0.5,1,True
1389990,4.0,0.586,1,True
1663220,2.0,0.537,0,True
838310,2.0,0.488,1,True
1587540,4.0,2.0,0,True
1243850,8.0,10.0,1,True
2258940,8.0,0.684,1,True
529660,4.0,8.0,1,True
2299900,0.5,0.684,0,True
1506980,2.0,3.0,0,True
91600,2.0,2.0,1,True
253750,1.0,0.5,1,True
419460,2.0,5.0,1,True
1137750,8.0,1.0,1,True
2694420,8.0,5.0,1,True
1148650,4.0,4.0,0,True
835650,4.0,0.488,1,True
275200,2.0,1.0,0,True
1374930,8.0,40.0,1,True
221810,1.0,1.5,1,True
574090,4.0,5.0,1,True
1097130,4.0,4.0,1,True
1119840,8.0,22.0,1,True
1176710,2.0,0.781,1,True
1065970,8.0,1.0,1,True
963930,8.0,1.0,1,True
907470,4.0,4.0,1,True
223510,2.0,3.0,1,True
809720,4.0,0.488,1,True
573120,2.0,2.0,1,True
1229380,2.0,0.391,0,True
434730,2.0,1.0,1,True
1191210,4.0,0.391,1,True
12900,0.5,1.0,1,True
1424330,8.0,2.0,1,True
1003520,1.0,0.488,1,True
2287520,16.0,8.0,1,True
1571100,2.0,2.0,1,True
1211630,4.0,3.0,1,True
463270,2.0,0.244,1,True
893680,4.0,3.0,1,True
885810,0.5,0.586,1,True
1062110,4.0,1.465,1,True
716490,4.0,0.645,0,True
395200,4.0,5.0,1,True
1126310,2.0,3.0,0,True
274290,2.0,0.449,0,True
785790,2.0,1.0,1,True
2400,0.5,1.0,1,True
342640,3.0,2.0,1,True
680360,0.5,0.879,1,True
595140,2.0,7.0,1,True
251270,0.5,4.0,1,True
264200,1.0,0.195,1,True
522470,2.0,3.0,1,True
250050,2.0,1.074,0,True
1846170,0.001,0.195,0,True
1543280,8.0,8.0,1,True
1029890,5.0,14.0,1,True
877010,8.0,10.0,1,True
1939560,2.0,2.0,1,False
436290,2.0,3.0,1,True
1229460,8.0,2.0,1,True
259060,1.0,0.488,0,True
919370,4.0,2.0,1,True
1122720,2.0,2.0,1,True
490450,2.0,3.0,1,True
503620,8.0,14.0,1,True
371520,4.0,2.0,1,True
1486630,2.0,0.639,1,True
390520,1.0,0.391,0,True
1148760,4.0,2.0,1,True
1993150,8.0,15.0,1,True
688060,4.0,0.488,0,True
1333200,8.0,24.0,1,True
1079260,4.0,2.0,1,True
1358710,8.0,30.0,1,True
1343670,1.0,0.244,0,True
1042800,4.0,30.0,1,True
1801650,4.0,4.0,1,True
2857880,4.0,5.0,1,True
852220,6.0,18.0,1,True
1361320,4.0,10.0,1,True
218640,1.5,3.0,1,True
279140,2.0,2.0,0,True
732430,2.0,0.195,1,True
1323470,8.0,4.0,1,True
344770,1.0,2.0,0,True
366870,4.0,8.0,1,True
2758000,6.0,23.0,1,True
1337010,4.0,2.0,1,True
1119980,8.0,20.0,1,True
424250,1.0,1.0,1,True
1608290,4.0,1.0,0,True
600610,4.0,5.0,1,True
770390,6.0,10.0,1,True
2068280,4.0,0.518,1,True
1062830,8.0,8.0,1,True
2544090,4.0,10.0,0,True
890720,4.0,0.684,1,True
1287530,8.0,0.732,1,True
647960,2.0,0.293,0,True
2215260,8.0,2.0,1,True
490280,2.0,1.0,1,True
863590,4.0,2.0,0,True
354240,0.5,0.049,0,True
564050,2.0,2.0,1,True
265610,2.0,0.488,0,True
1225560,4.0,1.0,1,True
850000,8.0,6.0,0,True
1407450,4.0,4.0,0,True
303310,0.125,1.0,0,True
449610,4.0,4.883,1,True
1807810,8.0,24.0,1,True
2237970,2.0,2.0,1,True
209670,1.0,0.146,0,True
782250,2.0,1.0,1,True
1196630,2.0,1.0,0,False
252030,1.0,0.488,0,True
849740,3.0,5.0,1,True
1803400,3.0,7.129,1,True
864680,8.0,5.0,1,True
452570,4.0,1.979,1,True
711660,1.0,1.0,1,True
253330,1.0,0.488,1,True
251110,4.0,18.0,1,True
2580130,2.0,6.0,1,True
757320,4.0,1.0,1,True
1334040,8.0,10.0,1,True
1639430,8.0,30.0,1,True
489360,0.5,1.0,1,True
720250,2.0,3.0,1,True
600130,1.0,0.684,0,True
437630,4.0,23.0,1,True
952040,4.0,5.0,1,True
1665190,4.0,2.0,0,True
440540,2.0,0.781,0,True
531680,4.0,2.0,1,True
1622350,8.0,18.0,1,True
253150,2.0,0.293,1,True
790850,2.0,0.488,0,True
732240,6.0,14.0,1,True
722180,8.0,45.0,1,True
280220,1.0,0.488,0,True
1242980,4.0,4.0,1,True
550840,2.0,0.391,1,True
1015890,8.0,3.0,1,True
1018830,8.0,15.0,1,True
836640,4.0,3.0,1,True
377900,4.0,0.293,0,True
1005300,4.0,3.0,1,True
1146310,4.0,20.0,1,True
334420,2.0,0.488,0,True
2637990,1.0,0.488,0,True
237430,2.0,1.0,1,True
844590,2.0,1.0,1,True
339580,2.0,4.0,1,True
1404850,1.0,0.161,0,True
741510,2.0,6.0,0,True
2799690,4.0,7.031,0,True
1207780,2.0,2.0,1,True
253110,0.5,2.0,1,True
2075070,4.0,0.83,1,True
1315980,8.0,12.0,1,True
232010,1.0,2.0,0,True
1203710,4.0,0.391,0,True
41500,0.5,0.391,1,True
250260,2.0,2.0,1,True
411960,4.0,3.0,1,True
687260,2.0,3.0,1,True
1955830,8.0,3.0,1,True
397460,0.5,0.586,0,True
369070,1.0,0.488,0,True
2473480,4.0,2.0,1,True
299800,1.0,0.586,1,True
1309950,8.0,4.0,1,True
1173200,2.0,0.488,1,True
995980,2.0,1.0,1,True
697550,0.5,0.25,0,True
447290,4.0,7.0,1,True
318530,0.25,0.078,0,True
1473350,2.0,0.146,0,True
619880,4.0,1.0,1,True
1171270,2.0,1.0,1,True
670260,4.0,8.0,1,True
858260,8.0,4.0,1,True
599460,0.5,0.488,1,True
2943280,4.0,3.0,0,True
331480,2.0,1.0,1,True
71000,1.5,0.732,1,True
1271710,4.0,0.586,1,True
1311070,2.0,3.0,1,True
321980,6.0,10.0,1,True
447120,1.0,6.0,1,True
757300,4.0,7.0,1,True
844930,1.0,2.0,1,True
251990,0.25,1.0,0,True
1651960,6.0,1.0,1,True
523780,0.5,0.098,0,True
365810,4.0,2.93,1,True
929200,4.0,4.0,1,True
2421410,8.0,5.0,1,True
272470,2.0,20.0,1,True
858710,2.0,0.488,1,True
2394650,4.0,1.0,1,True
1131240,8.0,8.0,1,True
227000,2.0,1.5,0,True
221260,1.0,0.195,1,True
333250,4.0,0.42,0,True
622720,4.0,6.0,1,True
1915380,8.0,1.0,1,True
1245430,4.0,2.0,1,True
762940,8.0,4.0,1,True
559610,0.5,1.0,0,True
290770,3.0,0.518,1,True
282590,1.0,0.586,1,True
461620,2.0,1.0,1,True
1239690,4.0,4.0,1,True
1296770,0.5,0.928,1,True
1569200,4.0,7.0,1,True
428370,4.0,0.003,1,True
1112890,2.0,0.488,0,True
1104380,8.0,4.0,1,True
947600,1.0,0.102,0,True
344740,1.0,0.684,1,True
346730,2.0,2.0,1,True
442780,4.0,3.0,1,True
1264280,4.0,1.0,1,True
883360,8.0,10.0,1,True
447150,2.0,2.0,1,True
249990,2.0,5.0,1,True
1160920,8.0,7.0,1,True
646500,4.0,2.0,1,True
1123450,1.0,2.0,0,True
340730,1.0,1.0,0,True
1269020,2.0,1.0,1,True
399820,1.0,0.488,0,True
969760,4.0,5.0,1,True
318970,3.0,2.0,1,True
1261040,4.0,5.0,1,True
214340,2.0,5.0,0,True
1392820,1.0,0.244,0,True
914020,4.0,20.0,1,True
897820,1.0,0.488,1,True
722060,2.0,0.732,0,True
2678990,2.0,0.244,0,True
1443200,2.0,1.0,0,True
2889660,12.0,30.0,1,True
1687000,8.0,0.586,0,True
471330,2.0,0.586,1,True
334310,2.0,0.488,1,True
437570,2.0,1.0,0,True
1075980,2.0,1.0,1,True
886900,2.93,6.348,1,True
310080,1.0,0.293,1,True
1450830,2.0,5.0,1,True
1140890,2.0,0.586,1,True
1783280,4.0,0.488,0,True
374190,4.0,0.488,1,True
1830970,8.0,6.0,1,True
1019550,12.0,8.0,1,True
720280,1.0,1.0,1,True
381780,2.0,2.0,1,True
588950,3.0,0.098,0,True
1367300,2.0,3.0,1,False
1134520,8.0,6.0,1,True
1049100,2.0,3.0,1,True
845880,2.0,4.0,1,True
1754840,8.0,10.0,1,True
650440,0.5,0.244,0,True
852480,4.0,2.0,0,True
1683340,8.0,18.0,1,True
400080,4.0,0.586,1,True
359940,4.0,5.0,1,True
581270,1.0,2.0,0,True
2154330,2.0,3.0,1,True
1502190,8.0,3.0,1,True
1479140,4.0,0.488,1,True
1649740,4.0,9.0,1,True
1405470,4.0,0.488,1,True
500260,4.0,3.0,1,True
296570,2.0,1.465,1,True
2013730,2.0,0.488,0,True
1063980,4.0,4.0,1,True
774201,4.0,5.0,1,True
1149660,4.0,0.391,1,True
1492680,6.0,15.0,1,True
251230,4.0,8.0,1,True
1219950,4.0,1.562,0,True
353700,2.0,4.0,1,True
349730,2.0,3.0,1,True
331670,0.5,0.635,0,True
900270,0.5,0.195,0,True
233470,1.0,0.098,0,True
230270,2.0,0.635,1,True
368390,4.0,1.0,1,True
535520,1.0,0.732,1,True
102600,2.0,5.0,1,True
1426490,8.0,2.0,1,True
368430,4.0,10.0,1,True
859340,8.0,25.0,1,True
914010,4.0,5.0,1,True
682530,4.0,3.0,1,True
465240,6.0,10.0,1,True
2303350,4.0,0.488,1,True
1067540,4.0,5.0,1,True
1163870,12.0,20.0,1,True
218820,2.0,0.293,0,True
615120,4.0,0.098,1,True
924140,2.0,2.0,1,True
435120,1.0,0.039,0,True
1306770,8.0,2.0,1,True
871930,2.0,0.195,1,True
735290,6.0,4.0,1,True
2644610,4.0,3.0,1,True
1212830,4.0,0.391,1,True
685340,1.0,1.0,0,True
40400,2.0,0.293,1,True
1671410,4.0,12.0,1,True
1203420,2.0,0.488,1,True
1260590,4.0,4.0,0,True
1102930,2.0,2.0,1,False
310060,1.0,0.293,0,True
1240590,8.0,25.0,1,True
1586800,4.0,0.488,1,True
1289810,4.0,1.0,0,True
1260520,1.0,0.244,0,True
931280,1.0,2.0,0,True
1048100,4.0,1.953,1,True
600090,2.0,1.0,1,True
544330,4.0,5.0,1,True
2961880,8.0,1.0,1,True
1012030,4.0,1.0,1,True
1108000,2.0,7.0,1,True
1824580,8.0,2.0,1,True
349220,2.0,0.488,0,True
1294420,4.0,1.0,1,True
1209490,4.0,0.488,1,True
828900,4.0,2.0,1,True
1057750,8.0,10.0,1,True
1518220,4.0,3.0,1,True
1951230,8.0,1.0,1,True
633060,4.0,3.0,1,True
600460,4.0,6.0,1,True
244430,4.0,3.0,0,True
1732740,2.0,0.488,1,True
382380,4.0,0.879,0,True
2396240,8.0,4.0,1,True
323060,2.0,2.0,1,True
262120,2.0,12.0,1,True
22000,2.0,1.0,0,False
393430,2.0,1.0,1,True
817840,4.0,3.0,1,True
642090,2.0,1.0,0,False
415880,4.0,1.0,1,True
540840,1.0,2.0,1,True
1970980,8.0,5.0,1,True
1249040,8.0,20.0,1,True
1096410,4.0,2.0,1,True
442070,0.5,0.488,0,True
2891040,4.0,0.488,1,True
2281410,4.0,1.0,1,True
283680,2.0,1.0,1,False
1082710,1.0,0.293,0,True
402260,1.0,0.391,1,True
1592520,8.0,2.0,1,True
1045720,3.0,2.0,1,True
1054430,4.0,2.0,1,True
465100,4.0,1.0,1,True
1363740,8.0,8.0,1,True
2026000,4.0,7.0,1,True
368730,0.5,1.0,0,True
779640,1.0,3.0,1,True
464360,1.0,0.488,0,True
916730,2.0,1.0,1,True
1731520,4.0,5.0,0,True
2487060,2.0,3.0,1,False
1390190,0.004,0.244,1,True
1428520,0.488,0.098,0,True
1887400,2.0,2.0,0,True
2875140,4.0,41.0,1,True
1259740,4.0,1.0,1,True
204530,1.0,0.293,0,True
893720,4.0,1.465,1,True
850320,2.0,6.0,1,True
1694420,4.0,0.488,1,True
1455070,2.0,9.0,1,True
496890,2.0,0.234,0,True
842910,4.0,6.0,1,True
1927720,8.0,1.0,1,True
1347970,2.0,0.781,1,True
2782610,4.0,2.0,1,True
244710,1.0,2.0,1,True
2224640,8.0,3.0,1,True
333300,0.5,1.0,0,True
357330,2.0,0.195,1,True
558420,2.0,0.391,0,True
664830,2.0,0.879,0,True
375200,1.0,0.195,0,True
252670,2.0,3.0,0,True
301840,4.0,4.0,1,True
641780,8.0,15.0,1,True
1269710,4.0,2.0,1,True
400450,2.0,0.293,1,True
1084020,1.0,0.195,0,True
423490,2.0,3.906,1,True
1116880,4.0,4.0,1,True
290530,4.0,1.0,1,True
1004490,4.0,3.0,1,True
207170,2.0,1.0,1,True
1189290,8.0,4.0,1,True
751820,2.0,2.0,1,True
978460,0.5,0.098,0,True
1430680,8.0,12.0,1,True
1132030,2.0,2.0,1,True
1093910,2.0,1.0,1,True
1298140,4.0,10.0,1,True
962400,4.0,1.367,1,True
1716310,4.0,2.0,0,True
446000,2.0,0.048,0,False
804010,1.0,0.732,1,True
365770,2.0,3.0,0,True
487430,1.0,1.0,0,True
505640,2.0,0.488,1,True
608800,3.0,10.0,1,True
674520,2.0,0.293,1,True
1796580,4.0,2.0,1,True
1049280,4.0,0.781,1,True
58610,1.0,10.0,1,True
905340,4.0,1.0,1,True
674750,2.0,0.391,0,True
1328890,4.0,2.0,1,True
1983970,4.0,2.0,1,True
751500,3.0,2.0,1,True
331690,1.0,4.0,1,True
2671230,2.0,0.293,0,True
464880,4.0,3.0,1,True
1159830,8.0,26.0,1,True
1234430,8.0,21.0,1,True
457210,1.0,2.0,0,True
1571170,4.0,3.0,0,True
240440,3.0,1.172,1,True
1016730,2.0,5.0,0,True
621220,4.0,0.977,0,True
2291760,1.0,0.098,0,True
1019310,2.0,2.0,1,True
595500,0.25,3.0,1,True
358750,3.0,0.83,0,True
609490,1.0,0.195,1,True
467930,4.0,2.0,1,True
762220,4.0,5.0,1,True
1337920,8.0,6.0,1,True
610960,2.0,0.293,1,True
1100930,0.5,0.488,1,True
861250,1.0,0.244,1,True
1385100,8.0,4.0,1,True
1772830,4.0,0.488,0,True
373180,8.0,0.195,0,True
1768640,4.0,8.0,0,True
277890,1.0,1.0,1,True
1573100,8.0,0.488,0,True
395570,4.0,10.0,1,True
451760,1.0,2.0,1,True
986680,4.0,6.0,1,True
766280,2.0,2.0,0,True
1521580,4.0,1.0,1,True
1436590,2.0,1.0,0,False
328070,1.0,1.0,1,True
466860,1.0,1.0,0,True
1490610,8.0,3.0,1,True
1321450,8.0,12.0,1,True
2492780,2.0,10.0,0,True
568090,2.0,0.293,1,True
2008920,4.0,2.0,1,True
350740,4.0,1.0,0,True
1278390,4.0,1.0,1,True
363600,2.0,3.0,0,True
680380,4.0,2.0,1,True
2454570,2.0,5.0,0,True
373390,4.0,3.0,0,True
1000760,4.0,0.664,1,True
1323900,4.0,2.0,1,True
493540,8.0,3.0,1,True
2291850,1.0,0.195,0,True
1132760,2.0,3.0,0,True
747340,4.0,4.0,1,True
1172940,2.0,5.0,1,True
871540,6.0,30.0,1,True
1145960,1.0,0.098,0,True
609110,2.0,0.195,1,True
426310,4.0,7.0,1,True
214360,2.0,1.5,1,True
2459350,3.0,8.0,0,True
1476520,16.0,12.0,1,True
454060,1.0,1.0,1,True
209540,4.0,3.0,1,True
1215390,6.0,2.0,1,True
397160,2.0,0.234,0,True
544390,8.0,1.0,0,True
1292940,4.0,0.293,0,True
1286710,8.0,4.0,0,True
1272840,5.0,4.0,1,True
270130,8.0,1.0,1,True
507010,0.5,4.0,1,True
1580180,8.0,0.781,1,True
239200,2.0,5.0,1,True
2061430,4.0,0.586,1,True
963710,4.0,0.586,1,True
400180,3.0,1.0,1,True
591630,4.0,4.0,1,True
1135810,2.0,0.488,0,True
269670,1.0,0.293,1,True
467680,0.488,1.0,0,True
1202900,4.0,2.0,1,True
371140,4.0,2.0,1,True
1874170,8.0,15.0,1,True
1608450,4.0,1.465,1,True
401710,2.0,0.293,0,True
503580,8.0,7.0,1,True
1320140,2.0,0.488,0,True
327560,4.0,1.0,1,True
970960,4.0,2.0,1,True
936500,1.0,0.488,0,True
1067850,2.0,0.293,0,True
1150950,4.0,2.0,1,True
305780,1.0,0.098,1,True
1802980,4.0,1.0,1,True
1031120,8.0,13.0,1,True
932850,4.0,0.488,0,True
296490,2.0,0.098,1,True
3243190,4.0,0.586,1,True
1352930,4.0,1.5,1,True
336140,2.0,3.0,0,True
388800,4.0,5.0,1,True
1484900,4.0,8.0,1,True
1570330,4.0,10.0,1,True
1621760,4.0,2.0,1,True
473770,2.0,3.0,1,True
1672670,4.0,4.0,1,True
787850,16.0,20.0,1,True
414720,0.195,0.488,0,True
1256230,4.0,0.781,1,True
1157740,4.0,2.0,1,True
269050,1.0,1.074,0,True
960980,4.0,8.0,1,True
617660,1.0,0.781,0,True
2608350,0.004,0.586,0,True
1278540,8.0,8.0,0,True
92800,1.0,0.293,0,True
407560,4.0,5.0,1,True
767930,8.0,5.0,1,True
1378290,8.0,0.781,1,True
226100,4.0,0.635,1,True
1206430,4.0,8.0,1,True
1074070,1.0,2.0,1,True
279440,2.0,3.0,1,True
102840,1.5,1.5,1,True
2312520,8.0,4.0,1,True
550010,4.0,0.391,1,True
604330,3.0,3.0,1,True
457680,2.0,1.0,1,True
1417930,4.0,2.0,1,True
384630,2.0,0.488,0,True
1740300,4.0,0.781,1,True
1606340,4.0,3.0,0,True
1349120,4.0,0.488,1,True
426790,4.0,1.0,1,True
774351,2.0,0.488,1,True
1284820,1.0,0.195,1,True
262150,0.125,0.459,1,True
774461,4.0,3.0,1,True
1206060,4.0,2.0,1,True
275390,0.5,0.781,1,True
893010,4.0,1.0,1,True
381020,0.5,0.195,1,True
388320,2.0,5.0,1,True
497850,4.0,2.0,1,True
1709880,4.0,1.0,1,True
1058830,2.0,2.0,1,True
1129310,8.0,5.0,1,True
389140,2.0,0.781,1,True
460430,2.0,5.0,1,True
998740,4.0,1.0,1,True
587430,8.0,0.895,1,True
603390,0.391,0.303,0,True
204240,0.5,0.391,0,True
1048350,1.953,3.906,1,True
865540,8.0,2.0,1,True
742250,2.0,1.0,1,True
1491670,1.0,4.0,0,True
469920,2.0,1.0,0,True
1299620,4.0,2.0,0,True
1266430,0.5,0.684,0,True
399670,1.0,1.0,1,True
389170,4.0,3.477,1,True
431450,4.0,2.0,1,True
1269950,1.0,0.391,1,True
1151740,2.0,4.0,1,True
1669170,4.0,10.0,1,True
896520,4.0,0.488,1,True
1116580,4.0,3.0,1,True
1286340,4.0,0.234,1,True
1911360,8.0,10.0,1,True
1135830,4.0,1.0,1,True
640800,4.0,3.0,1,True
1421790,2.0,2.0,1,True
985950,8.0,15.0,1,True
1432850,4.0,4.0,1,True
1260810,4.0,0.488,1,True
951430,8.0,7.0,1,True
1711610,4.0,2.0,0,True
829660,2.0,2.0,1,True
657240,4.0,2.0,1,True
866140,6.0,6.0,1,True
416590,4.0,1.0,1,True
1933660,4.0,2.0,1,True
22230,1.5,1.2,1,True
1191630,8.0,1.0,1,True
249590,2.0,1.0,0,True
1276800,4.0,5.0,1,True
2630020,8.0,1.0,1,True
1098280,4.0,1.0,0,True
2261050,2.0,3.0,0,False
1732050,2.0,3.0,0,True
811890,8.0,0.586,1,True
1220150,8.0,5.0,1,True
3074110,8.0,2.0,1,True
1015140,8.0,2.0,1,True
273070,2.0,1.0,0,True
968250,4.0,15.0,1,True
412740,4.0,0.879,1,True
485380,2.0,3.0,0,True
525360,2.0,4.0,1,False
266010,1.0,0.244,1,True
22120,0.25,1.0,1,True
944920,8.0,2.0,1,True
308060,3.0,4.0,1,True
489140,2.0,2.0,1,True
710030,4.0,3.0,1,True
611760,0.488,0.781,0,True
2354000,4.0,1.0,1,True
1537480,2.0,0.684,0,True
984680,4.0,8.0,1,True
1007350,2.0,2.0,1,True
111800,1.0,0.244,1,True
1395760,4.0,1.0,1,True
2378910,4.0,1.0,1,True
2019810,4.0,8.0,1,True
904310,3.906,13.0,1,True
524850,1.0,0.078,0,True
285110,1.0,6.0,0,True
2612700,8.0,2.0,1,True
1730250,4.0,0.488,1,True
1464930,4.0,0.391,0,True
431940,2.0,0.303,1,True
2206270,4.0,7.0,1,True
1895350,2.0,2.0,0,True
1325890,8.0,1.0,1,True
1083650,2.0,1.074,0,True
1545450,0.5,0.195,0,True
826600,4.0,8.0,1,True
476530,2.0,0.195,1,True
539330,2.0,2.0,1,True
2453060,8.0,7.0,1,True
1079510,8.0,2.0,1,True
49600,0.5,1.0,0,True
1339000,2.0,1.0,0,False
274230,2.0,0.293,0,True
233150,1.0,0.195,0,True
1308700,2.0,1.0,0,False
1619570,2.0,2.0,1,True
603960,1.0,0.024,0,True
274980,4.0,1.0,1,True
761030,4.0,4.0,1,True
465780,8.0,5.0,1,True
3099000,2.0,0.293,1,True
1148490,4.0,2.0,1,True
2015620,4.0,5.0,1,True
843390,4.0,8.0,1,True
610180,4.0,1.0,0,True
334940,4.0,3.0,1,True
1146970,0.002,1.0,0,True
1999520,4.0,0.781,1,True
434000,1.0,2.0,1,True
335070,1.0,2.0,1,True
1122040,8.0,6.0,1,True
1081510,2.0,3.0,1,True
671800,2.0,0.293,1,True
814680,8.0,8.0,1,True
221640,0.25,0.034,0,True
1866880,4.0,2.0,0,True
1228520,4.0,2.0,1,True
1093290,4.0,4.0,1,True
18500,0.5,1.0,1,True
574140,8.0,4.0,1,True
1305420,1.0,8.0,1,True
913550,2.0,0.195,0,True
1769170,2.0,0.244,0,False
3830,0.25,3.75,1,True
422900,3.0,2.0,0,True
2689470,2.0,1.0,0,True
1783110,2.0,5.0,0,True
1013870,4.0,4.0,1,True
230700,1.0,0.488,1,True
486720,4.0,0.684,1,True
386480,2.0,0.684,0,True
2701210,2.0,2.0,1,True
618740,0.5,0.244,1,True
924070,8.0,17.0,1,True
518060,4.0,12.0,1,True
442500,1.0,0.322,0,True
983350,4.0,2.0,1,True
2421310,2.0,2.0,0,True
835430,4.0,4.0,1,True
765870,2.0,4.0,1,True
1217390,0.25,0.781,1,True
871420,2.0,1.953,1,True
726840,2.0,0.5,0,True
678520,4.0,3.0,1,True
661000,2.0,0.684,1,True
1577620,2.0,0.488,0,True
632900,2.0,1.0,1,True
636100,2.0,0.146,0,True
252630,2.0,0.146,1,False
1193090,8.0,11.0,1,True
233740,0.5,0.244,0,True
2578880,2.0,8.0,0,True
409450,3.0,1.0,1,True
3188550,2.0,2.0,1,True
70300,0.25,0.041,0,True
667600,2.0,0.537,1,True
562500,2.0,1.465,1,True
855860,2.0,1.0,1,True
1070860,4.0,2.0,1,True
397740,0.5,1.0,0,True
3012420,2.0,2.0,0,True
1717090,0.098,0.098,0,True
1674890,4.0,0.488,0,True
353560,1.0,0.488,0,True
881420,2.0,1.0,0,True
574560,0.501,0.251,1,True
1296360,4.0,1.0,1,True
1335560,2.0,1.0,0,True
659540,0.5,0.439,0,True
822930,0.5,0.488,0,True
1167950,2.0,1.465,0,True
367580,1.0,0.293,1,True
238280,2.0,0.488,1,True
1689080,8.0,2.0,1,True
2076580,8.0,0.293,1,True
323490,0.5,1.0,0,True
2647230,4.0,1.0,1,True
2274980,8.0,4.0,0,True
263980,1.0,0.293,0,True
1003090,4.0,2.0,0,True
1648590,4.0,1.0,1,True
1258220,8.0,12.0,1,True
1421290,8.0,15.0,1,True
1141100,4.0,1.0,1,True
336300,2.0,1.0,1,True
430070,4.0,1.0,1,True
577670,8.0,15.0,1,True
359100,4.0,4.0,1,True
452440,1.0,2.0,0,True
2074890,2.0,1.0,1,True
1848270,8.0,1.0,1,True
234390,1.0,0.098,1,True
1487270,4.0,0.586,1,True
1226970,8.0,10.0,1,True
699920,0.5,0.293,1,True
2441270,2.0,2.0,0,True
1970460,0.5,0.195,0,True
951000,2.0,0.781,0,True
1094390,8.0,8.0,1,True
788270,1.0,0.244,0,True
351510,0.122,0.107,0,True
887530,4.0,2.0,1,True
552880,8.0,15.0,1,True
1510,2.0,1.0,0,False
1229900,4.0,1.0,1,True
2315430,8.0,3.0,1,True
3084280,4.0,3.0,1,True
1274490,1.0,0.146,0,True
2409780,2.0,8.0,0,True
513230,1.0,0.199,1,True
938380,2.0,0.488,0,True
1413660,2.0,1.0,1,True
220780,1.0,0.391,0,True
408000,2.0,0.586,1,True
511470,1.0,0.488,1,True
1416960,4.0,1.0,1,True
966320,4.0,2.0,1,True
779590,2.0,0.439,1,True
396480,1.0,0.244,0,True
529160,0.5,1.0,0,True
485030,4.0,5.0,1,True
991600,8.0,2.0,1,True
2348680,1.0,3.0,0,True
2308630,8.0,2.0,1,True
1191840,1.0,0.098,1,True
948880,8.0,11.0,1,True
270850,2.0,1.172,1,True
2685620,8.0,20.0,1,True
268990,1.0,1.0,1,True
257690,1.0,4.0,1,True
877080,2.0,0.195,1,True
889770,1.0,1.0,0,True
898650,2.0,6.0,0,True
687920,2.0,3.0,0,True
2094270,4.0,2.0,1,True
740260,1.0,0.781,1,True
204060,4.0,0.488,1,True
1091460,4.0,21.0,1,True
891510,1.0,0.781,0,True
737520,2.0,1.0,1,True
278460,0.25,0.195,0,True
6420,0.125,1.0,1,True
328760,0.5,0.195,0,True
921710,2.0,1.0,0,True
231740,0.5,0.098,0,True
2071520,2.0,5.0,0,True
2901520,4.0,0.684,0,True
1517970,8.0,20.0,1,True
475190,4.0,3.0,1,True
1944570,1.0,0.171,1,True
994140,8.0,6.0,1,True
288260,4.0,4.395,0,True
1419730,4.0,0.391,0,True
265750,4.0,3.0,1,True
1444350,2.0,0.117,1,True
495990,0.5,3.0,0,True
1212020,1.0,2.0,0,True
1039100,4.0,2.0,1,True
2106520,1.0,3.0,0,True
1092400,1.0,4.0,1,True
1430760,4.0,10.0,1,True
1372830,2.0,1.0,1,True
1002560,0.5,1.172,0,True
1726400,4.0,8.0,1,True
681390,16.0,5.0,1,True
227780,0.25,2.0,1,True
466740,2.0,8.0,1,True
1552350,4.0,3.0,1,True
1222300,8.0,8.0,1,True
284390,1.0,0.391,0,True
256460,2.0,6.0,1,True
792120,8.0,0.293,1,True
204630,0.25,0.039,1,True
754150,8.0,2.0,1,True
1813860,4.0,1.0,1,True
504130,2.0,0.488,1,True
600080,4.0,3.0,1,True
467660,8.0,10.0,1,True
1739300,8.0,10.0,1,True
280600,4.0,4.0,1,True
621930,4.0,3.0,1,True
311720,0.5,0.342,1,True
815780,4.0,0.584,1,True
552440,6.0,6.0,1,True
2314720,4.0,5.0,1,True
324740,4.0,3.0,0,True
804490,4.0,4.0,1,True
1036740,4.0,4.0,1,True
613190,2.0,2.0,1,True
1924430,16.0,23.0,1,True
339400,2.0,0.5,1,True
379980,4.0,2.0,0,True
303610,1.0,2.0,1,True
2911250,4.0,2.0,1,True
2121980,1.0,0.488,0,True
1431570,2.0,2.0,0,True
1672310,1.0,2.0,1,True
819190,8.0,7.0,1,True
383930,4.0,7.0,1,True
508550,2.0,1.0,1,True
395160,2.0,0.781,1,True
1042670,4.0,0.488,1,True
1049710,8.0,2.0,1,True
1995890,8.0,100.0,1,True
1238680,4.0,1.0,0,True
512250,1.0,0.098,1,True
1885690,8.0,0.293,1,True
666570,1.0,0.488,1,True
1969440,6.0,7.0,1,True
448320,2.0,0.176,0,True
1173410,2.0,2.0,1,True
739080,4.0,7.0,1,True
243200,2.441,10.0,0,True
1668290,0.5,0.073,1,True
1773180,2.0,0.391,1,True
1551670,4.0,2.0,1,True
22180,0.25,0.781,1,True
341020,1.0,0.293,1,True
2756380,6.0,0.586,0,True
488550,4.0,1.0,1,True
699670,4.0,0.488,1,True
1236720,2.0,1.0,0,False
334210,4.0,4.0,1,True
1982340,4.0,2.0,1,True
402880,4.0,1.0,0,True
638000,2.0,0.488,0,True
1558510,4.0,2.0,1,True
1266690,8.0,3.0,1,True
2122090,8.0,37.0,1,True
664750,4.0,0.488,1,True
342260,4.0,5.0,1,True
433910,2.0,0.439,1,True
327060,2.0,1.0,1,True
2107090,16.0,7.0,1,True
1277130,8.0,16.0,1,True
481110,2.0,5.0,0,True
3433810,4.0,80.0,1,True
657090,2.0,1.221,1,True
3311740,4.0,2.0,1,True
867490,2.0,1.0,0,False
232050,2.0,2.0,1,True
692100,8.0,6.055,1,True
265210,2.0,0.781,1,True
1122680,4.0,7.0,1,True
577690,2.0,0.293,1,True
787400,2.0,2.0,0,True
301320,4.0,2.0,1,True
209830,2.0,0.244,1,True
378690,5.0,3.0,1,True
2738380,4.0,8.0,1,True
3016840,8.0,2.0,1,True
725480,1.0,1.0,0,True
2097230,4.0,2.0,1,True
2175390,2.0,7.0,0,True
1090440,4.0,4.0,1,True
1058060,4.0,1.0,1,True
293680,0.5,0.195,0,True
522210,2.0,2.0,1,True
2055220,8.0,4.0,1,True
2719190,4.0,4.0,1,True
1121420,4.0,2.0,1,True
1012560,4.0,1.0,1,True
319740,4.0,8.0,1,True
1455220,4.0,0.195,1,True
1988550,4.0,1.0,1,True
6120,1.0,2.0,1,True
1964040,4.0,2.0,1,True
1259840,4.0,7.0,1,True
1497360,4.0,7.0,1,True
1912750,8.0,2.0,1,True
2159210,1.0,0.488,0,True
717640,1.0,0.146,1,True
1823930,8.0,5.0,1,True
265950,4.0,3.0,1,True
764300,2.0,2.0,1,True
1142500,4.0,0.195,0,True
3330,0.125,1.0,0,True
2303800,4.0,0.195,1,True
539670,1.0,1.0,0,True
726830,4.0,4.0,1,True
920320,1.0,1.416,1,True
418190,2.0,1.0,0,False
474210,0.5,0.195,0,True
297120,2.0,0.293,1,True
1440440,2.0,2.0,1,True
340580,4.0,0.098,0,True
328590,4.0,2.0,1,True
1770390,4.0,0.293,1,True
2113040,0.25,0.117,1,True
944010,1.0,3.0,0,True
605450,8.0,6.0,1,True
1064460,4.0,1.241,1,True
1111370,2.0,1.328,0,True
619280,0.5,0.098,0,True
2071430,4.0,8.0,1,True
319870,2.0,2.0,1,True
2726450,0.488,0.078,1,True
298560,2.0,0.635,0,True
359510,2.0,0.537,1,True
1060670,4.0,0.195,1,True
98800,1.0,1.0,0,True
2351970,2.0,2.0,1,True
39800,0.25,0.488,1,True
1889040,2.0,2.0,0,False
1338330,4.0,0.684,1,True
301560,2.0,2.0,1,True
1078280,8.0,1.0,1,True
327880,2.0,0.781,1,True
995460,0.25,0.195,1,True
630030,6.0,4.0,1,True
98200,0.5,0.215,0,True
1335530,2.0,0.781,1,True
297350,4.0,3.0,1,True
980300,4.0,3.0,1,True
353330,1.0,0.293,0,True
208400,0.25,0.293,1,True
325730,2.0,3.0,1,True
1924360,8.0,4.0,1,True
2915460,2.0,1.0,0,False
41060,0.062,0.439,1,True
393190,2.0,1.953,1,True
326840,4.0,1.0,1,True
357340,2.0,2.0,1,True
620210,2.0,6.0,0,True
1224600,4.0,15.0,1,True
617670,0.25,0.015,1,True
2414630,6.0,8.0,1,True
1138100,4.0,1.0,1,True
635250,4.0,10.0,1,True
498500,2.0,0.488,0,True
805270,4.0,10.0,1,True
520720,2.0,2.0,1,True
410890,0.5,0.488,0,True
984800,4.0,4.0,1,True
261510,4.0,17.0,1,True
247020,2.0,0.146,1,True
1691320,8.0,10.0,1,True
1478160,8.0,1.0,1,True
604450,1.0,0.391,0,True
1638390,2.0,1.0,0,True
262960,1.0,0.117,0,True
1889740,4.0,1.0,1,True
2082410,2.0,2.0,1,False
1858650,4.0,2.0,1,True
1955230,4.0,1.0,1,True
1461770,2.0,1.0,1,True
418950,4.0,5.0,1,True
1390700,4.0,2.0,0,True
33100,0.031,0.049,1,True
3416070,4.0,0.244,1,True
599750,2.0,2.0,0,True
1182310,1.0,2.0,0,True
440630,4.0,1.0,1,True
322290,1.0,2.0,1,True
258760,2.0,2.0,1,True
1223870,2.0,0.488,1,True
235320,0.25,1.0,1,True
1900340,4.0,0.293,0,True
919260,8.0,5.0,1,True
1085750,4.0,16.0,1,True
1101360,8.0,5.0,1,True
494230,0.5,0.528,0,True
646200,6.0,13.0,1,True
274350,1.0,1.0,0,True
1011610,4.0,2.0,1,True
288120,2.0,0.488,0,False
905660,0.5,0.293,1,True
41050,0.062,0.586,1,True
80310,0.062,0.684,0,True
384310,0.5,0.684,0,True
1709900,2.0,0.195,1,True
857940,1.0,3.0,1,True
405290,1.0,2.0,1,True
882710,1.0,0.586,1,True
564310,4.0,10.0,1,True
1435010,4.0,1.465,0,True
512060,0.125,2.0,1,True
676820,8.0,1.0,0,True
262830,0.5,0.195,0,True
383270,2.0,0.391,1,True
476420,0.5,0.244,0,True
695100,4.0,4.0,1,True
1714250,12.0,3.0,1,True
1038740,1.0,2.0,1,True
664000,8.0,2.0,1,True
851930,1.0,1.0,1,True
406160,4.0,4.0,0,True
940710,2.0,0.488,1,True
2404820,0.004,2.0,1,True
282680,2.0,2.0,1,True
1037130,2.0,3.0,1,True
351940,4.0,12.0,1,True
1198850,2.0,3.0,1,False
1025410,8.0,12.0,1,True
1013910,8.0,15.0,1,True
1055610,4.0,1.0,1,True
336240,4.0,1.0,1,True
1671360,8.0,15.0,1,True
524640,2.0,2.0,1,True
1276610,2.0,2.0,0,True
1435670,4.0,2.0,1,True
299680,2.0,0.879,1,True
234190,1.0,0.146,0,True
2416650,4.0,2.0,1,True
2149070,12.0,3.0,1,True
377680,0.5,1.0,1,True
740080,2.0,1.0,1,True
671620,4.0,4.0,1,True
1240060,8.0,3.0,1,True
2989770,4.0,3.0,1,True
668210,1.0,0.586,0,True
980940,8.0,2.0,1,True
1599780,4.0,2.0,1,True
1523390,2.0,1.0,1,True
516110,4.0,3.0,1,True
269170,4.0,2.0,1,True
528160,3.906,15.0,1,True
2052990,8.0,5.0,1,True
2484130,8.0,1.0,1,True
1585440,4.0,1.0,1,True
530320,0.5,2.0,0,True
809060,12.0,30.0,1,True
1566410,1.0,1.0,0,True
215690,2.0,4.0,1,True
237350,4.0,3.0,1,True
292500,1.0,0.049,1,True
230820,2.0,6.0,0,True
288060,4.0,2.34,1,True
582890,3.0,10.0,1,True
1098940,8.0,26.0,1,True
892760,0.004,1.0,1,True
1175360,4.0,1.0,1,True
431930,4.0,4.0,1,True
331440,1.0,0.098,0,True
1375900,2.0,0.439,1,True
464150,4.0,5.0,1,True
346420,2.0,0.342,1,True
2321350,2.0,2.0,1,True
420520,0.5,1.0,0,True
1906830,4.0,1.0,1,True
915460,2.0,2.344,1,True
612930,4.0,3.0,1,True
628200,8.0,3.0,1,True
976700,4.0,4.0,1,True
2635350,4.0,0.83,1,True
1054550,2.0,1.0,0,True
1113680,2.0,4.0,1,True
1015730,4.0,2.0,1,True
24420,0.25,0.22,1,True
829280,4.0,0.586,1,True
745850,1.0,2.0,0,True
247350,0.5,0.195,0,True
2400640,4.0,2.5,1,True
2488510,4.0,2.0,1,True
263720,4.0,3.125,1,True
418620,3.0,3.906,1,True
402120,4.0,0.488,1,True
1085220,4.0,2.0,1,True
270010,2.0,1.0,0,True
854940,2.0,1.0,1,True
96000,0.5,0.176,0,True
788630,4.0,10.0,1,True
274310,0.5,0.488,0,True
1609080,8.0,7.0,1,True
355980,2.0,0.098,1,True
1554970,4.0,3.0,1,True
314180,2.0,3.0,1,True
647570,8.0,8.0,1,True
946770,2.0,1.465,0,True
1046300,2.0,1.0,1,True
237740,0.25,0.039,0,True
1883090,0.5,1.0,1,True
954610,2.0,1.0,0,True
2726890,6.0,20.0,1,True
2580020,4.0,2.0,1,True
1297330,8.0,2.0,1,True
98400,2.0,4.0,1,True
330100,2.0,0.391,1,True
311010,2.0,1.0,1,True
1833490,0.004,0.125,0,True
1273440,4.0,10.0,1,True
1158890,8.0,6.0,1,True
733210,2.0,1.0,1,True
402330,0.5,3.0,0,True
1032790,2.0,2.0,0,True
1184400,4.0,1.0,0,True
241910,2.0,3.0,0,True
349270,1.0,3.0,1,True
1603640,4.0,7.0,1,True
376520,2.0,0.488,1,True
1114290,4.0,1.0,1,True
1191580,3.0,2.0,0,True
530020,2.0,3.0,1,True
1106940,4.0,3.0,0,True
1137410,2.0,3.0,0,True
1865930,4.0,4.0,1,True
1998450,8.0,4.0,1,True
370280,0.5,0.195,0,True
327510,2.0,1.0,1,True
339350,2.0,1.0,0,False
457010,3.0,3.0,1,True
2289650,1.0,2.0,0,True
368740,4.0,7.0,1,True
1079160,1.0,1.0,0,True
985080,2.0,2.0,0,True
466110,8.0,10.0,1,True
214770,0.5,0.781,1,True
428880,1.0,0.195,0,True
1213570,0.125,0.195,0,True
885000,4.0,2.93,1,True
984560,2.0,1.0,0,False
262940,1.0,7.0,0,True
270110,1.0,0.195,1,True
227080,1.0,4.0,1,True
307580,0.062,3.0,0,True
612390,4.0,1.0,1,True
42120,1.5,2.0,1,True
1132910,8.0,4.0,1,True
314810,2.0,8.301,1,True
463350,0.5,0.244,0,True
531930,3.0,1.465,1,True
342190,8.0,5.0,1,True
411000,1.0,0.488,0,True
1783360,2.0,0.195,0,True
315860,2.0,1.0,1,True
546080,2.0,0.488,1,True
15700,0.016,0.684,0,True
415030,1.953,0.488,1,True
1295630,8.0,25.0,1,True
588690,1.0,0.098,0,True
234900,1.0,0.195,1,True
397310,4.0,3.0,1,True
584640,2.0,0.195,1,True
1710100,2.0,0.488,1,True
1897650,2.0,1.0,0,True
921780,6.0,10.0,1,True
2734450,4.0,3.0,0,True
2659900,0.5,0.391,0,True
698700,3.0,3.0,1,True
327220,2.0,1.367,1,True
1170060,4.0,10.0,1,True
975470,5.0,15.0,1,True
1322300,2.0,2.0,0,True
1070790,1.0,0.293,0,True
398100,0.488,1.0,0,True
857690,2.0,1.0,0,True
1016360,8.0,16.0,1,True
1031480,2.0,0.586,0,True
645820,2.0,0.195,0,True
338170,2.0,0.586,1,True
2287970,4.0,1.0,1,True
1210110,2.0,1.0,1,True
293660,2.0,0.43,0,True
2163060,2.0,7.0,0,True
449710,4.0,0.195,0,True
1551530,4.0,4.0,1,True
1644490,4.0,8.0,1,True
395850,2.0,4.0,1,True
437250,4.0,0.391,0,True
1664200,2.0,1.0,0,True
2581050,8.0,20.0,1,True
1501690,4.0,2.0,0,True
1840350,8.0,16.0,1,True
477730,2.0,2.0,1,True
704000,8.0,2.0,1,True
920680,2.0,1.0,1,True
1724320,4.0,1.0,1,True
205020,2.0,1.0,0,True
2704110,4.0,1.0,0,True
220740,2.0,5.0,0,True
2914480,4.0,1.0,1,True
211260,0.5,0.244,1,True
761460,1.0,2.0,0,True
336130,0.062,2.0,0,True
375750,2.0,0.464,1,True
1280260,4.0,0.781,0,True
758990,4.0,2.93,0,True
943140,2.0,1.465,1,True
1106530,4.0,0.293,0,True
754890,16.0,20.0,1,True
2793370,4.0,10.0,1,True
1398070,2.0,5.0,1,True
1448260,8.0,4.0,1,True
438420,4.0,8.0,1,True
22200,1.0,1.0,1,True
585020,2.0,0.293,1,True
1044490,0.5,0.586,0,True
350070,0.5,0.029,1,True
1047010,1.0,0.293,0,True
453690,2.0,2.0,0,True
975270,4.0,2.0,0,True
488660,2.0,2.0,1,True
322450,2.0,2.0,1,True
2518630,4.0,2.0,0,True
2719060,8.0,0.781,1,True
473460,1.0,2.0,0,True
584890,4.0,2.0,1,True
2652500,2.0,2.0,1,False
302790,0.125,0.049,1,True
781480,0.488,0.488,0,True
2822370,8.0,5.0,1,True
749960,8.0,3.516,1,True
377690,1.0,0.293,0,True
1986010,8.0,2.0,0,True
284240,4.0,11.0,1,True
355050,2.0,0.439,1,True
571880,1.0,2.0,0,True
1419750,4.0,3.0,1,True
861270,2.0,1.0,0,False
881690,8.0,11.0,1,True
1618380,4.0,0.352,1,True
543390,7.812,1.953,1,True
218740,1.0,2.0,1,True
278100,4.0,1.0,1,True
2727650,2.0,2.0,1,True
290020,2.0,4.0,0,True
2600600,4.0,6.0,1,True
968870,8.0,50.0,1,True
844660,1.0,2.0,1,True
2391840,8.0,0.244,1,True
1034700,2.0,3.0,1,True
241410,0.5,0.488,1,True
209370,1.0,0.078,0,True
2531940,1.0,1.0,0,True
499440,2.0,0.098,1,True
872680,0.5,0.195,1,True
747360,8.0,6.0,1,True
322680,2.0,2.0,1,True
908100,4.0,2.0,0,True
2201930,8.0,16.0,1,True
1812060,6.0,10.0,1,True
2686900,16.0,1.0,1,True
1312960,6.0,3.0,1,True
1594060,2.0,0.244,1,True
630720,2.0,0.488,1,True
2710560,8.0,35.0,1,True
414510,2.0,0.244,1,True
552970,2.0,2.0,1,True
1046400,0.5,0.586,1,True
1428420,6.0,1.0,1,True
583090,2.0,1.0,0,True
1125330,8.0,4.0,1,True
673000,2.0,1.0,1,True
2216130,8.0,0.488,1,True
315430,1.0,4.0,0,True
2236070,4.0,2.0,1,True
609920,4.0,8.0,1,True
1379870,3.0,1.0,0,True
2262610,1.0,0.293,0,True
465760,2.0,2.0,1,True
1583500,8.0,4.0,1,True
1048540,0.125,0.928,0,True
1280300,2.0,0.293,1,True
265470,2.0,0.488,1,True
1097420,4.0,2.0,1,True
950740,2.0,1.0,0,True
1420770,8.0,12.0,1,True
1262060,2.0,0.098,0,True
1184480,4.0,2.0,1,True
1178210,2.0,1.0,0,True
1770400,4.0,2.0,1,True
1683100,4.0,15.0,1,True
1384770,8.0,5.0,1,True
629220,4.0,10.0,1,True
275180,4.0,1.465,1,True
319250,1.0,0.293,1,True
606980,8.0,15.0,1,True
407980,0.5,0.195,1,True
266110,3.0,2.0,1,True
2278630,4.0,2.0,1,True
650670,0.25,0.098,0,True
521500,2.0,0.293,0,True
1144770,2.0,2.0,1,True
346810,1.0,0.098,0,True
1144030,4.0,1.0,1,True
1916310,8.0,8.0,1,True
1225780,2.0,5.0,1,True
986020,4.0,4.0,1,True
248800,1.0,0.488,1,True
1441840,4.0,2.0,1,True
428750,2.0,0.195,0,True
1245540,2.0,0.466,1,True
762840,4.0,5.0,1,True
1065260,4.0,3.0,1,True
1150720,4.0,2.0,1,True
824620,2.0,0.391,1,True
1301390,8.0,1.0,1,True
339190,1.953,4.395,1,True
600370,2.0,5.0,0,True
502770,1.0,0.049,0,True
691320,8.0,1.0,1,True
461640,0.5,0.244,0,True
298600,0.5,0.098,0,True
1845670,1.0,0.488,1,True
893020,4.0,2.0,1,True
263740,1.0,0.104,0,True
669500,4.0,10.0,1,True
828580,1.0,2.0,0,True
431250,1.0,0.127,1,True
2107860,1.0,0.586,0,True
1229020,8.0,35.0,1,True
641960,4.0,0.879,1,True
1156380,1.0,2.0,0,True
650220,4.0,1.0,1,True
925950,4.0,2.0,0,True
913060,4.0,0.293,1,True
1914580,2.0,2.0,0,True
2081630,2.0,4.0,0,True
418300,2.0,1.0,1,True
1739900,2.0,2.0,0,True
239430,2.0,1.074,1,True
738020,4.0,2.0,1,True
2296550,8.0,8.0,1,True
529590,3.0,0.488,1,True
1257200,4.0,0.488,1,True
107200,1.0,0.244,0,True
1850960,4.0,3.0,1,True
319480,2.0,0.098,1,True
2826800,8.0,8.0,1,True
654260,4.0,2.0,1,True
2971610,16.0,2.0,1,True
270790,0.125,2.0,0,True
1579880,8.0,0.488,1,True
1608470,8.0,6.0,1,True
345430,8.0,5.0,1,True
1279630,4.0,2.0,1,True
1059980,1.0,0.244,0,True
1629530,8.0,32.0,1,True
837400,2.0,1.0,1,True
1424710,2.0,0.391,1,False
343100,1.0,0.049,0,True
462940,4.0,2.0,0,True
1167680,2.0,2.0,1,True
3259470,1.0,0.098,0,True
415420,1.0,0.098,0,True
510420,2.0,1.0,0,True
935880,1.0,1.0,1,True
1292500,0.5,0.488,1,True
214590,0.5,0.244,0,True
340520,2.0,0.127,1,True
1213230,2.0,0.879,0,True
2017620,2.0,0.488,0,True
1411020,8.0,11.0,0,True
957660,6.0,3.0,1,True
386970,1.0,7.0,0,True
3205080,4.0,0.488,1,True
1734320,8.0,0.83,1,True
490390,1.0,2.0,0,True
1269810,4.0,1.0,1,True
363420,4.0,1.953,0,True
740200,2.0,1.953,1,True
515260,8.0,10.0,1,True
943980,2.0,2.0,0,True
573320,4.0,2.0,1,True
1517340,2.0,1.221,1,False
1306720,4.0,4.0,1,True
986800,2.0,2.441,0,True
794960,4.0,3.0,1,True
436500,0.5,0.5,1,True
2659960,4.0,1.0,1,True
1600370,3.0,3.0,1,True
338140,2.0,16.0,1,True
434420,0.5,0.244,0,True
1468040,4.0,3.0,1,True
1186460,8.0,7.0,1,True
926340,1.0,0.684,0,True
426690,1.0,0.488,0,True
778390,0.5,6.0,1,True
1622800,0.5,0.83,0,True
940310,4.0,3.0,1,True
1167320,8.0,14.0,1,True
2305500,8.0,0.488,0,True
390030,4.0,3.0,1,True
423590,2.0,3.418,1,True
580710,2.0,0.195,1,True
407780,2.0,2.0,1,True
554600,2.0,2.0,1,True
1564790,4.0,1.0,0,True
1428710,2.0,1.0,1,True
2092850,2.0,2.0,1,True
632070,6.0,11.0,1,True
1228500,8.0,8.0,1,True
2161620,8.0,1.0,1,True
1413960,4.0,2.0,1,True
3064420,4.0,4.0,0,True
1477770,0.5,1.0,1,True
2652480,8.0,1.6,1,True
918820,1.0,0.586,0,True
1181840,4.0,6.0,1,True
291190,1.0,0.244,0,True
2745710,8.0,7.0,1,True
373650,8.0,5.0,1,True
930780,4.0,0.293,0,True
1071130,2.0,1.0,0,True
1223500,8.0,2.0,0,True
960420,8.0,2.0,1,True
833040,1.0,0.195,0,True
263020,1.0,0.684,1,True
411970,4.0,3.0,1,True
262850,1.0,1.172,0,True
269250,0.25,0.781,0,True
1041920,4.0,2.0,1,True
2083210,4.0,1.0,1,True
364390,4.0,2.0,1,True
2326590,8.0,5.0,0,True
1147450,4.0,2.0,1,True
688130,4.0,1.0,1,True
616620,2.0,2.0,1,True
1042920,2.0,2.0,0,True
9940,1.0,3.0,1,True
448370,4.0,4.0,1,True
1619230,4.0,2.0,0,True
2071200,8.0,10.0,1,True
884260,2.0,0.195,1,True
402750,4.0,8.0,1,True
741670,1.465,0.537,1,True
1100140,1.0,0.439,0,True
406130,4.0,0.488,1,True
247240,1.0,0.195,0,True
716500,4.0,1.0,0,True
308080,4.0,4.0,1,True
505040,2.0,0.195,1,True
445800,4.0,1.0,0,True
572220,4.0,2.0,1,True
1258340,2.0,1.0,1,True
538070,1.0,0.488,0,True
1086850,4.0,0.293,1,True
1679210,4.0,1.0,1,True
1062960,4.0,2.0,1,True
1206620,4.0,11.0,1,True
1219940,4.0,0.293,1,True
822990,1.0,0.586,1,True
1252830,4.0,3.0,1,True
846870,6.0,6.0,1,True
1856030,4.0,5.0,1,True
676090,4.0,4.0,0,True
240970,2.0,0.781,1,True
1847240,1.0,0.244,0,True
525680,4.0,2.0,1,True
1137450,4.0,4.0,1,True
1547380,2.0,3.0,1,True
252350,1.0,3.0,1,True
207930,2.0,1.0,1,True
842810,4.0,3.0,1,True
1218280,8.0,4.0,1,True
2332260,4.0,0.391,1,True
1224020,2.0,2.0,1,True
1418020,4.0,2.0,1,True
1267470,2.0,2.0,1,True
809310,2.0,0.5,1,True
1755880,2.0,1.0,0,True
969700,2.0,4.0,1,True
224820,0.5,0.195,0,True
435100,2.0,1.0,1,True
1156990,0.25,0.781,0,True
1575830,8.0,8.0,1,True
705290,2.0,1.0,0,False
1525620,8.0,40.0,1,True
618720,1.0,1.0,0,True
1416050,4.0,0.488,0,True
517160,4.0,2.002,1,True
1789490,2.0,1.0,1,True
1330190,4.0,2.0,0,True
1058430,1.0,0.195,1,True
243160,2.0,0.488,0,True
703880,2.0,2.0,1,True
907090,0.5,0.5,1,True
2246880,2.0,0.488,1,False
1303950,4.0,0.488,1,True
582330,1.465,2.0,1,True
364510,1.0,0.098,1,True
506870,2.0,0.488,1,True
2986260,2.0,1.0,0,False
561770,0.195,0.195,0,True
691830,0.5,0.488,1,True
786580,2.0,0.293,1,True
205910,2.0,1.465,1,True
259550,2.0,0.342,0,True
2496640,0.004,0.488,1,True
839310,2.0,4.0,0,True
504920,2.0,0.635,1,True
1592750,2.0,0.488,0,True
348360,2.0,1.0,1,True
1666250,4.0,5.0,1,True
420980,1.0,1.0,0,True
508260,1.0,1.0,1,True
63200,1.0,2.0,1,True
203510,0.375,0.244,0,True
219680,3.0,0.098,1,True
593960,8.0,11.0,1,True
318130,0.977,0.195,1,True
235620,1.0,0.293,0,True
228960,0.5,0.586,1,True
757480,2.0,0.932,1,True
1622770,4.0,4.0,1,True
1221540,1.0,0.488,1,True
203830,0.5,6.0,0,True
3359320,2.0,0.684,1,True
1089790,4.0,4.0,1,True
3158380,4.0,2.0,1,True
885940,2.0,3.2,1,True
702680,4.0,5.0,1,True
942930,2.0,1.0,1,True
793370,2.0,1.0,1,True
1271280,0.25,0.586,0,True
402040,4.0,1.0,1,True
1116480,4.0,3.0,1,True
1848450,2.0,1.0,1,True
550340,3.0,2.441,1,True
517000,1.0,0.195,0,True
966680,8.0,3.0,1,True
2449160,1.0,3.0,1,True
578850,0.977,0.146,1,True
1073320,4.0,0.488,0,True
635390,4.0,12.0,1,True
421740,2.0,7.0,1,True
260790,2.0,0.25,1,True
2056880,2.0,0.488,0,False
2769080,8.0,9.0,1,True
2539350,1.0,0.781,0,True
2972990,8.0,2.0,1,True
1443620,8.0,1.0,1,True
1424600,1.0,1.0,0,True
1642790,4.0,4.0,1,True
2238040,8.0,8.0,1,True
226740,1.0,0.244,0,True
1710540,4.0,6.0,1,True
959890,4.0,1.0,1,True
1540350,2.0,5.0,1,True
732810,2.0,0.488,1,True
515040,1.0,0.537,0,True
2018130,2.0,1.0,1,True
676500,4.0,5.0,1,True
384000,2.0,1.0,1,True
2146570,8.0,1.0,1,True
2420240,8.0,2.0,1,True
408280,1.0,0.5,0,True
1158220,1.0,0.391,0,True
1333470,4.0,1.0,1,True
220090,1.0,1.0,0,True
597700,1.0,0.293,0,True
209060,2.0,2.0,1,True
2275150,2.0,2.0,1,True
1174390,8.0,8.0,1,True
666870,1.0,1.0,1,True
1649730,1.0,0.488,0,True
666820,1.0,0.488,1,True
1096140,8.0,9.0,1,True
716340,0.5,0.684,0,True
2295970,8.0,8.0,1,True
682140,4.0,2.0,1,True
556050,4.0,4.395,1,True
346560,2.0,0.469,0,True
527340,2.0,1.0,1,True
453750,6.0,0.82,1,True
1807090,4.0,2.0,1,True
446120,2.0,0.488,1,True
1991300,8.0,1.0,1,True
1490410,4.0,2.0,1,True
638200,0.5,0.195,0,True
1127610,2.0,0.293,1,True
1243420,4.0,1.0,0,True
27000,1.0,0.488,1,True
2295610,2.0,2.0,1,True
855640,1.0,2.0,1,True
2720950,4.0,0.195,0,True
337850,0.5,0.488,0,True
1151050,4.0,2.0,1,True
545600,4.0,5.0,1,True
1184760,2.0,0.322,0,True
589510,2.0,0.244,0,True
509250,4.0,5.0,1,True
897640,0.004,1.0,0,True
1133590,4.0,0.977,1,True
2093910,8.0,0.146,1,True
948830,2.0,1.0,1,True
940680,2.0,0.244,0,True
880400,0.5,0.781,0,True
473970,2.0,2.0,1,True
422510,4.0,1.0,1,True
352780,1.0,0.293,0,True
2101890,16.0,5.0,1,True
496620,0.25,0.039,1,True
1328900,4.0,0.684,1,True
1025250,1.0,2.0,1,True
307940,1.0,1.953,1,True
2299660,4.0,11.0,1,True
2011780,4.0,2.0,1,True
622870,0.098,0.029,0,True
1036700,4.0,2.0,1,True
575340,4.0,11.0,1,True
476700,4.0,11.0,1,True
898800,4.0,10.0,1,True
1480830,1.0,0.098,1,True
562220,0.25,0.015,1,True
917840,1.0,1.953,1,True
789660,2.0,0.098,1,False
454250,4.0,2.0,1,True
724490,6.0,8.0,1,True
1057680,2.0,0.001,1,True
610500,2.0,3.0,1,True
1150730,8.0,6.0,1,True
1056490,4.0,0.293,1,True
809540,1.0,1.0,0,True
505630,1.0,0.244,0,True
3107330,4.0,0.098,0,True
1422420,4.0,1.0,0,True
1071290,4.0,4.0,1,True
1015770,4.0,2.0,1,True
2182400,2.0,2.0,1,True
1507720,8.0,12.0,1,True
429720,2.0,0.107,0,True
1020470,4.0,1.0,1,True
770100,2.0,0.293,0,True
2819180,8.0,1.0,1,True
504390,4.0,1.0,1,True
461840,1.0,0.156,0,True
727570,4.0,2.0,1,True
241320,1.0,1.0,0,True
2150660,8.0,7.0,1,True
753930,6.0,6.0,1,True
1137350,4.0,1.0,1,True
1895820,4.0,4.0,1,True
946110,2.0,2.0,1,True
1966420,8.0,9.0,1,True
1975360,4.0,0.195,0,True
317280,0.5,0.195,0,True
404530,4.0,0.488,1,True
565120,4.0,4.0,1,True
1617220,6.0,1.0,1,True
1554220,2.0,0.488,0,True
1296450,4.0,1.0,1,True
230050,0.5,0.195,0,True
2081470,8.0,8.0,1,True
944020,2.0,0.488,0,True
858940,1.0,3.0,0,True
534290,0.5,0.098,0,True
724300,0.5,0.488,0,True
236730,2.0,3.0,1,True
2674590,2.0,0.293,0,True
1398740,1.0,6.0,0,True
822800,4.0,5.0,1,True
2185780,8.0,0.488,0,True
792040,2.0,0.488,0,True
1129250,1.0,2.0,0,True
946030,4.0,0.488,1,True
1162680,4.0,2.0,1,True
593200,1.0,0.586,0,True
678560,4.0,9.0,1,True
1543710,8.0,4.0,1,True
782570,4.0,1.0,0,True
1257170,4.0,0.488,1,True
1608400,8.0,1.0,1,True
564150,0.5,0.391,1,True
569530,4.0,5.0,1,True
97000,1.0,0.273,1,True
405010,4.0,2.0,1,True
279900,2.0,5.0,1,True
266490,2.0,2.0,1,True
1239050,6.0,8.0,1,True
454950,4.0,0.391,1,True
441870,1.0,1.0,1,True
1115050,4.0,0.488,1,True
1507190,3.0,2.0,1,True
269690,2.0,1.0,0,True
416790,4.0,3.0,1,True
823610,2.0,5.0,1,True
533300,0.25,0.015,1,True
241240,2.0,0.293,1,True
877810,4.0,0.488,1,True
1378040,4.0,2.0,1,True
2058570,2.0,1.0,0,False
2059660,2.0,1.0,0,False
234920,2.0,0.586,0,True
1226530,2.0,0.781,0,True
1168880,4.0,0.146,0,True
234160,4.0,3.0,1,True
1768470,4.0,2.0,1,True
2814610,2.0,6.0,0,True
852300,4.0,5.0,1,True
428220,4.0,4.0,1,True
798840,2.0,2.0,1,True
1789650,4.0,1.074,0,True
2219820,4.0,1.0,1,True
979400,8.0,1.0,1,True
979310,4.0,2.0,1,True
2057550,2.0,2.0,1,True
543930,1.0,4.0,0,True
529520,4.0,6.0,1,True
812070,8.0,10.0,1,True
704640,2.0,1.0,0,True
2853840,1.0,1.0,0,True
698540,2.0,0.098,1,True
1338580,0.5,0.293,1,True
578540,2.0,5.0,1,True
375440,4.0,4.0,1,True
2951840,6.0,10.0,1,True
1472930,4.0,1.0,1,True
559260,0.125,0.181,0,True
1601280,4.0,0.244,1,True
513510,4.0,2.0,1,True
219910,1.5,1.074,1,True
285500,0.5,2.441,0,True
1814010,2.0,0.195,1,True
2976720,2.0,0.391,0,True
495980,4.0,2.0,1,True
562230,4.0,2.0,1,True
809440,2.0,0.488,1,True
1412850,4.0,10.0,1,True
1103490,4.0,1.0,0,True
428860,4.0,0.781,1,True
760410,4.0,1.0,1,True
1389560,2.0,0.293,1,True
597150,1.0,1.0,1,True
730050,4.0,2.0,0,True
1747050,2.0,2.0,1,True
35460,1.0,1.5,0,True
2515240,6.0,6.0,1,True
1929870,2.0,0.059,1,True
1571940,2.0,18.0,1,True
349320,1.0,2.0,0,True
1160330,4.0,0.586,1,True
1254370,4.0,0.391,1,True
453310,4.0,5.0,1,True
809020,1.0,0.146,0,True
1660860,2.0,0.781,1,True
290690,4.0,2.0,1,True
680980,0.5,0.342,1,True
346970,1.465,0.293,1,True
854570,4.0,2.0,1,True
618850,4.0,5.859,1,True
1074190,0.5,1.0,0,True
383960,0.5,0.488,0,True
401360,1.0,1.0,0,True
388420,2.0,1.0,1,True
1603180,4.0,0.195,1,True
512220,8.0,1.0,1,True
1069030,4.0,1.465,1,True
1817940,1.0,0.5,1,True
272620,2.0,0.488,0,True
746710,4.0,0.244,0,True
780670,8.0,3.0,1,True
1007810,4.0,5.0,1,True
1035990,4.0,2.686,1,True
317300,0.5,0.049,0,True
976900,4.0,2.0,1,True
1114950,1.0,0.293,0,True
1333560,2.0,2.0,0,True
2343930,8.0,10.0,1,True
671390,4.0,0.684,1,True
244870,1.0,0.366,0,True
682450,0.5,1.0,1,True
1413990,4.0,4.0,1,True
746510,4.0,8.0,1,True
1086010,2.0,4.0,0,False
390730,1.0,1.0,1,True
1012570,2.0,0.586,0,True
2129220,12.0,8.0,1,True
962970,1.0,1.0,0,True
875760,8.0,8.0,1,True
242820,1.0,0.098,0,True
254440,2.0,1.0,1,True
294370,2.0,1.0,1,True
594680,4.0,3.0,1,True
1379830,1.0,0.488,1,True
327670,2.0,2.0,1,True
933450,2.0,2.0,1,True
590590,1.0,0.244,0,True
1902870,4.0,5.0,1,True
464100,2.0,2.0,1,True
1709050,4.0,1.0,0,True
937580,1.0,0.586,0,True
951750,4.0,7.0,1,True
1418160,1.0,0.195,1,True
1122690,4.0,7.0,1,True
259530,2.0,0.117,0,True
2248180,4.0,4.0,1,True
1117630,2.0,0.781,0,True
368610,1.0,0.078,0,True
322750,2.0,1.0,1,True
211340,0.5,0.146,0,True
574310,1.0,0.586,0,True
1462650,4.0,2.0,1,True
2821040,4.0,3.0,1,True
1162070,2.0,1.0,1,True
1634080,8.0,2.0,1,True
2124380,0.5,0.488,0,True
409660,2.0,0.244,0,True
1274300,2.0,4.0,1,True
390720,2.0,1.0,0,True
2382250,1.0,2.0,1,True
927270,4.0,1.0,1,True
1082930,8.0,20.0,1,True
744520,1.0,1.66,0,True
1177420,4.0,4.0,0,True
1089630,4.0,4.0,0,True
300340,2.0,1.0,0,True
595770,4.0,2.0,0,True
630550,4.0,2.0,0,True
585890,0.5,0.391,1,True
647740,4.0,2.0,1,True
1125480,4.0,10.0,0,True
464620,4.0,0.195,0,True
668550,4.0,8.0,1,True
251850,2.0,2.0,1,True
300580,3.0,3.0,1,True
1184890,0.5,4.0,1,True
371300,2.0,2.0,1,True
244750,2.0,0.684,1,True
1162700,3.0,10.0,1,True
1953780,4.0,2.0,0,True
29180,0.5,0.032,1,True
830820,2.0,0.244,0,True
521350,1.0,1.0,0,True
922100,4.0,0.195,1,True
1078320,4.0,0.488,1,True
594130,1.0,1.0,0,True
3177970,4.0,2.0,1,True
335190,1.0,1.0,1,True
1512590,4.0,1.0,1,True
1573300,0.5,2.0,0,True
250580,2.0,0.293,1,True
1004770,4.0,0.391,0,True
317250,2.0,0.488,1,True
1325260,1.0,0.342,0,True
1598730,0.5,0.488,1,True
1156730,4.0,3.0,1,True
396640,2.0,0.391,1,True
968550,4.0,4.0,1,True
552450,6.0,10.0,1,True
1124080,2.0,1.0,1,True
420950,1.0,0.244,0,True
623640,4.0,3.0,1,True
2400340,1.0,0.684,0,True
2617400,4.0,0.5,0,True
281920,2.0,0.488,1,True
2110820,4.0,4.0,1,True
222980,0.5,0.195,0,True
576030,1.0,0.146,0,True
701930,1.0,0.684,0,True
346460,4.0,3.0,1,True
1797300,1.0,4.0,0,True
928520,0.004,0.586,0,True
431590,2.0,0.293,0,True
1962450,2.0,0.879,1,False
288220,0.5,1.0,0,True
396710,4.0,1.465,1,True
2737300,4.0,0.293,0,True
691390,4.0,1.0,0,True
587220,6.0,1.0,1,True
1818230,4.0,2.0,1,True
2123140,4.0,1.0,1,True
1918450,2.0,3.0,0,True
2067310,4.0,4.0,1,True
262260,1.0,0.107,0,True
1130410,2.0,1.27,1,True
1393410,4.0,0.586,1,True
1240480,2.0,2.0,0,True
2892310,6.0,6.0,0,True
1967450,4.0,0.684,1,True
1522280,2.0,0.586,1,True
262790,2.0,0.293,0,True
285740,2.0,0.684,1,True
760890,0.488,0.488,0,True
446840,2.0,0.684,1,True
1766390,0.488,0.488,1,True
561740,1.0,0.293,0,True
1057800,4.0,2.0,1,True
2248430,0.25,0.121,0,True
312230,2.0,1.0,1,True
115100,1.0,1.0,1,True
1285360,8.0,3.0,1,True
1946070,2.0,21.0,0,True
269030,2.0,0.098,0,True
715650,1.0,0.977,1,True
1097370,4.0,0.586,1,True
298930,0.5,1.074,0,True
1996210,2.0,0.488,1,True
259810,1.0,0.684,1,True
1289990,4.0,2.0,1,True
343090,1.0,0.098,1,True
733110,2.0,1.0,1,True
851820,1.0,2.0,1,True
659190,1.0,0.293,0,True
314020,2.0,2.0,0,True
107310,1.0,1.0,0,True
1273690,4.0,10.0,1,True
733070,2.0,1.0,0,False
510490,8.0,1.367,1,True
446810,2.0,1.0,1,True
491420,2.0,5.0,0,True
1297160,2.0,0.083,0,False
365900,1.0,0.117,0,True
1841250,2.0,2.0,0,False
1895860,4.0,4.0,1,True
1015720,4.0,2.0,1,True
322900,0.195,1.0,0,True
1096730,2.0,2.0,0,True
2009860,2.0,0.195,0,True
559330,4.0,10.0,1,True
492290,4.0,2.0,1,True
989580,2.0,0.684,0,True
1283500,8.0,6.0,1,True
891370,4.0,1.0,1,True
2289390,4.0,4.0,1,True
463160,2.0,5.0,0,True
760810,4.0,0.488,1,True
1513420,8.0,5.0,1,True
567670,6.0,1.0,1,True
390290,2.0,1.0,1,True
588110,2.0,1.709,1,True
3257490,16.0,20.0,1,True
1078420,2.0,2.0,0,True
1155880,2.0,0.488,1,True
1944360,8.0,4.0,1,True
1127970,8.0,10.0,1,True
485900,2.0,0.391,0,True
227200,0.5,0.391,0,True
744260,4.0,2.0,1,True
218090,1.0,0.146,0,True
470210,4.0,12.0,1,True
545040,8.0,1.0,1,True
427910,2.0,0.488,0,True
331390,2.0,1.465,1,True
431120,8.0,3.0,1,True
761910,4.0,2.0,1,True
1050370,1.0,0.195,0,True
590690,8.0,10.0,1,True
533950,1.0,1.0,1,True
325930,2.0,0.684,1,True
2008980,8.0,2.0,1,True
363980,1.0,0.488,0,True
959880,4.0,1.0,1,True
3328720,2.0,2.0,1,False
1085160,6.0,6.0,1,True
864060,4.0,2.0,1,True
65300,1.0,0.391,1,True
2435090,4.0,0.244,0,True
383460,0.5,0.488,1,True
384500,0.5,1.0,0,True
1020340,8.0,1.0,1,True
973070,6.0,3.0,1,True
1042600,4.0,0.391,1,True
350910,2.0,1.0,1,True
278890,2.0,1.0,0,True
550590,4.0,0.781,1,True
453340,2.0,1.0,0,True
233230,2.0,1.0,0,True
1783680,8.0,30.0,1,True
616110,1.0,0.244,1,True
1098770,2.0,0.244,0,False
689900,2.0,1.5,0,True
3028150,4.0,1.0,1,True
468670,2.0,5.293,1,True
288860,4.0,10.0,1,True
503770,4.0,1.0,1,True
1057600,8.0,14.0,1,True
265890,2.0,0.059,0,True
461700,2.0,1.0,0,False
1215260,2.0,0.488,0,True
308040,2.0,0.586,1,True
1585700,2.0,1.27,0,True
1744970,4.0,3.0,1,True
248970,0.977,0.293,0,True
70900,0.25,0.293,0,True
1191900,4.0,2.0,1,True
406850,1.0,0.107,1,True
400580,0.25,0.146,0,True
328270,1.0,3.0,1,True
836450,2.0,2.0,1,True
431810,2.0,0.684,1,True
1168470,2.0,1.0,1,True
3054610,2.0,2.0,1,True
1647920,4.0,2.0,1,True
801260,4.0,2.0,1,True
414950,2.0,0.586,1,True
1005120,4.0,10.0,1,True
392260,1.0,0.732,0,True
1493520,4.0,2.0,1,True
2002220,8.0,1.465,1,True
41800,1.0,0.293,0,True
235520,3.0,2.0,1,True
290890,1.0,0.146,1,True
1678140,2.0,2.0,1,True
1173740,2.0,2.0,1,True
264080,0.5,0.488,1,True
1184840,4.0,1.0,1,True
1514950,8.0,1.0,1,True
1177660,8.0,14.0,1,True
284770,0.5,1.0,1,True
853050,8.0,3.418,1,True
471810,3.0,1.0,1,True
416360,1.0,2.0,0,True
427760,8.0,3.0,1,True
2281940,8.0,3.0,1,True
2052040,4.0,1.0,1,True
2448930,2.0,0.488,0,False
527450,1.0,0.488,0,True
719750,2.0,0.732,0,True
1720850,0.25,0.25,0,True
1001800,2.0,1.0,1,True
584370,1.0,2.0,1,True
1440500,2.0,0.342,0,True
1065180,8.0,5.0,1,True
1770210,2.0,10.0,1,True
1684100,4.0,2.0,1,True
595730,2.0,1.0,0,True
1106340,2.0,0.488,1,True
449250,0.5,0.146,0,True
1732750,2.0,1.0,1,True
307640,1.0,0.098,0,True
2314650,4.0,4.0,1,True
704690,2.0,1.0,0,True
1115780,2.0,0.488,0,True
1032590,2.0,2.0,1,True
321060,1.0,1.0,0,True
457960,8.0,1.0,1,True
2292650,4.0,4.0,1,True
323720,2.0,2.051,1,True
439490,1.0,1.0,0,True
220860,0.5,0.068,1,True
951670,2.0,0.293,0,True
855630,3.0,0.83,1,True
2870420,6.0,4.0,1,True
695050,8.0,10.0,1,True
1110050,4.0,0.488,1,True
390330,4.0,6.0,1,True
1593780,8.0,2.0,1,True
467720,1.0,2.0,0,True
1590230,4.0,1.0,1,True
1209000,4.0,0.781,1,True
1099220,8.0,20.0,1,True
2023050,2.0,3.0,1,True
338320,0.125,0.076,0,True
1161870,2.0,0.488,0,True
613730,2.0,3.0,1,True
1891090,1.0,0.488,1,True
621000,0.5,0.488,0,True
589500,2.0,0.244,0,True
252550,2.0,2.93,0,True
503400,2.0,0.488,0,True
3150440,8.0,2.0,1,True
1102100,3.0,1.0,1,True
874040,2.0,1.0,0,True
384960,8.0,10.0,1,True
621810,2.0,0.391,0,True
837460,4.0,1.0,1,True
1578860,2.0,0.293,0,True
2724540,2.0,6.0,0,True
1572340,4.0,2.0,1,True
883070,1.0,0.039,1,True
205230,1.0,2.0,0,True
3250970,2.0,2.0,1,False
214970,1.0,0.098,0,True
951860,2.0,2.0,1,True
606480,2.0,1.0,1,True
949970,4.0,0.293,1,True
293240,2.0,0.293,1,True
1359120,2.0,0.488,0,True
1309620,8.0,23.0,1,True
1575470,2.0,1.0,1,True
514830,4.0,6.0,1,True
1136330,4.0,1.0,1,True
1542110,4.0,5.0,1,True
286240,1.0,1.0,0,True
1628610,2.0,0.391,1,True
248330,0.488,0.044,0,True
1548750,8.0,10.0,1,True
1892030,8.0,1.0,1,True
603260,2.0,0.049,0,True
2330870,2.0,1.0,1,False
1407420,1.0,0.098,0,True
492500,3.0,1.0,1,True
238910,2.0,0.293,0,True
1295790,4.0,0.488,1,True
462240,3.906,0.732,0,True
259130,1.0,0.098,1,True
944080,4.0,4.0,1,True
812550,2.0,6.0,1,True
223220,2.0,3.3,1,True
614630,2.0,0.488,0,True
1158010,4.0,1.0,1,True
512300,1.0,7.0,1,True
669050,0.5,0.83,0,True
389510,2.0,1.0,0,False
1184990,4.0,4.0,1,True
887800,4.0,7.0,1,True
2249160,8.0,10.0,1,True
2287980,4.0,2.0,1,True
249680,2.0,3.0,1,True
666730,1.0,0.195,0,True
2377420,4.0,0.098,1,True
1065940,4.0,2.0,1,True
239800,2.0,0.342,0,True
2685900,4.0,0.684,1,True
520850,0.5,1.465,0,True
3089130,4.0,3.125,1,True
1960900,2.0,0.488,1,True
765640,0.781,1.0,1,True
1216880,2.0,0.215,0,True
355860,2.0,6.0,1,True
1061180,4.0,1.0,1,True
502940,2.0,0.488,0,True
399600,1.0,0.488,1,True
444590,2.0,1.0,0,True
2701700,8.0,15.0,1,True
759940,1.0,0.195,1,True
1256530,6.0,2.0,0,True
894630,4.0,3.0,1,True
1842730,4.0,2.0,0,True
441010,2.0,0.781,1,True
1418360,8.0,6.0,0,True
2244470,8.0,2.0,1,True
1232570,8.0,1.0,1,True
824830,2.0,3.0,1,True
282760,2.0,1.0,0,True
264160,1.0,0.098,1,True
2882440,4.0,0.293,0,True
1117090,1.0,0.244,0,True
1229580,4.0,1.0,1,True
1255650,8.0,0.488,1,True
388430,2.0,1.0,1,True
1177400,2.0,0.488,0,True
448290,2.0,2.0,0,True
2774380,8.0,5.0,1,True
549260,2.0,0.273,1,True
750290,4.0,2.0,1,True
844920,1.0,5.0,1,True
1078330,4.0,4.0,1,True
2226700,2.0,0.488,1,False
214830,1.0,2.0,1,True
303430,4.0,4.0,1,True
368180,4.0,8.0,1,True
690120,4.0,8.0,1,True
1357610,4.0,0.195,1,True
1288920,2.0,2.0,0,True
542400,1.0,0.049,1,True
555630,1.0,0.098,0,True
385710,1.0,0.029,1,True
1144440,4.0,1.0,1,True
1725340,8.0,8.0,1,True
347670,1.0,0.537,1,True
368160,0.25,2.0,0,True
601810,2.0,0.391,0,True
355630,2.0,1.0,1,True
1576130,2.0,1.0,1,True
981020,4.0,1.367,0,True
244730,2.0,2.0,1,True
1944060,2.0,1.0,1,True
250460,1.0,1.0,0,True
810500,8.0,2.0,1,True
775580,2.0,0.293,1,True
353540,2.0,0.488,0,True
1850550,4.0,11.0,1,True
1220370,4.0,4.0,1,True
250500,1.0,0.063,0,True
685240,2.0,2.0,1,True
2593850,4.0,6.0,1,True
429330,2.0,0.732,1,True
253610,1.0,0.732,1,True
1116230,4.0,10.312,0,True
906300,3.0,3.0,1,True
3184110,8.0,0.488,1,True
865930,1.0,0.146,1,True
370060,2.0,2.0,0,True
695970,3.0,1.0,1,True
705340,4.0,2.0,0,True
750990,1.0,1.66,0,True
2784620,4.0,6.0,1,True
2401460,2.0,1.0,0,True
1413970,4.0,2.0,1,True
1301950,4.0,2.0,1,True
653930,4.0,0.488,1,True
1586710,2.0,2.0,0,False
1216490,4.0,0.146,1,True
2166140,4.0,0.146,1,True
460960,0.5,0.342,0,True
272600,0.5,0.195,0,True
488770,4.0,4.0,1,True
573130,4.0,20.0,1,True
720240,4.0,2.0,1,True
1305310,1.0,1.0,1,True
2289960,8.0,2.0,0,True
612110,1.0,0.266,0,True
2635340,4.0,8.0,1,True
1058530,2.0,0.488,1,True
575970,4.0,15.0,1,True
3277480,4.0,0.586,1,True
2145810,4.0,4.0,1,True
1931940,2.0,4.0,1,True
1124830,4.0,2.0,1,True
1802720,8.0,20.0,1,True
314070,2.0,1.0,1,True
1058130,0.244,0.391,1,True
3253710,2.0,1.0,1,True
302690,0.5,1.367,0,True
1092430,6.0,6.0,1,True
438320,1.0,0.25,0,True
1597290,6.0,4.0,1,True
1293170,2.0,0.293,0,False
268540,1.0,1.758,0,True
1549550,2.0,0.293,1,True
1166990,0.004,0.098,1,True
2350310,4.0,1.0,1,True
1035560,4.0,2.0,1,True
2140850,4.0,3.0,1,True
1959350,8.0,4.0,1,True
1116210,1.0,2.0,0,True
882960,2.0,3.0,1,True
1424720,2.0,2.0,1,True
888630,4.0,5.0,1,True
2774190,4.0,35.0,1,True
541930,4.0,1.0,1,True
584990,2.0,0.488,1,True
251430,2.0,1.367,0,True
1281490,8.0,5.0,1,True
2390260,4.0,0.488,1,True
1098080,2.0,3.0,1,True
497730,2.0,5.0,1,True
1938630,2.0,2.0,0,True
230860,2.0,1.0,1,True
733300,0.049,0.195,0,True
662240,5.0,6.0,1,True
1210800,2.0,0.293,1,True
1094420,8.0,2.0,1,True
715050,1.0,0.098,0,True
245150,2.0,0.781,1,True
489170,2.0,2.0,1,True
897030,4.0,0.383,1,True
1040630,6.0,2.0,1,True
403950,1.0,2.0,1,True
888130,8.0,4.0,1,True
1056750,4.0,1.0,1,True
925470,2.0,2.0,1,True
289760,2.0,0.195,1,True
2494450,8.0,20.0,1,True
1579920,2.0,1.0,0,False
288370,4.0,5.0,1,True
391260,0.5,0.244,0,True
1100990,2.0,0.488,1,True
759440,4.0,2.0,1,True
1200230,4.0,4.0,1,True
1003360,0.5,0.293,1,True
1349060,8.0,0.635,1,True
209630,2.0,4.0,1,True
46770,1.0,2.0,0,True
2287710,2.0,5.0,1,True
1234940,4.0,1.0,1,True
336940,8.0,1.0,1,True
1075200,4.0,13.0,1,True
1066260,0.488,1.0,1,True
616740,4.0,3.0,1,True
1184820,4.0,1.0,1,True
2311820,8.0,0.488,1,True
1020730,2.0,1.0,0,True
1205040,4.0,0.85,1,True
551700,8.0,4.0,1,True
1922020,4.0,0.537,1,True
1551540,4.0,1.0,1,True
400160,2.0,0.488,1,True
919410,4.0,4.492,1,True
384360,2.0,1.0,0,True
907760,6.0,2.0,1,True
1491200,2.0,2.0,0,True
531180,4.0,2.0,1,True
453300,2.0,0.244,1,False
1815230,8.0,10.0,1,True
326950,1.0,0.293,0,True
780280,8.0,4.0,1,True
595930,1.0,0.615,0,True
545540,2.0,20.0,1,True
1376910,4.0,0.391,0,True
1506510,4.0,0.879,1,True
2092330,2.0,0.049,0,True
2095090,1.0,0.684,0,True
1700550,2.0,6.0,0,True
2688680,4.0,2.0,1,True
1383250,2.0,1.0,1,True
2246110,2.0,1.0,0,False
467820,4.0,8.0,1,True
1301620,2.0,1.0,0,False
603020,2.0,2.0,0,True
1560770,1.0,0.488,1,True
427980,1.0,1.0,0,True
358770,0.5,0.195,0,True
218060,2.0,0.83,1,True
907380,2.0,6.0,1,True
589760,4.0,2.0,1,True
80330,0.062,0.195,0,True
858100,4.0,25.0,1,True
417110,1.0,5.0,0,True
1397290,2.0,0.098,1,True
553480,4.0,2.0,1,True
235360,2.0,1.465,1,True
108500,2.0,1.5,1,True
2198680,2.0,2.0,0,True
2981590,8.0,6.0,1,True
1336160,4.0,1.0,1,True
758320,1.0,0.146,0,True
112100,0.5,0.293,1,True
395620,1.0,1.0,0,True
271970,0.25,0.293,0,True
255320,1.0,2.0,0,True
575510,1.0,0.391,0,True
2072840,0.002,0.015,1,True
94200,0.5,0.244,1,True
1584840,8.0,2.0,1,True
1553890,0.5,0.195,1,True
454140,4.0,3.0,1,True
458630,2.0,1.0,1,True
1099440,4.0,0.098,1,True
526140,8.0,1.0,1,True
401810,4.0,2.0,1,True
665120,2.0,4.0,1,True
1046820,2.0,2.0,1,True
1592540,4.0,1.0,1,True
2389570,4.0,8.0,1,True
889080,2.0,0.488,0,True
1717510,8.0,2.0,1,True
455310,1.0,3.0,0,True
951260,2.0,8.0,1,True
1666510,4.0,0.732,1,True
1463780,1.0,1.0,0,True
963000,1.0,0.488,1,True
1245810,8.0,0.5,1,True
640340,2.0,1.0,1,True
965820,0.125,0.488,0,True
1037940,4.0,16.0,1,True
1133770,2.0,2.0,1,True
652190,2.0,4.0,1,False
2720280,1.0,1.0,1,True
1037190,1.0,0.234,1,True
758080,4.0,30.0,1,True
933940,1.0,0.195,1,True
968370,4.0,1.465,1,True
447780,2.0,0.5,1,True
2050590,1.0,0.146,0,True
665370,1.0,0.039,1,True
689700,2.0,2.0,1,True
2196790,2.0,1.953,0,True
1072640,4.0,0.488,0,True
1259560,8.0,17.0,1,True
1095290,4.0,3.0,1,True
1608550,4.0,2.0,1,True
420770,2.0,0.488,0,True
1438480,4.0,8.0,1,True
2471660,8.0,3.0,1,True
313400,2.0,1.0,1,True
493720,4.0,1.465,1,True
2106810,2.0,1.0,0,True
578720,2.0,1.0,0,True
1694510,8.0,5.0,1,True
1662480,2.0,0.195,1,True
390610,0.5,0.244,0,True
1549750,4.0,2.0,1,True
780210,1.0,0.029,0,True
427470,2.0,0.488,0,True
2300920,4.0,1.0,1,True
579110,8.0,1.0,1,True
1144910,4.0,0.488,1,True
1217410,2.0,4.0,0,True
956450,2.0,0.293,0,True
895220,0.5,0.488,0,True
736570,1.0,0.098,0,True
1234180,8.0,1.0,1,True
684270,1.0,0.195,0,True
1738520,4.0,2.0,1,True
699700,6.0,4.0,1,True
2102320,4.0,4.0,1,True
1168690,8.0,8.0,1,True
352890,2.0,0.391,1,True
1565670,4.0,1.5,1,True
269490,1.0,1.0,0,True
2676180,4.0,10.0,1,True
700160,1.0,2.637,1,True
1665280,8.0,12.0,1,True
266390,1.0,0.293,0,True
428200,1.0,2.0,1,True
603530,1.0,0.586,1,True
503180,1.0,0.078,1,True
1063580,2.0,0.391,0,True
336420,2.0,2.0,1,True
549860,4.0,0.193,0,True
1006250,1.0,0.732,0,True
746940,4.0,5.0,1,True
512890,4.0,1.562,1,True
2207490,1.0,0.488,0,True
1318090,2.0,4.0,1,False
603940,1.0,0.488,1,True
2471650,4.0,1.0,1,True
1065070,12.0,6.0,1,True
603930,4.0,1.0,1,True
774091,1.0,1.0,0,True
93200,0.5,0.479,0,True
70420,0.25,0.439,1,True
3270020,8.0,2.0,1,True
1485070,4.0,10.0,1,True
233310,0.5,0.195,0,True
1339860,8.0,1.0,1,True
567080,1.0,0.5,0,True
575820,2.0,0.684,1,True
355240,1.0,0.195,1,True
551110,2.0,1.0,0,False
397390,4.0,2.0,1,True
515650,1.0,0.146,1,True
1257410,1.0,0.244,0,True
380670,5.0,4.0,1,True
1413980,4.0,2.0,1,True
244410,0.5,1.0,1,True
95300,1.5,1.0,1,True
381880,2.0,0.586,0,True
1290270,2.0,1.0,0,False
1163070,2.0,0.488,1,True
332610,0.5,0.024,0,True
1375870,2.0,0.195,0,True
1335230,4.0,6.0,1,True
589860,1.0,1.0,0,True
1369720,8.0,1.0,1,True
985430,4.0,4.0,1,True
731940,4.0,0.684,1,True
244810,2.0,1.0,1,True
938860,6.0,1.0,0,True
1378890,4.0,4.0,1,True
499890,4.0,2.0,1,True
2766940,2.0,1.0,1,False
2020860,2.0,0.293,1,True
307230,1.0,0.342,0,True
1707550,4.0,0.781,1,True
268770,0.5,2.0,1,True
284850,0.5,1.0,1,True
2951770,1.0,0.049,1,True
1071220,4.0,2.0,1,True
257120,1.0,0.293,1,True
2096510,2.0,1.0,0,False
346470,0.5,0.098,1,True
1853760,4.0,4.0,1,True
628920,2.0,0.293,0,True
2716940,4.0,1.0,1,True
1603410,1.0,0.488,0,True
2642890,2.0,1.0,1,False
564160,0.5,0.391,1,True
2761610,2.0,0.488,0,True
1139280,4.0,3.0,1,True
1279260,4.0,2.0,1,True
253290,2.0,0.244,1,True
2423300,8.0,8.0,1,True
2843640,8.0,0.098,1,True
433600,8.0,1.0,1,True
1321230,2.0,1.0,0,True
1114870,4.0,0.488,0,True
2141690,8.0,2.0,1,True
946650,2.0,0.732,1,True
293740,2.0,1.0,0,True
302080,0.25,0.293,0,True
1986840,2.0,0.195,0,True
2385140,2.0,6.0,0,True
909820,1.0,2.0,1,True
2793710,8.0,2.0,1,True
505330,2.0,2.0,1,True
105000,1.465,5.0,0,True
2734310,1.0,0.488,0,True
319450,2.0,3.0,1,True
575640,0.25,0.015,1,True
269110,2.0,0.479,1,True
1054800,2.0,1.0,1,True
1950570,2.0,4.0,0,True
2147950,4.0,2.0,1,True
629770,2.0,3.0,1,True
2206140,1.0,2.0,1,True
1898610,2.0,0.391,0,True
1125110,0.25,0.25,0,True
2593900,4.0,10.0,1,True
208600,2.0,1.0,0,False
412770,4.0,1.0,1,True
1679510,4.0,5.0,1,True
396350,2.0,0.488,0,True
365660,2.0,1.0,1,True
91200,1.0,1.0,1,True
209190,2.0,0.244,0,True
371650,4.0,13.0,1,True
1252300,2.0,0.488,1,True
529950,1.0,0.146,0,True
402530,1.0,0.293,0,True
403940,1.0,1.0,0,True
1065580,2.0,0.186,1,False
359920,2.0,3.0,1,True
412050,4.0,3.0,1,True
348240,1.0,0.195,0,True
338130,2.0,0.488,0,True
1218170,8.0,15.0,1,True
242780,2.0,7.0,1,True
1588380,2.0,0.488,1,True
1859290,2.0,1.0,1,True
1568970,4.0,5.0,1,True
1420830,1.0,0.195,1,True
539340,4.0,0.293,1,True
704910,1.953,0.586,0,True
477900,2.0,0.684,1,True
1945260,4.0,12.0,1,True
2846060,2.0,1.0,1,True
304410,2.0,0.098,0,True
916050,4.0,5.0,1,True
1808320,1.0,0.195,0,True
772430,2.0,0.508,0,True
2636420,6.0,8.0,1,True
355530,0.25,0.098,0,True
1315160,1.0,2.0,0,True
350480,2.0,0.293,1,True
1611490,4.0,4.0,1,True
366970,2.0,1.0,1,True
243220,4.0,1.465,1,True
525620,2.0,0.684,1,True
469790,2.0,0.215,0,True
304350,0.5,2.93,0,True
1072620,8.0,4.0,1,True
1068360,4.0,0.732,0,True
760800,4.0,3.0,1,True
1130620,4.0,3.0,1,True
1626890,2.0,2.0,1,True
2194790,1.0,0.488,0,True
1538900,4.0,2.0,1,True
235820,2.0,0.488,1,True
990900,2.0,2.0,0,True
1582680,4.0,0.391,1,True
668590,4.0,0.879,0,True
982270,1.0,0.146,0,True
889480,4.0,1.0,1,True
1071490,4.0,2.0,1,True
341390,0.25,0.132,1,True
1934030,8.0,1.0,1,True
279070,1.0,0.586,1,True
338800,2.0,0.635,0,True
310740,0.5,0.195,1,True
1336600,4.0,0.488,1,True
1016930,4.0,5.0,1,True
280040,2.0,0.146,0,True
1159640,0.002,0.488,1,True
426190,2.0,0.25,0,True
885140,2.0,1.0,1,True
605990,0.5,0.342,0,True
683940,3.0,0.488,1,True
1160700,2.0,0.488,1,True
1909750,8.0,2.0,1,True
320540,4.0,1.465,1,True
1237530,4.0,0.488,1,True
63710,0.5,0.098,0,True
415740,2.0,0.195,0,True
2919660,4.0,1.0,1,True
580820,2.0,1.0,0,True
221180,0.5,0.391,1,True
354680,2.0,1.0,0,True
1271740,4.0,0.146,1,True
2500,0.375,1.0,1,True
338190,1.0,0.029,1,True
416380,2.0,1.0,0,True
1488430,4.0,1.0,1,True
378750,1.0,0.684,1,True
557040,2.0,2.0,1,True
2443360,1.0,0.361,1,True
611060,4.0,4.0,1,True
1290750,4.0,0.391,1,True
1100150,1.0,0.391,0,True
2529610,8.0,2.0,0,True
2257720,2.0,3.0,0,True
1791910,8.0,15.0,1,True
248530,1.0,0.898,1,True
2343920,2.0,0.293,1,True
2531370,1.0,0.732,1,True
327310,2.0,0.488,0,True
2506580,2.0,1.562,0,False
1414000,4.0,1.0,1,True
588730,1.0,0.146,1,True
629840,4.0,10.0,1,True
410820,3.0,0.391,0,True
1077970,4.0,2.0,1,True
2856370,8.0,0.635,1,True
43190,2.0,4.0,1,True
844420,2.0,4.0,1,True
598480,2.0,2.0,1,True
239700,2.0,1.0,0,True
348950,1.0,0.342,0,True
325520,2.0,5.371,1,True
1052440,4.0,2.0,1,True
1497450,6.0,4.0,1,True
1748300,0.5,1.0,0,True
1217050,16.0,13.0,1,True
2093610,4.0,0.41,0,True
255300,2.0,2.441,0,True
2097620,4.0,1.0,1,True
2673660,2.0,0.781,1,True
1076120,8.0,0.293,1,True
1070020,4.0,2.0,1,True
258010,1.0,0.244,1,True
396860,1.0,1.0,0,True
866190,2.0,3.0,0,True
1215270,4.0,3.0,1,True
753360,2.0,2.0,1,False
444670,4.0,1.0,1,True
1551590,4.0,1.0,1,True
958740,4.0,0.293,1,True
2101130,1.0,4.0,0,True
239090,2.0,0.196,0,True
2696320,0.488,2.0,1,True
1905530,2.0,1.0,0,False
459370,2.0,0.635,1,True
814400,8.0,5.0,1,True
1151120,0.002,0.195,0,True
1146100,4.0,1.0,1,True
935930,2.0,0.586,1,True
964230,4.0,3.0,1,True
1129220,2.0,0.195,0,True
12500,0.25,0.103,1,True
380020,0.5,3.0,0,True
1163340,4.0,0.732,1,True
601220,0.25,0.034,1,True
773580,1.0,0.146,1,True
1567440,4.0,0.195,1,True
2451640,4.0,1.0,1,True
2143770,0.002,0.391,1,True
361040,0.977,1.0,1,True
511540,2.0,0.293,1,True
1251460,2.0,0.488,1,True
645690,2.0,1.0,0,True
1354910,2.0,1.0,0,True
1448610,4.0,12.0,1,True
2026870,2.0,2.0,1,True
661920,4.0,3.0,1,True
1083190,0.5,0.391,0,True
2095450,3.906,2.441,1,True
1627870,4.0,1.0,1,True
1291860,6.0,10.0,1,True
1023740,4.0,1.172,1,True
749850,2.0,0.488,0,True
629090,4.0,12.0,1,True
2943150,4.0,0.293,1,True
1892700,2.0,0.488,0,False
2148850,2.0,1.0,0,True
773090,3.0,1.465,1,True
560000,4.0,0.586,0,True
383690,2.0,0.146,0,True
638720,0.125,0.195,0,True
274480,0.25,0.195,1,True
1505560,4.0,0.195,1,True
558110,2.0,1.0,1,True
2219890,8.0,1.0,1,True
629000,4.0,2.0,1,True
603320,0.5,0.195,1,True
1646350,6.0,5.0,1,True
753230,4.0,1.0,1,True
2330500,0.391,0.176,1,True
284750,0.5,1.0,1,True
926540,4.0,5.0,1,True
661680,4.0,5.0,1,True
2157340,4.0,0.488,1,True
282010,2.0,0.234,1,True
2890890,4.0,2.0,0,True
378630,2.0,2.0,1,True
2475040,4.0,4.0,1,True
802450,4.0,5.0,1,True
3015620,0.008,1.0,0,True
595790,2.0,0.244,1,True
738650,4.0,2.0,1,True
642610,4.0,2.0,1,True
214790,4.0,1.0,1,True
277870,0.25,0.146,0,True
1340640,2.0,3.0,1,True
2376540,4.0,1.0,1,True
1859580,2.0,1.0,1,True
558450,4.0,1.465,1,True
400660,0.25,0.049,1,True
952420,4.0,2.0,1,True
1055990,2.0,2.0,1,True
1342040,4.0,1.0,1,True
748040,0.125,1.0,1,True
1599880,1.0,2.0,0,True
1149710,2.0,0.488,0,True
1682410,4.0,5.0,0,True
1322290,2.0,1.0,0,True
939790,0.5,0.684,0,True
1185160,4.0,4.0,1,True
1120400,4.0,0.488,1,True
654850,1.0,1.0,1,True
440640,1.0,3.0,1,True
508900,0.25,0.017,1,True
453270,1.0,0.195,1,True
2154650,4.0,0.977,1,True
541230,2.0,0.488,1,True
685400,1.0,0.195,1,True
673600,8.0,6.0,1,True
1189230,4.0,1.0,0,True
337490,4.0,0.391,1,True
2307300,4.0,1.0,1,True
1247360,4.0,2.0,0,True
1454540,4.0,1.0,1,True
260160,2.0,2.0,1,True
1078200,1.0,0.293,1,True
1065100,1.0,2.0,0,True
1459010,4.0,0.928,0,True
1647190,0.004,0.195,0,True
779330,1.0,1.0,1,True
1608590,3.0,1.465,1,True
2194610,4.0,3.0,1,True
2085360,2.0,2.0,0,True
1920100,8.0,15.0,1,True
1528810,8.0,10.0,1,True
1822240,8.0,8.0,1,True
575010,1.0,0.293,0,True
924650,1.0,0.586,0,True
1094320,4.0,0.488,1,True
441440,0.5,1.0,0,True
405550,2.0,0.195,1,True
1787960,8.0,5.0,1,True
1035610,4.0,0.488,0,True
460630,2.0,1.0,0,True
1252240,1.953,0.488,1,True
304910,0.5,0.781,1,True
1256060,4.0,3.0,1,True
622460,4.0,1.0,1,True
1107300,2.0,1.0,0,True
1376760,6.0,6.0,1,True
1802860,4.0,2.0,1,True
1066180,4.0,6.0,1,True
1084790,4.0,0.404,1,True
1878070,4.0,0.244,1,True
1932570,1.0,0.898,1,True
2307220,8.0,1.0,0,True
952290,2.0,0.391,1,True
428080,8.0,0.488,1,True
205730,1.0,2.0,1,True
1058380,4.0,3.0,1,True
2918410,8.0,4.0,1,True
985260,8.0,10.0,1,True
694370,2.0,0.781,0,True
1161880,4.0,6.0,1,True
261700,0.5,0.195,1,True
994020,1.0,0.488,1,True
1641450,4.0,4.0,1,True
1329360,2.0,0.293,1,True
955870,4.0,2.0,0,True
282030,0.5,1.0,1,True
2430730,4.0,8.0,1,True
723270,3.0,1.172,1,True
1015800,4.0,1.0,1,True
1597580,4.0,4.189,1,True
2077400,2.0,2.0,0,False
496930,1.0,0.781,0,True
1202280,4.0,0.195,0,True
332380,0.125,0.098,0,True
366780,1.0,2.0,0,True
893030,1.0,0.195,0,True
317320,2.0,6.0,1,True
1162960,0.004,0.488,1,True
839870,1.0,0.098,1,True
1662570,8.0,20.0,1,True
812160,4.0,2.441,1,True
331510,1.0,1.0,1,True
1859270,8.0,1.0,1,True
418120,1.0,0.244,1,True
788050,1.0,1.0,0,True
408520,8.0,3.0,1,True
1331910,8.0,6.0,1,True
3019370,2.0,1.0,0,False
364230,2.0,0.391,1,True
466810,0.5,0.293,0,True
2112680,4.0,1.0,1,True
1585540,4.0,0.293,1,True
1736360,4.0,1.0,1,True
941300,4.0,4.0,1,True
399640,1.0,0.195,1,True
2215650,4.0,4.0,1,True
1303740,2.0,0.488,1,False
382090,4.0,2.0,0,True
764510,0.5,0.391,1,True
285820,3.0,3.0,1,True
1080010,4.0,2.0,1,True
270490,2.0,0.342,0,True
458580,8.0,10.0,1,True
818210,2.0,0.146,1,True
1444300,8.0,3.0,1,True
789740,2.0,1.0,0,True
1269500,2.0,2.0,1,False
2864890,4.0,0.684,0,True
1448030,2.0,0.244,0,False
284260,1.0,0.586,1,True
1126270,8.0,2.0,1,True
295690,2.0,0.098,0,True
408960,0.5,0.342,1,True
656590,4.0,0.684,0,True
679490,1.0,0.488,0,True
1574250,4.0,2.0,1,True
262470,2.0,2.0,1,True
2439620,4.0,1.0,1,True
91100,1.0,1.0,1,True
1436920,6.0,6.0,1,True
1410980,4.0,1.0,1,True
279800,0.5,1.0,1,True
1211930,4.0,5.0,1,True
2089830,5.0,3.0,1,True
359350,2.0,4.0,1,True
2229350,4.0,13.0,1,True
464260,1.0,0.391,1,True
3095170,2.0,4.0,0,True
520010,2.0,0.488,1,False
603700,2.0,6.0,0,True
2420640,4.0,2.0,1,True
840100,2.0,0.293,1,False
1205900,2.0,1.0,1,True
2414750,4.0,1.0,1,True
1882040,4.0,1.0,1,True
2723520,2.0,1.0,1,True
253690,2.0,1.0,1,True
207750,2.0,0.488,0,True
998220,4.0,2.0,0,True
482300,4.0,6.0,1,True
2917350,1.0,0.488,0,True
1906020,16.0,5.0,1,True
1548820,1.0,0.488,1,True
1171320,1.0,0.488,1,True
2377410,4.0,1.0,1,True
653950,0.002,2.0,0,True
2303810,4.0,1.0,1,True
331720,1.0,1.0,1,True
654220,4.0,0.439,0,True
1583850,1.0,1.0,1,True
311250,2.0,2.0,1,True
2346500,4.0,1.0,1,True
1007800,4.0,2.0,1,True
330770,2.0,2.0,1,True
341950,0.5,0.342,0,True
706560,1.0,0.293,0,True
506510,2.0,0.732,1,True
3081830,1.0,0.146,0,True
1328920,4.0,0.586,1,True
345200,0.5,0.029,0,True
262190,2.0,3.0,0,True
691160,8.0,2.0,1,True
891170,2.0,1.0,0,False
374060,2.0,4.0,1,True
2522520,8.0,6.0,1,True
394700,1.0,2.0,1,True
2818450,4.0,3.0,1,True
576400,2.0,2.0,0,True
880580,0.5,0.098,0,True
302810,2.0,4.0,1,True
411760,2.0,0.391,0,True
857950,4.0,4.0,1,True
252010,0.5,0.098,1,True
2216360,4.0,1.0,0,True
2331070,2.0,5.0,1,True
696140,0.002,2.0,0,True
1065020,0.5,0.023,0,True
2333510,4.0,4.0,1,True
2858370,16.0,15.0,1,True
2249830,2.0,4.46,0,False
115110,1.0,1.5,1,True
1311570,4.0,1.0,1,True
1611420,8.0,3.0,1,True
1944910,3.0,1.0,1,True
1424980,4.0,1.0,0,True
1083790,1.0,4.0,0,True
316600,1.0,1.0,1,True
1393320,8.0,10.0,1,True
977390,4.0,8.0,1,True
502720,3.0,1.0,1,True
207080,0.5,4.0,0,True
1183030,8.0,5.0,1,True
298280,2.0,0.488,1,False
2423620,1.0,0.488,0,True
1363210,1.0,1.0,1,True
908070,1.0,0.391,1,True
1671510,4.0,2.0,1,True
1224030,2.0,1.0,1,True
2097720,1.0,0.342,0,True
658590,2.0,0.586,0,True
532320,4.0,10.0,1,True
3228180,2.0,1.0,0,True
55040,0.5,0.059,0,True
1812560,4.0,12.0,1,True
318650,0.5,1.0,0,True
265830,2.0,5.0,0,True
470270,2.0,0.391,1,True
959000,4.0,3.418,1,True
2225610,4.0,7.0,1,True
1231460,2.0,2.0,1,True
1210550,2.0,1.0,0,False
1060600,4.0,1.0,1,True
2638100,2.0,2.0,0,True
672590,4.0,3.0,1,True
280540,4.0,0.342,1,True
2142450,12.0,8.0,1,True
1551570,4.0,0.488,1,True
1949000,4.0,0.586,0,True
2891120,2.0,1.0,1,True
241620,0.5,2.246,1,True
257670,1.0,2.0,1,True
2061150,8.0,4.0,1,True
2311990,4.0,0.684,0,True
851950,2.0,2.0,1,True
1611580,4.0,2.0,1,True
212030,1.0,3.0,1,True
2000210,4.0,5.0,1,True
2384920,2.0,2.0,0,True
354740,0.25,0.293,0,True
811070,4.0,1.0,0,True
1542390,3.0,8.0,0,True
552460,6.0,10.0,1,True
1421760,2.0,0.244,0,True
2961330,1.0,2.0,0,True
811270,2.0,4.0,1,True
610750,1.0,1.0,0,True
942270,2.0,0.391,0,True
2062210,1.0,2.715,1,True
619210,2.0,0.156,1,True
834150,1.0,0.316,1,True
356530,0.25,0.244,0,True
717310,2.0,0.098,1,True
8400,0.5,1.0,0,True
207530,0.488,0.015,0,True
1097620,8.0,2.0,1,True
538840,2.0,0.488,1,True
1793800,8.0,5.0,1,True
810670,2.0,1.0,0,True
896750,2.0,1.0,1,True
18040,1.0,1.0,1,True
1218890,4.0,0.195,0,True
562250,4.0,6.0,0,True
555290,1.0,0.488,1,True
63000,2.0,0.61,1,True
1262640,8.0,1.0,1,True
248510,0.5,0.342,1,True
1917450,4.0,2.0,0,True
251490,2.0,2.0,1,True
437530,1.0,0.439,0,True
1520060,4.0,0.293,1,True
385330,0.5,0.195,0,True
1523260,4.0,4.0,1,True
556240,1.0,0.195,0,True
290260,0.5,0.098,0,True
385240,0.5,0.098,0,True
2564860,1.0,0.195,0,True
661940,3.0,2.0,1,True
726000,2.0,2.0,1,True
2151580,1.0,0.391,0,True
527710,2.0,0.586,0,True
761700,1.0,4.0,0,True
1827950,4.0,1.0,0,True
26900,0.5,0.049,0,True
383580,2.0,0.02,0,False
891360,8.0,4.0,1,True
896030,1.0,5.0,1,True
2951340,8.0,1.0,1,True
948960,4.0,2.0,1,True
2530950,8.0,3.0,1,True
2179380,1.0,0.031,0,True
543140,2.0,0.488,1,True
406870,0.5,1.0,1,True
412670,2.0,0.195,0,True
296550,2.0,3.0,1,True
856890,2.0,1.0,1,False
1748610,2.0,1.0,0,True
235980,1.0,0.586,0,True
1747330,8.0,1.0,1,True
851280,2.0,3.0,1,True
872750,0.062,2.0,0,True
272330,1.0,0.879,0,True
629440,1.953,1.5,0,True
329830,2.0,1.0,1,False
788210,1.0,0.488,1,True
1403740,2.0,0.586,1,True
292600,1.0,0.195,0,True
992740,2.0,4.0,0,True
314450,1.0,0.537,1,True
820610,2.0,2.0,1,True
519080,4.0,1.0,1,True
2675290,8.0,3.0,1,True
290970,0.5,0.073,0,True
575940,4.0,1.953,1,True
471920,1.0,0.195,1,True
916900,2.0,2.0,1,True
1422540,2.0,1.0,0,True
1182420,4.0,8.0,1,True
251630,2.0,0.146,0,True
279160,0.5,0.063,0,True
1083820,8.0,2.0,1,True
1694960,2.0,1.0,1,True
2348090,2.0,0.195,0,True
435300,2.0,1.0,0,True
632020,1.0,0.244,0,True
2569170,4.0,5.0,1,True
2677310,4.0,0.088,0,True
785880,2.0,0.195,1,True
1057540,2.0,2.0,1,True
1124560,3.0,1.0,0,True
2994810,1.0,0.527,0,True
464960,0.5,0.098,0,True
931000,4.0,2.0,1,True
2274110,2.0,0.098,0,True
271820,1.0,1.0,0,True
596000,6.0,8.0,1,True
2949580,16.0,5.0,1,True
1827450,2.0,2.0,0,True
956140,4.0,3.0,1,True
311870,0.5,0.191,0,True
2216660,1.0,0.488,0,True
1047220,1.0,0.488,1,True
1074610,4.0,1.0,1,True
985400,4.0,1.0,1,True
445040,1.0,0.488,0,True
1040550,4.0,0.146,0,True
867960,4.0,3.0,1,True
80200,2.0,1.0,1,True
857180,8.0,2.0,1,True
2803810,8.0,35.0,1,True
1554600,4.0,2.0,1,True
2303320,4.0,1.0,1,True
498190,1.0,0.098,0,True
3250980,2.0,2.0,1,False
407320,0.488,0.195,0,True
2130680,4.0,2.0,0,True
387060,1.0,0.188,1,True
341040,2.0,0.732,1,True
2235150,4.0,4.0,1,True
2354600,8.0,1.0,1,True
460780,0.5,0.488,0,True
398030,0.5,0.596,0,True
1620720,4.0,2.0,1,True
290510,2.0,2.0,1,True
2322180,4.0,0.488,0,True
706960,0.977,0.146,1,True
1569810,4.0,4.0,0,True
263400,0.5,2.0,0,True
1983220,4.0,11.0,1,True
443450,3.0,4.0,1,True
1604800,2.0,3.0,0,True
3376760,8.0,2.734,1,True
568320,0.25,0.075,0,True
950300,2.0,0.195,0,True
272040,0.5,1.0,0,True
339570,1.0,2.0,1,True
1345860,2.0,0.043,0,True
1631210,8.0,10.0,1,True
362090,0.5,0.039,0,True
555640,2.0,1.0,0,True
1404660,6.0,4.0,1,True
1531490,4.0,4.0,1,True
1033080,4.0,1.0,1,True
2060590,2.0,0.488,0,True
346180,2.0,0.02,0,True
1269820,4.0,0.488,1,True
1040510,4.0,1.0,1,True
284830,0.5,1.0,1,True
1163910,1.0,4.0,1,True
263320,1.0,0.781,0,True
334190,4.0,4.0,1,True
851670,4.0,2.0,1,True
605830,8.0,3.0,1,True
1119710,4.0,0.488,1,True
2551290,4.0,1.0,1,True
3011440,8.0,2.0,1,True
2704140,4.0,1.0,0,True
914890,2.0,4.883,1,True
1156360,4.0,1.0,1,True
1272070,4.0,4.0,1,True
1266100,2.0,1.0,0,False
1980350,4.0,1.0,1,True
516430,1.0,0.403,0,True
63500,0.25,0.293,1,True
446380,4.0,0.488,0,True
2449530,8.0,2.0,1,True
377080,1.0,0.293,1,True
3037180,16.0,40.0,1,True
1416240,2.0,1.0,1,True
441280,0.25,0.244,0,True
1500,4.0,1.0,1,True
1254670,4.0,1.0,1,True
1419480,2.0,0.898,1,True
1337890,2.0,0.586,1,True
460340,1.0,0.257,1,True
2544570,8.0,10.0,1,True
359440,2.0,0.029,0,False
338310,3.0,5.0,1,True
1258590,4.0,10.0,1,True
1198740,4.0,15.0,1,True
481180,1.0,0.293,0,True
1109360,4.0,0.977,0,True
375210,2.0,0.488,1,True
1504740,8.0,5.0,1,True
673850,0.25,3.0,0,True
943410,2.0,0.635,0,True
655730,4.0,2.0,1,True
1398910,4.0,20.0,1,True
1212410,8.0,3.0,1,True
742520,4.0,2.0,0,True
485690,0.5,2.0,0,True
475960,2.0,0.488,0,True
365350,0.5,0.488,0,True
628800,0.5,0.171,0,True
550310,4.0,2.0,1,True
1449230,4.0,2.0,1,True
1248840,3.0,1.0,1,True
435790,2.0,0.342,1,True
403180,2.0,0.391,0,True
1907000,2.0,0.195,0,True
1039280,2.0,0.488,1,True
1142480,2.0,1.0,0,True
1752150,1.0,3.125,1,True
2118370,4.0,1.0,1,True
2191480,1.0,0.244,0,True
2775050,4.0,2.0,1,True
1476340,1.0,0.25,0,True
603400,2.0,0.684,1,True
1840490,2.0,0.586,0,True
357940,2.0,0.195,0,True
585550,0.5,0.098,0,True
445420,0.5,2.0,0,True
1559760,4.0,2.0,1,True
2757720,2.0,1.0,0,False
384680,0.5,0.5,1,True
2058340,4.0,2.0,1,True
2329130,4.0,0.391,1,True
1210030,4.0,3.0,0,True
319850,1.0,1.0,0,True
2862710,4.0,1.0,1,True
1281270,4.0,1.0,0,True
1456880,2.0,1.0,1,True
755470,4.0,1.0,1,True
1276740,4.0,8.0,1,True
2336440,8.0,15.0,1,True
1211960,4.0,1.953,1,True
1198400,1.0,1.0,1,True
467400,2.0,1.0,1,False
911550,0.5,0.488,1,True
802730,6.0,2.0,1,True
2455370,8.0,12.0,1,True
442210,2.0,0.195,1,True
1083310,2.0,0.732,1,True
1110890,4.0,1.074,1,True
2602760,4.0,1.0,1,True
1664670,2.0,0.195,1,True
1342890,0.5,0.488,0,True
618140,2.0,2.0,1,True
978870,1.0,3.488,1,True
658690,2.0,2.0,0,True
658780,0.25,0.293,0,True
1079210,8.0,12.0,1,True
1687550,1.0,0.098,0,True
366690,0.5,0.122,1,True
588710,1.0,1.0,1,True
1583240,2.0,1.0,1,True
1742360,1.0,1.0,0,True
299400,4.0,9.0,1,True
779430,1.0,1.0,0,True
2431100,4.0,2.0,1,True
463210,1.0,0.093,0,True
654100,2.0,1.0,1,True
396660,4.0,4.0,1,True
587580,0.016,1.172,1,True
357720,4.0,0.879,1,True
2355140,0.502,1.0,1,True
1555400,4.0,1.0,1,True
349250,0.5,0.293,0,True
220460,2.0,0.195,0,True
341550,0.5,0.098,1,True
1164000,2.0,2.0,0,True
1107370,2.0,1.0,0,True
360450,0.5,0.158,0,True
2985930,16.0,6.0,1,True
1925090,8.0,10.0,1,True
858630,2.0,0.244,1,True
742480,2.0,1.0,0,False
396090,0.5,1.172,0,True
665330,2.0,0.059,0,True
696530,6.0,3.0,1,True
1185520,1.0,1.0,1,True
415170,2.0,0.195,0,True
352370,2.0,1.0,0,True
463980,2.0,1.0,1,True
739190,2.0,1.758,1,True
1168490,8.0,11.0,1,True
470300,2.0,2.0,0,True
1837220,6.0,1.0,1,True
598490,2.0,0.488,0,True
503460,1.0,0.293,1,True
488760,4.0,2.0,1,True
720150,2.0,0.488,1,True
437080,4.0,4.0,1,True
277460,0.25,0.488,1,True
2224030,8.0,1.0,1,True
1422430,4.0,1.0,1,True
863900,2.0,1.0,0,True
1122700,4.0,2.0,1,True
20820,0.5,0.244,1,True
785840,2.0,0.488,0,True
1490060,8.0,0.586,1,True
881560,2.0,1.0,1,True
2964280,4.0,0.342,1,True
2207440,2.0,3.0,0,True
928440,4.0,1.0,1,True
1530140,2.0,0.293,0,True
316840,2.0,1.0,1,False
587180,4.0,8.0,1,True
2341680,0.004,16.0,1,True
908790,2.0,4.0,1,True
1237040,0.5,0.586,0,True
1536980,1.0,1.0,1,True
302060,1.0,0.879,1,True
1811740,2.0,0.293,1,True
748020,4.0,3.0,0,True
411980,4.0,3.0,1,True
204180,0.5,0.645,1,True
841600,1.0,1.172,0,True
1147890,8.0,0.488,1,True
2404170,1.0,2.0,1,True
1607040,1.0,0.684,1,True
1627840,4.0,1.0,1,True
1902300,4.0,1.0,1,True
263360,2.0,0.098,0,True
489260,4.0,2.0,1,True
1921780,1.0,0.244,0,True
281750,0.5,2.0,0,True
294000,1.0,0.293,0,True
1939940,2.0,0.586,0,True
787040,4.0,2.0,1,True
556640,8.0,6.0,1,True
386690,8.0,0.732,1,True
937960,8.0,8.0,1,True
361230,4.0,8.0,0,True
827610,8.0,2.0,1,True
1617270,8.0,3.0,1,True
314320,0.977,0.146,0,True
404180,1.0,0.488,0,True
976010,0.5,0.271,1,True
1955330,0.002,0.488,0,True
2079180,4.0,0.567,0,True
3073580,4.0,10.0,1,True
297060,1.0,0.205,0,True
664180,1.0,0.195,1,True
1863750,2.0,0.215,0,False
676830,4.0,0.195,0,True
1737070,4.0,1.0,0,True
670930,2.0,0.781,1,True
1048740,2.0,2.0,1,True
1965190,2.0,4.0,0,True
644550,0.5,1.0,1,True
1454730,4.0,1.0,1,True
2050510,8.0,1.0,1,True
824850,4.0,3.0,1,True
402060,4.0,2.0,0,True
976920,8.0,15.0,1,True
1394130,4.0,1.0,1,True
1374230,4.0,2.0,1,True
1334840,2.0,5.0,1,True
817510,2.0,0.195,1,True
778610,2.0,0.098,1,True
2012440,2.0,1.0,0,False
252130,2.0,0.25,0,True
1449330,4.0,1.0,0,True
1918540,1.0,0.244,0,True
2864210,0.5,0.215,1,True
908050,2.0,1.0,1,True
1094930,2.0,1.0,0,True
844040,8.0,4.395,1,True
1919740,2.0,2.0,0,True
2572560,2.0,5.0,1,False
586880,0.125,0.02,1,True
1859370,1.0,0.244,0,True
1534180,3.906,0.586,1,True
617440,4.0,1.0,1,True
622670,4.0,0.5,0,True
1043240,1.0,0.488,0,True
821560,2.0,3.0,0,True
445110,0.5,0.029,0,True
252310,2.0,1.0,1,True
960190,2.0,0.391,0,False
682480,0.5,1.0,1,True
673260,2.0,0.146,1,True
2328710,4.0,4.0,1,True
2904890,8.0,8.0,1,True
278930,0.5,0.5,1,True
377950,0.5,0.342,1,True
470780,4.0,3.0,1,True
251830,2.0,2.0,1,True
288930,0.5,0.195,1,True
565690,1.0,0.293,0,True
635850,2.0,0.586,0,True
2897240,8.0,0.5,1,True
533480,3.0,0.391,0,True
1346980,4.0,2.0,1,True
284710,0.5,1.0,1,True
526490,0.5,0.488,0,True
412520,2.0,1.172,0,True
2712580,2.0,1.0,1,True
1804270,4.0,2.0,1,True
2251010,1.0,2.0,0,True
1235110,8.0,3.0,0,True
2581750,8.0,2.0,1,True
1710670,16.0,1.0,1,True
1551520,4.0,1.0,1,True
1306620,4.0,3.0,1,True
2243920,2.0,1.0,1,True
344860,1.0,1.0,0,True
510840,4.0,7.0,1,True
263860,2.0,0.488,1,True
319140,0.5,0.195,1,True
2476100,2.0,5.0,1,True
1671280,6.0,8.0,1,True
3052500,1.0,0.586,0,True
341310,0.5,0.244,0,True
313020,1.0,0.293,0,True
1933700,2.0,0.244,1,False
2795310,8.0,0.684,1,True
737890,2.0,1.0,1,True
970600,1.0,2.0,1,True
1518810,0.098,0.293,0,True
878420,4.0,2.0,1,True
342300,2.0,0.029,1,True
265990,4.0,0.195,1,True
2300300,4.0,1.0,1,True
2934190,4.0,1.5,0,True
1043230,1.0,0.586,0,True
2322900,4.0,4.0,1,True
630870,2.0,2.0,0,False
1138410,4.0,1.0,1,True
2421350,4.0,3.0,1,True
1153210,8.0,8.0,1,True
1332990,2.0,1.0,0,True
303590,0.5,0.195,1,True
1336120,4.0,0.391,0,True
1727180,8.0,2.0,1,True
2507400,8.0,3.0,1,True
428350,4.0,0.928,1,True
367110,0.062,1.0,0,True
1848710,2.0,4.0,0,True
335790,2.0,0.488,1,True
618710,0.125,2.5,0,True
857080,1.0,0.342,1,True
72000,0.5,0.5,1,True
380810,2.0,3.0,1,True
1124060,0.5,0.342,0,True
2206320,16.0,5.0,1,True
1502110,0.004,0.488,1,True
2935700,2.0,1.0,0,True
2749270,8.0,0.488,1,True
812870,4.0,6.0,0,True
777200,2.0,1.0,0,True
317370,1.0,0.469,1,True
1054700,6.0,8.0,1,True
1163740,0.5,0.029,1,True
2786100,4.0,2.0,1,True
1772060,11.0,6.0,1,True
1698350,4.0,0.293,1,True
332250,2.0,0.488,1,True
773430,2.0,9.0,1,True
693960,8.0,10.0,1,True
1233530,2.0,2.0,0,False
287960,0.5,0.566,0,True
1478030,2.0,1.0,1,True
1881120,8.0,6.0,1,True
693940,2.0,0.977,0,False
1028730,4.0,0.439,1,True
1015750,4.0,2.0,1,True
406860,8.0,3.0,1,True
303550,2.0,0.537,1,True
1684400,8.0,20.0,1,True
311480,0.25,0.039,1,True
264300,1.0,1.4,1,True
1609010,0.5,2.0,0,True
359040,1.0,0.586,1,True
2442020,4.0,0.293,1,True
615010,2.0,0.488,1,True
2579280,8.0,3.0,1,True
974910,0.5,0.195,0,True
1015940,4.0,2.0,1,True
494170,2.0,4.0,0,True
1800790,8.0,18.0,1,True
345080,2.0,1.172,1,True
1016860,8.0,20.0,1,True
255280,3.0,6.0,1,True
257790,2.0,0.244,1,True
1036580,1.0,2.0,1,True
862480,2.0,2.0,1,True
388900,4.0,0.342,1,True
2136820,0.488,0.781,1,True
735350,8.0,7.0,1,True
1259640,2.0,0.635,0,True
1296510,8.0,20.0,1,True
283080,1.0,0.098,0,True
435360,0.5,0.488,1,True
915230,8.0,2.0,1,True
3107900,8.0,4.0,1,True
340360,1.0,0.195,0,True
278420,2.0,1.0,0,True
1842690,1.0,0.244,0,True
434020,1.0,0.195,1,True
3347670,8.0,0.488,0,True
3162110,4.0,1.0,1,True
1405660,0.004,3.418,1,True
1687960,8.0,2.0,1,True
2331130,6.0,6.0,1,True
1096100,4.0,1.0,0,True
407290,0.5,0.098,0,True
1755580,4.0,1.0,1,True
269270,1.0,0.234,0,True
1979570,2.0,4.0,0,True
443650,4.0,8.0,1,True
1383640,4.0,5.0,1,True
2152740,4.0,1.0,0,True
521340,0.5,0.195,0,True
1708770,0.004,1.0,1,True
2321880,6.0,10.0,1,True
296010,2.0,0.439,1,True
710610,2.0,0.244,1,True
1037120,4.0,4.0,1,True
1788170,4.0,4.0,1,True
420550,2.0,1.0,1,True
737710,1.0,3.2,0,True
327260,1.0,0.488,0,True
1390010,4.0,0.098,0,True
371430,2.0,0.195,1,True
1506260,1.0,1.0,1,True
591000,2.0,1.172,0,True
1550840,0.5,0.195,1,True
1334000,0.25,0.054,1,True
1810670,8.0,14.0,0,True
1187510,4.0,5.0,1,True
284890,0.5,1.0,1,True
500670,2.0,0.488,1,True
2870710,4.0,9.0,1,True
753220,2.0,2.0,1,True
1187130,2.0,0.195,1,True
1446480,2.0,1.611,0,True
1341160,16.0,10.0,1,True
1024160,4.0,4.0,1,True
2933180,2.0,80.0,1,False
612370,4.0,0.635,1,True
80340,0.062,0.195,0,True
831770,2.0,0.176,0,True
2752720,4.0,5.0,1,True
317940,2.0,4.0,1,True
286360,1.0,2.0,1,True
33180,0.5,1.5,0,True
25010,0.5,0.039,1,True
2083840,4.0,2.0,1,True
369550,2.0,0.488,1,True
573080,2.0,2.0,1,True
1051960,2.0,0.586,1,True
2736020,8.0,15.0,1,True
3034340,4.0,2.0,0,True
742460,2.0,2.0,1,True
1088870,4.0,0.488,0,True
799070,0.25,0.02,1,True
1162280,4.0,3.0,1,True
1026160,3.0,0.684,0,True
266230,1.0,0.879,0,True
363330,0.5,1.0,1,True
1075170,4.0,3.0,1,True
247140,0.5,0.391,0,True
879050,8.0,1.465,1,True
1099500,8.0,3.0,1,True
325060,0.5,0.146,0,True
403780,1.0,0.146,0,True
1590660,2.0,0.078,1,True
1229890,2.0,1.0,1,False
611040,2.0,0.156,0,True
1718160,1.0,0.781,1,True
2083240,4.0,1.0,1,True
363460,2.0,0.195,1,True
410840,1.0,0.732,1,True
1087720,4.0,0.156,0,True
2976400,4.0,8.0,1,True
1131930,4.0,1.0,0,True
371550,1.0,0.066,1,True
1347450,6.0,1.0,1,True
961510,1.0,0.098,1,True
396310,4.0,2.0,1,True
1180130,2.0,0.488,0,True
790360,4.0,9.0,1,True
753660,2.0,3.0,0,True
399140,1.0,0.098,1,True
1092000,0.002,1.66,0,True
1249130,2.0,0.391,0,True
2706450,2.0,0.586,0,True
965600,2.0,1.0,1,True
1141120,5.0,5.0,1,True
263880,1.0,0.137,1,True
1508270,4.0,2.0,1,True
951570,8.0,10.0,1,True
1138960,2.0,2.0,1,True
1249060,2.0,0.195,0,True
979480,1.0,2.344,1,True
1336380,4.0,2.149,1,True
655770,0.5,0.488,0,True
1470390,4.0,3.0,1,True
890970,8.0,6.0,1,True
1386620,2.0,1.0,0,True
454220,2.0,1.0,1,True
3339830,3.0,0.488,1,True
429780,6.0,8.0,1,True
561080,4.0,0.781,1,True
2693730,2.0,3.0,1,True
346090,0.5,0.117,0,True
397500,0.5,0.244,0,True
1180270,4.0,1.0,1,True
3034520,8.0,0.488,1,True
1578990,4.0,2.0,0,True
1466230,2.0,2.0,1,False
1169520,2.0,10.0,1,True
800120,1.0,0.488,1,True
227580,1.0,0.049,0,True
761170,0.5,0.146,0,True
612740,8.0,2.0,1,True
453290,2.0,0.195,1,False
1189780,0.488,0.117,0,True
427860,0.5,0.488,0,True
329380,3.0,0.4,1,True
416190,1.0,0.488,1,True
1397650,8.0,3.0,1,True
1111450,0.5,1.0,0,True
2658080,4.0,2.0,1,True
1316560,4.0,0.586,1,True
269710,1.0,1.0,1,True
405670,1.0,2.0,1,True
1064310,4.0,6.0,0,True
369700,4.0,1.0,1,True
1114130,4.0,0.195,1,True
252970,4.0,1.0,1,True
542770,4.0,1.0,1,True
655480,0.5,0.391,0,True
274250,2.0,0.293,1,True
389650,2.0,1.0,1,True
1208600,0.004,0.488,1,True
1146940,4.0,6.0,1,True
2288080,4.0,1.0,1,True
251210,0.5,0.293,0,True
497800,4.0,0.488,0,True
1826060,4.0,2.0,1,True
680480,0.977,1.465,0,True
1100160,1.0,0.439,0,True
876850,2.0,1.0,0,True
686770,2.0,4.395,1,True
1290350,2.0,1.0,0,False
2530420,4.0,5.0,1,True
2788310,8.0,2.0,1,True
1181400,4.0,0.398,1,True
1056180,4.0,0.059,1,True
1342100,4.0,1.0,1,True
882680,4.0,2.0,1,True
339130,2.0,0.543,1,True
353090,1.0,0.215,0,True
1540570,4.0,0.098,1,True
1812210,4.0,2.0,1,True
1045840,8.0,9.0,1,True
2207970,4.0,4.0,1,True
675490,4.0,0.244,0,True
33680,0.062,0.02,0,True
3158260,8.0,5.0,1,True
1557410,4.0,2.0,1,True
659480,8.0,7.0,1,True
2201230,4.0,1.0,1,True
246960,2.0,3.0,1,True
2222540,8.0,2.0,1,True
1034850,2.0,4.0,0,True
293440,1.0,0.269,1,True
252750,0.5,1.172,1,True
290040,1.0,0.488,0,True
1491510,2.0,1.0,0,True
1229260,8.0,2.0,0,True
3044100,2.0,0.342,1,True
375320,2.0,1.0,1,True
1157940,16.0,35.0,1,True
734510,4.0,5.0,0,True
299660,2.0,0.146,0,True
875930,2.0,0.488,0,True
1469620,2.0,0.439,0,True
418070,2.0,0.044,0,False
306550,2.0,0.342,1,True
2672060,2.0,2.0,0,True
1076230,2.0,1.0,1,True
525640,16.0,10.0,1,True
1979320,4.0,4.0,1,True
287840,2.0,0.391,1,True
1054950,4.0,14.0,1,True
306700,2.0,0.098,0,True
1034750,4.0,1.0,1,True
1038280,2.0,0.488,1,True
2914470,4.0,1.0,1,True
1487680,4.0,1.0,0,True
334850,2.0,0.488,0,True
1643850,8.0,9.0,1,True
2168450,1.0,0.293,1,True
618950,2.0,0.5,1,True
357300,2.0,0.42,0,True
1432390,1.953,2.93,1,True
398980,2.0,0.391,0,True
300630,2.0,0.586,1,True
1243220,2.0,0.391,1,True
1486440,4.0,0.078,0,True
369560,2.0,0.342,0,True
1720090,8.0,4.0,1,True
2281360,4.0,1.0,1,True
568750,0.509,1.0,1,True
1054710,2.0,0.098,1,True
1840790,4.0,5.0,1,True
214550,1.0,0.342,1,True
800200,8.0,10.0,1,True
1205170,2.0,1.0,1,True
762490,8.0,9.0,1,True
617820,1.0,0.781,0,True
259410,0.5,0.488,0,True
1019920,2.0,2.0,1,True
260330,4.0,8.0,1,True
1551560,4.0,1.0,1,True
646600,2.0,4.0,0,True
35480,1.0,0.244,0,True
1878740,3.0,0.684,1,True
1106060,4.0,3.0,0,True
2359170,4.0,0.244,1,True
301920,0.5,1.0,0,True
1300270,2.0,0.488,0,False
2913040,4.0,10.0,1,True
331920,0.031,0.586,0,True
107300,1.0,0.195,0,True
913160,1.0,3.0,0,True
362860,2.0,3.0,1,True
2666590,8.0,2.0,0,True
458480,0.5,1.0,1,True
236930,0.062,0.342,0,True
299460,1.0,0.176,1,True
347440,4.0,12.0,1,True
516130,4.0,3.0,1,True
345480,4.0,4.0,1,True
504800,1.0,0.488,0,True
749890,0.001,0.195,0,True
547910,8.0,4.0,1,True
25700,0.75,0.488,1,True
1649630,4.0,0.967,1,True
2120310,0.008,1.0,1,True
1250440,2.0,0.508,0,False
3198540,2.0,0.02,0,False
632800,1.0,1.562,0,True
1272580,1.0,2.0,1,True
987480,4.0,4.0,1,True
1503850,8.0,2.0,1,True
324710,2.0,1.0,0,True
724470,1.0,0.5,1,True
462680,2.0,0.146,0,True
427810,2.0,2.0,1,True
862740,2.0,1.0,1,True
734920,2.0,1.0,1,True
645090,0.25,0.024,1,True
1220100,8.0,2.0,1,True
588440,2.441,3.906,0,True
1611350,4.0,3.0,1,True
1538850,2.0,1.0,1,False
869840,0.5,0.098,1,True
1175200,4.0,4.0,1,True
1084480,2.0,1.0,0,True
1227400,4.0,0.488,1,True
2429890,4.0,1.0,1,True
3080380,2.0,4.0,1,True
1240550,4.0,0.195,1,True
431710,0.5,0.244,0,True
2767520,8.0,0.293,1,True
832140,8.0,3.0,1,True
522040,0.5,0.195,0,True
1441180,8.0,4.0,1,True
1045580,0.25,0.098,0,True
1918530,1.0,0.244,0,True
211010,0.5,0.586,1,True
1413020,8.0,3.0,1,True
2118130,8.0,8.0,1,True
1141220,0.5,1.0,0,True
1116780,2.0,0.244,0,True
2009620,16.0,2.0,1,True
2232600,8.0,2.0,1,True
668320,1.0,3.0,0,True
544970,2.0,1.0,1,True
2149900,8.0,19.0,1,True
1785120,8.0,10.0,1,True
700100,2.0,1.465,1,True
566530,8.0,5.0,1,True
1420080,6.0,7.0,1,True
1212940,16.0,1.0,1,True
1891620,8.0,14.0,1,True
1303010,8.0,20.0,1,True
277390,2.0,0.195,1,True
392030,1.0,0.098,0,True
1354760,1.0,1.0,1,True
1067720,4.0,0.488,0,True
1387590,4.0,10.0,1,True
1098270,4.0,10.0,1,True
33130,0.031,0.049,1,True
216260,2.0,2.0,1,True
1306750,4.0,1.0,1,True
226960,2.0,0.83,0,True
2864830,4.0,1.0,1,True
333390,0.5,0.146,0,True
318430,0.001,0.078,0,True
815450,1.0,1.0,0,True
1705140,4.0,2.0,1,True
1595710,6.0,11.0,1,True
2628420,4.0,0.244,0,True
771420,2.0,0.195,1,True
639270,0.008,2.246,1,True
2056340,8.0,2.0,1,True
231040,2.0,1.0,1,True
1909100,2.0,2.0,1,True
511350,0.5,0.146,0,True
2092260,0.781,0.195,0,True
843900,2.0,2.0,1,True
1192910,2.0,2.0,1,True
1317020,4.0,4.0,1,True
1823710,1.0,0.244,0,True
1139800,4.0,0.293,1,True
1106830,4.0,4.0,1,True
232970,2.0,2.0,0,True
360550,2.0,0.293,0,True
1080410,4.0,4.0,1,True
693700,1.0,0.195,0,True
745330,1.0,0.977,1,True
3209620,4.0,1.0,0,True
2172900,4.0,2.0,1,True
493080,4.0,0.293,1,True
406110,2.0,0.195,0,True
1786670,0.5,1.0,0,True
343070,4.0,10.0,1,True
211900,0.5,1.0,1,True
333330,2.0,0.195,0,False
577530,4.0,3.0,1,True
1273750,4.0,1.0,1,True
1745480,8.0,6.0,1,True
248650,1.5,0.293,1,True
1285230,2.0,0.684,0,True
415920,1.0,1.318,0,True
2865580,2.0,1.0,1,True
369420,0.5,1.0,1,True
763250,4.0,8.0,1,True
395420,1.0,3.0,1,True
2107550,2.0,1.0,1,True
1420810,1.0,0.586,0,True
1281790,2.0,0.488,0,True
700520,4.0,2.0,1,True
1515200,4.0,1.0,1,True
1252320,2.0,0.781,1,True
882900,0.25,0.195,1,True
696480,8.0,2.0,1,True
1573630,2.0,0.781,1,True
1150890,4.0,0.586,1,True
1912340,0.5,1.0,0,True
953900,0.5,0.211,0,True
1919600,1.0,0.293,0,True
1419290,2.0,0.488,1,True
741250,1.0,0.064,0,True
1980530,2.0,0.195,1,True
1314770,2.0,2.0,0,False
1269520,8.0,5.0,1,True
1344740,1.0,0.098,1,True
2513240,2.0,0.684,0,True
1488810,8.0,15.0,1,True
747910,1.0,3.0,1,True
1111080,4.0,4.0,1,True
1947750,0.244,0.391,1,True
746560,8.0,1.0,1,True
907820,4.0,0.488,1,True
2398590,4.0,2.0,1,True
1022480,2.0,0.176,0,False
2954830,1.0,0.293,0,True
757180,1.0,0.098,0,True
1019940,2.0,1.0,1,True
605770,8.0,4.0,1,True
345090,1.0,0.195,0,True
1491460,1.0,0.293,0,True
1110690,2.0,4.0,0,True
567130,4.0,1.0,1,True
565860,2.0,4.0,1,True
347710,3.0,1.0,0,True
1600910,8.0,2.0,1,True
1297790,4.0,0.488,1,True
1620110,1.0,2.051,1,True
1496180,1.0,1.0,1,True
1070550,0.488,0.195,0,True
2125160,4.0,1.0,0,True
436490,8.0,3.0,1,True
259600,0.5,0.088,0,True
1170720,4.0,10.0,1,True
1707870,4.0,2.0,1,True
2014470,4.0,1.0,1,True
465130,2.0,0.195,1,True
298360,1.0,0.342,0,True
425150,2.0,1.0,0,True
2430900,8.0,8.0,1,True
727340,0.5,0.5,0,True
2094190,4.0,2.0,1,True
202690,1.0,1.465,0,True
975950,2.0,8.0,1,True
1883840,4.0,1.0,1,True
265330,1.0,0.293,0,True
2332410,1.0,2.0,1,True
656970,1.0,0.195,0,True
341500,1.0,0.537,0,True
495900,2.0,1.0,1,True
258890,2.0,0.488,0,True
1625230,0.248,0.5,1,True
2543030,4.0,2.0,0,True
422650,2.0,3.0,1,True
1400870,2.0,0.098,1,True
724010,4.0,1.0,1,True
1265220,2.0,1.27,1,False
1268420,2.0,0.732,1,True
63650,0.25,1.0,0,True
2549380,4.0,15.0,1,True
1250060,4.0,1.0,1,True
585950,2.0,1.0,0,False
970510,0.5,1.0,1,True
1399750,2.0,0.488,0,True
359140,2.0,0.244,0,True
1630920,4.0,1.0,1,True
1639210,1.953,5.859,0,True
2119650,1.0,0.244,0,True
2959640,2.0,2.0,1,False
2427950,4.0,1.0,1,True
437420,0.5,1.0,1,True
883130,2.0,0.273,0,True
2070850,2.0,0.488,1,True
1454640,4.0,2.944,1,True
1420740,4.0,0.268,1,True
821640,1.0,2.0,1,True
3145320,4.0,0.293,1,True
1058690,2.0,1.0,1,True
1646580,8.0,6.0,1,True
351150,2.0,2.0,1,True
1159680,4.0,0.195,0,True
264060,0.488,0.293,1,True
435970,1.0,0.195,1,True
986280,2.0,1.0,0,True
1643180,4.0,2.441,0,True
899160,1.0,1.0,0,True
1329350,8.0,35.0,1,True
856210,1.0,0.098,0,True
1116770,2.0,0.244,0,True
509220,1.0,0.757,0,True
946460,2.0,3.0,0,True
1895890,8.0,4.0,1,True
467220,0.5,0.039,0,True
713530,4.0,0.141,1,True
1262040,2.0,0.293,1,True
729060,6.0,6.0,1,True
394600,2.0,0.5,1,True
457890,2.0,0.488,0,True
812840,1.0,0.586,0,True
462960,1.0,1.0,0,True
3175720,2.0,0.664,0,False
1182090,4.0,4.0,0,True
1770840,2.0,1.0,1,True
18050,1.0,1.0,1,True
1112830,4.0,2.0,1,True
2538000,1.0,0.25,1,True
579760,1.0,1.465,0,True
2457890,2.0,0.244,1,True
286810,0.5,2.0,0,True
362310,2.0,0.488,1,True
1167170,1.0,1.0,0,True
2794610,4.0,9.0,1,True
264690,0.5,0.015,1,True
2745800,2.0,0.5,0,True
1103100,1.0,0.186,0,True
956240,0.5,3.0,0,True
2125420,0.5,0.293,0,True
1055850,2.0,0.488,1,False
412660,4.0,2.0,1,True
1598580,4.0,4.0,1,True
407020,0.5,0.078,1,True
696590,1.0,0.177,1,True
404510,3.0,5.0,1,True
468820,4.0,2.051,1,True
1865060,2.0,0.195,0,True
253650,0.002,0.176,1,True
494100,2.0,1.0,0,True
812410,1.0,0.205,0,True
591380,2.0,0.488,0,True
351230,2.0,1.0,1,True
1461100,4.0,2.0,1,True
383740,2.0,1.0,1,True
459010,2.0,9.0,1,False
1032740,4.0,1.0,1,True
527470,2.0,0.195,1,True
384690,1.0,0.146,1,True
2026880,2.0,1.0,1,True
1554650,8.0,12.0,1,True
1188970,4.0,0.293,1,True
1551510,4.0,1.0,1,True
2961340,1.0,2.0,0,True
414660,0.5,1.0,1,True
1573390,1.0,1.0,0,True
1988540,4.0,0.732,0,True
1754460,4.0,0.293,0,True
349500,0.125,0.098,0,True
1461680,2.0,1.0,0,True
2274530,8.0,1.0,1,True
845030,4.0,3.0,1,True
291710,1.0,1.172,0,True
1755030,2.0,0.244,1,True
738270,2.0,1.172,1,True
2118250,4.0,2.0,0,True
542660,2.0,0.586,0,True
2337460,4.0,5.0,1,True
362940,0.5,0.391,0,True
1197370,4.0,3.0,1,True
929670,2.0,0.098,1,True
1164830,4.0,2.0,1,True
337290,3.0,0.098,1,True
894620,4.0,4.0,1,True
301380,0.25,0.146,0,True
1022780,0.5,0.25,1,True
676030,8.0,3.0,1,True
780390,4.0,2.0,1,True
904520,0.5,1.0,0,True
440550,2.0,1.0,0,True
1828690,2.0,1.0,1,False
530120,8.0,1.0,1,True
746400,2.0,0.4,0,True
394220,0.488,0.078,0,True
586240,1.0,0.244,1,True
1027620,0.5,0.488,0,True
2356150,6.0,1.0,1,True
533010,8.0,6.0,1,True
567060,2.0,5.0,0,True
1921760,1.0,0.244,0,True
1401340,4.0,1.0,1,True
867700,1.0,0.195,0,True
1291330,8.0,2.0,1,True
105800,0.5,0.436,0,True
212780,1.0,0.25,0,True
323450,2.0,5.0,1,True
2960770,4.0,2.0,1,True
235660,1.0,0.146,1,True
416830,2.0,5.0,1,True
358830,2.0,1.0,1,True
589200,4.0,1.0,1,True
591420,0.25,0.015,1,True
456170,2.0,0.488,1,True
2258350,4.0,5.0,0,True
493060,4.0,0.195,1,True
1121590,4.0,10.0,1,True
1740310,1.0,0.098,1,True
449210,1.0,0.117,0,True
2961310,1.0,2.0,0,True
567030,1.0,0.293,1,True
32900,4.0,2.0,0,True
988100,4.0,1.0,1,True
1205960,2.0,2.0,0,True
502740,0.5,0.146,0,True
1719660,2.0,2.0,0,True
1933990,1.0,0.244,0,True
331650,2.0,1.0,1,False
373970,0.5,0.293,0,True
893790,4.0,1.0,1,True
596500,4.0,2.0,1,True
2749100,2.0,0.488,0,True
965640,8.0,8.0,1,True
2017200,4.0,0.391,1,True
1290710,0.25,0.25,0,True
592030,4.0,1.0,1,True
609420,4.0,1.0,0,True
1602390,4.0,2.0,1,True
286300,4.0,4.0,1,True
284870,0.5,1.0,1,True
274560,1.0,2.0,0,True
1003750,0.002,0.488,1,True
399070,4.0,0.303,0,True
1933680,4.0,4.0,1,True
2446270,2.0,2.0,0,True
1200580,0.002,1.0,0,True
504770,2.0,0.098,1,True
394540,1.0,2.0,1,True
1443470,1.953,1.0,1,True
364200,2.0,2.0,0,True
1144460,4.0,1.0,1,True
1985610,0.002,0.18,1,True
883230,4.0,3.0,1,True
80350,0.062,0.062,0,True
451010,4.0,8.0,1,True
898580,4.0,4.0,1,True
912370,2.0,0.586,0,True
937570,1.0,0.586,0,True
453720,4.0,2.0,1,True
823840,4.0,6.0,1,True
1003120,2.0,8.0,1,True
916040,2.0,0.195,1,False
1990740,2.0,2.0,0,True
575330,1.0,0.391,1,True
1095480,4.0,9.0,1,True
319470,2.0,1.758,1,True
211360,1.0,0.093,1,True
404820,2.0,0.034,1,True
391000,0.5,1.172,1,True
299720,2.0,0.293,0,True
1343810,2.0,1.0,0,False
311190,1.0,0.098,0,True
1542810,2.0,0.488,0,True
1006400,2.0,2.0,0,True
1328910,4.0,1.0,1,True
1309510,2.0,2.0,1,True
395860,1.0,2.93,1,True
1435970,8.0,3.0,1,True
625680,1.0,0.117,1,True
342350,0.5,0.156,1,True
1290980,4.0,4.0,1,True
1556770,0.391,1.0,1,True
1683270,4.0,4.0,1,True
811870,1.0,2.0,1,True
997700,4.0,0.195,1,True
480900,3.0,5.0,1,True
816490,4.0,0.488,1,True
1477950,1.0,0.488,0,True
1333490,4.0,0.391,0,True
459350,1.0,0.488,1,True
362810,0.5,0.024,0,True
212050,0.062,1.0,0,True
1234520,2.0,1.0,1,True
1760340,2.0,1.0,1,True
1937620,4.0,3.0,1,True
270230,2.0,4.0,0,True
26000,1.0,0.293,1,True
1147500,0.5,1.0,1,True
2595940,4.0,2.0,1,True
625730,2.0,1.0,1,True
1341450,6.0,20.0,0,True
1008860,8.0,9.0,1,True
2305180,4.0,5.0,1,True
344340,1.0,0.179,1,True
791240,4.0,2.0,1,True
384200,4.0,2.0,1,True
2490160,2.0,1.465,1,False
2574800,4.0,1.0,1,True
268220,1.0,0.244,1,True
497780,0.098,0.078,0,True
67000,1.0,0.098,1,True
473530,0.977,2.0,1,True
659110,6.0,4.0,0,True
2942700,8.0,2.0,1,True
1295320,0.488,0.098,1,True
1921770,1.0,0.244,0,True
418150,2.0,0.537,1,True
943810,2.0,0.195,1,True
873490,4.0,2.0,1,True
504400,0.5,0.098,1,True
903630,4.0,2.0,1,True
790020,4.0,4.0,0,True
1742610,4.0,2.0,1,True
18700,0.5,0.059,1,True
1512830,2.0,2.0,1,True
368000,4.0,1.0,1,True
446100,3.0,4.102,1,True
628350,4.0,4.0,1,True
1013750,2.0,0.249,0,True
219190,0.5,0.537,1,True
26500,0.5,0.117,1,True
2212410,2.0,0.098,1,True
2657720,4.0,2.0,1,True
1603860,2.0,1.0,1,True
965860,1.0,0.781,1,True
457570,2.0,1.0,0,True
771700,8.0,3.0,1,True
359400,1.0,0.146,0,True
673910,4.0,0.098,0,True
446620,8.0,0.781,1,True
1697720,1.0,0.127,1,True
1548940,2.0,0.293,1,True
517370,0.25,1.0,0,True
390040,2.0,0.391,1,True
944180,8.0,7.479,1,True
1074170,2.0,1.0,0,True
1543430,4.0,8.0,1,True
327440,2.0,2.0,1,True
352610,0.5,0.391,0,True
248190,1.0,0.488,0,True
801750,2.0,1.0,1,True
2798600,2.0,1.0,0,True
492180,4.0,3.0,1,True
1983690,1.0,0.244,0,True
1149510,4.0,1.0,0,True
331460,2.0,0.244,0,True
1704060,4.0,1.0,0,True
529970,8.0,14.0,1,True
375520,2.0,0.049,0,True
1479890,4.0,0.977,0,True
446600,1.0,1.0,0,True
594040,1.0,0.928,0,True
357780,1.0,0.391,0,True
325260,4.0,1.0,1,True
665270,1.0,0.684,1,True
2708280,8.0,2.0,1,True
1990900,2.0,5.0,0,True
1455900,4.0,1.0,1,True
556860,2.0,2.0,1,True
394850,2.0,0.195,0,False
290000,1.0,0.254,1,True
431230,1.0,0.781,0,True
1543240,4.0,1.0,1,True
11280,0.25,0.049,1,True
1342120,4.0,1.0,1,True
949790,0.5,0.195,0,True
742490,2.0,1.0,0,False
1365750,2.0,1.0,1,True
661280,2.0,0.293,0,True
386560,2.0,0.293,0,True
255870,2.0,0.244,1,True
832320,4.0,1.0,1,True
2399060,4.0,2.0,1,True
582620,4.0,1.66,1,True
412170,0.5,0.391,0,True
1102650,4.0,2.0,0,True
2633950,8.0,2.0,1,True
347430,2.0,2.0,0,False
80360,0.062,0.342,0,True
532290,4.0,4.0,1,True
265170,0.25,0.488,1,True
563550,8.0,1.465,1,True
597970,2.0,0.146,0,True
625740,2.0,0.244,0,True
939000,4.0,0.293,1,True
1342080,4.0,0.586,1,True
1078510,2.0,1.0,1,True
775760,4.0,0.5,1,True
1591490,0.5,0.586,0,True
602430,2.0,1.0,0,True
626660,4.0,3.0,1,True
340830,1.0,1.465,1,True
295750,0.5,1.0,0,True
555580,2.0,0.488,0,True
1111940,4.0,0.488,1,True
480450,1.0,0.342,1,True
2925510,8.0,0.195,1,True
2176460,6.0,17.0,1,True
1546790,2.0,0.098,1,True
1032170,2.0,1.0,0,False
253790,2.0,0.098,0,True
1935470,1.0,3.0,0,True
2142540,8.0,0.176,1,True
1770830,2.0,1.0,1,True
844950,1.0,5.0,1,True
410430,2.0,3.0,1,True
578690,2.0,0.488,1,True
1074520,2.0,0.83,0,True
613450,8.0,4.0,1,True
1249070,8.0,9.0,1,True
922710,2.0,0.25,1,True
1192610,0.002,2.0,1,True
221830,1.0,6.0,0,True
726200,4.0,0.146,0,True
499620,8.0,0.977,1,True
294750,2.0,1.0,1,True
2834320,8.0,4.0,1,True
489110,2.0,1.953,1,True
1146510,0.488,0.195,0,True
1747890,4.0,4.0,1,True
1500970,2.0,0.195,0,True
1103880,8.0,2.0,1,True
1093330,8.0,12.0,1,True
610360,0.25,0.015,1,True
459540,2.0,0.586,1,True
2086850,4.0,4.0,1,True
271570,2.0,0.244,1,True
407300,1.5,0.371,0,True
1875310,8.0,10.0,0,True
625910,2.0,0.255,0,True
461810,1.0,1.0,0,True
1718910,2.0,0.244,1,True
2197650,8.0,1.0,1,True
1352200,3.0,3.0,1,True
2428840,4.0,2.0,1,True
773670,1.0,0.195,1,True
439310,1.0,1.27,0,True
434160,1.0,0.928,0,True
300400,2.0,0.195,1,True
573060,2.0,0.293,0,True
386700,0.488,0.293,0,True
277650,1.0,4.0,1,True
555050,4.0,3.0,1,True
252370,0.062,0.146,0,True
1579390,8.0,10.0,1,True
426330,2.0,1.0,0,False
3308560,4.0,4.0,1,True
762610,1.0,0.244,1,True
491220,1.0,1.172,0,True
1397130,2.0,2.0,1,True
1297210,4.0,0.488,0,True
676420,1.0,0.488,1,True
949600,4.0,0.098,1,True
1548350,4.0,0.244,0,True
1271300,2.0,2.0,0,True
340860,1.0,0.879,1,True
1852830,4.0,2.0,1,True
2004590,4.0,0.488,1,True
243780,2.0,0.586,0,True
650570,6.0,1.0,1,True
512490,4.0,0.293,1,True
1034940,0.5,1.0,0,True
1727000,4.0,0.391,0,True
1300600,4.0,2.0,1,True
430410,2.0,0.781,1,True
449510,4.0,3.0,1,True
277680,1.0,0.586,1,True
2394350,8.0,16.0,1,True
1598910,0.25,0.25,0,True
720660,2.0,0.488,1,True
692930,8.0,5.0,1,True
314470,1.0,0.098,0,True
347470,1.0,0.732,1,True
356390,2.0,0.342,1,True
393610,4.0,1.0,1,True
527190,0.25,2.0,0,True
1275790,2.0,1.27,1,True
916140,8.0,6.0,1,True
1232130,2.0,0.391,0,True
1101270,2.0,0.293,1,True
3050530,4.0,1.0,1,True
2189640,4.0,0.195,1,True
312720,0.5,0.325,0,True
2239130,4.0,10.0,1,True
814360,8.0,3.0,1,True
2788360,0.008,0.488,1,True
468100,4.0,6.0,1,True
2508980,8.0,15.0,1,True
1229060,4.0,0.195,1,True
536450,0.5,0.25,1,True
422860,4.0,8.0,1,True
2183230,4.0,2.0,0,True
2054770,2.0,1.0,1,True
319320,0.5,1.0,1,True
255340,1.0,0.195,1,True
1954750,0.5,0.146,1,True
710600,0.049,0.195,0,True
1390670,8.0,11.0,1,True
1899810,4.0,15.0,1,True
2503690,8.0,20.0,1,True
1204410,4.0,2.0,1,True
2113540,2.0,5.0,0,False
737870,2.0,0.293,1,True
1524530,4.0,0.293,1,True
1120360,2.0,1.0,0,True
1190160,1.0,0.586,0,True
1332620,4.0,2.0,1,True
1835810,0.5,1.0,0,True
352070,1.0,0.156,1,True
876220,2.0,1.0,1,True
586310,0.098,0.098,0,True
755410,4.0,3.0,1,True
710710,2.0,0.293,0,True
214570,0.5,0.098,0,True
38600,0.25,0.098,0,True
701380,2.0,0.293,1,True
922400,0.5,0.049,0,True
661290,6.0,14.0,1,True
296240,2.0,0.488,0,True
1090670,6.0,0.391,1,True
294140,1.0,0.5,0,True
573040,4.0,3.0,0,True
2820800,4.0,3.0,1,True
666610,0.5,0.029,0,True
444000,1.0,0.195,1,True
770490,4.0,0.293,1,True
3111240,2.0,12.0,1,True
1051950,4.0,2.0,1,True
2257460,4.0,4.0,1,True
1008510,2.0,2.148,1,True
839420,4.0,3.0,1,True
1885250,8.0,14.0,1,True
665030,0.244,0.293,1,True
677020,1.0,2.0,1,True
803150,6.0,10.0,1,True
425600,0.125,0.781,1,True
1706820,8.0,1.709,1,True
2225250,1.0,2.246,1,True
2165380,4.0,2.0,0,True
405970,4.0,4.0,0,True
942800,1.0,0.586,0,True
465000,0.5,0.098,1,True
1015130,6.0,10.0,1,True
1907380,4.0,0.244,0,True
1337530,4.0,10.0,1,True
710170,8.0,5.0,1,True
378260,2.0,0.293,1,True
1228320,4.0,1.0,1,True
99700,0.5,0.098,1,True
1269350,2.0,0.156,1,True
628320,1.0,2.0,1,True
2096620,4.0,14.0,1,True
354400,2.0,1.0,0,True
1834820,1.0,0.098,1,True
765940,4.0,0.049,1,True
957820,4.0,2.0,1,True
1589490,8.0,3.0,1,True
562260,0.5,0.146,1,True
1905940,8.0,0.488,1,True
434250,1.0,0.488,1,True
587400,4.0,4.0,1,True
803830,4.0,5.0,1,True
1058280,1.0,1.0,1,True
1661900,2.0,1.0,0,False
355970,4.0,0.586,1,True
2878710,4.0,0.293,0,True
324070,2.0,0.244,0,True
613390,1.0,0.195,0,True
2367480,8.0,4.0,1,True
965590,2.0,1.0,1,True
1370170,8.0,1.0,1,True
3044030,8.0,4.0,1,True
368140,0.5,0.4,0,True
566160,0.25,0.015,1,True
1342070,4.0,1.0,1,True
897630,2.0,1.0,0,True
2502940,4.0,0.488,0,True
1118840,0.5,1.0,1,True
262240,0.25,0.488,1,True
1184420,2.0,1.953,1,False
1218900,0.25,0.068,1,True
364050,1.0,1.465,0,True
612100,1.0,0.293,1,True
1031900,0.5,1.0,0,True
1134020,4.0,3.0,1,True
320330,2.0,2.93,1,False
1676910,4.0,10.0,1,True
494720,4.0,1.0,0,True
1191070,4.0,3.0,1,True
396890,8.0,0.488,1,True
904400,4.0,0.488,1,True
959350,4.0,0.713,1,True
1108640,1.0,1.0,0,True
2928700,4.0,30.0,0,True
381260,0.5,0.293,1,True
2477950,1.0,0.781,0,True
111600,1.0,0.488,0,True
1039830,4.0,2.0,1,True
1087460,4.0,2.0,1,True
360380,0.5,0.059,0,True
394430,2.0,2.0,1,True
2191490,1.0,0.244,0,True
1087440,3.0,0.195,1,True
1551630,4.0,1.0,1,True
1176160,1.0,0.029,1,True
823580,0.5,2.0,0,True
3074020,16.0,20.0,1,True
464650,2.0,1.013,0,False
460220,2.0,0.342,0,True
686440,2.0,0.098,0,True
1142810,1.953,1.0,1,True
323040,2.0,4.0,1,True
2821850,8.0,6.0,1,True
1896880,1.0,1.0,0,True
547480,8.0,1.0,1,True
2726870,8.0,2.0,1,True
1114650,0.5,2.0,0,True
1043430,2.0,0.586,1,True
293900,0.5,0.293,0,True
816720,1.0,0.586,1,True
362290,2.0,2.0,1,True
264560,0.125,1.758,1,True
1708110,1.0,2.0,0,True
1780470,4.0,1.0,1,True
1042160,1.0,0.195,0,True
1587290,1.0,1.0,1,True
401290,1.0,0.635,1,True
217290,0.25,0.195,1,True
384280,1.0,0.293,1,True
2562900,8.0,10.0,1,True
342580,0.5,0.293,0,True
1575640,4.0,5.0,1,True
443880,1.0,2.0,1,True
407230,0.5,0.244,0,True
1199760,2.0,2.0,1,True
510680,1.0,1.0,0,True
1221080,2.0,0.293,1,True
2280390,4.0,3.0,1,True
1168430,0.5,0.293,0,True
2846210,4.0,3.0,1,True
1068640,1.0,0.166,1,True
1089310,2.0,0.537,1,True
540510,4.0,0.244,0,True
944430,4.0,2.0,1,True
2882870,8.0,15.0,1,True
463460,0.5,1.0,0,True
296910,1.0,0.098,1,True
3373960,4.0,7.0,1,True
1095120,4.0,1.465,1,True
324520,1.0,0.5,1,True
429830,4.0,0.271,1,True
431280,2.0,2.0,1,True
682080,2.0,2.0,1,True
1249010,4.0,1.0,0,True
535150,1.0,0.195,0,True
1992590,4.0,1.0,1,True
662540,2.0,0.146,0,True
209950,1.0,0.098,0,True
810660,1.465,2.0,1,True
760550,2.0,1.0,0,True
2054740,1.0,0.293,1,True
2263980,3.0,5.0,1,True
2354940,4.0,1.0,1,True
1314820,4.0,15.0,1,True
1382320,0.5,0.078,1,True
1056690,1.0,0.488,0,True
1086840,4.0,0.879,1,True
1237730,2.0,2.0,0,True
602890,0.5,1.0,0,True
771710,1.0,3.0,1,True
270610,0.062,2.0,0,True
503210,2.0,0.195,1,True
1559300,4.0,0.488,1,True
676240,2.0,0.684,0,True
674960,4.0,0.098,1,True
2547140,4.0,0.293,0,True
1952170,1.0,0.244,0,True
1640890,4.0,9.0,1,True
1437500,4.0,10.0,1,True
206370,0.5,0.293,0,True
282100,1.0,0.195,0,True
496040,4.0,3.0,1,True
826540,4.0,0.195,1,True
1286330,2.0,2.0,0,True
420070,2.0,0.098,0,True
955320,0.5,0.103,0,True
1073810,2.0,1.367,1,True
346820,4.0,6.0,1,True
858860,4.0,3.0,1,True
437020,0.25,0.098,1,True
522020,8.0,10.0,1,True
1097770,4.0,2.0,1,True
1080040,4.0,5.0,1,True
434660,1.0,1.0,1,True
2119680,1.0,0.244,0,True
1011290,8.0,10.0,1,True
2935400,8.0,5.0,0,True
1266890,1.0,3.0,0,True
848060,4.0,3.0,1,True
1424290,8.0,6.0,1,True
510650,1.0,2.0,1,True
381890,2.0,0.293,0,True
839850,2.0,0.591,1,True
302610,0.5,0.02,0,True
839080,2.0,0.244,0,True
610410,2.0,2.0,1,True
758930,1.953,0.146,1,True
966400,2.0,0.586,1,True
3338380,2.0,2.0,1,False
413870,1.0,2.0,0,True
366380,0.25,0.781,0,True
1714550,2.0,1.0,1,False
1000470,0.5,0.062,1,True
257990,1.0,0.195,0,True
1592360,8.0,4.0,1,True
3088410,4.0,2.0,1,True
435490,4.0,1.0,1,True
1243670,0.5,1.0,0,True
1086640,1.0,0.488,1,True
358810,0.5,0.342,1,True
1812180,4.0,1.27,1,True
1202770,1.0,1.0,0,True
841350,2.0,2.0,0,True
372960,1.0,0.195,1,True
2992240,6.0,2.0,0,True
269230,0.312,0.162,0,True
1303990,8.0,2.539,1,True
2524360,2.0,2.0,1,True
330620,2.0,0.195,0,True
504690,2.0,2.0,1,True
262210,2.0,0.879,1,True
338980,0.5,0.125,0,True
63700,0.5,0.098,0,True
1215200,4.0,0.684,1,True
747620,2.0,0.732,1,True
251370,1.0,0.098,0,True
2277720,8.0,6.0,1,True
1238450,8.0,5.0,1,True
1266640,2.0,0.732,1,True
365870,1.0,0.098,0,True
1879640,8.0,2.0,0,True
2754340,2.0,3.0,0,True
2369950,2.0,2.0,1,True
1128570,2.0,0.195,0,True
2114370,4.0,1.0,1,True
2219800,4.0,1.0,1,True
345120,0.25,0.146,1,True
345990,3.0,4.0,1,True
388620,0.5,0.098,0,True
745000,1.0,0.293,1,True
372690,1.0,0.146,0,True
763030,0.062,1.465,0,True
1026400,1.0,0.195,0,True
1381440,2.0,0.293,0,True
555060,0.008,1.0,1,True
29800,0.062,0.031,1,True
635670,4.0,1.0,1,True
448580,4.0,0.195,1,True
283820,0.125,0.195,1,True
1722020,4.0,1.0,1,True
1193590,2.0,1.0,0,True
1094680,0.004,0.732,1,True
904750,2.0,0.879,1,True
411080,1.953,1.0,0,True
976500,4.0,5.0,1,True
689070,0.5,0.488,1,True
457320,2.0,1.0,1,False
1194680,4.0,2.0,1,True
319760,3.0,2.0,1,True
2116680,2.0,0.781,0,True
1844130,8.0,0.488,1,True
2288880,4.0,2.0,1,True
2356330,8.0,2.0,1,True
2402280,2.0,1.0,0,False
594050,8.0,8.0,1,True
960040,8.0,1.0,1,True
2453920,16.0,3.0,1,True
449730,2.0,0.488,0,True
1972460,1.0,0.732,1,True
284730,0.5,1.0,1,True
566490,2.0,2.0,1,True
985650,2.0,0.684,1,True
649600,1.0,0.195,0,True
1230560,2.0,4.0,1,True
1187840,4.0,3.0,1,True
494810,4.0,0.244,1,True
937770,1.0,1.0,0,True
930620,4.0,0.635,1,True
368680,1.0,0.146,0,True
1631350,4.0,0.586,1,True
793450,0.5,0.195,0,True
1671490,4.0,2.0,1,True
1384660,1.0,0.586,1,True
2936080,8.0,25.0,1,True
585180,1.0,0.244,0,True
2866430,2.0,1.0,0,True
1955110,4.0,2.0,1,True
2582730,6.0,2.0,1,True
2593450,4.0,0.488,1,True
373600,1.0,0.488,0,True
2225010,1.0,1.0,1,True
1151930,1.0,0.293,0,True
922040,2.0,2.0,1,True
1273250,4.0,0.342,1,True
680830,2.0,0.488,0,True
779090,2.0,1.0,1,True
1351900,0.5,0.098,0,True
842140,6.0,3.0,1,True
395270,2.0,1.0,1,False
1647940,2.0,1.0,1,True
2510890,1.0,2.0,1,True
489930,2.0,2.0,0,True
1529220,3.0,4.0,1,True
858360,8.0,5.0,1,True
1451120,8.0,1.0,1,True
385130,2.0,2.0,1,True
235250,1.0,0.098,0,True
311930,2.0,2.0,1,True
1787500,1.0,0.684,0,True
943380,4.0,0.195,0,True
1098340,0.25,0.02,1,True
686900,1.0,0.293,0,True
754840,1.0,0.293,0,True
839300,2.0,0.684,1,True
1001980,1.0,1.0,1,True
977690,8.0,3.0,1,True
972770,4.0,1.0,1,True
274700,0.5,0.026,0,True
450440,1.0,0.078,1,True
448080,0.5,0.195,1,True
749840,1.0,0.195,0,True
1949010,4.0,1.0,1,True
895600,1.0,0.12,1,True
1393570,8.0,5.0,1,True
2336580,4.0,0.391,0,True
1355650,8.0,2.0,1,True
2320040,4.0,3.0,1,True
1941110,0.5,0.83,0,True
645270,1.0,0.537,1,True
2717260,16.0,12.0,1,True
939990,2.0,2.0,1,True
770410,2.0,1.0,0,True
690150,4.0,1.0,1,True
1188900,4.0,0.488,1,True
2455920,4.0,0.195,1,True
1530800,4.0,4.0,0,True
671170,1.0,0.342,0,True
449680,1.0,0.068,0,True
360640,0.5,0.684,0,True
201570,0.5,0.195,0,True
2393770,4.0,1.0,1,True
1227570,2.0,3.0,0,True
1083760,2.0,0.049,0,False
636390,2.0,4.0,1,True
1819020,2.0,0.195,0,True
2738110,1.0,0.488,1,True
678850,2.0,1.0,1,True
2705890,1.0,0.488,0,True
409730,1.0,0.488,1,True
1213000,4.0,2.0,0,True
2508890,8.0,3.0,1,True
1973320,2.0,0.732,1,True
248350,0.5,0.293,1,True
406220,2.0,2.0,1,True
335700,4.0,5.0,1,True
3015270,0.5,1.0,1,True
1785300,3.0,5.0,1,True
2828590,8.0,15.0,1,True
1423780,0.5,0.488,1,True
334100,4.0,0.244,1,True
2096080,1.0,0.146,1,True
1264880,2.0,2.0,1,True
857500,4.0,0.488,0,True
880730,4.0,9.0,1,True
1015020,2.0,4.0,1,True
439250,0.5,0.244,0,True
1836030,2.0,1.0,0,False
2274500,0.781,8.0,1,True
1727520,2.0,2.0,0,True
3132310,2.0,2.0,1,False
429610,0.5,1.0,0,True
563190,4.0,12.0,1,True
904320,2.0,1.0,1,True
315340,2.0,1.0,1,True
1112340,2.0,6.0,1,False
1819230,0.125,0.068,0,True
699780,1.0,2.0,1,True
688740,4.0,1.549,1,True
1484620,1.0,0.098,1,True
263820,1.0,0.195,0,True
870110,1.0,0.195,0,True
903040,0.5,0.244,0,True
1650860,1.0,0.488,0,True
2846290,6.0,1.0,1,True
2377970,4.0,0.244,0,True
370300,0.5,0.098,0,True
1923690,1.0,0.244,0,True
3212530,4.0,4.0,1,True
2616720,0.5,1.0,1,True
386900,2.0,0.488,0,True
485860,0.5,0.059,0,True
391580,0.5,0.078,0,True
793880,4.0,0.049,1,True
867980,2.0,1.0,1,True
2491040,0.5,2.0,0,True
217270,0.977,0.977,0,True
816080,0.195,0.293,1,True
2657710,4.0,1.0,1,True
2494480,2.0,1.0,0,True
2103480,4.0,5.0,1,True
271900,2.0,1.0,0,True
923840,0.781,1.0,1,True
727760,2.0,0.684,1,True
2206240,4.0,1.0,1,True
577730,1.0,0.293,1,True
2168150,4.0,2.0,1,True
1299400,2.0,0.02,0,False
523710,6.0,0.537,1,True
1253520,0.488,1.0,0,True
457490,0.5,0.163,0,True
1000700,4.0,4.0,1,True
780500,2.0,0.293,0,True
1343090,2.0,0.957,0,True
871570,2.0,0.684,0,True
507120,2.0,0.039,1,True
729660,0.5,0.098,0,True
657040,1.0,2.0,1,True
435800,2.0,0.488,1,True
2158650,4.0,5.0,0,True
1203970,2.0,1.0,0,True
333970,1.0,1.0,0,True
739980,1.0,0.293,1,True
2499680,4.0,0.001,1,True
874440,8.0,3.0,1,True
1257810,8.0,2.0,1,True
2278790,2.0,0.043,0,True
418520,8.0,0.586,1,True
2252820,8.0,8.0,1,True
467210,0.5,0.195,0,True
1209770,8.0,2.0,0,True
422760,8.0,1.465,1,True
1021690,4.0,0.098,1,True
200960,0.5,0.293,1,True
1401560,4.0,1.465,1,True
790350,4.0,5.0,1,True
490950,2.0,0.488,0,True
1508460,0.5,0.039,0,True
415850,4.0,0.306,1,True
1405440,4.0,0.391,1,True
1833680,2.0,5.0,1,True
470060,1.0,0.146,0,True
772480,4.0,1.0,1,True
955400,1.0,1.0,1,True
1288900,4.0,0.684,1,True
517350,0.002,2.0,1,True
422910,1.0,0.488,0,True
2138580,8.0,10.0,1,True
2081230,8.0,1.0,1,True
545430,1.0,0.488,1,True
568830,1.0,0.488,0,True
1100180,1.0,0.19,0,True
404690,0.5,1.0,0,True
543580,8.0,0.488,1,True
501090,2.0,2.0,1,True
1114430,4.0,2.0,1,True
992330,2.0,0.977,0,True
948100,2.0,0.293,1,True
424200,1.0,0.684,1,True
401910,4.0,2.0,1,True
674150,0.5,0.293,0,True
444800,2.0,0.293,0,True
2143050,1.0,2.0,1,True
378810,4.0,2.441,1,True
437030,0.5,0.391,0,True
529440,4.0,1.0,1,True
1093760,0.5,0.293,1,True
207420,1.0,0.244,1,True
271990,0.125,0.117,0,True
2281820,0.002,1.0,0,True
451640,2.0,0.098,0,False
1167700,4.0,2.0,0,True
1181030,2.0,0.586,0,True
1978100,1.0,0.244,0,True
2231560,2.0,2.0,0,True
499460,1.0,0.146,1,True
857480,3.0,0.436,1,True
1271260,2.0,2.0,1,True
1284950,1.0,0.195,1,True
678970,1.0,2.0,1,True
690620,4.0,10.0,1,True
2680330,2.0,4.0,0,True
351340,0.5,1.0,0,True
1397350,2.0,9.0,0,True
386990,0.5,0.586,0,True
899470,4.0,8.0,1,True
316080,2.0,0.391,1,True
372350,4.0,3.0,0,True
408400,1.0,0.195,0,True
2298300,8.0,23.0,1,True
211180,2.0,1.0,0,True
1156250,8.0,6.0,1,True
740410,2.0,0.586,0,True
1139160,2.0,3.0,1,True
1042560,1.0,2.0,0,True
513780,0.195,0.049,0,True
824570,4.0,0.361,0,True
1126890,1.0,1.0,1,True
462620,0.5,0.146,0,True
446550,2.0,2.0,1,True
1952760,1.0,1.0,0,True
1140570,2.0,0.293,0,True
1000440,1.0,2.0,0,True
1418390,8.0,1.0,1,True
658560,0.25,0.015,1,True
1283280,0.977,1.758,1,True
1152160,3.906,1.0,1,True
649640,4.0,12.0,1,True
672150,4.0,0.293,0,True
1105410,1.0,0.488,1,True
1278210,2.0,3.0,0,True
307570,0.062,0.342,0,True
288040,0.5,0.098,0,True
1923670,1.0,0.244,0,True
704200,2.0,2.0,1,True
2202770,4.0,0.098,1,True
794550,0.5,0.176,0,True
1770820,2.0,1.0,1,True
656600,0.25,0.684,0,True
2412490,8.0,18.0,1,True
2439780,4.0,3.0,0,True
341730,1.0,0.586,1,True
527990,0.5,0.244,0,True
717850,2.0,0.488,0,True
467320,2.0,0.439,1,True
260530,2.0,1.0,1,True
2938850,2.0,0.488,1,True
2162900,3.906,1.953,1,True
1512940,2.0,0.488,1,True
1316800,4.0,1.0,1,True
615350,1.0,2.0,1,True
885950,6.0,6.0,1,True
385250,1.0,0.19,0,True
105420,2.0,4.0,0,True
1234620,2.0,0.488,1,True
1212850,4.0,2.0,1,True
2956280,1.0,0.586,1,True
428540,6.0,12.0,1,True
1978330,4.0,1.0,1,True
474980,0.5,0.391,0,True
596950,4.0,3.0,1,True
1917550,4.0,20.0,1,True
317710,2.0,0.088,0,True
1474120,0.5,3.0,0,True
1833040,4.0,1.0,1,True
2297650,8.0,5.0,1,True
1984610,16.0,6.0,1,True
286320,1.0,1.0,0,True
378080,2.0,2.0,0,True
399890,0.5,1.0,1,True
1403830,8.0,1.0,1,True
687540,0.5,0.029,1,True
2164750,4.0,5.0,1,True
295770,2.0,0.098,0,True
810640,4.0,0.391,1,True
1860600,4.0,1.0,1,True
416770,2.0,0.049,0,True
1230200,4.0,3.0,1,True
594350,1.0,1.0,0,True
2119940,4.0,6.0,1,True
2952570,2.0,2.0,0,True
1008920,2.0,0.488,1,True
536780,1.0,2.0,1,True
2110510,4.0,3.0,1,True
1615740,4.0,4.0,1,True
1302050,4.0,3.0,1,True
2084820,8.0,8.0,1,True
448780,0.25,0.488,0,True
491260,1.0,0.018,1,True
1185820,2.0,0.195,1,True
724740,2.0,1.0,0,False
977810,1.0,0.195,1,True
1086680,1.0,2.0,1,True
869870,1.0,2.0,0,True
2870110,8.0,4.0,1,True
789770,1.0,2.0,1,True
843360,2.0,2.0,1,True
15560,1.0,2.0,0,True
360840,2.0,3.0,1,True
340280,0.25,0.195,1,True
1477330,1.0,0.488,1,True
2756470,8.0,4.0,1,True
1384380,1.0,0.488,1,True
2546310,0.293,0.195,1,True
1787120,4.0,3.0,1,True
340800,2.0,0.195,0,True
1147130,8.0,5.0,1,True
350210,2.0,0.195,1,True
1234190,2.0,0.684,1,True
1059230,2.0,2.0,0,True
3439530,0.5,0.439,0,True
2598930,2.0,5.0,1,True
3034130,4.0,5.0,0,True
2105910,2.0,0.537,0,True
312630,1.0,0.293,0,True
1747300,2.0,1.465,0,False
554280,4.0,3.0,1,True
1494190,2.0,1.0,0,True
567750,2.0,2.0,1,True
718010,4.0,3.0,1,True
381900,0.5,0.244,1,True
1004620,4.0,0.195,1,True
1108350,2.0,2.0,1,True
654900,2.0,0.01,1,False
1169100,2.0,0.049,0,True
1489590,2.0,0.098,0,False
845380,2.0,0.293,0,True
379530,2.0,0.098,0,False
2017340,2.0,3.906,0,False
1271750,2.0,0.342,1,True
384700,2.0,0.127,1,True
2258480,2.0,0.488,1,True
1112580,4.0,2.0,1,True
922530,2.0,0.488,0,True
843180,8.0,16.0,1,True
285840,2.0,0.195,1,True
1677090,6.0,2.0,1,True
724330,1.0,1.0,1,True
2131200,4.0,3.0,1,True
1342110,4.0,1.0,1,True
307010,1.0,0.049,0,True
915130,2.0,0.586,1,True
378270,1.0,1.0,0,True
968800,2.0,1.0,0,True
1933050,8.0,7.0,1,True
580520,4.0,3.331,1,True
1634950,0.5,1.465,0,True
583760,1.0,0.293,0,True
965610,2.0,1.0,1,True
37600,0.25,0.008,0,True
1744670,2.0,3.0,1,False
1768880,4.0,4.0,1,True
450950,1.0,0.488,1,True
1582180,2.0,1.0,1,False
1659210,8.0,10.0,1,True
1087270,8.0,6.0,0,True
1952930,2.0,2.0,0,True
1483350,2.0,1.0,0,True
1383450,8.0,10.0,1,True
411570,2.0,1.0,0,False
343360,2.0,1.0,1,True
1945230,4.0,0.781,1,True
374410,2.0,1.0,1,False
2270750,16.0,7.0,1,True
1876730,8.0,1.0,1,True
565720,2.0,1.0,0,True
257870,0.5,0.488,0,True
1768920,8.0,3.0,1,True
375130,2.0,1.0,0,False
1728830,4.0,3.0,1,True
490980,1.0,0.488,0,True
2441100,4.0,2.0,1,True
1584750,4.0,7.0,1,True
621080,1.0,3.0,1,True
1250770,2.0,2.0,0,True
301300,0.5,0.205,0,True
921900,0.5,0.488,0,True
362160,2.0,0.522,0,False
1872790,4.0,1.0,0,True
349680,0.25,0.117,1,True
1141760,2.0,1.0,0,True
328500,1.0,0.049,0,True
1720560,3.0,0.107,1,True
2400590,2.0,2.0,1,True
2685610,2.0,0.879,0,True
246920,4.0,2.0,0,True
1136020,2.0,1.0,1,True
968350,4.0,4.0,1,True
2531950,8.0,3.0,1,True
358960,1.0,0.073,0,True
976420,0.25,0.195,0,True
2753620,4.0,2.0,1,True
340440,3.0,0.244,0,True
307590,2.0,0.293,1,True
734900,1.0,2.0,0,True
1273540,4.0,1.0,1,True
662190,1.0,3.0,1,True
607820,4.0,10.0,1,True
1381980,4.0,2.0,1,True
703620,0.25,0.166,0,True
2878720,2.0,1.0,1,False
1933980,1.0,0.244,0,True
1907140,4.0,1.0,0,True
1243700,4.0,0.195,1,True
1056590,4.0,10.0,1,True
2097490,8.0,8.0,1,True
1253580,1.0,1.0,0,True
1533590,0.5,0.098,0,True
1603720,8.0,2.0,1,True
2184230,4.0,2.0,1,True
1712050,4.0,6.0,1,True
1213220,4.0,7.0,1,True
436690,1.0,3.0,1,True
250030,2.0,0.41,1,True
297290,0.125,0.125,0,True
293880,2.0,0.098,0,True
626580,0.25,0.127,0,True
704010,4.0,1.0,0,True
771810,8.0,0.322,1,True
968760,4.0,0.293,0,True
1203360,2.0,0.293,1,True
1360670,1.0,1.0,0,True
2587770,8.0,6.0,1,True
363620,2.0,0.732,1,True
342860,1.0,0.195,0,True
1432380,4.0,10.0,1,True
358650,2.0,0.293,1,True
893610,2.0,1.0,0,True
499910,0.5,0.332,0,True
368570,2.0,0.488,0,True
838180,2.0,1.0,1,True
1612480,4.0,2.0,0,True
802120,8.0,10.0,1,True
1186030,4.0,1.0,1,True
1137020,2.0,2.0,1,True
1699860,4.0,0.488,1,True
1877650,1.0,0.293,1,True
504000,1.0,2.0,1,True
1825930,1.0,2.0,0,True
1259510,8.0,1.0,1,True
2460980,2.0,0.488,1,True
1285080,4.0,3.0,1,True
3313310,8.0,0.391,0,True
768460,4.0,4.0,1,True
248730,2.0,0.195,1,True
1251300,5.0,0.586,1,True
1796080,2.0,0.487,0,False
1909810,2.0,1.562,0,True
338890,3.0,4.0,1,True
1426500,4.0,1.0,0,True
1164060,4.0,4.0,1,True
732400,1.0,1.0,1,True
655380,1.0,0.146,0,True
1084990,8.0,25.0,1,True
833270,2.0,0.293,1,True
1186220,4.0,1.0,1,True
320090,1.0,0.488,0,True
845050,4.0,4.0,1,True
1650830,4.0,2.0,1,True
765210,1.0,0.684,0,True
629230,2.0,0.488,0,True
356790,6.0,1.172,1,True
2907190,8.0,8.0,1,True
1058560,4.0,9.0,1,True
1331340,8.0,2.0,1,True
1044020,4.0,5.0,1,True
555310,2.0,0.381,0,True
2510850,8.0,0.355,0,True
3015510,4.0,2.0,1,True
3213010,4.0,0.293,1,True
871950,1.0,0.098,1,True
1066430,4.0,0.293,1,True
2235240,2.0,0.098,0,True
2429870,4.0,1.0,1,True
350970,1.0,0.488,0,True
2283470,6.0,4.0,1,True
441050,1.0,0.684,1,True
2709940,8.0,4.0,1,True
495720,1.0,0.029,0,True
1099170,4.0,2.0,1,True
2091960,12.0,25.0,1,True
1102980,0.125,0.25,0,True
2492390,4.0,2.0,0,True
1011700,8.0,2.0,1,True
993740,4.0,0.488,0,True
332630,2.0,1.172,0,True
1119800,4.0,0.488,0,True
1417890,4.0,2.0,1,True
592270,2.0,0.293,1,False
2060480,2.0,1.0,0,False
364940,2.0,0.293,1,True
1507530,0.062,0.029,0,True
2185760,2.0,4.0,0,True
771530,2.0,1.0,1,True
510240,2.0,0.586,1,True
251530,1.0,0.684,1,True
487160,2.0,0.293,1,True
373990,1.0,1.0,1,True
340320,2.0,1.0,1,False
534230,8.0,7.0,1,True
397570,2.0,0.146,1,True
2222200,4.0,0.488,0,True
1244260,0.5,0.488,0,True
1141650,2.0,0.293,1,True
1155660,2.0,0.635,0,True
1518690,2.0,0.488,1,True
300300,0.5,0.098,1,True
291770,1.0,3.0,0,True
606690,0.5,0.488,1,True
358070,0.244,0.117,1,True
393220,2.0,0.488,1,True
2120250,2.0,2.0,1,True
1151680,8.0,3.0,1,True
511570,8.0,2.0,1,True
1758920,4.0,0.488,0,True
428900,2.0,0.195,1,True
1647730,8.0,1.0,0,True
467850,1.0,0.019,0,True
1584330,2.0,3.0,1,True
229890,2.0,2.0,1,True
2380340,4.0,0.879,0,True
681240,2.0,0.963,1,True
2832320,1.0,1.0,1,True
1358790,4.0,2.0,0,True
520990,1.0,4.0,0,True
3101770,2.0,1.0,0,True
261680,2.0,0.244,0,True
2150870,8.0,0.488,1,True
1379110,2.0,1.0,1,True
636960,6.0,3.0,1,True
518670,2.0,0.293,1,True
1493970,8.0,2.0,1,True
2244200,2.0,5.0,1,False
379610,2.0,1.465,1,True
810780,1.0,0.098,0,True
1668190,4.0,0.293,1,True
1263350,1.0,6.0,1,True
1546940,4.0,0.088,1,True
444170,2.0,1.0,0,True
98100,2.0,0.195,0,True
247370,0.5,0.195,1,True
2328780,8.0,5.0,0,True
760330,1.0,0.146,0,True
1817290,8.0,12.0,1,True
1333800,4.0,5.0,1,True
2502980,2.0,2.0,0,True
385060,4.0,0.293,1,True
280560,1.0,0.107,1,True
333510,2.0,3.418,1,True
1004330,2.0,1.0,1,True
405180,2.0,2.0,1,True
1810210,1.0,1.0,0,True
982580,2.0,1.0,1,False
1290880,1.0,0.207,1,True
1232010,4.0,0.244,1,True
2017370,2.0,2.0,1,True
814900,8.0,4.0,1,True
860650,6.0,8.5,1,True
569570,2.0,1.465,1,True
569800,1.0,0.488,0,True
2406110,4.0,2.0,1,True
733800,4.0,2.0,1,True
356450,1.0,1.0,0,True
1155830,2.0,0.684,1,True
294460,0.5,0.098,0,True
2013580,0.5,0.098,0,True
2729360,4.0,4.0,1,True
860860,1.0,4.0,1,True
589480,2.0,1.0,0,True
321560,1.0,0.049,1,True
813300,1.0,1.0,0,True
1304130,8.0,5.0,1,True
531740,2.0,0.146,1,True
1755870,4.0,2.0,0,True
2004440,2.0,1.0,0,True
285980,2.0,0.195,1,True
2228010,2.0,1.0,0,True
3173130,4.0,1.0,0,True
913850,4.0,2.0,1,True
2837580,4.0,10.0,1,True
1088750,4.0,5.0,1,True
824460,2.0,1.0,0,True
643200,2.0,0.146,1,True
281860,0.125,0.195,1,True
380920,2.0,0.342,1,True
1917810,8.0,5.0,1,True
814300,2.0,2.0,1,True
2380320,2.0,0.684,1,True
564940,1.0,0.732,1,True
40930,0.5,0.488,1,True
1052380,16.0,0.391,1,True
415350,4.0,0.117,1,True
301200,2.0,2.0,1,True
1477130,2.0,2.0,0,True
618550,0.5,1.0,0,True
337350,0.5,0.146,1,True
1379970,8.0,5.0,1,True
1107750,8.0,4.0,1,True
2416500,2.0,0.586,1,True
725330,4.0,1.0,1,True
263380,1.0,0.146,0,True
521920,1.0,0.213,1,True
978630,2.0,0.488,1,True
1684720,2.0,0.781,1,True
1180900,2.0,0.732,1,True
558790,1.0,2.0,1,True
423120,2.0,1.0,0,False
2282480,4.0,10.0,1,True
1436810,4.0,3.0,1,True
1609870,4.0,5.0,0,True
1257860,4.0,3.0,0,True
909670,4.0,5.0,1,True
846670,1.0,2.0,1,True
2564880,4.0,0.244,0,True
1100170,1.0,0.146,0,True
501020,4.0,1.0,1,True
262900,2.0,0.195,0,True
869170,4.0,3.223,1,True
916160,1.0,2.0,1,True
61600,0.5,0.244,1,True
297490,1.0,0.391,0,True
1086410,2.0,2.0,0,True
838010,2.0,0.36,0,False
434130,2.0,0.098,1,True
1374290,4.0,4.0,1,True
682170,2.0,1.0,0,False
2657730,4.0,2.0,1,True
3089040,1.0,0.391,1,True
908990,2.0,0.293,0,True
238530,2.0,0.068,0,True
357120,1.0,0.122,0,True
262450,1.0,0.195,0,True
1321120,0.008,0.391,1,True
960030,88.0,19.0,1,True
680390,8.0,8.0,1,True
1215280,3.0,4.0,1,True
334560,1.0,0.25,1,True
886110,0.5,0.146,0,True
1373930,2.0,2.0,1,True
509540,8.0,14.0,1,True
1061920,4.0,2.0,1,True
841660,0.5,0.488,0,True
544600,0.5,0.528,0,True
1861880,1.0,1.0,1,True
277700,2.0,2.0,1,True
923470,2.0,0.5,1,True
1537740,1.0,1.0,0,True
434290,1.0,0.068,0,True
3296200,4.0,3.0,0,True
452410,4.0,4.0,1,True
2286450,4.0,1.953,1,True
941410,1.0,0.635,0,True
1767220,4.0,2.0,1,True
1107230,2.0,20.0,1,False
1591690,4.0,0.684,1,True
1562920,2.0,0.293,1,True
1526180,2.0,3.0,1,True
471700,1.0,1.0,0,True
241300,1.0,0.488,0,True
2051420,2.0,0.293,0,True
1985770,2.0,2.0,1,True
1164460,4.0,3.0,1,True
1501410,2.0,0.293,1,True
1581180,1.0,0.488,1,True
286380,2.0,0.059,0,True
1983300,8.0,5.0,1,True
887090,2.0,0.732,1,True
1020030,2.0,1.0,0,True
2009450,8.0,5.0,1,True
102810,2.0,2.0,1,True
1118880,0.5,0.488,1,True
708820,8.0,5.0,1,True
1640400,1.0,0.335,1,True
766630,4.0,0.41,0,True
387240,1.0,0.117,1,True
1237510,4.0,6.0,1,True
658790,4.0,5.0,1,True
1444550,8.0,0.488,0,True
2520410,6.0,25.0,1,True
486650,1.0,0.781,0,True
2561270,4.0,2.0,1,True
2438090,4.0,1.0,1,True
2268470,2.0,0.312,0,False
2770160,2.0,0.098,1,False
1717570,1.0,3.141,1,True
2320500,4.0,2.0,1,True
2374320,2.0,0.195,1,True
428460,2.0,0.195,0,False
1059150,4.0,2.0,1,True
350780,0.25,0.022,0,True
314590,0.25,0.039,0,True
491000,0.5,0.146,0,True
623540,8.0,1.0,1,True
2088670,2.0,0.5,0,True
418360,2.0,0.488,0,True
373610,1.0,0.488,0,True
1479390,4.0,2.0,1,True
3146640,8.0,20.0,1,True
587470,4.0,0.488,1,True
440690,4.0,4.0,1,True
686360,4.0,1.0,1,True
1164290,4.0,7.0,1,True
2103640,8.0,4.0,1,True
271670,1.0,0.098,1,True
357600,1.0,0.049,1,True
460540,8.0,0.391,0,True
337270,2.0,2.0,1,True
1779960,0.5,0.586,1,True
407880,2.0,0.5,1,True
1909800,1.0,2.539,0,True
2089450,1.0,0.244,0,True
2318630,2.0,0.488,1,True
1478410,0.5,1.0,1,True
1175120,4.0,1.0,1,True
1915210,2.0,0.342,1,True
1732220,2.0,12.0,1,True
301190,2.0,2.0,1,True
3030250,16.0,5.0,1,True
837190,1.0,0.049,1,True
1276070,1.0,2.0,1,True
1494500,2.0,1.0,1,True
1290220,0.25,0.5,0,True
1804170,4.0,1.0,1,True
1007830,4.0,0.488,1,True
935560,1.0,0.083,0,True
1383630,4.0,1.0,1,True
1169020,8.0,6.0,1,True
899190,0.5,4.0,0,True
421630,2.0,1.0,0,False
339850,1.0,5.0,1,True
502320,2.0,0.488,1,True
465180,4.0,1.0,1,True
1909770,4.0,0.293,1,True
2955590,8.0,8.0,1,True
2562460,8.0,5.0,1,True
961010,2.0,3.0,1,True
465170,1.0,2.0,1,True
313470,1.0,0.146,0,True
1528220,8.0,15.0,1,True
2196980,2.0,1.0,0,False
983980,4.0,0.488,1,True
1018130,2.0,0.098,0,True
513360,4.0,0.146,1,True
1037080,1.953,12.0,1,True
527420,1.0,2.0,1,True
968420,2.0,1.0,0,False
698590,1.0,0.244,1,True
1029760,8.0,1.0,1,True
300280,4.0,1.0,1,True
351490,1.0,0.098,0,True
755670,8.0,2.0,1,True
492410,4.0,1.0,1,True
437100,2.0,0.439,1,True
603420,2.0,1.0,0,True
1701330,2.0,0.391,0,True
2617090,2.0,0.684,0,True
1094960,8.0,5.371,1,True
1509080,1.0,0.244,0,True
545030,1.0,0.342,0,True
22500,0.125,0.049,1,True
642560,1.0,0.195,1,True
33950,0.5,0.635,1,True
2122070,1.0,1.0,0,True
2778460,4.0,0.146,1,True
594950,4.0,0.586,1,True
472420,6.0,3.0,0,True
200910,2.0,0.244,1,True
2447260,4.0,1.0,1,True
864100,4.0,0.293,1,True
416080,0.5,0.244,0,True
337960,2.0,0.098,0,True
1174670,6.0,25.0,1,True
2009380,4.0,0.198,0,True
809240,2.0,1.0,1,True
497700,2.0,0.146,0,True
504380,0.5,1.0,0,True
1684270,4.0,1.0,1,True
278570,0.25,0.244,0,True
294230,2.0,1.0,1,False
297110,1.0,0.488,1,True
1122780,2.0,3.0,1,True
346630,2.0,0.098,0,True
415910,2.0,0.049,0,True
2881800,8.0,1.0,0,True
1185700,2.0,1.0,1,True
3233390,0.5,0.195,1,True
445600,2.0,0.195,1,True
301150,0.25,2.0,0,True
1214520,1.0,1.0,0,True
656550,4.0,0.659,1,True
892990,2.0,0.488,0,True
3151670,8.0,2.0,1,True
1732480,0.5,0.488,1,True
2738080,2.0,1.0,1,True
1582410,4.0,0.586,1,True
1848070,2.0,0.391,1,True
1182830,8.0,1.0,1,True
1429780,4.0,0.488,1,True
769840,2.0,0.195,1,True
2355860,4.0,2.0,1,True
1733500,2.0,1.0,1,True
906740,2.0,0.195,1,True
532270,4.0,0.586,1,True
397690,0.977,0.078,0,True
2134970,4.0,10.0,1,True
1081650,1.0,0.5,1,True
994500,4.0,0.488,1,True
1814170,2.0,0.052,0,False
2429090,2.0,2.0,1,True
1551620,4.0,0.391,1,True
1147950,0.5,0.488,0,True
448910,0.5,0.059,0,True
1166230,1.953,0.195,0,True
1940410,4.0,2.0,1,True
1350350,1.0,2.0,1,True
1524400,2.0,1.0,1,True
636070,2.0,0.488,1,True
448400,1.0,5.0,0,True
1432500,2.0,3.0,0,True
2503780,1.0,0.488,0,True
1111620,8.0,6.0,1,True
629430,2.0,2.0,0,True
1235830,4.0,2.0,1,True
800620,2.0,1.0,0,False
1837130,8.0,3.0,1,True
424170,0.5,0.146,0,True
611620,8.0,6.0,1,True
2824730,4.0,0.488,0,True
356250,2.0,0.391,1,True
800820,4.0,2.0,0,True
1096180,2.0,0.332,1,True
562160,0.488,0.488,0,True
503100,4.0,3.0,1,True
1596440,4.0,0.244,1,True
568910,1.0,0.098,1,True
262550,1.0,0.146,0,True
637880,2.0,0.195,1,True
1497250,4.0,6.0,1,True
332580,0.5,0.5,1,True
420660,2.0,2.0,1,True
741990,1.0,0.195,1,True
392070,1.0,0.342,1,True
1343750,8.0,7.0,1,True
3059400,4.0,0.439,1,True
1705930,2.0,1.0,1,False
377460,0.5,0.166,0,True
1981250,2.0,1.0,0,True
1139310,4.0,12.0,1,True
453100,2.0,2.0,1,True
1161930,2.0,0.586,1,True
994340,2.0,2.0,1,True
1101180,4.0,1.0,1,True
918110,4.0,3.0,1,True
1740230,2.0,1.0,0,True
1155720,1.0,0.244,0,True
2083900,1.0,0.098,0,True
1280380,2.0,1.0,1,True
1561090,0.488,2.0,1,True
1238520,2.0,0.391,0,True
1660290,4.0,0.488,0,True
264520,2.0,4.0,1,True
1647250,1.0,0.488,1,True
341090,1.0,0.293,0,True
1137110,4.0,1.0,1,True
2834330,4.0,0.488,0,True
1796060,8.0,0.488,1,True
2992500,4.0,0.195,1,True
3013700,8.0,5.0,1,True
616000,1.0,0.127,0,True
1905220,16.0,4.0,1,True
1222570,2.0,0.293,1,True
2688900,2.0,1.0,0,False
2955220,2.0,1.0,0,True
2404510,4.0,0.488,0,True
423610,0.488,0.488,0,True
2175250,2.0,1.0,0,True
1073820,8.0,5.0,1,True
2850110,4.0,4.0,1,True
300840,1.0,5.0,1,True
988310,2.0,0.781,1,True
1929360,4.0,4.0,1,True
623810,4.0,1.074,1,True
752170,2.0,2.0,1,True
1418430,8.0,2.0,1,True
1750740,4.0,1.0,1,True
543980,2.0,1.0,0,False
1461740,4.0,0.272,1,True
2812610,4.0,0.488,1,True
527150,2.0,0.293,0,True
1210610,4.0,1.0,1,True
948900,0.5,0.098,0,True
785890,2.0,0.293,0,True
950700,4.0,2.0,1,True
1084080,4.0,6.0,1,True
1729300,8.0,25.0,1,True
209790,2.0,0.244,0,True
643900,1.0,0.977,0,True
1147490,0.5,1.0,1,True
778150,1.0,0.684,1,True
1283210,4.0,2.0,1,True
2072420,1.0,0.244,0,True
2061020,4.0,2.0,1,True
559870,4.0,0.146,1,True
1490980,4.0,2.0,1,True
1021800,4.0,1.465,0,True
651340,0.25,2.0,1,True
2298210,8.0,2.0,0,True
1160020,1.0,0.049,0,True
2101350,4.0,4.0,1,True
1221800,2.0,0.293,1,True
1209510,2.0,2.0,1,True
595660,0.5,0.342,0,True
2909910,8.0,3.0,1,True
1412890,3.0,0.596,1,True
864130,0.5,0.488,0,True
566700,8.0,4.785,1,True
1658960,4.0,2.0,1,True
2686250,2.0,20.0,1,True
3196550,0.008,32.0,1,True
1347600,4.0,4.0,1,True
599560,1.0,3.0,1,True
463760,4.0,2.0,1,True
3384190,4.0,2.0,1,True
301460,1.0,0.146,0,True
1214330,0.098,1.0,0,True
1126600,2.0,1.0,1,True
1428820,0.25,0.054,1,True
1273080,2.0,1.0,0,True
1270670,1.0,2.0,1,True
603330,2.0,0.098,0,True
1572420,6.0,1.0,1,True
783180,1.0,0.121,0,True
2583300,2.0,2.0,0,True
2634560,1.0,1.0,0,True
1553320,4.0,5.0,1,True
1261530,2.0,1.0,1,True
976780,8.0,5.0,1,True
1254870,2.0,0.098,1,True
1247020,4.0,0.586,0,True
277490,2.0,0.879,0,True
1418540,0.5,1.0,0,True
1631860,4.0,2.0,0,True
416870,2.0,0.684,1,True
444490,2.0,1.0,0,True
218510,0.5,0.293,1,True
2428310,2.0,5.0,0,True
883870,4.0,1.465,0,True
321150,0.5,2.0,0,True
1162010,4.0,0.488,0,True
370480,4.0,0.195,1,True
510620,2.0,0.293,0,True
851150,4.0,0.146,0,True
951530,2.0,0.195,1,True
819480,2.0,3.0,1,True
593700,0.5,0.02,1,True
3380740,1.0,0.195,0,True
743940,8.0,1.1,1,True
2969140,2.0,0.244,0,True
994870,2.0,2.0,0,False
92300,2.0,0.293,1,False
238630,2.0,0.488,0,True
517130,8.0,1.0,1,True
2199060,2.0,2.0,1,True
1055140,2.0,2.0,1,True
818610,4.0,2.0,1,True
514920,0.004,0.488,1,True
1257850,2.0,1.0,1,False
252070,1.0,0.586,1,True
1714460,1.0,1.0,0,True
960710,0.25,0.293,0,True
632250,4.0,0.732,1,True
375310,2.0,0.001,1,True
378030,2.0,0.098,0,True
1309200,0.5,0.098,1,True
1180540,4.0,0.488,1,True
268320,1.0,0.195,1,True
2666230,4.0,0.195,0,True
560050,2.0,1.0,1,True
1856900,0.5,0.518,1,True
959410,0.5,0.859,0,True
3187700,0.5,0.5,0,True
222140,1.0,0.635,1,True
2640100,2.0,0.684,0,True
994670,4.0,1.0,0,True
282640,4.0,1.27,1,True
1004150,2.0,0.146,1,True
1947950,1.0,0.244,0,True
2051440,4.0,0.195,0,True
1673000,6.0,10.0,1,True
252170,1.0,0.391,1,True
890310,2.0,1.0,0,True
1106140,2.0,5.0,1,True
742700,4.0,0.488,1,True
421260,0.5,0.059,0,True
494360,0.5,2.0,0,True
611830,4.0,0.244,1,True
1765150,4.0,12.0,1,True
806740,2.0,1.0,0,True
1424870,1.0,0.586,0,True
2007710,2.0,0.488,1,True
2219810,4.0,0.098,1,True
692690,4.0,8.0,1,True
810470,1.0,0.195,0,True
932210,2.0,0.039,0,True
2417000,2.0,1.0,0,False
2536650,2.0,1.0,0,False
2783560,2.0,0.195,0,True
1003730,0.004,0.488,0,True
347610,1.0,2.0,0,True
1255050,4.0,4.0,1,True
548680,2.0,0.117,1,True
372080,1.0,0.146,0,True
354860,2.0,3.0,0,True
1778870,2.0,1.0,1,True
343560,4.0,1.0,0,True
1005410,2.0,6.348,1,True
725120,4.0,2.0,1,True
1162470,1.0,0.098,0,True
590370,4.0,0.488,1,True
332830,2.0,0.098,0,False
2119660,1.0,0.244,0,True
1352020,8.0,1.0,1,True
2488050,4.0,1.0,1,True
1511040,0.293,1.465,0,True
2137750,0.5,0.488,1,True
1363770,6.0,0.488,1,True
37400,2.0,0.146,0,False
862580,2.0,0.244,1,False
771070,1.0,0.117,0,True
283840,0.125,0.195,1,True
2144460,4.0,1.0,1,True
3292980,0.5,0.098,0,True
1554400,4.0,1.0,0,True
1183700,16.0,5.0,1,True
614950,2.0,0.098,0,True
435840,2.0,0.488,0,True
1952440,4.0,5.0,0,True
1816950,2.0,0.488,1,True
2657310,8.0,1.0,1,True
1065200,4.0,11.0,1,True
331220,3.0,0.195,1,True
3097330,4.0,2.0,1,True
2583830,16.0,1.0,1,True
2743650,1.0,0.5,1,True
449550,0.5,0.078,0,True
1726730,8.0,5.0,1,True
1300310,0.146,0.225,0,True
542200,1.0,1.0,0,True
2746030,8.0,2.0,1,True
1229500,1.953,1.0,1,True
303860,0.25,0.293,0,True
2864680,8.0,10.0,1,True
363240,2.0,0.146,0,True
699080,1.0,0.332,0,True
2997260,2.0,0.195,1,False
701860,2.0,0.195,0,True
1296340,4.0,1.0,0,True
1890520,1.0,1.0,0,True
2562620,4.0,1.0,1,True
2963230,4.0,25.0,1,True
1441790,2.0,0.293,1,True
318310,2.0,1.0,0,False
684530,4.0,2.0,1,True
777410,4.0,5.0,0,True
1546060,4.0,0.586,0,True
454320,1.0,0.146,1,True
429360,1.0,1.0,0,True
473920,0.5,0.195,0,True
1253680,0.5,0.586,0,True
296730,4.0,0.342,1,True
2300660,0.002,0.195,1,True
1860900,4.0,2.0,0,True
611710,2.0,0.123,0,True
1211110,4.0,0.195,0,True
1251970,1.0,0.391,0,True
490860,0.5,0.586,0,True
320610,0.5,0.781,1,True
1390490,4.0,2.0,1,True
624410,4.0,2.0,1,True
1029570,4.0,24.0,1,True
57200,1.0,0.488,1,True
3010070,0.5,0.293,0,True
356000,2.0,1.0,0,False
737050,0.244,1.0,0,True
1779560,2.0,0.488,0,True
645460,0.5,0.244,0,True
412270,2.0,0.312,0,True
1320950,4.0,5.0,1,True
686760,0.125,0.391,0,True
602480,8.0,9.0,1,True
800600,2.0,1.0,0,False
655000,2.0,3.0,1,True
2090650,2.0,1.0,0,False
2773520,2.0,1.0,1,True
1458920,2.0,0.537,1,True
1252390,2.0,0.293,1,True
461170,4.0,1.0,1,True
259780,2.0,1.0,0,True
1354260,2.0,0.25,0,True
2113770,4.0,4.0,1,True
2424650,2.0,1.0,0,True
374830,1.0,0.684,1,True
548230,2.0,0.039,0,True
386520,2.0,1.0,0,False
1651610,2.0,1.0,1,True
719180,4.0,2.0,1,True
98600,1.0,0.488,0,True
802400,4.0,0.439,1,True
1734890,4.0,3.0,1,True
839280,4.0,1.465,1,True
2303610,4.0,4.199,0,True
1302990,2.0,0.146,1,True
1202100,16.0,256.0,1,True
1575510,4.0,0.732,1,True
2119270,2.0,4.0,0,True
1585910,2.0,0.684,1,True
1587710,4.0,0.391,1,True
1144330,8.0,0.098,1,True
2102490,1.0,0.244,0,True
576980,1.0,1.0,1,True
2187130,8.0,2.0,1,True
372210,2.0,1.0,0,True
1345370,2.0,2.0,1,True
2022470,4.0,1.0,1,True
496630,0.5,0.605,1,True
597060,2.0,1.465,1,True
569810,1.0,0.488,0,True
982450,0.5,0.488,1,True
2308670,2.0,4.0,1,True
1486690,2.0,1.0,0,True
2220870,8.0,0.488,0,True
1069210,4.0,16.0,1,True
2850100,4.0,0.195,0,True
1040390,4.0,1.0,0,True
1143710,4.0,0.342,1,True
433920,0.25,0.368,0,True
460750,4.0,2.0,0,True
436390,2.0,0.098,0,True
2837600,4.0,0.391,1,True
2665040,2.0,1.0,1,True
396230,2.0,1.0,0,False
887820,4.0,1.0,1,True
361350,1.0,0.293,1,True
219200,0.5,0.42,1,True
528730,2.0,2.0,0,True
203990,0.25,0.098,1,True
446640,0.5,0.244,0,True
2506450,8.0,5.0,1,True
822830,2.0,0.488,1,True
576620,2.0,0.488,0,False
2539820,4.0,2.0,1,True
485350,0.039,0.004,0,True
280830,2.0,2.0,1,True
1138970,4.0,1.465,0,True
853200,2.0,1.465,1,True
1970260,8.0,3.0,1,True
403510,0.5,1.0,0,True
710070,4.0,1.0,1,True
618690,2.0,0.488,1,True
764500,2.0,1.0,1,True
65400,0.5,0.244,0,True
1454010,1.0,1.0,1,True
290320,2.0,0.586,1,True
404100,0.5,0.098,1,True
607400,2.0,0.684,0,True
2494440,2.0,1.0,0,False
2169120,2.0,1.0,0,False
752500,0.125,0.449,0,True
341910,2.0,0.781,1,True
2605640,4.0,1.0,1,True
303720,8.0,0.781,1,True
396790,0.5,2.0,0,True
773740,1.0,1.0,1,True
1843110,4.0,0.146,1,True
548340,4.0,0.244,1,True
230150,1.0,0.195,1,True
3193770,16.0,1.0,1,True
1214410,4.0,1.0,1,True
869690,1.0,0.195,0,True
327150,1.0,0.361,0,True
468740,4.0,0.488,1,True
284180,0.586,1.465,0,True
252270,2.0,2.441,1,True
816270,1.0,0.293,1,True
411590,2.0,0.391,1,True
2758290,8.0,4.0,1,True
2674190,16.0,3.0,1,True
1917830,2.0,3.0,1,True
390890,2.0,1.0,0,True
279990,1.0,1.0,0,True
391420,2.0,0.098,1,True
326190,0.5,0.488,0,True
3012130,4.0,1.0,1,True
421060,2.0,0.234,1,True
837200,0.25,0.195,1,True
485490,0.5,0.234,0,True
3122150,4.0,0.293,0,True
1029650,4.0,1.0,1,True
1203750,5.859,5.859,1,True
1844650,4.0,12.0,1,True
635790,1.0,0.488,0,True
1822230,0.004,0.293,0,True
405950,2.0,0.244,1,True
705610,2.0,0.125,0,False
2012620,2.0,2.0,1,True
2298950,4.0,0.195,0,True
492530,0.488,0.195,0,True
2228210,8.0,8.0,1,True
317510,1.0,0.146,1,True
1415320,4.0,0.5,1,True
956310,2.0,1.0,1,True
352140,0.5,0.405,0,True
424640,1.0,0.732,1,True
1457550,2.0,0.293,1,True
610610,2.0,2.0,0,True
733050,2.0,1.0,0,False
975620,8.0,4.0,0,True
367000,1.0,0.244,0,True
1964310,4.0,2.93,0,True
1181610,0.488,0.195,0,True
670610,2.0,0.342,1,True
2375730,2.0,0.781,0,True
18820,1.0,0.488,0,True
747690,4.0,23.0,1,True
2019370,1.0,0.244,0,True
434370,2.0,0.461,0,True
2885480,4.0,6.0,1,True
3035990,2.0,1.0,0,True
2067260,12.0,10.0,1,True
588230,4.0,5.0,1,True
447310,1.0,0.146,0,True
2731640,4.0,0.293,0,True
344440,1.0,0.586,0,True
1982130,2.0,0.439,0,True
1237070,2.0,2.0,1,True
359560,2.0,0.526,1,False
615180,2.0,1.0,0,True
2360340,16.0,20.0,1,True
1489600,8.0,0.488,1,True
955580,4.0,5.0,1,True
2323810,1.0,1.0,0,True
707580,1.977,1.172,1,True
658160,2.0,0.039,0,True
521630,0.5,0.488,0,True
1229030,4.0,0.195,1,True
648890,4.0,0.195,1,True
595260,8.0,0.488,1,True
326720,1.0,0.059,0,True
1307090,2.0,2.0,0,True
822190,2.0,0.586,1,True
1006930,2.0,0.42,0,False
2205600,1.0,0.488,1,True
1378470,8.0,5.0,1,True
399780,0.5,0.293,1,True
1365010,1.0,0.049,0,True
1771990,8.0,2.0,1,True
1117040,2.0,2.0,1,True
207250,1.0,0.117,1,True
206060,0.25,0.293,1,True
341120,0.488,0.078,0,True
2615290,2.0,1.27,1,False
555320,0.5,0.293,0,True
380660,0.5,1.0,0,True
448800,1.0,0.195,0,True
1014360,4.0,1.0,1,True
1873870,2.0,10.0,0,True
2395550,8.0,10.0,1,True
341170,2.0,1.0,0,True
1051420,4.0,0.244,1,True
819630,4.0,0.488,1,True
2400880,7.812,5.859,1,True
1305820,0.375,3.0,1,True
2101250,4.0,0.562,0,True
1426480,0.5,2.0,1,True
1860760,2.0,0.098,0,True
1779180,2.0,0.195,1,True
1568880,0.125,0.146,0,True
827290,1.0,0.112,0,True
1408860,4.0,4.0,1,True
281080,4.0,4.0,0,True
611850,2.0,0.371,1,True
1034540,4.0,0.586,0,True
2431070,2.0,0.684,0,True
278440,1.0,0.117,0,True
339510,2.0,1.0,0,False
3057760,2.0,0.195,1,True
283180,0.488,0.293,0,True
1288410,8.0,4.0,1,True
794760,4.0,0.098,0,True
568040,1.0,0.293,1,True
1747560,2.0,1.0,0,False
1689010,2.0,40.0,0,True
1202870,2.0,0.781,1,True
2263920,8.0,1.0,1,True
3220830,8.0,10.0,0,True
1599000,4.0,0.928,1,True
636170,4.0,5.0,1,True
805920,2.0,0.098,0,True
2120320,2.0,1.0,0,False
388720,3.0,2.0,1,True
1810270,2.0,0.391,0,True
1101930,1.0,0.488,1,True
1569150,4.0,1.0,1,True
431260,1.0,2.0,0,True
1543090,4.0,20.0,1,True
574260,1.0,2.0,1,True
706130,2.0,1.0,1,True
705450,4.0,1.0,1,True
2503950,16.0,0.25,1,True
789570,0.479,1.0,0,True
967120,2.0,0.195,0,True
772610,1.0,0.244,0,True
1621140,2.0,0.322,0,True
2024300,8.0,8.0,1,True
2288210,4.0,4.0,1,True
684000,1.0,1.0,0,True
545830,0.5,1.953,0,True
2084720,1.0,0.244,0,True
610120,2.0,1.6,1,True
58200,0.25,0.156,0,True
463930,2.0,0.195,0,True
1693260,2.0,0.195,0,True
1983700,1.0,0.244,0,True
2790790,6.0,7.0,1,True
1577320,2.0,4.0,0,False
620170,4.0,8.0,1,True
460650,2.0,2.0,1,True
1128960,4.0,3.418,1,True
677330,8.0,3.0,1,True
608370,4.0,1.0,1,True
446910,4.0,0.635,1,True
1719240,4.0,3.0,1,True
461220,2.0,0.146,0,True
471170,1.0,0.195,0,True
1029170,2.0,0.781,0,True
426050,0.25,0.015,0,True
1056350,2.0,0.195,0,True
942200,4.0,4.0,1,True
525450,1.0,0.098,0,True
2753720,1.0,0.488,1,True
2201070,4.0,10.0,1,True
2459180,2.0,1.0,0,False
834760,2.0,0.488,0,True
1927150,4.0,0.293,1,True
1401220,2.0,1.0,1,False
2577180,4.0,0.586,1,True
334620,1.0,0.25,1,True
16710,0.25,0.586,0,True
457370,1.0,0.684,0,True
425340,2.0,0.063,1,True
3298820,4.0,0.352,0,True
1384940,8.0,2.0,1,True
716030,1.0,0.488,0,True
676430,1.0,0.195,1,True
2164780,4.0,0.488,1,True
858760,1.0,1.0,1,True
1470420,3.0,2.0,1,True
1200900,2.0,0.488,1,True
1895970,2.0,1.0,1,True
1865670,2.0,6.0,0,True
218020,0.25,0.049,0,True
3095830,0.488,3.0,1,True
2416050,4.0,0.293,0,True
464900,4.0,0.391,1,True
1570830,8.0,0.879,0,True
25620,0.5,0.391,0,True
1053830,8.0,0.586,1,True
606330,4.0,1.0,1,True
1281420,4.0,1.0,1,True
297370,1.0,0.488,0,True
1285160,2.0,0.244,0,True
1589680,8.0,4.0,1,True
1890760,4.0,0.146,1,True
713160,1.0,0.635,1,True
704840,2.0,0.195,1,True
2012100,8.0,1.0,1,True
307070,1.0,0.186,0,True
1047870,2.0,3.0,1,True
482990,2.0,0.059,0,False
888990,2.0,0.488,1,True
405720,2.0,0.262,1,True
2451010,8.0,28.0,1,True
2279310,4.0,4.0,1,True
392330,0.25,0.781,0,True
452860,1.0,0.195,0,True
1026130,0.5,0.049,1,True
799510,2.0,0.147,0,False
763990,0.5,1.0,0,True
562640,2.0,0.586,1,True
423320,2.0,1.0,0,False
1214450,4.0,0.195,0,True
562210,0.5,0.293,1,True
1974290,2.0,0.391,0,True
3048660,4.0,2.0,0,True
489660,2.0,0.146,1,True
1941840,2.0,1.0,0,True
1783800,2.0,1.0,0,False
2951890,8.0,7.0,1,True
1965800,1.0,0.098,0,True
2721530,0.586,0.293,0,True
72400,0.5,0.488,1,True
463220,2.0,0.02,0,True
1311540,2.0,0.244,0,True
3138460,2.0,0.488,0,True
964990,4.0,2.0,0,True
448170,2.0,2.0,1,True
348300,0.5,0.098,0,True
2063420,2.0,0.732,0,True
1388650,4.0,4.69,1,True
944340,2.0,0.293,1,True
1029100,2.0,0.684,0,True
1525890,0.004,1.0,1,True
2154730,4.0,2.0,1,True
2627600,4.0,1.0,1,True
2295070,2.0,0.244,1,True
681530,1.0,0.586,0,True
2725090,2.0,1.0,1,False
1185740,2.0,1.0,1,True
419810,2.0,0.342,0,True
1164740,2.0,0.391,0,True
1882550,8.0,0.488,1,True
573070,2.0,1.0,1,True
348910,0.488,0.195,1,True
831120,2.0,0.781,0,True
918380,2.0,1.0,0,False
451990,4.0,0.684,1,True
996080,4.0,4.0,1,True
23600,0.125,0.146,1,True
2633170,1.0,0.195,1,True
1743380,4.0,0.293,1,True
2961990,2.0,2.0,1,True
1259530,2.0,0.049,0,False
586660,2.0,1.0,0,True
843250,3.0,11.0,1,True
603810,4.0,1.0,0,True
540780,0.5,0.528,0,True
769550,2.0,0.391,0,True
18120,1.0,2.0,1,True
443420,4.0,0.488,1,True
270510,2.0,1.0,1,True
419990,2.0,0.586,1,True
447890,2.0,1.0,1,False
2682120,2.0,1.0,0,False
1198210,4.0,0.488,0,True
375930,0.5,0.146,1,True
15520,1.0,1.0,0,True
1128690,4.0,2.0,1,True
45450,0.5,0.293,0,True
662840,2.93,3.906,1,True
102200,1.0,0.342,1,True
1127850,2.0,0.146,1,True
2334780,4.0,0.391,1,True
1118410,1.0,0.098,0,True
2506110,4.0,12.0,1,True
690560,1.0,0.078,1,True
838620,8.0,0.391,1,True
608760,2.0,1.0,1,True
283230,1.0,0.026,0,True
375250,0.25,0.073,0,True
2855770,4.0,0.391,1,True
1654680,4.0,8.0,1,True
938300,4.0,0.293,1,True
1267580,8.0,2.0,1,True
717980,4.0,2.0,1,True
457520,0.5,0.293,0,True
574270,1.0,3.0,1,True
705500,1.0,0.195,0,True
1111600,4.0,2.0,1,True
1420650,1.0,0.146,0,True
409560,2.0,0.146,0,True
1192890,1.0,0.488,1,True
677790,2.0,0.293,0,True
819230,1.0,0.02,0,True
2935840,4.0,0.488,1,True
345540,0.5,0.518,1,True
428830,2.0,0.293,0,True
567290,1.0,0.244,0,True
1236490,2.0,0.488,1,True
1752060,0.25,0.207,1,True
658550,0.25,0.015,1,True
279260,0.5,0.098,0,True
3137240,4.0,4.0,1,True
528250,0.5,0.244,0,True
2077720,4.0,0.098,0,True
2910460,1.0,1.0,0,True
465720,1.0,2.0,1,True
1324830,2.0,1.0,0,True
318330,2.0,1.0,0,False
211440,0.5,0.08,0,True
610900,0.125,0.244,0,True
963490,2.0,1.0,0,True
259390,0.5,0.225,0,True
1735980,1.0,1.0,1,True
42140,2.0,1.0,1,True
642170,4.0,2.0,1,True
1071940,2.0,1.0,0,True
280930,1.5,0.488,1,True
1097170,1.0,0.234,1,True
1387460,2.0,1.0,1,True
661040,1.0,0.586,0,True
416640,2.0,1.0,0,False
386420,0.5,0.01,0,True
1641240,2.0,0.488,0,True
1764700,4.0,1.0,0,True
537700,1.0,0.586,1,True
92600,2.0,3.5,1,True
314200,2.0,0.181,0,False
899760,0.002,1.0,1,True
1232810,0.25,0.176,1,True
485080,1.0,0.195,0,True
516820,2.0,1.0,1,True
2242840,4.0,4.0,1,True
525690,0.781,0.684,0,True
2420630,4.0,1.0,1,True
3072450,8.0,2.0,1,True
1111810,2.0,0.059,0,False
1931510,2.0,2.0,1,True
1658880,2.0,0.195,1,False
1297390,0.25,0.195,0,True
895990,2.0,0.449,0,True
15400,0.5,0.098,0,True
577910,1.0,1.0,1,True
1756020,6.0,6.0,1,True
566780,4.0,5.0,1,True
1706570,6.0,3.0,1,True
589690,1.0,3.0,1,True
206020,0.25,0.293,1,True
2717480,4.0,1.0,1,True
1368780,4.0,10.0,1,True
305760,1.0,0.125,1,True
61730,1.0,0.244,1,True
2675630,2.0,0.195,1,True
1080990,2.0,0.879,0,True
2717750,4.0,3.0,1,True
3334660,4.0,2.0,1,True
521540,1.0,0.586,0,True
443460,1.0,0.132,0,True
1093840,2.0,2.0,1,True
509400,1.0,1.0,0,True
3115500,0.5,0.488,0,True
305920,1.0,0.01,1,True
378070,4.0,2.0,1,True
201010,0.5,0.293,1,True
809500,8.0,10.0,1,True
492270,1.0,3.0,1,True
1973640,0.5,0.488,0,True
1327020,0.5,0.244,1,True
553950,4.0,0.293,1,True
1961300,4.0,5.0,1,True
267360,0.5,0.049,0,True
1131740,1.0,1.0,0,True
2087610,4.0,1.0,0,True
3121470,8.0,1.0,1,True
985940,4.0,4.0,0,True
2974060,8.0,11.0,1,True
469730,0.195,0.146,0,True
422920,1.0,0.488,0,True
2427960,2.0,0.293,0,True
894460,0.5,0.488,0,True
595440,2.0,0.073,1,True
334690,1.0,0.195,1,True
1909220,4.0,1.0,1,True
2510760,2.0,1.0,1,True
438080,2.0,1.0,0,False
992700,1.0,1.24,0,True
476410,1.0,0.254,0,True
1892140,2.0,0.586,0,True
1694670,4.0,0.213,0,True
2159670,4.0,0.098,0,True
2000280,8.0,3.0,1,True
2406360,4.0,1.0,0,True
20710,0.25,0.117,0,True
299540,2.0,0.049,0,False
2631960,2.0,0.195,0,True
1173150,6.0,5.0,1,True
366760,1.0,0.117,0,True
1888060,1.0,2.0,1,True
370550,0.25,0.098,0,True
1603500,4.0,0.586,0,True
2408680,2.0,5.2,0,True
501110,4.0,1.465,1,True
648780,2.0,10.0,1,True
2700230,4.0,1.0,1,True
864610,6.0,8.0,1,True
356070,1.0,0.488,1,True
1401150,1.0,0.537,1,True
402340,2.0,0.635,0,True
2742750,8.0,7.0,1,True
2314850,0.25,0.195,1,True
405540,0.5,0.049,0,True
1974230,4.0,2.0,1,True
1229270,8.0,4.0,0,True
382920,2.0,0.264,0,True
1394810,4.0,3.0,0,True
1292520,4.0,6.0,1,True
704680,1.0,1.0,0,True
1071330,1.0,0.2,0,True
577180,2.0,1.0,1,True
352620,1.0,0.312,0,True
461710,1.0,0.146,0,True
1175430,4.0,2.0,1,True
747650,4.0,4.0,1,True
350620,2.0,1.27,1,True
1198040,2.0,1.0,1,False
708760,4.0,6.0,1,True
1632140,4.0,3.0,1,True
501120,1.0,0.098,1,True
2161430,0.016,1.0,1,True
2892000,8.0,9.0,1,True
2184010,2.0,1.0,0,True
1261130,1.0,2.0,1,True
397780,2.0,1.0,0,False
349690,0.25,0.107,1,True
486380,2.0,1.0,0,True
454610,1.0,0.4,1,True
416250,0.5,0.879,1,True
205690,0.25,0.006,0,True
801290,0.5,0.02,0,True
574940,2.0,3.0,1,False
352130,0.098,0.586,1,True
1090930,1.0,0.098,0,True
2461240,8.0,4.0,1,True
1588760,4.0,3.0,1,True
1493060,8.0,15.0,1,True
578930,1.0,1.0,1,True
500870,0.5,1.0,0,True
1635980,1.0,0.195,1,True
307770,0.5,2.93,0,True
1088420,4.0,1.172,1,True
2569330,2.0,0.293,0,True
1395400,0.146,0.098,0,True
16600,0.25,0.215,1,True
361850,0.5,1.074,0,True
688260,1.0,2.0,0,True
2233870,1.0,0.137,0,True
381320,2.0,0.181,1,True
1064200,2.0,0.146,0,True
894000,1.0,0.293,0,True
1321010,2.0,0.488,1,True
2063310,8.0,10.0,1,True
1032730,6.0,2.0,1,True
2420930,2.0,1.0,0,True
1661360,1.0,0.488,0,True
1391450,2.0,0.352,0,False
437520,0.293,0.244,0,True
2298390,8.0,4.0,1,True
637060,1.0,3.0,1,True
842170,4.0,0.684,1,True
841210,0.004,1.0,1,True
3226190,2.0,0.488,1,True
738860,2.0,0.195,0,True
244950,1.0,0.488,0,True
1089820,0.195,0.195,0,True
1008830,0.25,0.25,0,True
2338490,2.0,0.244,0,True
551520,1.0,0.488,0,True
259340,0.5,0.244,1,True
244890,2.0,0.635,1,True
1291540,4.0,2.0,1,True
1431950,1.0,0.391,1,True
851180,2.0,0.293,1,True
411680,4.0,0.381,1,True
425160,2.0,0.098,1,False
1547290,2.0,1.0,1,True
562570,4.0,0.781,1,True
1247860,4.0,10.0,1,True
335920,2.0,1.0,0,False
479110,2.0,2.0,1,True
263700,1.0,0.25,0,True
467810,0.5,0.098,1,True
658500,2.0,0.781,0,True
486020,0.488,5.0,1,True
1187030,2.0,0.293,0,True
1156900,4.0,0.488,0,True
1232940,4.0,4.0,1,True
1408110,1.0,1.0,0,True
2313270,2.0,2.0,1,True
444130,1.0,1.0,1,True
359420,0.5,3.0,0,True
473140,2.0,0.195,1,True
1617480,4.0,1.0,1,True
354620,0.977,0.098,1,True
259510,2.0,0.098,1,True
461500,8.0,1.0,1,True
2234690,2.0,5.0,0,True
403070,0.5,0.195,0,True
2290010,2.0,0.303,1,True
1212100,4.0,0.195,0,True
1114730,0.5,0.146,0,True
1714080,4.0,0.488,1,True
2020630,4.0,1.0,1,True
345060,1.0,0.391,0,True
347730,0.5,0.176,0,True
546550,0.146,0.02,0,True
2011470,0.125,0.125,0,True
1186880,1.0,1.0,1,True
951130,0.5,1.0,1,True
2056970,8.0,2.0,1,True
298790,2.0,0.125,1,True
2581960,2.0,2.0,1,True
1065320,4.0,0.293,1,True
1923790,1.0,0.146,0,True
205870,2.0,0.063,0,True
982220,2.0,0.488,0,True
890280,4.0,5.0,1,True
1055170,2.0,0.293,1,True
732930,2.0,0.586,1,True
833140,2.0,0.195,0,True
2659970,2.0,0.195,0,True
832710,2.0,0.684,1,True
1197030,4.0,4.0,1,True
632000,2.0,0.059,0,True
971430,4.0,0.488,1,True
1201370,4.0,1.0,0,True
427780,2.0,0.488,0,True
457480,2.0,0.391,0,True
739050,4.0,3.0,1,True
454160,2.0,0.146,0,True
32150,0.25,0.029,0,True
468490,0.25,0.195,0,True
563260,2.0,0.244,1,True
956560,2.0,1.0,1,True
1361920,4.0,5.0,1,True
1458590,2.0,0.781,1,True
2657900,4.0,1.465,1,True
1018170,4.0,0.488,1,True
2558110,8.0,8.0,1,True
3080920,0.488,1.0,1,True
558660,2.0,0.488,1,True
1177640,2.0,0.488,0,True
396800,0.5,0.293,0,True
1185360,8.0,1.0,1,True
333760,2.0,1.0,1,True
2263510,2.0,1.0,0,False
394680,1.0,1.172,0,True
440760,2.0,0.439,1,True
2337140,2.0,1.0,0,True
3236010,2.0,1.0,1,True
2430660,0.25,0.25,0,True
2294930,2.0,0.098,0,True
1933180,2.0,0.244,1,True
302750,1.0,0.342,1,True
303940,0.5,1.0,0,True
390930,4.0,0.293,1,True
342920,1.0,0.244,0,True
1530650,2.0,0.195,1,True
1803310,12.0,4.0,1,True
673800,0.25,0.024,1,True
658990,1.0,0.195,0,True
417980,2.0,1.0,0,False
436000,0.5,0.098,0,True
1623420,1.0,0.098,1,True
2693460,8.0,5.0,1,True
1247940,4.0,1.0,1,True
401840,2.0,0.195,1,False
719520,4.0,1.0,1,True
763790,4.0,0.293,1,True
1910320,4.0,5.0,1,True
563810,2.0,2.0,1,True
2146180,1.0,0.098,0,True
454380,4.0,0.195,0,True
222660,2.0,0.293,1,True
1228600,1.0,1.0,0,True
2642700,8.0,10.0,1,True
2741490,8.0,4.0,1,True
725080,2.0,0.146,0,True
1188270,2.0,1.0,1,True
820910,0.5,0.195,1,True
1878570,2.0,1.0,0,True
291170,0.5,0.244,0,True
1249080,1.0,0.488,1,True
1776170,8.0,20.0,1,True
1871620,4.0,1.0,0,True
729570,1.0,0.098,0,True
1488650,2.0,0.488,1,True
264340,1.0,0.293,0,True
370940,1.0,0.513,1,True
1154080,2.0,3.0,0,True
373620,1.0,0.488,0,True
1965390,2.0,1.0,0,True
2341760,4.0,0.293,1,True
2264820,2.0,4.0,1,True
899960,2.0,1.0,1,True
1096060,4.0,3.0,0,True
1302860,4.0,0.488,1,True
50000,0.5,0.654,1,True
343840,1.0,0.83,0,True
268240,1.0,2.0,0,True
1797610,2.0,2.0,0,True
1093520,2.0,1.0,1,False
2452920,4.0,1.0,1,True
3169750,0.586,1.0,0,True
324390,2.0,1.0,1,True
552390,2.0,0.244,1,True
368050,1.0,0.293,0,True
567980,4.0,0.488,1,True
337670,2.0,0.195,1,True
608660,4.0,1.0,1,True
740090,1.0,2.0,1,True
657290,2.0,0.342,0,False
1036370,2.0,2.0,1,True
2206560,0.25,0.146,1,True
287120,2.0,2.0,1,True
2338120,4.0,4.0,1,True
2158740,4.0,2.0,0,True
973220,1.0,0.488,1,True
1028440,2.0,0.183,1,True
304670,1.0,0.098,0,True
644080,2.0,0.391,0,True
933770,2.0,0.146,0,True
583890,1.0,1.0,1,True
1969650,4.0,1.0,1,True
718200,0.5,0.391,0,True
1464550,1.0,0.029,0,True
1304470,8.0,0.293,0,True
756240,1.0,0.232,0,True
1571380,8.0,1.0,1,True
454890,1.0,0.098,0,True
2497210,2.0,2.0,0,False
377760,4.0,0.304,0,True
262590,2.0,0.391,1,True
1322650,2.0,0.034,0,False
1698520,2.0,0.195,0,True
2707110,0.002,1.0,1,True
2821890,2.0,0.391,1,True
408110,0.5,0.098,1,True
1352910,1.0,0.01,0,True
2246400,4.0,6.0,1,True
2680680,4.0,0.488,0,True
347690,2.0,0.5,0,True
1654130,16.0,10.0,1,True
380680,2.0,0.781,0,True
2011860,4.0,2.0,1,True
2423070,0.002,2.0,0,True
1187600,1.0,3.0,1,True
1792270,4.0,3.0,1,True
749860,2.0,0.098,1,True
392190,4.0,0.293,1,True
2413640,2.0,0.195,1,True
1938850,2.0,0.317,1,True
857470,1.0,0.781,0,True
2601030,8.0,10.0,1,True
1695480,4.0,0.195,0,True
434620,0.5,0.098,1,True
510520,4.0,0.488,0,True
708950,2.0,0.098,0,True
2118500,2.0,0.098,0,True
402150,2.0,0.684,0,False
624320,2.0,0.342,1,False
2264930,0.25,4.0,0,True
751220,4.0,0.195,1,True
821320,4.0,0.503,1,True
409390,4.0,0.732,1,True
725410,4.0,5.0,1,True
1624830,2.0,0.293,1,True
1335940,8.0,0.488,1,True
932570,2.0,1.0,1,True
984470,2.0,4.0,0,True
1504340,0.25,0.098,0,True
1110720,2.0,4.0,0,True
1832050,2.0,1.0,1,False
2468670,1.0,0.684,1,True
2015950,4.0,0.586,1,True
989430,1.0,0.488,0,True
1669330,4.0,2.0,1,True
1019590,4.0,0.391,0,True
1545250,1.0,0.586,0,True
344480,2.0,0.146,0,True
2951520,4.0,2.0,1,True
610840,2.0,0.244,1,True
405650,2.0,0.073,0,False
20700,0.125,0.098,0,True
448160,0.25,0.098,1,True
1005450,2.0,0.391,1,True
964130,2.0,0.244,0,True
1505700,1.0,0.41,0,True
1043150,4.0,0.488,1,True
261940,1.0,2.0,0,True
1661920,1.0,0.488,0,True
314360,2.0,4.0,1,True
3269860,16.0,1.0,1,True
1261760,2.0,1.0,0,False
2333240,4.0,0.684,1,True
1577240,6.0,6.7,1,True
2450570,4.0,2.0,1,True
1933970,1.0,0.244,0,True
628460,0.5,0.244,1,True
709920,1.0,0.244,0,True
818360,8.0,2.0,0,True
714280,2.0,0.5,0,True
839020,4.0,2.0,1,True
486440,8.0,4.0,1,True
2180740,1.0,0.225,0,True
1497330,8.0,16.0,1,True
865180,0.25,1.0,1,True
581760,0.5,0.098,0,True
216090,1.0,0.439,0,True
3400040,16.0,3.0,1,True
2173760,8.0,1.143,1,True
206690,0.5,0.146,1,True
867050,1.0,2.0,1,True
774561,1.0,0.381,0,True
887340,4.0,0.488,1,True
1133070,1.0,0.293,1,True
319270,1.0,0.098,0,True
1997190,1.0,0.195,0,True
605920,4.0,0.195,0,True
3207880,2.0,0.293,1,True
1258710,4.0,0.684,0,True
2258010,1.0,0.195,0,True
503650,1.0,1.0,1,True
657070,1.0,0.488,0,True
666940,2.0,0.391,1,True
467310,1.0,0.391,0,True
343930,2.0,0.244,0,False
620410,0.5,2.0,0,True
917380,1.0,2.0,0,True
2025700,0.5,0.684,1,True
2995650,1.0,1.0,0,True
237760,2.0,0.439,1,True
1596980,4.0,0.293,1,True
552030,1.0,0.146,1,True
1611290,8.0,2.0,1,True
1792890,0.5,0.586,1,True
667800,8.0,3.0,1,True
783940,2.0,0.098,1,True
3110010,4.0,0.195,1,True
2191190,2.0,0.391,1,True
807230,2.0,2.0,1,True
487040,1.0,0.439,1,True
361930,0.5,0.293,1,True
1892950,2.0,1.0,0,False
262770,1.0,0.488,0,True
2368190,4.0,1.465,1,True
297590,2.0,0.586,1,True
757330,0.25,0.015,1,True
882040,0.5,0.146,0,True
375030,1.0,2.0,0,True
341680,4.0,0.098,1,True
437550,8.0,2.0,1,True
1534260,2.0,0.195,1,True
456430,0.5,0.36,1,True
1174090,4.0,5.0,1,True
1304420,2.0,0.488,1,True
416180,2.0,0.039,1,True
1422750,4.0,2.0,1,True
3011850,16.0,3.0,1,True
662990,0.5,0.293,1,True
1098370,4.0,6.0,1,True
529900,1.0,0.391,1,True
559960,4.0,0.293,1,True
1458930,2.0,0.781,1,True
457810,2.0,0.146,0,True
1388860,2.0,3.0,1,True
1228870,4.0,5.0,1,True
549740,4.0,0.195,1,True
1882420,4.0,1.0,1,True
1354240,1.0,1.0,0,True
1048270,4.0,0.195,0,True
1950200,8.0,3.0,1,True
491330,0.5,0.293,0,True
1492620,1.0,0.098,1,True
1918300,0.039,1.0,1,True
1747450,4.0,4.0,1,True
207570,1.0,0.293,0,True
1404560,2.0,2.0,1,True
2317300,2.0,3.0,1,False
1098510,4.0,8.0,1,True
651280,0.25,1.0,0,True
2084180,2.0,0.548,0,False
1066140,2.0,3.0,1,True
1036260,8.0,10.0,1,True
736250,8.0,4.0,1,True
1302780,1.0,1.0,0,True
656740,1.0,1.0,0,True
822040,0.5,0.586,0,True
1131410,2.0,0.488,0,True
111100,0.5,0.098,0,True
1851910,2.0,2.0,0,True
2357950,4.0,1.0,0,True
2056490,2.0,0.488,1,True
3140130,1.0,0.488,1,True
320150,2.0,1.465,1,True
2098070,2.0,2.0,0,False
2203990,4.0,3.0,1,True
576420,0.5,0.098,1,True
1490590,2.0,2.0,0,True
2826400,8.0,5.0,1,True
1557700,2.0,15.0,1,True
990640,2.0,0.195,1,True
552060,8.0,2.0,1,True
394550,1.0,0.098,0,True
1188330,1.0,0.068,0,True
339290,0.5,0.068,0,True
799260,2.0,0.488,1,True
437690,2.0,0.049,0,True
3010090,4.0,2.0,1,True
2635930,2.0,0.146,0,True
544310,4.0,0.098,1,True
518730,0.5,0.342,0,True
527740,0.5,0.098,0,True
932330,2.0,0.195,0,True
2600720,8.0,1.0,1,True
945440,0.5,0.391,1,True
640090,2.0,2.0,1,True
1183500,1.0,0.195,1,True
727640,0.25,0.244,0,True
3077400,4.0,2.0,1,True
62100,0.5,0.176,0,True
109200,0.264,0.074,0,True
1705220,8.0,10.0,1,True
2797180,4.0,1.0,1,True
2174720,0.684,0.684,0,True
292200,0.5,0.127,1,True
888010,2.0,1.0,0,True
2475980,2.0,0.894,1,True
1271380,0.5,0.293,0,True
1000640,2.0,1.465,0,True
2461780,2.0,2.0,1,True
1164750,16.0,3.516,1,True
3351140,8.0,10.0,1,True
1878920,4.0,4.0,1,True
568460,1.0,0.293,0,True
1158720,1.0,0.244,0,True
759000,0.5,0.195,0,True
1010240,0.5,0.635,0,True
1515490,2.0,0.488,1,True
904130,1.0,0.488,0,True
308460,1.0,0.781,0,True
251910,2.0,0.293,1,True
1321030,2.0,1.0,0,True
2072140,1.0,0.244,0,True
1607670,0.5,0.195,0,True
1215770,0.002,0.586,0,True
645380,0.125,0.146,0,True
1954520,4.0,4.0,0,True
885120,2.0,1.0,0,False
565180,0.25,0.098,1,True
1533050,1.0,0.059,1,True
1268290,4.0,0.293,1,True
896670,1.0,0.293,0,True
391170,0.5,0.044,1,True
2505250,4.0,1.0,0,True
869350,1.0,0.391,0,True
1233950,2.0,1.0,0,False
496740,8.0,6.0,1,True
1137330,4.0,2.93,1,True
462860,1.0,0.293,0,True
543270,1.0,0.098,0,True
664450,4.0,3.0,1,True
677280,2.0,0.244,0,True
446310,2.0,1.0,0,False
961660,0.25,0.195,0,True
894270,2.0,1.0,1,True
2590810,4.0,1.0,1,True
2242220,8.0,1.0,1,True
858040,2.0,1.0,0,False
1198510,1.0,1.0,0,True
1471960,1.0,0.195,1,True
438180,0.125,0.068,0,True
2289400,8.0,10.0,1,True
1345440,1.0,3.0,1,True
777790,1.0,4.0,0,True
503280,2.0,9.0,1,True
676130,2.0,1.0,0,True
1366700,2.0,3.0,1,True
437390,2.0,0.293,1,True
452920,2.0,0.293,0,True
304850,1.0,2.0,0,True
2431840,0.004,1.0,1,True
2522270,4.0,2.0,0,True
284220,0.5,0.488,1,True
1460250,0.25,0.25,1,True
313590,2.0,4.0,1,True
1095790,4.0,2.0,0,True
1778720,8.0,5.0,1,True
1267810,1.0,0.125,0,True
698790,4.0,3.0,1,True
558780,1.0,0.732,1,True
914170,2.0,0.703,0,True
65080,2.0,2.0,0,True
2712480,2.0,1.0,1,True
628550,1.0,0.098,0,True
1459870,4.0,0.195,0,True
458540,2.0,0.098,0,True
267340,0.5,0.342,0,True
1671250,3.0,0.107,1,True
460910,1.0,0.195,0,True
2816940,8.0,10.0,1,True
748890,2.0,1.0,0,False
2481930,4.0,3.0,1,True
943190,1.0,0.098,0,True
476490,2.0,1.0,0,False
371320,1.0,0.488,0,True
448610,1.0,1.0,0,True
1955390,4.0,4.0,1,True
654500,0.5,0.195,1,True
941730,4.0,0.195,0,True
2109400,1.0,0.195,0,True
204220,2.0,0.488,1,True
1182470,1.0,0.488,0,True
1311510,8.0,1.0,1,True
581060,2.0,1.0,1,True
2012530,1.0,0.195,0,True
263460,1.0,0.342,1,True
1346740,1.0,2.0,0,True
1108740,4.0,10.0,1,True
564700,0.25,0.195,0,True
296050,0.5,0.171,0,True
778840,2.0,2.0,1,True
1262930,4.0,15.0,0,True
2204900,2.0,0.293,1,True
941480,4.0,1.0,1,True
2176450,2.0,0.459,1,True
1720160,2.0,1.0,0,True
2305490,8.0,0.488,1,True
2516820,1.0,0.488,0,True
1608660,4.0,2.0,1,True
2251580,2.0,1.0,0,False
945340,2.0,0.488,0,True
557580,1.0,1.0,1,True
2327820,1.0,0.146,0,True
1177110,16.0,1.0,1,True
1257210,4.0,0.879,1,True
1050510,0.5,0.586,0,True
343810,0.002,1.0,0,True
413500,2.0,1.0,1,True
333260,2.0,0.488,1,False
1970450,4.0,0.879,0,True
2781210,4.0,0.098,0,True
2101290,1.0,0.244,0,True
1036660,2.0,5.0,1,True
729370,2.0,4.0,1,True
1076720,6.0,1.0,1,True
1265850,4.0,0.195,0,True
2715060,8.0,6.0,1,True
454190,0.25,0.098,1,True
2613800,8.0,0.391,1,True
356100,2.0,0.5,0,True
1416460,6.0,2.0,1,True
512230,2.0,0.586,1,True
1202580,1.0,0.977,0,True
2326020,0.002,0.488,0,True
1092980,3.0,0.195,1,True
1114900,4.0,5.0,1,True
1270460,8.0,3.0,1,True
817230,2.0,3.0,1,True
370150,2.0,0.098,0,False
864300,0.25,0.015,1,True
416110,2.0,0.098,1,False
1356480,4.0,0.195,0,True
2233850,1.0,0.244,0,True
1034150,4.0,0.488,0,True
395140,0.5,0.195,0,True
1501490,4.0,1.0,1,True
2085040,2.0,0.586,1,True
1327820,4.0,0.293,1,True
390220,0.016,0.024,0,True
2619900,2.0,0.371,0,True
567580,1.0,1.562,0,True
2338910,0.488,0.488,1,True
391140,2.0,0.176,1,True
385070,2.0,0.488,0,False
890130,4.0,3.0,1,True
1007630,1.0,0.098,0,True
817860,1.0,0.684,0,True
658150,2.0,0.03,0,True
2249700,8.0,2.0,1,True
295630,0.5,0.5,1,True
1176020,2.0,1.0,1,True
513340,0.5,0.732,0,True
2104560,4.0,10.0,1,True
2084010,6.0,3.0,1,True
2305900,1.0,0.195,1,True
1013130,0.5,0.488,1,True
1239660,2.0,1.0,0,False
8970,1.0,0.781,1,True
1011830,1.0,0.488,1,True
1417720,1.953,0.098,1,True
379640,0.125,0.039,0,True
392610,4.0,0.293,1,True
2019360,1.0,0.244,0,True
1677140,1.0,1.0,1,True
1091250,2.0,0.039,0,True
1968540,2.0,1.0,0,False
1225070,1.0,2.0,1,True
302970,2.0,1.0,0,True
461230,0.5,0.068,0,True
3201210,8.0,12.0,1,True
678310,1.0,0.391,1,True
582990,4.0,3.0,1,True
524120,8.0,0.439,1,True
355270,0.5,0.391,0,True
384480,0.488,1.074,0,True
489720,1.0,0.342,0,True
2174900,2.0,1.0,0,False
977300,1.0,1.0,1,True
669380,1.0,0.537,1,True
1276750,2.0,0.195,0,True
1232100,1.0,0.684,1,True
1766000,4.0,2.0,1,True
774221,4.0,0.262,1,True
1264350,0.5,0.146,1,True
338760,4.0,0.098,1,True
530920,2.0,0.293,0,True
570860,2.0,1.0,1,True
1559570,1.0,0.293,0,True
1842470,8.0,5.0,1,True
1614380,1.953,5.859,1,True
2061300,4.0,3.0,0,True
704470,8.0,0.635,1,True
490690,0.5,0.322,0,True
734120,8.0,0.586,1,True
1222090,0.195,0.195,1,True
441670,0.5,0.125,0,True
1625930,8.0,4.0,0,True
1121720,2.0,0.195,0,True
370920,2.0,1.0,0,False
718730,2.0,0.195,1,True
1714050,4.0,0.098,0,True
1388230,2.0,1.0,1,True
1232330,8.0,0.195,1,True
592660,0.5,1.172,0,True
200980,0.5,0.293,1,True
2390520,4.0,0.293,0,True
1481910,2.0,0.488,1,True
3213430,2.0,0.391,0,True
2486730,4.0,1.0,1,True
618920,4.0,0.488,1,True
321940,2.0,2.0,1,True
1014040,0.488,1.0,1,True
1362310,8.0,0.488,1,True
1515740,0.5,1.0,0,True
887160,0.5,0.146,1,True
314330,1.0,0.5,0,True
561450,0.5,0.488,0,True
820030,0.5,0.205,0,True
1313810,2.0,3.0,0,True
747470,2.0,1.0,1,True
595560,1.0,0.879,1,True
1122490,2.0,1.0,0,True
560300,1.0,0.098,0,True
2719130,4.0,4.0,1,True
1359900,2.0,0.488,1,True
2412140,1.0,0.244,0,True
2520580,8.0,15.0,1,True
2398430,2.0,0.195,1,True
601570,1.0,0.488,0,True
1033220,2.0,0.098,1,True
1610230,2.0,0.195,0,False
1690440,1.0,2.0,0,True
449450,1.0,0.029,1,True
1776840,0.391,0.293,0,True
1750350,1.0,2.0,1,True
1414020,0.031,0.098,0,True
1401320,4.0,1.0,0,True
1292240,2.0,0.342,1,True
564470,3.0,1.0,0,True
764590,1.0,0.781,1,True
289260,1.0,2.0,0,True
1521930,2.0,3.0,1,True
18300,2.0,1.0,1,True
1898670,0.5,0.586,1,True
2318810,2.0,0.488,1,False
1706090,1.0,0.293,0,True
2093900,2.0,0.391,1,True
1623080,4.0,2.0,1,True
223450,1.0,1.306,0,True
336110,2.0,0.488,0,True
513480,4.0,1.0,1,True
3188960,4.0,7.0,1,True
528430,4.0,4.0,1,True
2640520,0.5,0.195,0,True
2332930,1.0,0.244,0,True
394290,0.25,0.098,0,True
1271090,2.0,0.391,1,True
1244380,1.0,1.0,1,True
874370,2.0,0.684,1,True
833910,2.0,0.488,1,True
2417490,8.0,1.0,0,True
1021850,1.0,0.488,1,True
1307380,0.5,2.0,0,True
368760,2.0,1.0,1,True
1415570,4.0,3.0,0,True
1726870,8.0,10.0,1,True
1255740,2.0,4.0,1,True
1528050,2.0,0.101,1,True
840610,2.0,0.293,1,True
429690,1.0,0.117,0,True
3188050,4.0,10.0,1,True
925900,2.0,2.0,0,True
398460,2.0,0.293,0,True
1110620,2.0,1.0,1,True
304290,2.0,0.049,0,False
3111680,8.0,3.0,1,True
1037760,6.0,3.0,1,True
914400,8.0,2.0,1,True
1458690,8.0,5.0,1,True
3187770,8.0,1.0,0,True
783200,0.5,0.088,0,True
1133930,4.0,0.488,1,True
2687530,8.0,7.0,1,True
1222340,4.0,2.0,1,True
730920,0.25,0.049,0,True
2707040,2.0,0.244,0,True
290380,1.0,1.0,0,True
458170,1.0,0.146,1,True
544650,0.5,1.953,0,True
2412150,1.0,0.186,0,True
931860,4.0,1.0,0,True
434220,1.0,0.146,0,True
1247110,4.0,3.0,1,True
542030,4.0,2.0,1,True
1364690,2.0,1.0,1,True
377660,2.0,0.195,1,False
1188080,0.391,0.391,0,True
1173940,1.0,0.391,1,True
292570,1.0,0.293,1,True
444270,1.0,0.488,0,True
2553840,8.0,1.0,1,True
334140,2.0,0.195,1,False
1442300,8.0,1.0,1,True
931470,1.0,0.488,1,True
1826290,4.0,1.367,1,True
761320,2.0,0.015,1,True
561340,2.0,0.141,0,True
1228410,2.0,1.0,1,True
741520,2.0,3.0,1,True
1389900,4.0,4.0,1,True
719660,0.5,0.195,0,True
246980,2.0,2.0,1,True
491060,0.5,0.125,1,True
1228560,1.0,0.488,1,True
1298530,4.0,2.0,1,True
2139440,4.0,0.195,0,True
2180350,4.0,0.5,1,True
750850,8.0,5.0,1,True
1117880,0.25,0.265,1,True
2108060,4.0,1.0,1,True
1250300,4.0,4.0,1,True
3238510,2.0,1.0,0,True
1054110,8.0,5.0,1,True
1059460,4.0,4.0,1,True
612640,4.0,4.0,1,True
578430,2.0,1.0,1,True
2939550,16.0,4.0,1,True
2324390,0.586,0.146,0,True
3031590,1.0,0.488,1,True
524030,8.0,0.547,1,True
503550,1.0,0.586,0,True
1185470,4.0,7.0,1,True
2620500,8.0,1.0,0,True
1861500,2.0,0.004,0,False
1014280,0.5,0.312,0,True
1217190,8.0,3.0,0,True
511630,4.0,0.391,1,True
355350,2.0,2.0,0,True
2484500,12.0,8.0,1,True
1983270,4.0,4.0,1,True
721390,2.0,0.488,1,True
789260,1.0,0.293,1,True
2884590,4.0,1.0,1,True
540060,0.5,0.528,0,True
1527880,4.0,3.0,0,True
1013650,2.0,0.039,0,True
2260530,4.0,0.488,1,True
263960,1.0,0.5,1,True
516580,4.0,1.27,1,True
439770,2.0,1.0,0,False
1620410,8.0,20.0,1,True
615670,1.0,0.146,0,True
1710750,4.0,5.0,1,True
372830,1.0,0.098,0,True
2339930,2.0,3.0,1,True
1091390,0.031,0.028,0,True
1170340,1.0,0.293,0,True
837940,0.5,0.586,0,True
1307870,2.0,2.0,1,True
2847380,4.0,0.293,1,True
2154760,4.0,2.0,1,True
1249510,1.0,0.195,1,True
2435310,4.0,0.488,1,True
2658690,4.0,0.293,0,True
278640,1.0,1.0,0,True
2958780,8.0,5.0,1,True
1305760,2.0,0.161,1,True
1010100,8.0,2.0,1,True
561000,0.5,0.528,0,True
2352040,2.0,1.0,0,True
1586820,0.004,2.0,1,True
755950,0.5,0.195,1,True
2195400,8.0,1.0,1,True
2811200,2.0,1.0,0,True
1842510,1.0,0.488,0,True
329320,1.0,0.098,0,True
639460,8.0,5.0,1,True
2649190,8.0,10.0,1,True
872990,0.5,0.029,0,True
850760,2.0,0.488,1,True
1284870,4.0,4.0,1,True
1334020,2.0,0.293,0,True
347040,1.0,0.391,1,True
281060,2.0,0.391,0,False
2010830,1.0,1.0,1,True
1422200,4.0,0.098,0,True
1948870,0.488,2.441,0,True
1681480,6.0,1.0,1,True
457340,4.0,2.0,1,True
836080,4.0,0.586,1,True
339160,1.0,0.098,0,True
954150,4.0,0.488,1,True
2073710,2.0,1.0,1,True
349100,0.062,0.023,0,True
235720,2.0,1.0,0,False
2472390,8.0,4.0,1,True
682470,2.0,1.0,1,False
963230,0.002,0.08,0,True
679770,0.5,1.0,0,True
567800,0.5,0.293,0,True
1510630,4.0,0.391,1,True
788970,1.0,0.391,0,True
3229690,8.0,6.0,1,True
2664890,8.0,5.0,1,True
2563800,4.0,0.5,1,True
2457870,1.0,0.195,0,True
834580,2.0,0.25,1,True
2636340,1.0,0.391,1,True
950210,3.0,0.65,1,True
656040,2.0,0.122,0,True
1520680,4.0,0.293,1,True
572620,8.0,2.0,1,True
1958860,2.0,1.0,0,True
2737140,2.0,0.488,1,True
1389200,2.0,0.195,0,True
2101280,1.0,0.244,0,True
1510620,4.0,0.195,0,True
110400,0.5,1.0,1,True
711430,2.0,1.0,0,True
848930,4.0,0.244,0,True
1978010,3.0,1.0,1,True
2659710,8.0,10.0,1,True
1288560,0.5,0.439,0,True
842750,2.0,0.488,0,True
1163090,2.0,5.0,1,True
544710,0.5,0.528,0,True
209360,2.0,0.25,0,True
386840,2.0,0.293,1,True
925520,0.001,0.488,0,True
1238360,2.0,2.0,1,True
619810,0.5,0.391,0,True
338960,0.5,0.049,0,True
326120,2.0,0.488,1,True
44100,0.25,0.039,0,True
1118740,2.0,0.488,1,False
347590,1.0,0.244,0,True
468050,2.0,0.586,1,True
558490,2.0,1.172,1,True
1106150,4.0,1.0,0,True
371890,2.0,0.195,1,True
1793020,4.0,0.488,1,True
1064660,0.5,0.195,1,True
367430,1.0,0.054,0,True
2489650,8.0,1.0,0,True
216290,0.25,0.043,0,True
644010,4.0,7.0,1,True
1826910,2.0,2.0,1,True
2368860,8.0,2.0,1,True
1014140,1.0,0.146,0,True
858050,0.336,0.338,0,True
556960,4.0,1.0,1,True
1519900,8.0,2.0,1,True
49810,0.5,0.391,0,True
611860,0.5,0.098,1,True
2265210,1.0,1.0,0,True
602070,2.0,0.586,0,True
2231040,1.0,0.207,1,True
924900,1.0,0.098,1,True
486810,0.5,3.0,0,True
1239490,2.0,2.0,1,True
1448800,2.0,0.098,1,True
2598120,4.0,0.391,1,True
1692060,4.0,1.0,0,True
1209910,4.0,0.293,0,True
383630,1.0,0.146,0,True
1392600,4.0,1.0,0,True
567280,1.0,0.42,0,True
1051350,1.0,1.367,1,True
835040,2.0,1.0,0,True
252730,0.125,0.562,0,True
1249260,4.0,0.591,1,True
1641500,0.25,0.781,1,True
2429100,4.0,0.195,1,True
994040,2.0,0.488,0,True
793600,4.0,3.418,1,True
2964540,2.0,1.0,1,True
449690,2.0,1.0,1,True
566970,8.0,6.0,1,True
770630,2.0,0.166,1,True
3107590,8.0,1.0,0,True
355520,0.125,0.732,1,True
1924010,2.0,1.0,0,True
15500,1.0,0.215,0,True
593740,1.0,0.156,0,True
552160,2.0,0.098,1,True
1530860,8.0,6.0,1,True
61310,2.0,0.049,0,True
561190,0.195,0.488,0,True
524560,2.0,1.0,0,False
538710,8.0,1.0,1,True
498470,1.0,0.097,1,True
716650,4.0,2.0,1,True
2631130,1.0,0.391,1,True
1489470,2.0,0.391,0,True
283600,2.0,2.0,1,True
2012540,1.0,0.244,0,True
538550,1.0,1.953,1,True
1133300,8.0,0.342,1,True
620650,2.0,1.0,0,True
2393890,2.0,1.0,0,True
2544900,4.0,1.0,1,True
1919550,4.0,0.703,1,True
1224840,4.0,2.0,0,True
783440,4.0,0.586,0,True
377190,0.25,0.098,0,True
3355020,4.0,1.0,1,True
546410,2.0,2.0,0,True
1374280,2.0,0.195,0,True
1316700,4.0,1.0,1,True
3288600,4.0,0.488,0,True
2169300,1.0,0.244,0,True
2715700,4.0,1.0,0,True
682780,1.0,1.0,1,True
1783510,2.0,0.342,0,True
2944340,4.0,0.098,1,True
900290,1.0,0.586,0,True
736860,1.0,0.391,0,True
705150,0.5,0.5,1,True
485390,0.125,0.195,0,True
1418010,2.0,0.586,0,True
1928370,1.0,0.098,0,True
2017270,4.0,0.195,0,True
1820570,2.0,0.391,0,True
1771130,16.0,12.0,1,True
450190,0.5,0.5,0,True
275350,1.0,0.293,0,True
556710,4.0,0.244,1,True
604780,2.0,0.195,1,True
2219190,2.0,1.0,0,True
569430,2.0,4.0,1,True
2584650,2.0,0.146,1,True
750960,2.0,0.293,0,True
1255040,1.0,0.293,0,True
2051130,1.0,0.586,0,True
521210,2.0,0.378,0,True
1277950,2.0,0.5,0,True
433700,4.0,0.586,1,True
532170,2.0,0.684,0,True
663370,2.0,0.195,1,True
429220,0.5,0.195,0,True
2144260,2.0,3.0,1,True
524540,2.0,1.0,0,False
2752530,2.0,0.488,0,True
2785110,8.0,11.0,1,True
782180,4.0,1.0,1,True
843170,0.098,1.0,0,True
613210,1.0,0.488,0,True
3294930,1.0,0.146,0,True
922550,1.0,0.059,0,True
735600,4.0,3.0,1,True
205830,0.5,0.098,0,True
1257660,4.0,0.488,0,True
505210,0.5,1.465,0,True
509130,4.0,0.195,1,True
414370,1.0,0.195,0,True
3094150,8.0,3.0,1,True
867150,8.0,6.0,1,True
3357470,0.25,0.195,1,True
367350,2.0,1.0,0,True
679120,4.0,0.208,1,True
501530,2.0,0.146,0,True
806900,2.0,0.391,1,True
1234220,1.0,2.0,0,True
335460,2.0,0.342,0,True
3022320,1.0,1.0,1,True
1737760,2.0,0.391,1,True
1805270,2.0,0.342,1,True
463070,1.0,0.293,0,True
308580,1.0,0.586,0,True
673740,6.0,0.293,0,True
243280,1.0,0.586,0,True
896340,4.0,4.0,1,True
2541310,2.0,0.391,0,False
1524350,2.0,0.488,0,False
1814770,6.0,1.0,1,True
1069850,0.004,0.391,0,True
295870,1.0,0.098,0,True
603130,1.0,0.684,1,True
623070,0.5,1.0,0,True
291290,0.5,0.146,0,True
1294110,4.0,3.0,1,True
1713720,2.0,4.0,1,True
701730,0.25,0.342,0,True
769730,1.0,0.4,1,True
928180,1.0,0.488,1,True
406650,2.0,1.0,0,False
279540,2.0,0.059,0,True
758570,0.5,0.078,0,True
2050720,2.0,1.0,1,True
1456470,4.0,1.0,1,True
3246900,1.0,0.207,1,True
3012630,4.0,1.0,1,True
745890,2.0,0.146,0,True
1418830,8.0,4.0,0,True
1584450,2.0,1.0,1,False
1193990,3.0,1.0,1,True
264220,1.0,0.293,0,True
365580,2.0,0.293,1,True
1048920,0.5,0.146,0,True
492370,2.0,1.0,0,False
2050540,1.0,0.244,0,True
1016000,4.0,2.0,1,True
1693760,2.0,0.635,1,True
1109130,1.0,0.391,0,True
2827780,1.0,0.391,0,True
1158280,3.0,0.488,1,True
2432000,2.0,1.0,1,False
586960,1.0,0.586,0,True
1200650,1.0,0.247,0,True
1574780,4.0,5.0,1,True
3069870,8.0,2.0,1,True
3048280,4.0,5.0,1,True
1068460,1.0,0.195,1,True
2729000,2.0,1.0,0,False
906730,1.0,0.488,1,True
2884080,2.0,1.0,0,True
806770,8.0,1.0,1,True
366590,1.0,0.195,0,True
620900,2.0,0.195,1,True
867380,1.0,0.195,1,True
2909230,2.0,1.0,0,False
770110,8.0,1.0,1,True
1958600,2.0,2.0,0,True
302490,0.5,0.264,0,True
973850,4.0,1.0,0,True
2449080,8.0,1.0,0,True
1642610,1.0,0.293,1,True
1076880,0.5,0.684,1,True
528510,1.0,0.293,1,True
511160,1.0,0.518,1,True
468800,2.0,0.293,1,True
386050,0.25,0.059,0,True
585500,4.0,8.0,1,True
518650,4.0,0.121,1,True
399040,1.0,0.122,1,True
2074910,8.0,1.0,0,True
2111040,2.0,1.0,1,True
1342740,8.0,0.195,1,True
1213370,8.0,0.684,1,True
1667490,2.0,1.0,0,False
574820,0.25,0.029,1,True
371330,0.125,0.049,0,True
335840,2.0,0.488,1,True
346500,0.5,0.195,0,True
2151700,8.0,1.0,1,True
1165750,4.0,1.0,1,True
460190,2.0,0.391,1,True
419090,1.0,1.0,1,True
804350,2.0,0.537,1,True
1091720,2.0,4.0,0,True
2482150,16.0,0.342,1,True
2295700,4.0,0.195,0,True
1961520,2.0,0.439,1,True
1596370,2.0,1.0,0,True
951740,0.004,6.0,1,True
487220,0.5,0.098,0,True
1035850,1.0,2.0,0,True
2003220,2.0,0.391,1,True
1469370,4.0,1.0,0,True
360010,0.25,0.098,0,True
1917860,3.906,3.906,1,True
453790,2.0,1.0,0,True
2746420,4.0,1.0,1,True
656900,1.953,1.172,1,True
2448140,1.0,0.22,0,True
1695620,4.0,1.0,0,True
327450,1.0,0.098,0,True
650680,0.5,0.488,0,True
2723460,2.0,0.195,1,True
1023140,2.0,2.0,1,True
411880,4.0,2.0,1,True
2968170,8.0,5.0,1,True
525150,2.0,0.215,1,True
1831870,4.0,6.0,1,True
446850,4.0,5.0,1,True
2114770,4.0,2.0,0,True
550400,0.5,1.0,0,True
2824580,4.0,0.5,1,True
972200,4.0,0.293,0,True
820620,2.0,0.195,1,True
2286880,4.0,4.0,1,True
676440,1.0,0.488,1,True
955200,4.0,1.0,1,True
726020,2.0,0.244,0,True
391250,4.0,0.488,0,True
202730,0.5,0.098,0,True
981880,8.0,0.293,1,True
1313940,2.0,2.0,1,True
1774220,2.0,0.195,0,True
1051890,4.0,2.0,1,True
2135580,8.0,15.0,1,True
1383050,2.0,0.83,1,True
2331220,8.0,5.0,1,True
1002030,2.0,0.073,1,True
529410,8.0,8.0,1,True
1165840,6.0,8.0,1,True
900790,4.0,0.586,1,True
3059500,8.0,1.0,1,True
1790630,0.098,0.049,1,True
3013460,4.0,0.293,1,True
1358610,1.0,0.078,1,True
1725680,4.0,3.0,1,True
1067430,2.0,7.812,1,True
1174500,1.0,2.0,1,True
395930,0.5,0.293,1,True
415960,1.0,0.293,0,True
884640,0.5,0.146,1,True
2851020,4.0,10.0,1,True
91800,0.5,0.13,1,True
778330,4.0,0.166,0,True
778930,4.0,0.342,1,True
2306530,2.0,0.195,1,True
329690,1.0,0.112,0,True
2100050,4.0,0.488,0,True
388730,2.0,0.439,0,False
522340,2.0,0.195,0,True
1302850,4.0,1.0,1,True
1899800,8.0,0.488,0,True
1145530,2.0,3.0,1,True
1503920,4.0,3.0,1,True
593680,1.0,0.676,1,True
1496320,1.0,0.488,0,True
618210,2.0,0.586,1,True
2231060,1.0,0.781,0,True
2010320,2.0,0.65,1,True
2162160,2.0,1.0,0,False
1725440,1.0,0.244,0,True
2556160,4.0,0.391,0,True
1742590,8.0,1.0,1,True
927840,8.0,1.562,1,True
1221440,8.0,6.0,1,True
1202660,4.0,3.0,1,True
2873380,8.0,1.0,1,True
1028300,0.125,0.125,0,True
2330960,2.0,1.0,0,False
1361110,1.0,0.488,0,True
856540,2.0,0.044,0,True
1805040,8.0,4.0,1,True
1692210,4.0,6.0,1,True
200990,0.5,0.293,1,True
415830,1.0,0.146,0,True
530370,0.5,0.146,0,True
1338020,1.0,0.195,1,True
2013650,4.0,4.0,1,True
1208030,1.0,0.17,0,True
1911170,1.0,0.488,1,True
3117160,4.0,2.0,0,True
792650,2.0,0.586,0,True
654440,2.0,0.02,0,True
2699510,8.0,2.0,1,True
251510,1.0,0.488,0,True
386740,0.5,0.734,0,True
1131810,4.0,0.488,1,True
2119240,2.0,3.0,1,True
719080,1.0,0.254,1,True
485370,1.0,0.5,1,True
2710320,8.0,10.0,1,True
562490,0.244,1.0,0,True
893690,0.25,1.0,0,True
1233690,2.0,0.293,1,True
1575300,4.0,0.044,0,True
522490,2.0,0.03,0,True
2508210,2.0,1.0,1,False
839670,1.0,0.488,0,True
498830,3.0,0.063,0,True
1098470,1.0,1.0,1,True
2254750,16.0,20.0,1,True
545670,1.0,0.488,1,True
1764810,2.0,0.244,1,True
547980,0.5,0.107,0,True
862110,2.0,0.635,0,True
2219520,1.0,0.098,1,True
795570,2.0,0.781,1,True
1547300,0.5,0.5,0,True
2067590,0.5,0.078,0,True
2806230,2.0,1.0,0,False
632510,2.0,0.48,1,True
1766540,2.0,0.195,1,True
2426350,4.0,0.488,0,True
409380,0.5,0.293,0,True
401120,2.0,1.0,1,False
60350,0.5,0.195,0,True
1673020,0.5,0.537,0,True
470450,2.0,0.195,1,True
3509050,8.0,3.0,1,True
1468220,8.0,2.0,1,True
2460660,8.0,0.098,0,True
2335220,8.0,5.0,1,True
1831800,4.0,6.0,1,True
444480,0.5,0.016,0,True
2353130,2.0,0.781,1,False
1030580,2.0,0.146,1,True
775530,1.0,0.098,0,True
736930,2.0,0.5,0,False
286660,2.0,0.293,1,True
312300,2.0,0.049,0,False
818960,0.146,0.146,0,True
2312380,4.0,0.049,1,True
2356450,8.0,1.0,1,True
2445130,1.0,0.215,0,True
560720,1.0,0.684,0,True
3013740,2.0,1.0,0,False
1425130,6.0,0.488,1,True
269150,0.488,0.244,1,True
1499800,8.0,1.0,1,True
987770,8.0,5.0,1,True
1628440,4.0,1.0,0,True
446330,2.0,1.0,0,False
2172490,2.0,1.0,1,False
248290,0.5,0.146,1,True
2805230,8.0,7.0,1,True
456810,1.0,1.0,1,True
871940,1.0,0.488,0,True
1041690,4.0,1.0,1,True
1338980,2.0,0.391,1,True
420840,8.0,0.029,1,True
1951650,4.0,10.0,1,True
975430,4.0,2.0,1,True
447210,2.0,0.195,1,True
1612960,4.0,0.391,1,True
353280,0.5,0.098,0,True
337890,1.0,0.586,1,True
2591290,2.0,2.0,0,True
2835590,8.0,6.0,1,True
467490,1.0,1.0,0,True
583930,0.195,1.953,0,True
1261700,2.0,0.488,1,True
266250,1.0,0.293,1,True
2412700,0.195,3.0,0,True
802040,2.0,0.488,1,True
1574910,1.0,0.068,0,True
1646030,2.0,0.264,1,True
341470,1.0,0.049,0,True
2112200,2.0,0.977,1,True
420970,1.0,0.83,1,True
606490,2.0,0.25,0,True
1676550,1.0,0.488,0,True
1492250,8.0,4.0,1,True
436140,1.0,0.195,0,True
1709580,0.002,0.635,1,True
1294230,2.0,2.0,1,True
602120,1.0,0.342,1,True
2328730,2.0,0.244,0,True
453990,0.488,0.098,0,True
1173830,1.0,0.182,1,True
202410,0.5,0.098,1,True
1231970,8.0,1.0,1,True
1325470,2.0,0.391,1,True
2789770,4.0,0.117,0,True
2650350,4.0,0.195,1,True
546780,1.0,1.0,0,True
1290790,4.0,0.195,0,True
831070,0.5,1.0,0,True
799810,2.0,2.0,1,True
1191680,4.0,1.0,1,True
302730,2.0,4.0,0,True
711130,1.0,0.391,0,True
1066940,2.0,0.195,1,True
2843550,8.0,0.244,1,True
2238750,4.0,5.0,1,True
603190,2.0,0.049,1,True
2082510,4.0,1.0,1,True
845690,1.0,0.25,0,True
1049670,2.0,0.049,1,True
906600,2.0,0.195,0,False
2992570,4.0,0.586,1,True
797620,2.0,0.049,0,True
2113490,0.001,0.244,0,True
570490,4.0,0.244,0,True
771010,1.0,0.195,1,True
1824130,0.004,0.098,1,True
3040270,4.0,0.293,0,True
2098080,2.0,1.0,1,False
3344150,2.0,1.0,1,False
1256490,4.0,0.195,1,True
1085340,4.0,0.732,1,True
1043500,0.488,1.0,1,True
917290,2.0,0.195,1,True
2571350,4.0,2.0,0,True
1294310,0.5,0.488,0,True
2109380,1.0,0.254,0,True
304500,0.25,0.077,0,True
495780,1.0,1.0,0,True
1250900,1.0,0.732,1,True
699150,0.488,0.195,0,True
2250340,2.0,0.098,0,True
2054810,1.0,0.244,0,True
271550,1.0,0.098,1,True
1010970,2.0,0.781,0,False
2100790,2.0,0.717,1,True
2666840,2.0,0.293,0,True
1672840,3.0,4.0,1,True
444430,2.0,0.146,0,False
1106920,4.0,1.0,1,True
434820,1.0,0.195,0,True
616520,0.488,0.098,0,True
1963900,4.0,0.684,1,True
2995190,4.0,0.244,1,True
548330,0.5,0.146,0,True
3147870,8.0,7.0,1,True
340450,2.0,1.0,1,True
2155280,4.0,1.0,1,True
1620890,2.0,0.391,0,True
1765560,2.0,0.488,1,True
1522950,2.0,1.172,1,True
2160470,0.25,0.146,1,True
1318800,0.031,0.096,0,True
3201570,8.0,3.0,1,True
1079450,1.0,0.098,0,True
476510,1.0,0.098,0,True
380120,0.5,0.391,0,True
1314300,8.0,4.0,1,True
1051290,1.0,0.684,1,True
964210,2.0,0.195,0,True
2299930,2.0,2.0,0,True
599880,1.0,0.244,0,True
879060,4.0,0.195,1,True
451880,1.0,0.537,0,True
2166370,1.0,0.225,0,True
968820,1.0,1.172,1,True
713180,1.0,0.781,1,True
2987830,1.0,0.293,0,True
1240130,0.488,2.0,1,True
503820,0.5,0.176,0,True
544530,4.0,0.293,1,True
1807570,2.0,0.264,1,True
2129150,4.0,1.0,1,True
2873190,2.0,1.0,0,True
1065630,2.0,0.391,0,True
351240,1.0,0.098,0,True
2993970,4.0,1.0,0,True
749410,2.0,0.488,1,True
949770,2.0,0.098,1,True
2426020,2.0,0.781,0,False
2109850,8.0,8.0,1,True
431460,2.0,1.0,0,True
640880,4.0,1.0,1,True
1361760,4.0,0.195,0,True
2424240,1.0,0.195,0,True
1052580,2.0,1.0,0,False
2702490,4.0,0.293,1,True
3260910,4.0,2.0,1,True
399420,0.195,0.195,0,True
2396190,16.0,2.0,1,True
1421020,4.0,0.098,1,True
1207230,4.0,4.0,0,True
599840,1.0,0.293,0,True
334300,1.0,0.049,0,True
526800,2.0,0.195,1,True
325160,1.0,0.391,0,True
454900,2.0,0.293,0,True
800190,2.0,0.195,1,True
690420,4.0,2.0,1,True
1292540,4.0,2.0,1,True
452120,2.0,2.0,1,True
1606210,1.465,0.078,1,True
658050,2.0,1.0,0,True
2253730,2.0,0.244,1,True
1572270,2.0,1.0,0,False
514620,1.0,0.195,1,True
1407890,4.0,0.244,1,True
444520,2.0,1.465,1,True
431750,0.5,0.118,0,True
438000,2.0,0.01,1,True
742150,2.0,1.0,0,False
1227750,0.5,0.293,1,True
922700,1.0,0.488,0,True
2862970,4.0,0.293,1,True
2224790,8.0,3.0,1,True
1152020,1.0,0.049,1,True
764580,3.0,0.293,1,True
1950490,1.0,0.391,0,True
2066950,1.0,0.488,1,True
2880750,0.5,0.008,0,True
311820,2.0,1.0,0,True
400790,0.5,0.195,0,True
2861740,2.0,1.0,1,True
471570,1.0,0.098,0,True
2759770,8.0,2.0,1,True
1055310,1.0,2.0,1,True
1035950,8.0,0.342,0,True
2926550,6.0,3.0,1,True
1133990,4.0,1.465,1,True
1003600,0.5,0.488,0,True
2979780,8.0,0.293,1,True
2888870,1.0,1.0,1,True
2326350,0.098,0.098,0,True
523150,0.5,0.049,0,True
1140140,2.0,1.0,0,True
2853130,1.0,0.488,1,True
1209430,2.0,0.098,0,True
1209140,4.0,1.0,1,True
1303670,8.0,3.0,1,True
1811910,1.0,1.0,1,True
1268860,1.0,0.049,0,True
1081880,2.0,1.0,1,False
775960,0.488,0.488,0,True
596630,1.0,0.195,0,True
696560,2.0,0.146,0,True
1848520,2.0,0.146,1,True
105300,0.5,0.049,1,True
521280,0.5,0.195,0,True
1534700,0.125,0.098,0,True
1714070,4.0,1.0,0,True
1860350,2.0,2.0,1,True
1015080,1.0,0.586,0,True
524520,2.0,1.0,0,False
714820,0.25,0.293,0,True
466820,0.5,0.195,1,True
2968020,6.0,4.0,1,True
2871290,2.0,0.586,1,True
794940,1.0,0.098,0,True
837850,16.0,10.0,1,True
2687300,4.0,0.781,1,True
868230,0.5,0.098,1,True
1340920,2.0,0.5,1,True
1673560,0.25,0.195,0,True
435040,1.465,1.0,1,True
554220,2.0,0.5,0,True
365210,2.0,1.0,0,False
973250,2.0,1.0,1,True
556890,2.0,0.195,0,True
502100,2.0,0.391,0,True
390920,2.0,0.098,0,True
2502600,1.0,0.195,0,True
342630,0.25,1.0,0,True
2838940,2.0,2.0,1,True
751980,2.0,0.488,1,True
892550,1.0,0.488,0,True
3066510,4.0,1.0,0,True
429350,2.0,1.0,1,True
460970,1.0,0.195,0,True
701040,2.0,0.488,1,True
1535490,0.342,0.488,1,True
306680,0.5,0.098,0,True
1313310,4.0,0.293,1,True
663210,0.5,0.293,0,True
461480,1.0,0.02,0,True
2113450,2.0,1.0,1,True
3320930,4.0,2.148,1,True
1722520,2.0,0.342,1,False
1417730,2.0,0.195,1,True
550450,2.0,0.244,0,True
2796020,8.0,4.0,1,True
1356530,1.0,0.586,0,True
2206460,1.0,1.0,1,True
3109370,0.008,4.0,1,True
2004610,2.0,1.0,0,False
2153770,0.004,0.195,1,True
928970,2.0,0.195,0,True
2279550,6.0,7.0,1,True
1184570,4.0,2.0,0,True
2427360,1.0,3.0,1,True
2241390,2.0,0.127,0,False
358030,1.0,0.098,1,True
1120950,0.25,0.088,1,True
2922990,8.0,0.488,1,True
485920,2.0,0.039,0,True
1114460,4.0,1.818,1,True
2178670,4.0,4.0,1,True
2026370,8.0,1.0,1,True
1424630,2.0,1.0,0,True
3103970,2.0,4.0,1,True
423550,0.5,0.163,0,True
491010,2.0,0.049,0,True
387280,0.5,0.195,0,True
1107060,2.0,1.465,0,True
1332860,2.5,1.3,1,True
1092950,8.0,3.0,0,True
1221640,4.0,0.488,1,True
1153150,8.0,1.0,1,True
772470,0.5,0.488,0,True
928300,6.0,3.0,1,True
952920,2.0,0.146,1,True
514340,2.0,0.195,0,True
705870,2.0,0.195,1,True
2908490,8.0,5.0,1,True
1128180,1.0,0.879,1,True
1701890,4.0,10.0,1,True
763930,2.0,1.0,0,False
366210,2.0,1.0,1,True
1087110,2.0,2.0,1,True
594660,2.0,1.0,0,False
1844330,1.0,0.049,0,True
2220480,1.0,0.293,0,True
453780,2.0,0.166,0,True
937020,0.125,0.146,0,True
1501650,2.0,0.391,0,True
2149870,3.0,0.195,0,True
590950,0.5,0.02,0,True
3102000,8.0,7.0,1,True
2093380,8.0,4.0,1,True
367300,0.5,0.008,1,True
2249040,2.0,1.0,0,False
2402200,8.0,1.0,1,True
348440,2.0,0.146,0,True
511500,2.0,0.391,0,True
368830,0.5,0.342,0,True
597200,0.5,0.25,0,True
295730,1.0,0.146,0,True
1272860,1.0,0.488,1,True
992120,2.0,0.391,1,False
1158290,2.0,0.098,1,True
1983580,0.25,1.0,0,True
348430,2.0,0.146,0,True
2150490,2.0,1.0,1,True
2055270,4.0,1.0,0,True
1222600,6.0,10.0,1,True
432990,2.0,0.391,0,True
216670,0.5,0.146,0,True
312010,2.0,0.195,0,True
921430,0.5,0.142,0,True
1865220,8.0,9.0,1,True
1779760,2.0,1.0,0,False
391310,0.5,0.127,0,True
1758520,2.0,0.537,0,True
1113310,0.5,0.098,1,True
1724120,1.0,0.024,0,True
1677360,2.0,0.078,0,False
966630,0.25,0.015,1,True
1560060,1.998,0.488,0,True
3011020,3.0,8.0,1,True
809050,1.0,0.439,0,True
315110,0.5,0.098,0,True
607660,2.0,1.0,0,False
2112880,2.0,2.0,1,True
466430,2.0,1.0,0,False
1636700,2.0,0.244,1,True
2020090,1.0,0.293,0,True
1323000,4.0,2.0,0,True
569340,4.0,0.684,1,True
1936230,1.0,0.879,1,True
259940,0.125,0.64,0,True
1962540,2.0,3.0,1,True
652570,0.5,0.117,0,True
2136950,4.0,0.586,1,True
1969850,2.0,0.098,0,True
1502520,0.5,0.586,1,True
1383720,1.0,2.0,1,True
381610,1.0,1.0,1,True
2706900,2.0,1.0,0,False
826040,2.0,0.029,1,True
1318560,4.0,0.391,1,True
2182590,2.0,1.0,0,False
1914740,2.0,1.0,0,False
513820,2.0,2.0,0,True
411740,2.0,0.146,1,True
2003370,4.0,0.391,1,True
58230,0.25,0.342,1,True
1040590,1.0,0.098,0,True
619320,1.0,0.25,1,True
1377260,1.0,0.083,0,True
57700,1.0,0.391,0,True
466780,0.5,0.146,0,True
3014150,0.016,3.0,1,True
592300,0.5,0.117,0,True
3104030,4.0,3.0,0,True
587970,0.488,0.146,0,True
343370,2.0,1.0,0,False
29130,0.25,0.053,0,True
2300390,2.0,0.195,0,True
491620,0.5,0.293,1,True
1174170,0.5,0.488,1,True
485880,0.008,0.098,1,True
2232200,2.0,0.635,0,True
1760240,4.0,0.439,1,True
2166690,8.0,2.0,1,True
2909250,8.0,7.0,1,True
2741110,1.0,0.781,1,True
534010,1.0,0.146,0,True
631770,2.0,0.195,1,True
218660,0.5,0.879,1,True
614960,0.5,0.088,1,True
535000,2.0,0.684,1,True
2323980,1.0,0.244,0,True
2845120,4.0,0.293,1,True
610730,2.0,4.0,1,True
2235340,4.0,1.0,0,True
2364330,4.0,12.0,1,True
669910,1.0,0.195,1,True
2653480,2.0,0.488,0,True
1153950,1.0,0.781,0,True
3134280,4.0,2.0,1,True
688770,1.0,0.146,0,True
1926170,4.0,0.244,1,True
730620,2.0,0.146,1,True
521230,0.125,0.073,0,True
2892660,2.0,1.0,1,True
2648990,8.0,1.0,1,True
1906180,4.0,1.0,1,True
679500,1.0,0.293,1,True
2582540,1.0,0.293,1,True
1070690,8.0,8.0,1,True
489580,2.0,0.488,1,False
2601580,8.0,10.0,1,True
1949300,4.0,0.391,0,True
1893020,2.0,1.0,1,True
1865680,1.0,1.0,0,True
1676050,8.0,21.0,1,True
2181440,4.0,3.0,1,True
2627270,8.0,5.0,1,True
1204440,4.0,3.0,1,True
865270,2.0,0.244,1,False
2677040,2.0,1.0,0,False
1219650,2.0,1.172,1,True
681100,1.0,0.684,1,True
553340,4.0,1.0,1,True
1077600,4.0,2.0,1,True
1285020,2.0,0.488,1,True
3256030,4.0,0.195,0,True
3047220,0.25,0.195,1,True
2707300,1.0,0.049,0,True
2097180,0.5,0.391,1,True
1945220,2.0,1.0,0,True
203560,1.0,0.586,0,True
1244930,2.0,1.0,0,False
1823170,0.25,0.01,0,True
1425510,2.0,0.195,0,True
1502800,2.0,0.537,1,True
1121530,2.0,0.293,0,True
2255120,4.0,1.0,1,True
3062970,2.0,1.0,0,True
2731590,2.0,0.195,0,True
2759760,2.0,0.244,0,True
2395260,4.0,1.289,1,True
205070,0.5,0.098,0,True
385230,0.5,0.015,1,True
766940,2.0,1.0,1,True
576280,0.5,0.439,1,True
1260710,8.0,0.391,0,True
449340,0.5,0.586,0,True
2366080,4.0,0.293,1,True
965340,2.0,0.312,1,True
1365390,0.5,0.156,0,True
542280,2.0,1.0,1,True
1417610,8.0,1.0,1,True
2945990,4.0,1.0,1,True
315930,0.5,0.342,1,True
416320,0.5,0.244,1,True
370080,0.5,0.171,0,True
674850,4.0,2.0,1,True
3351990,8.0,0.586,0,True
625780,4.0,0.254,0,True
1514480,6.0,22.0,1,True
545580,0.25,0.146,0,True
2535810,2.0,0.5,1,True
3024830,8.0,12.0,1,True
575400,1.0,1.0,1,True
2370380,0.215,0.156,1,True
611630,1.0,0.146,0,True
2775310,4.0,1.0,0,True
1115580,2.0,4.0,1,True
618470,2.0,0.098,1,True
3095550,1.0,1.0,1,True
1177130,2.0,0.488,1,True
1250560,1.0,0.078,0,True
2782400,0.488,0.391,1,True
3363000,1.0,1.0,1,True
1086810,0.293,0.488,1,True
2232320,2.0,0.171,0,True
3328700,4.0,3.0,1,True
2949020,4.0,2.0,1,True
1025460,2.0,0.195,1,True
3006240,0.25,0.049,0,True
588630,2.0,0.488,1,True
1132100,2.0,1.0,0,False
1240610,2.0,1.0,1,True
2648660,2.0,1.0,0,True
1240460,8.0,3.0,1,True
2574030,4.0,0.781,0,True
1680500,2.0,1.0,0,False
2150700,2.0,0.146,1,True
2173700,1.0,0.195,0,True
1298670,1.0,1.318,0,True
1237870,2.0,2.0,1,True
1171820,2.0,1.0,0,False
532980,2.0,0.195,0,False
1482340,4.0,0.293,1,True
563150,1.0,0.488,1,True
359250,0.5,0.349,0,True
420360,0.5,0.825,0,True
1554550,2.0,0.215,1,True
496650,1.0,0.781,0,True
1221320,4.0,8.0,1,True
2202690,2.0,1.0,0,False
1521110,2.0,0.241,1,True
16300,0.25,0.035,1,True
3362790,0.166,1.0,0,True
2500760,16.0,1.0,1,True
1105110,0.977,1.0,1,True
2216120,4.0,1.0,1,True
1099460,1.0,0.244,0,True
434980,2.0,0.244,0,True
1473550,0.5,0.195,1,True
397940,2.0,0.098,1,True
1812130,2.0,0.488,1,True
597730,1.0,0.034,0,True
639720,2.0,0.156,1,True
1272970,4.0,1.0,1,True
2544620,4.0,15.0,0,True
2736480,2.0,0.684,1,False
1801850,4.0,0.391,1,True
1225840,2.0,3.0,0,True
1189520,1.0,0.293,0,True
1820940,2.0,1.0,1,True
662930,0.5,1.0,0,True
1761630,2.0,1.0,0,False
817200,0.5,0.684,0,True
2391690,8.0,4.0,1,True
1216300,4.0,0.293,1,True
536430,2.0,0.146,1,True
573520,2.0,0.195,0,True
2355350,4.0,10.0,1,True
1655960,0.5,0.244,1,True
1444090,2.0,0.098,1,True
258070,1.0,0.02,0,True
2345630,8.0,2.0,1,True
1110030,2.0,1.0,0,False
1610060,4.0,0.586,1,True
533850,8.0,1.172,1,True
1837820,4.0,1.0,0,True
1159450,2.0,0.83,1,True
2648640,2.0,7.0,0,True
1217830,2.0,0.039,1,True
1267010,1.0,0.244,0,True
351250,2.0,0.034,1,True
2741950,4.0,1.0,0,True
779360,3.0,0.635,1,True
457450,0.5,0.125,1,True
1077890,2.0,0.488,1,True
596910,2.0,1.0,0,False
1591670,4.0,0.195,1,True
2164870,8.0,7.0,0,True
1624320,0.5,0.146,0,True
1343920,4.0,0.146,1,True
116120,1.0,0.195,0,True
521130,2.0,0.078,1,True
3053390,8.0,1.0,1,True
987950,2.0,2.0,0,True
411610,2.0,0.146,0,True
736840,2.0,0.195,1,True
1928670,8.0,10.0,1,True
2891250,2.0,1.0,0,False
813650,1.0,0.127,0,True
1823730,1.0,0.195,0,True
2875090,1.0,1.27,1,True
2217420,4.0,0.195,1,True
1131140,1.953,0.391,1,True
1883320,2.0,1.0,1,True
642020,2.0,0.002,0,True
981160,2.0,0.039,1,True
1941740,2.0,0.068,0,True
1165450,4.0,0.195,0,True
3221180,4.0,4.0,1,True
2244630,1.0,0.488,1,True
1215320,2.0,0.552,0,False
1034160,2.0,0.107,1,True
2095140,8.0,3.0,1,True
339320,0.5,0.049,0,True
3101620,2.0,0.244,0,True
1885030,4.0,0.293,0,True
1577660,4.0,0.103,1,True
487030,1.0,0.098,0,True
2399080,8.0,1.0,1,True
616040,2.0,1.0,1,True
946780,4.0,0.586,1,True
2123120,1.0,0.244,0,True
2292710,8.0,5.0,1,True
2686690,0.25,0.391,0,True
2055910,2.0,0.488,0,True
1304910,4.0,0.684,1,True
2872750,8.0,0.488,1,True
1602980,2.0,1.0,0,False
308440,1.0,0.098,0,True
1433950,1.0,0.669,0,True
2887260,1.0,0.586,1,True
367140,0.488,0.083,0,True
2127230,2.0,0.059,0,False
2960500,8.0,0.586,1,True
1747510,4.0,1.0,0,True
355560,0.5,0.039,0,True
528660,0.125,0.098,0,True
1415830,6.0,13.0,1,True
2897450,8.0,1.0,1,True
2583030,4.0,1.5,0,True
1170120,4.0,1.0,1,True
2003660,1.0,0.195,0,True
2543350,4.0,3.0,0,True
1386730,0.25,0.054,1,True
2175570,0.488,0.488,0,True
1967940,2.0,2.0,1,True
1151630,0.5,0.488,0,True
642650,1.0,0.293,0,True
3509770,2.0,0.684,0,False
586970,1.0,0.439,0,True
661120,2.0,0.488,0,False
522010,1.0,1.0,0,True
2540810,2.0,1.0,0,True
620710,1.0,0.098,0,True
690400,0.008,0.83,1,True
2681530,4.0,0.781,0,True
259960,0.125,0.596,0,True
1655890,2.0,1.0,0,False
418000,2.0,0.75,1,True
1757680,2.0,0.098,1,True
346780,1.0,0.195,0,True
535280,1.0,0.586,0,True
2402170,4.0,0.488,0,True
666050,0.5,0.195,1,True
1090390,0.5,1.0,0,True
1829540,1.0,0.391,1,True
439440,1.0,0.195,1,True
2319870,8.0,5.0,1,True
1433890,4.0,4.0,1,True
777160,1.0,0.488,0,True
2707970,8.0,1.0,0,True
2469570,2.0,0.488,1,True
942060,4.0,0.195,0,True
1020590,2.0,0.781,0,True
1192580,4.0,1.0,1,True
302650,0.5,0.244,1,True
821500,4.0,0.586,1,True
1925310,0.5,0.391,0,True
1111970,1.953,0.098,0,True
1096330,2.0,2.0,1,True
795040,1.0,0.117,1,True
765690,0.5,1.0,1,True
818500,1.0,0.117,0,True
3460910,1.0,0.293,0,True
683830,2.0,0.293,0,False
2577550,2.0,0.788,0,True
379760,1.0,0.391,0,True
1268370,1.0,0.098,0,True
1655670,2.0,1.0,1,True
596590,1.0,0.098,1,True
2638180,0.002,0.098,0,True
395920,1.0,0.195,1,True
3206410,8.0,8.0,1,True
3379650,8.0,50.0,1,True
1842610,1.0,0.781,1,True
1316200,8.0,1.0,0,True
1313530,8.0,2.0,1,True
687900,0.5,1.0,0,True
331570,0.25,0.684,1,True
853310,4.0,5.0,1,True
1267400,6.0,12.0,1,True
1365030,4.0,1.0,0,True
3050600,8.0,1.0,0,True
950140,2.0,0.098,1,True
1305440,4.0,0.781,1,True
517470,1.0,0.049,1,True
1838820,2.0,1.0,0,False
695110,1.0,0.098,0,True
334840,1.0,0.537,0,True
1011090,8.0,2.441,1,True
869300,2.0,0.195,1,True
2558570,8.0,0.195,1,True
410440,2.0,0.195,1,True
2146770,3.0,2.0,1,True
212110,1.0,0.176,0,True
323280,1.0,0.776,0,True
674440,2.0,0.293,1,True
1694880,4.0,6.0,1,True
415670,1.0,0.098,0,True
1316390,1.0,0.083,0,True
110610,0.5,0.488,0,True
1784630,1.0,2.0,0,True
1233720,2.0,1.0,0,False
1434880,4.0,0.062,1,True
1452540,4.0,0.195,0,True
1028850,2.0,1.0,1,True
312410,0.5,0.5,1,True
1014560,2.0,2.0,1,True
1152820,1.0,0.049,0,True
2850300,8.0,3.0,1,True
2925310,2.0,1.0,0,False
3318730,8.0,1.0,1,True
2298500,0.5,0.5,0,True
810630,1.0,0.058,0,True
523160,0.5,0.293,0,True
2442760,4.0,3.0,1,True
104000,2.0,1.0,0,False
791700,2.0,4.0,1,True
454970,2.0,0.059,0,True
586390,2.0,0.098,1,True
1282320,1.0,2.0,1,True
2119470,2.0,0.098,1,False
2827570,2.0,1.0,0,True
1818570,2.0,0.488,1,True
364770,0.488,0.117,0,True
1612910,4.0,2.0,0,True
752330,4.0,1.465,0,True
1351290,1.465,1.0,1,True
2401370,4.0,3.0,1,True
1339900,2.0,0.098,1,True
2272770,4.0,0.488,1,True
938310,0.5,0.684,0,True
3138570,8.0,2.0,1,True
1230860,4.0,2.0,1,True
618070,0.5,0.098,1,True
654910,1.0,0.098,0,True
1797060,8.0,0.342,0,True
2479960,1.0,0.195,0,True
1832130,1.0,1.0,1,True
1247160,4.0,8.0,1,True
1166600,2.0,1.0,0,False
871190,4.0,0.177,1,True
432770,0.25,1.0,1,True
1212190,4.0,0.195,0,True
1216590,8.0,0.586,1,True
983450,1.0,0.146,1,True
2786700,8.0,1.0,0,True
3047610,8.0,6.0,1,True
1706640,2.0,0.293,1,True
3119720,2.0,3.0,0,True
3015350,6.0,5.0,1,True
785760,4.0,1.66,1,True
2310400,1.0,0.098,1,True
646470,0.5,0.684,0,True
946860,1.0,0.195,0,True
259980,0.125,0.879,0,True
2929070,0.5,1.0,1,True
828950,2.0,0.781,1,True
3198320,4.0,5.0,1,True
3194140,2.0,0.342,0,True
3448240,8.0,6.0,1,True
3089700,2.0,1.0,0,False
1648100,2.0,0.195,0,True
2147050,2.0,0.293,0,True
623160,0.5,0.195,1,True
1065920,4.0,2.0,1,True
1876000,1.0,0.293,1,True
1012970,4.0,1.465,1,True
2936130,2.0,1.0,0,True
2384280,4.0,0.244,0,True
1137400,2.0,1.0,0,False
510250,2.0,1.0,0,True
584220,2.0,0.195,0,True
844130,4.0,0.391,0,True
1964330,4.0,0.195,0,True
2063120,8.0,7.0,1,True
1709180,2.0,0.391,0,True
211800,0.5,0.078,0,True
1630360,3.906,3.906,1,True
2994680,2.0,2.0,1,True
1456290,4.0,3.0,1,True
1245470,2.0,4.0,1,True
639560,4.0,3.0,1,True
3307980,16.0,10.0,1,True
2981530,1.0,2.0,0,True
2414640,2.0,2.0,1,True
1173870,2.0,0.391,1,True
552200,1.0,0.195,0,True
2004180,2.0,0.215,0,False
482330,0.117,0.021,0,True
200130,1.0,3.5,0,True
936740,2.0,1.27,1,True
890220,1.0,0.293,1,True
3356790,2.0,0.342,0,True
845270,0.098,0.029,1,True
1454090,2.0,1.0,0,False
1258790,4.0,0.391,1,True
2728950,0.004,2.0,1,True
2741070,1.0,1.172,1,True
1286600,1.0,0.635,0,True
373630,1.0,0.488,0,True
1472620,2.0,0.293,0,True
2196120,0.684,0.293,0,True
1091470,0.5,0.195,0,True
1730110,2.0,0.01,0,True
1117310,1.0,0.068,0,True
1548050,4.0,7.0,1,True
527720,8.0,2.0,1,True
13000,0.25,0.244,0,True
2555570,2.0,2.0,0,True
533580,1.0,0.01,0,True
618360,2.0,0.293,0,False
892780,2.0,0.391,1,True
1715850,0.195,0.176,1,True
1793380,0.002,0.391,1,True
1291370,1.0,0.01,1,True
27800,0.25,0.078,1,True
807140,1.0,0.068,1,True
3155430,2.0,0.488,1,True
782130,4.0,5.0,1,True
539460,1.0,0.146,1,True
594750,0.25,0.059,0,True
705550,0.977,0.073,1,True
600660,1.0,1.0,0,True
1969830,2.0,0.195,1,True
494310,4.0,1.0,1,True
1673830,4.0,0.488,0,True
2334500,2.0,0.005,0,True
510910,4.0,1.0,1,True
560750,1.0,0.684,0,True
405860,2.0,0.293,1,False
1892790,2.0,0.244,0,True
1630910,2.0,1.0,0,True
1272120,1.953,0.488,0,True
2121490,2.0,0.684,0,True
2676440,8.0,2.0,1,True
2136110,4.0,1.0,1,True
2604450,0.5,0.488,0,True
1135090,4.0,0.195,0,True
2796650,1.0,0.049,0,True
1592340,2.0,0.105,1,True
918670,1.0,0.141,1,True
215450,2.0,1.5,1,True
2227150,4.0,1.0,0,True
29160,1.0,0.039,1,True
3162020,2.0,0.586,1,True
2815150,8.0,0.5,0,True
2479030,2.0,0.195,0,True
1198270,4.0,1.0,1,True
2456280,2.0,0.195,0,False
1298830,0.5,0.293,1,True
1271690,2.0,0.195,1,True
1471910,1.0,0.098,0,True
936650,2.0,0.781,0,True
1794300,4.0,0.117,0,True
1233780,0.5,0.195,0,True
1256520,0.5,0.023,0,True
2321310,2.0,0.586,0,True
1593950,2.0,0.488,0,True
3194300,16.0,1.0,1,True
766000,1.0,0.293,1,True
2331060,2.0,0.146,1,True
297410,0.125,0.129,1,True
438820,0.25,0.586,0,True
1362190,4.0,1.0,1,True
2526500,2.0,1.0,0,False
2226980,4.0,1.562,1,True
1837210,8.0,1.562,1,True
2843410,8.0,2.0,1,True
2655740,2.0,0.342,1,False
2108600,1.0,1.0,0,True
1791680,1.0,1.0,1,True
2840990,4.0,3.0,1,True
1367420,2.0,0.098,0,True
1181570,0.062,0.293,0,True
1199660,0.002,0.098,1,True
1287310,2.0,0.146,0,True
576480,1.0,0.236,1,True
1346890,8.0,4.0,1,True
708920,2.0,0.488,1,True
2764690,4.0,0.293,1,True
512260,1.0,0.146,0,True
1243790,2.0,0.044,0,True
1477020,0.25,0.117,1,True
2843340,2.0,1.0,1,True
792860,2.0,0.244,1,True
1552130,4.0,2.0,1,True
1010950,0.5,0.293,0,True
2103940,1.0,0.098,0,True
1393910,2.0,1.0,0,False
1441670,2.0,0.195,1,False
1336340,8.0,0.098,1,True
1112690,8.0,2.0,1,True
1086750,8.0,2.0,1,True
1251910,0.049,0.024,0,True
708150,2.0,1.0,0,False
2081180,1.0,0.244,1,True
3168370,8.0,4.0,1,True
2238310,8.0,6.0,1,True
1258480,1.0,0.586,0,True
456690,0.5,1.0,0,True
2618380,1.0,1.0,0,True
432190,1.0,0.054,1,True
1153200,4.0,4.0,1,True
866010,2.0,0.488,1,True
1292880,8.0,0.488,1,True
2943640,4.0,0.488,1,True
656880,0.25,0.684,0,True
567210,0.002,0.244,1,True
966090,0.25,0.195,0,True
308360,1.0,0.098,0,True
3173930,1.0,1.0,0,True
2802140,2.0,1.0,0,True
1887250,1.0,0.195,0,True
568500,0.488,0.098,0,True
848530,4.0,0.488,1,True
2454060,8.0,1.0,0,True
2814280,4.0,0.146,0,True
61100,1.0,0.039,0,True
512240,4.0,0.098,1,True
1395540,2.0,0.098,1,False
719410,8.0,0.488,1,True
1883580,4.0,0.5,1,True
986990,2.0,0.195,1,True
3161920,8.0,9.0,1,True
2379030,2.0,2.0,1,True
929850,1.0,0.293,0,True
2705480,6.0,1.0,1,True
1525320,2.0,1.172,1,True
1692620,0.5,0.098,0,True
449760,0.125,0.488,0,True
1020940,1.0,0.117,1,True
554330,2.0,0.098,1,True
1706190,2.0,0.195,1,True
3067180,2.0,2.0,1,True
2520000,2.0,2.0,0,True
448530,1.0,0.391,1,True
560740,0.5,0.781,0,True
1217580,4.0,3.0,1,True
497450,8.0,0.244,1,True
2288310,2.0,1.0,1,True
1175160,0.5,0.586,0,True
539450,1.0,0.029,0,True
549100,2.0,0.049,0,True
2150310,0.004,0.02,0,True
1513530,2.0,0.684,0,True
1561850,2.0,2.0,1,True
1263820,4.0,0.195,0,True
204390,1.0,0.049,1,True
509110,0.125,1.0,0,True
2057310,2.0,10.0,0,True
1172170,4.0,1.0,1,True
552780,0.5,0.098,1,True
3120250,8.0,0.391,1,True
1269620,0.5,0.5,1,True
2799560,2.0,0.293,0,True
2641070,2.0,0.937,0,False
350630,0.029,0.006,0,True
996180,2.0,0.488,0,True
1372370,0.008,5.0,1,True
949030,2.0,0.195,1,True
601930,1.0,1.0,0,True
410150,2.0,0.146,0,False
1127660,0.488,2.0,1,True
1705580,1.0,0.488,1,True
897800,2.0,0.039,1,True
3259390,2.0,1.0,0,False
1216550,0.5,0.488,1,True
708260,1.0,0.098,1,True
2492740,4.0,9.0,1,True
1375930,0.5,0.098,0,True
1321040,1.0,0.195,1,True
722330,4.0,0.244,0,True
1054660,1.0,0.039,0,True
2714600,4.0,0.391,0,True
1644920,2.0,2.0,1,True
513610,2.0,1.0,1,False
729300,1.0,0.122,0,True
1224450,0.5,0.342,0,True
434750,1.0,0.195,0,True
942050,0.5,0.5,0,True
2392060,4.0,0.049,0,True
981420,0.293,0.293,1,True
3140810,0.684,1.0,0,True
1659650,4.0,0.391,1,True
708640,2.0,0.488,1,True
1554680,4.0,2.0,1,True
768290,0.5,0.4,0,True
886070,1.0,0.134,1,True
2442060,4.0,0.391,1,True
1754260,4.0,0.098,0,True
1585250,1.0,0.635,1,True
2947210,0.586,0.586,0,True
2982590,2.0,0.537,0,True
1610840,2.0,0.195,0,True
1014570,0.008,1.465,1,True
3263280,8.0,5.0,1,True
1750330,2.0,0.488,1,True
887900,0.098,0.195,1,True
1689270,1.0,0.488,1,True
383950,0.5,0.211,0,True
2824710,8.0,0.001,0,True
623180,0.5,0.195,1,True
2522660,2.0,3.0,1,True
1620920,0.5,1.0,1,True
1755280,4.0,0.039,1,True
1744120,2.0,9.863,1,True
1535200,2.0,2.0,1,True
1038630,0.5,0.684,0,True
557030,1.0,0.176,0,True
80300,0.062,0.879,0,True
2975160,8.0,3.0,1,True
1493840,0.002,0.098,1,True
1213770,4.0,0.146,0,True
1103310,4.0,1.562,1,True
998790,2.0,0.342,0,False
576410,2.0,0.02,0,True
623170,0.5,0.195,1,True
993780,1.0,0.132,1,True
1412240,4.0,1.0,1,True
772270,2.0,1.0,0,False
2093950,1.0,0.098,1,True
2701410,8.0,1.0,0,True
3287300,2.0,0.098,1,False
7340,0.125,0.063,0,True
513980,8.0,0.488,1,True
1408700,2.0,2.0,1,True
1343260,2.0,0.049,1,True
467780,2.0,0.098,0,True
1897250,2.0,1.0,0,False
323250,0.5,0.195,0,True
878170,4.0,0.001,1,True
1135180,4.0,0.195,0,True
754040,1.0,0.195,0,True
1916830,1.0,0.635,0,True
1221240,2.0,1.0,1,True
2473070,0.5,0.342,0,True
727070,1.0,0.098,0,True
1426980,2.0,0.488,1,True
1166840,2.0,1.0,0,False
632880,2.0,0.049,0,True
1270390,0.488,0.5,0,True
517930,0.25,0.024,0,True
2165740,2.0,0.049,0,True
574640,0.977,1.0,0,True
1265120,4.0,1.0,0,True
3416450,4.0,2.0,1,True
1897320,4.0,0.134,1,True
1162320,1.0,0.176,1,True
490880,0.25,0.125,0,True
765770,1.0,2.0,1,True
1010070,2.0,0.244,0,True
427770,2.0,0.977,0,True
873610,0.5,0.029,0,True
1586840,8.0,2.0,0,True
1452990,1.0,0.781,0,True
1155300,4.0,3.0,1,True
2892270,0.342,1.0,1,True
425070,2.0,0.195,0,True
540190,0.031,0.084,1,True
600530,0.5,0.098,1,True
1589380,4.0,0.195,0,True
1143350,2.0,0.391,1,True
2628190,1.0,0.781,1,True
1124990,2.0,0.195,1,True
490100,2.0,0.146,0,True
560820,1.0,0.684,0,True
429280,0.5,0.151,0,True
428510,1.0,0.055,0,True
509780,0.5,0.049,1,True
819040,2.0,0.195,1,True
707870,1.0,0.098,0,True
1181330,2.0,2.0,1,False
889280,4.0,1.0,1,True
407940,2.0,0.488,1,True
3201240,0.031,0.243,1,True
1527510,2.0,0.146,1,True
780750,2.0,0.02,0,False
677720,2.0,0.098,1,True
848520,1.0,0.25,1,True
399910,0.25,0.375,1,True
336710,2.0,4.0,1,True
27810,0.25,0.068,1,True
571430,4.0,0.293,1,True
794390,2.0,0.049,0,True
1547340,2.0,0.146,1,True
1213550,4.0,1.0,1,True
4300,0.5,1.0,1,True
1528580,3.0,0.098,0,True
1010230,0.002,0.195,1,True
1354100,4.0,0.439,1,True
2508960,8.0,0.137,0,True
2778740,4.0,0.488,0,True
2972350,8.0,6.0,1,True
2002600,2.0,1.0,0,True
2566020,8.0,0.098,0,True
1751560,8.0,15.0,1,True
924940,4.0,2.0,1,True
1460610,0.098,1.0,0,True
2639840,1.0,0.166,0,True
1282090,2.0,1.0,1,False
1281530,2.0,0.273,1,True
2741610,4.0,0.488,1,True
561480,2.0,1.0,0,True
1202170,2.0,0.5,1,True
1548400,2.0,2.0,1,True
797570,1.0,0.098,0,True
1047240,0.5,0.195,0,True
611960,0.25,0.684,0,True
504880,2.0,0.244,0,True
2813760,8.0,5.0,1,True
1399300,4.0,0.488,1,True
3071880,6.0,1.0,1,True
1613680,1.0,0.098,0,True
764560,2.0,0.195,1,True
333870,1.0,0.488,0,True
1524690,2.0,0.098,1,True
788480,2.0,0.488,1,True
1101130,2.0,0.391,1,True
534200,2.0,0.195,1,True
523090,8.0,0.312,1,True
1614340,4.0,0.293,1,True
776720,1.0,0.488,1,True
816710,0.5,0.01,0,True
1294780,0.002,0.391,1,True
2218460,6.0,5.0,1,True
1455230,2.0,0.098,1,True
671550,2.0,0.039,1,True
707400,2.0,0.684,1,True
745250,0.488,0.098,0,True
2535970,8.0,6.0,1,True
487530,1.0,0.146,1,True
926170,1.0,0.049,0,True
560220,1.0,0.264,1,True
1274840,4.0,0.684,0,True
490510,2.0,0.195,0,True
1214570,2.0,0.146,1,True
790290,2.0,0.488,1,True
2780790,2.0,2.0,1,True
1319790,2.0,1.0,0,False
2614480,2.0,0.325,1,True
1090920,4.0,0.195,0,True
575680,1.0,0.146,1,True
1614360,8.0,0.488,0,True
3461430,4.0,1.0,0,True
1043860,1.0,0.195,0,True
1391200,2.0,1.0,1,True
1177690,1.0,0.684,0,True
614460,0.5,0.004,0,True
728870,1.0,0.293,1,True
1534200,4.0,0.195,1,True
1771440,4.0,0.488,0,True
2862990,2.0,0.293,1,False
2843170,4.0,0.146,1,True
2081540,4.0,0.098,0,True
110630,0.5,0.098,1,True
966010,1.0,0.293,1,True
514650,1.0,0.098,0,True
959030,1.0,0.195,1,True
2392730,2.0,0.488,0,True
2203730,2.0,0.146,1,True
2512430,2.0,1.0,1,False
999350,1.0,0.062,0,True
536770,0.5,0.928,0,True
955640,8.0,1.104,1,True
3515440,4.0,5.0,1,True
933140,0.004,2.0,1,True
1990940,0.5,1.0,0,True
1962030,4.0,0.488,0,True
2668580,2.0,0.049,0,True
1211370,4.0,2.0,1,True
2421910,0.002,0.049,0,True
470440,0.5,0.195,0,True
1428370,0.5,0.244,0,True
512550,2.0,2.0,1,True
681620,1.0,0.146,1,True
1799160,0.004,0.293,1,True
3084150,4.0,1.0,1,True
1166580,1.0,0.146,1,True
589640,2.0,0.488,0,True
1814950,4.0,0.098,1,True
1938180,2.0,0.098,0,True
1510670,1.0,0.225,0,True
786180,2.0,0.293,1,False
863490,0.5,0.049,0,True
595780,2.0,0.391,0,False
1492900,4.0,4.0,1,True
726320,1.0,0.391,1,True
1586220,2.0,5.0,0,True
2728040,4.0,0.195,0,True
1009700,2.0,0.133,1,False
2055130,2.0,1.0,1,True
2341050,2.0,0.342,1,False
2027000,4.0,0.098,0,True
768300,0.25,0.049,0,True
1112370,2.0,2.0,1,True
686520,2.0,1.0,0,False
792160,2.0,0.342,0,True
928670,0.5,0.684,0,True
3384610,8.0,2.0,1,True
440790,2.0,0.42,0,True
878020,2.0,1.0,0,True
818410,4.0,2.0,0,True
1590700,1.0,0.146,0,True
2371910,4.0,1.0,1,True
3316620,2.0,0.078,0,True
1487460,4.0,0.293,1,True
1343150,0.004,3.0,1,True
1766810,1.0,0.049,0,True
1375480,0.5,0.098,1,True
701290,2.0,0.244,0,True
1331330,2.0,1.0,0,True
1405950,2.0,0.488,0,True
882640,2.0,1.172,1,True
926210,3.906,2.344,0,True
1517350,2.0,1.0,1,True
1120800,1.0,1.27,0,True
1920700,2.0,0.098,0,False
1787160,2.0,0.244,1,True
1334910,8.0,5.0,1,True
862130,1.0,0.488,0,True
1563150,1.0,0.83,1,True
1235120,4.0,0.781,1,True
1119940,2.0,0.132,0,True
2550630,1.0,0.049,0,True
805870,1.0,0.049,1,True
3386800,8.0,3.0,1,True
1587190,4.0,0.186,0,True
2934990,2.0,0.098,1,False
1588940,2.0,0.234,0,False
1750600,2.0,0.244,0,True
3282210,4.0,2.0,0,True
688690,1.0,0.044,0,True
999410,2.0,0.043,0,True
1058930,2.0,0.098,1,True
601180,2.0,0.146,1,True
1885540,2.0,0.195,1,True
554660,2.0,0.073,1,True
536470,2.0,0.195,1,True
873560,1.0,0.125,0,True
1885670,4.0,0.244,1,True
1736710,0.5,0.012,0,True
2825250,2.0,0.488,0,False
704480,1.0,0.146,0,True
485560,2.0,0.049,1,True
2541550,4.0,8.0,1,True
1330570,2.0,0.098,0,True
488890,2.0,0.368,0,True
1772490,4.0,0.098,1,True
624710,8.0,1.0,1,True
665590,1.0,0.117,1,True
604830,4.0,0.488,1,True
528070,0.5,0.034,0,True
769370,1.0,0.16,1,True
548720,2.0,0.488,1,True
2206680,2.0,0.146,1,True
1711840,2.0,0.488,0,False
1211540,4.0,0.195,0,True
1857580,1.0,0.293,1,True
757040,0.125,0.002,0,True
3110500,2.0,0.146,0,True
1629600,2.0,1.0,1,True
620940,1.0,0.02,1,True
3305540,8.0,2.0,1,True
2320570,4.0,0.391,0,True
2256360,2.0,0.059,1,True
1307880,1.0,0.293,0,True
3087810,4.0,0.195,0,True
1425380,0.488,0.012,1,True
1134630,4.0,0.195,0,True
1627040,1.0,0.293,0,True
1458000,2.0,0.391,1,True
715210,4.0,0.146,1,True
1640100,4.0,1.0,1,True
1158260,1.0,0.195,0,True
2503250,2.0,1.0,0,True
376490,1.0,0.678,0,True
360600,2.0,0.146,1,True
1197150,2.0,0.488,1,False
727480,0.5,0.586,1,True
664610,1.0,0.125,0,True
718080,0.5,0.044,1,True
1839540,2.0,1.0,0,True
840310,0.25,0.293,0,True
1799560,1.0,0.195,0,True
545590,2.0,0.195,0,False
1451720,4.0,0.146,0,True
2885620,4.0,0.488,0,True
2027350,1.0,0.098,1,True
750330,0.5,0.5,1,True
2709220,2.0,3.0,1,True
1097820,4.0,1.0,1,True
2804960,2.0,1.0,0,False
954010,2.0,0.236,0,True
1161360,1.0,0.098,1,True
2751610,0.125,1.0,0,True
1936700,8.0,3.0,0,True
2279710,2.0,0.22,1,True
809900,2.0,0.454,1,True
542880,2.0,0.098,0,True
3027970,8.0,4.0,1,True
2863090,2.0,0.293,1,False
1125860,2.0,0.293,1,True
667040,0.5,0.684,0,True
3358820,4.0,2.246,1,True
1314930,6.0,1.953,1,True
1126470,4.0,0.275,1,True
2415540,1.0,1.0,0,True
781640,2.0,0.049,1,False
652340,1.0,0.146,0,True
3337220,2.0,0.195,0,True
2651800,0.5,1.0,0,True
2207070,1.0,1.0,1,True
747190,1.0,1.0,0,True
3380360,0.004,3.0,1,True
3046050,4.0,0.049,0,True
2154400,4.0,4.0,1,True
3349930,2.0,1.0,1,True
786820,4.0,0.049,1,True
844180,0.125,0.146,0,True
1152330,1.0,1.0,1,True
447950,0.125,0.195,1,True
1675640,4.0,1.0,1,True
784100,1.0,0.342,0,True
1823570,2.0,0.488,0,True
1209440,4.0,0.195,0,True
1136880,8.0,0.195,1,True
1312060,0.004,0.098,0,True
2399370,4.0,1.0,0,True
1478600,0.125,0.488,0,True
840700,1.0,0.125,0,True
1513310,2.0,0.098,1,True
2444290,8.0,1.0,1,True
821120,0.5,0.01,0,True
1252160,1.0,3.0,1,True
740570,1.0,1.0,0,True
3477800,6.0,1.0,1,True
1820690,4.0,0.5,1,True
2299150,1.0,1.0,0,True
2173650,4.0,2.0,1,True
1315270,2.0,4.0,1,True
408750,0.5,0.201,1,True
1747670,1.0,0.349,1,True
1569750,4.0,0.098,0,True
1388430,4.0,8.0,1,True
745030,0.5,0.068,1,True
839340,4.0,0.049,1,True
1774700,4.0,0.146,1,True
1428460,4.0,3.0,1,True
534560,4.0,0.488,1,True
1849310,1.0,0.488,0,True
1155420,2.0,0.244,0,True
1651680,1.0,0.146,1,True
2301210,4.0,1.0,1,True
431200,4.0,0.049,1,True
3066440,1.0,1.0,0,True
857540,2.0,0.132,1,True
356820,1.0,0.25,0,True
1461490,1.0,0.098,1,True
1567490,2.0,0.098,1,True
1079970,2.0,0.488,0,False
1261300,2.0,0.391,0,True
3090860,0.008,2.0,1,True
831470,4.0,2.0,1,True
2642460,4.0,1.0,1,True
1448780,1.0,0.366,1,True
654770,2.0,0.088,1,True
3080960,8.0,2.0,1,True
913090,1.0,0.049,0,True
821390,2.0,1.0,0,False
1580570,2.0,0.195,1,True
696060,2.0,0.635,0,True
607440,8.0,0.244,1,True
1201880,4.0,5.0,1,True
894340,2.0,3.0,1,True
390620,1.0,0.537,1,True
2940020,2.0,0.457,0,False
494120,2.93,0.684,1,True
1139470,0.5,0.146,0,True
2387410,6.0,5.0,0,True
1091570,2.0,0.195,1,True
971480,4.0,10.0,0,True
2180150,1.0,0.508,1,True
2672850,8.0,4.0,1,True
1128190,1.0,0.02,1,True
3286710,8.0,4.0,0,True
2054680,2.0,0.049,0,True
2100780,4.0,1.367,1,True
2086180,2.0,0.098,0,True
794190,1.0,0.293,1,True
3337920,1.0,0.488,0,True
637330,8.0,5.0,1,True
1039200,2.0,0.049,1,False
1871500,4.0,0.293,1,True
2087470,2.0,0.098,0,True
628580,0.5,0.059,0,True
1632500,2.0,1.0,0,True
3044540,4.0,1.0,1,True
3026480,2.0,0.098,0,True
2746760,1.0,0.488,1,True
774281,1.0,1.0,0,True
3123250,8.0,2.0,1,True
1458530,0.5,0.293,1,True
1168630,1.0,0.146,1,True
754520,1.0,0.039,1,True
1191440,2.0,2.0,1,True
796510,0.5,0.234,0,True
1964420,4.0,0.586,0,True
1804760,2.0,0.097,1,True
1410600,2.0,0.293,0,False
1417540,2.0,0.146,1,True
1515800,1.0,0.195,1,True
2091130,1.0,0.098,1,True
2252550,2.0,0.293,1,True
1726890,1.0,0.5,0,True
809320,0.5,0.034,0,True
1755890,1.0,1.0,1,True
1389890,2.0,0.017,0,False
1755570,2.0,0.684,1,True
790930,4.0,0.488,0,True
799800,1.0,0.098,1,True
562600,0.5,0.029,0,True
1586300,4.0,5.0,1,True
1485900,1.0,1.0,1,True
1906140,2.0,0.195,1,True
1140070,1.0,0.225,0,True
798850,2.0,1.0,0,False
1483800,2.0,0.293,1,True
3298150,4.0,0.293,0,True
1149590,1.0,0.391,0,True
2873800,8.0,2.0,1,True
1855170,2.0,0.195,1,True
1328570,2.0,0.195,1,True
2093250,1.0,0.293,1,True
3130670,8.0,1.0,0,True
1907420,2.0,0.195,1,True
1216540,3.0,1.0,1,True
876310,2.0,0.488,1,True
1221280,0.5,0.062,0,True
2950000,2.0,1.0,0,True
1869690,2.0,0.195,1,True
2918490,4.0,0.391,1,True
823360,1.0,0.008,1,True
776820,1.0,0.195,1,True
1268250,2.0,0.586,0,False
775520,1.0,0.039,1,True
1888800,2.0,0.195,1,True
1814160,4.0,1.0,1,True
2206570,1.0,1.0,1,True
868550,1.0,0.049,1,True
778340,1.0,0.049,1,True
2467000,3.0,1.0,0,True
2007470,2.0,0.195,1,True
2027370,1.0,0.015,1,True
816160,0.391,0.146,0,True
3083520,4.0,1.0,1,True
2863350,2.0,0.391,0,True
1703480,1.0,0.098,1,True
775910,1.0,0.049,1,True
3176750,4.0,0.098,0,True
3176880,4.0,0.112,0,True
722680,1.0,0.146,1,True
3206090,4.0,0.097,0,True
3204840,4.0,0.16,0,True
