appid,type,name,is_free,release_coming_soon,release_date_text,price_currency,price_initial,price_final,price_discount_pct,platform_windows,platform_mac,platform_linux,categories,genres,supported_languages,pc_minimum,pc_recommended,header_image,screenshots_count,movies_count
3115220,game,Town to City,False,False,"Sep 16, 2025",USD,2499,2499,0,True,False,False,Single-player|Steam Achievements|Adjustable Text Size|Camera Comfort|Custom Volume Controls|Playable without Timed Input|Save Anytime|Stereo Sound|Steam Cloud|Family Sharing,Indie|Simulation|Strategy|Early Access,"English<strong>*</strong>, French, German, Spanish - Spain, Japanese, Korean, Portuguese - Brazil, Russian, Simplified Chinese, Traditional Chinese, Polish<br><strong>*</strong>languages with full audio support","<strong>Minimum:</strong><br><ul class=""bb_ul""><li><strong>OS:</strong> Windows 10 64-bit <br></li><li><strong>Processor:</strong> Intel Core i5-10600K / AMD Ryzen 5 3600X<br></li><li><strong>Memory:</strong> 8 GB RAM<br></li><li><strong>Graphics:</strong> Nvidia GeForce GTX 960 / AMD Radeon RX 570<br></li><li><strong>DirectX:</strong> Version 12<br></li><li><strong>Storage:</strong> 3 GB available space</li></ul>","<strong>Recommended:</strong><br><ul class=""bb_ul""><li><strong>OS:</strong> Windows 10 64-bit <br></li><li><strong>Processor:</strong> Intel Core i7-11700K / AMD Ryzen 7 5700<br></li><li><strong>Memory:</strong> 16 GB RAM<br></li><li><strong>Graphics:</strong> Nvidia GeForce RTX 2060 / AMD Radeon RX 5700 XT<br></li><li><strong>DirectX:</strong> Version 12<br></li><li><strong>Storage:</strong> 3 GB available space</li></ul>",https://shared.akamai.steamstatic.com/store_item_assets/steam/apps/3115220/header.jpg?t=1772140952,12,7
2016460,game,Tales of the Shire: A The Lord of The Rings™ Game,False,False,"Jul 29, 2025",USD,3499,3499,0,True,False,False,Single-player|Steam Achievements|Full controller support|Steam Trading Cards|Steam Cloud|Family Sharing,Casual|Indie|RPG|Simulation,"English, French, Italian, German, Spanish - Spain, Japanese, Korean, Portuguese - Brazil, Simplified Chinese, Traditional Chinese, Polish, Spanish - Latin America, Turkish","<strong>Minimum:</strong><br><ul class=""bb_ul""><li>Requires a 64-bit processor and operating system<br></li><li><strong>OS:</strong> Windows 10<br></li><li><strong>Processor:</strong> Intel Core i5-7600K or AMD Ryzen 3 1200<br></li><li><strong>Memory:</strong> 16 GB RAM<br></li><li><strong>Graphics:</strong> NVIDIA GeForce GTX 770, 4 GB or AMD Radeon R9 270X, 4 GB or Intel Arc A580, 8 GB<br></li><li><strong>Storage:</strong> 3 GB available space<br></li><li><strong>Additional Notes:</strong> Details: 1080p Very Low @ 30 FPS</li></ul>","<strong>Recommended:</strong><br><ul class=""bb_ul""><li>Requires a 64-bit processor and operating system<br></li><li><strong>OS:</strong> Windows 11<br></li><li><strong>Processor:</strong> Intel Core i5-10600 or AMD Ryzen 5 8400F<br></li><li><strong>Memory:</strong> 16 GB RAM<br></li><li><strong>Graphics:</strong> NVIDIA GeForce RTX 3060 Ti, 8 GB or AMD Radeon RX 6750 XT, 12 GB<br></li><li><strong>Storage:</strong> 3 GB available space<br></li><li><strong>Additional Notes:</strong> Details: 1080p High @ 60 FPS</li></ul>",https://shared.akamai.steamstatic.com/store_item_assets/steam/apps/2016460/header.jpg?t=1769187824,11,2
3483740,game,Cast n Chill,False,False,"Jun 16, 2025",USD,1499,1124,25,True,True,False,Single-player|Multi-player|Co-op|Shared/Split Screen Co-op|Shared/Split Screen|Steam Achievements|Full controller support|Camera Comfort|Custom Volume Controls|Keyboard Only Option|Mouse Only Option|Playable without Timed Input|Save Anytime|Stereo Sound|Steam Cloud|Remote Play on TV|Remote Play Together|Family Sharing,Casual|Indie|RPG|Simulation|Sports,"English, French, Italian, German, Spanish - Spain, Japanese, Korean, Simplified Chinese, Traditional Chinese, Portuguese - Brazil, Russian, Turkish","<strong>Minimum:</strong><br><ul class=""bb_ul""><li>Requires a 64-bit processor and operating system<br></li><li><strong>OS:</strong> Windows 10<br></li><li><strong>Processor:</strong> Intel® Core™ i3 @ 3.2 GHZ<br></li><li><strong>Memory:</strong> 4 GB RAM<br></li><li><strong>Graphics:</strong> Graphics card with DX9<br></li><li><strong>Storage:</strong> 256 MB available space</li></ul>","<strong>Recommended:</strong><br><ul class=""bb_ul""><li>Requires a 64-bit processor and operating system</li></ul>",https://shared.akamai.steamstatic.com/store_item_assets/steam/apps/3483740/b3861b297ccb9284cd066c91f57b8b97b8e9fa91/header_alt_assets_4.jpg?t=1770355191,17,3
2949320,game,Ratatan,False,False,"Sep 18, 2025",USD,2499,2499,0,True,False,False,Single-player|Multi-player|Co-op|Online Co-op|Full controller support|Steam Cloud|Family Sharing,Action|Adventure|Casual|Indie|RPG|Early Access,"English, French, Italian, German, Spanish - Spain, Japanese, Simplified Chinese, Traditional Chinese, Korean, Portuguese - Portugal","<strong>Minimum:</strong><br><ul class=""bb_ul""><li>Requires a 64-bit processor and operating system<br></li><li><strong>OS:</strong> Windows® 10 64-bit<br></li><li><strong>Processor:</strong> Dual Core 2.4 GHz<br></li><li><strong>Memory:</strong> 8 GB RAM<br></li><li><strong>Graphics:</strong> GeForce GTX 950, Radeon R7 360, or Intel HD Graphics 630<br></li><li><strong>Network:</strong> Broadband Internet connection<br></li><li><strong>Storage:</strong> 10 GB available space<br></li><li><strong>Additional Notes:</strong> An internet connection with a non-symmetric NAT type (e.g., open or moderate) is required to play online co-op.</li></ul>","<strong>Recommended:</strong><br><ul class=""bb_ul""><li>Requires a 64-bit processor and operating system<br></li><li><strong>OS:</strong> Windows® 11 64-bit<br></li><li><strong>Processor:</strong> Quad Core 2.4 GHz<br></li><li><strong>Memory:</strong> 16 GB RAM<br></li><li><strong>Graphics:</strong> GeForce RTX 2060, Radeon RX 5600 XT, or Intel Arc A580<br></li><li><strong>Network:</strong> Broadband Internet connection<br></li><li><strong>Storage:</strong> 10 GB available space<br></li><li><strong>Additional Notes:</strong> An internet connection with a non-symmetric NAT type (e.g., open or moderate) is required to play online co-op.</li></ul>",https://shared.akamai.steamstatic.com/store_item_assets/steam/apps/2949320/c9c9c3ca114d41226c6007e4ebf9c1f3256b4d78/header.jpg?t=1762250627,6,2
1601330,game,Survival Machine,False,False,"May 7, 2025",USD,1999,1999,0,True,False,False,Single-player|Multi-player|Co-op|Online Co-op|Steam Achievements|Custom Volume Controls|Adjustable Difficulty|Partial Controller Support|Steam Cloud|Family Sharing,Action|Adventure|Casual|Indie|Early Access,"English<strong>*</strong>, French, German, Spanish - Spain, Simplified Chinese, Polish, Russian, Italian, Danish, Dutch, Japanese, Korean, Norwegian, Portuguese - Portugal, Swedish, Turkish, Traditional Chinese, Portuguese - Brazil<br><strong>*</strong>languages with full audio support","<strong>Minimum:</strong><br><ul class=""bb_ul""><li>Requires a 64-bit processor and operating system<br></li><li><strong>OS:</strong> Windows 10<br></li><li><strong>Processor:</strong> Intel Core i5-6400 (2.7 GHz 4 Core) / AMD Ryzen 5 1500X (3.5 GHz 4 Core) or equivalent<br></li><li><strong>Memory:</strong> 16 GB RAM<br></li><li><strong>Graphics:</strong> NVIDIA GeForce GTX 1060 (req. 6GB VRAM) / AMD Radeon RX 580 (req. 6GB VRAM) / Intel ARC A380<br></li><li><strong>DirectX:</strong> Version 11<br></li><li><strong>Network:</strong> Broadband Internet connection<br></li><li><strong>Storage:</strong> 15 GB available space<br></li><li><strong>Sound Card:</strong> on board</li></ul>","<strong>Recommended:</strong><br><ul class=""bb_ul""><li>Requires a 64-bit processor and operating system<br></li><li><strong>OS:</strong> Windows 10<br></li><li><strong>Processor:</strong> Intel i7-8700 (3.7 GHz 6 Core) / AMD Ryzen 7 2700X (3.7 GHz 8 Core) or equivalent<br></li><li><strong>Memory:</strong> 16 GB RAM<br></li><li><strong>Graphics:</strong> NVIDIA RTX 2070 Super (req. 6GB VRAM) / AMD Radeon RX 6700 XT (req. 6GB VRAM) / Intel ARC A770<br></li><li><strong>DirectX:</strong> Version 11<br></li><li><strong>Network:</strong> Broadband Internet connection<br></li><li><strong>Storage:</strong> 15 GB available space<br></li><li><strong>Sound Card:</strong> on board</li></ul>",https://shared.akamai.steamstatic.com/store_item_assets/steam/apps/1601330/header.jpg?t=1765893354,14,2
1299460,game,Wanderstop,False,False,"Mar 11, 2025",USD,2499,1499,40,True,False,False,Single-player|Steam Achievements|Full controller support|Steam Cloud|Family Sharing,Adventure|Indie|Simulation,"English<strong>*</strong>, French, Italian, German, Spanish - Spain, Japanese, Simplified Chinese, Spanish - Latin America, Traditional Chinese, Korean, Portuguese - Brazil<br><strong>*</strong>languages with full audio support","<strong>Minimum:</strong><br><ul class=""bb_ul""><li>Requires a 64-bit processor and operating system<br></li><li><strong>OS:</strong> Windows 10<br></li><li><strong>Processor:</strong> Intel Core i5-750 or AMD Phenom II X2 565<br></li><li><strong>Memory:</strong> 8 GB RAM<br></li><li><strong>Graphics:</strong> NVIDIA GeForce GT 1030, 2GB or AMD Radeon R7 370, 2GB or Intel Arc A310, 4GB<br></li><li><strong>DirectX:</strong> Version 11<br></li><li><strong>Storage:</strong> 15 GB available space<br></li><li><strong>Additional Notes:</strong> Low 720p @ 30 FPS</li></ul>","<strong>Recommended:</strong><br><ul class=""bb_ul""><li>Requires a 64-bit processor and operating system<br></li><li><strong>OS:</strong> Windows 10<br></li><li><strong>Processor:</strong> Intel Core i5-4570 or AMD Ryzen 3 1300x<br></li><li><strong>Memory:</strong> 8 GB RAM<br></li><li><strong>Graphics:</strong> NVIDIA GeForce GTX 970, 4GB or AMD Radeon RX 480, 4GB or Intel Arc A580, 8GB<br></li><li><strong>DirectX:</strong> Version 11<br></li><li><strong>Storage:</strong> 15 GB available space<br></li><li><strong>Additional Notes:</strong> High 1080 @ 60 FPS</li></ul>",https://shared.akamai.steamstatic.com/store_item_assets/steam/apps/1299460/header.jpg?t=1764011216,6,3
2918500,game,Cozy Island,False,False,"Sep 21, 2025",USD,899,899,0,True,True,False,Single-player|Multi-player|Co-op|Online Co-op|Steam Achievements|Full controller support|Steam Cloud|Family Sharing,Adventure|Casual|Indie,"English, Simplified Chinese","<strong>Minimum:</strong><br><ul class=""bb_ul""><li>Requires a 64-bit processor and operating system<br></li><li><strong>OS:</strong> Windows 10 64-bit<br></li><li><strong>Processor:</strong> Intel Core i5-10400 / AMD Ryzen 3 4100<br></li><li><strong>Memory:</strong> 8 GB RAM<br></li><li><strong>Graphics:</strong> NVIDIA GTX 960 4GB / AMD Radeon R9 380 4GB<br></li><li><strong>DirectX:</strong> Version 11<br></li><li><strong>Storage:</strong> 2 GB available space<br></li><li><strong>Sound Card:</strong> DirectX compatible</li></ul>","<strong>Recommended:</strong><br><ul class=""bb_ul""><li>Requires a 64-bit processor and operating system<br></li><li><strong>OS:</strong> Windows 10 64-bit<br></li><li><strong>Processor:</strong> Intel Core i5-12400 / AMD Ryzen 5 5600<br></li><li><strong>Memory:</strong> 16 GB RAM<br></li><li><strong>Graphics:</strong> NVIDIA GTX 1060 6GB / AMD Radeon RX 580 8GB<br></li><li><strong>DirectX:</strong> Version 11<br></li><li><strong>Storage:</strong> 2 GB available space<br></li><li><strong>Sound Card:</strong> DirectX compatible</li></ul>",https://shared.akamai.steamstatic.com/store_item_assets/steam/apps/2918500/99d4baf423147e3f414b4e946e610a9ebda7d39c/header.jpg?t=1766064146,8,2
3213850,game,gogh: Focus with Your Avatar,False,False,"Apr 30, 2025",USD,1199,1199,0,True,True,False,Single-player|Multi-player|Co-op|Online Co-op|Steam Achievements|Steam Cloud|Family Sharing,Action|Adventure|Casual|Indie|RPG|Simulation|Sports|Free To Play,"English, Simplified Chinese, Japanese, Korean, French, Italian, German, Spanish - Spain, Indonesian, Spanish - Latin America, Thai, Vietnamese, Portuguese - Brazil, Russian, Traditional Chinese","<strong>Minimum:</strong><br><ul class=""bb_ul""><li>Requires a 64-bit processor and operating system<br></li><li><strong>OS:</strong> Windows 10 / 11<br></li><li><strong>Processor:</strong> Intel Core i5-1235U<br></li><li><strong>Memory:</strong> 8 GB RAM<br></li><li><strong>Graphics:</strong> Intel Iris Xe Graphics<br></li><li><strong>DirectX:</strong> Version 11<br></li><li><strong>Storage:</strong> 3 GB available space</li></ul>","<strong>Recommended:</strong><br><ul class=""bb_ul""><li>Requires a 64-bit processor and operating system<br></li><li><strong>OS:</strong> Windows 10 / 11<br></li><li><strong>Processor:</strong> Intel Core i7-6700 / AMD Ryzen 5 2600<br></li><li><strong>Memory:</strong> 16 GB RAM<br></li><li><strong>Graphics:</strong> NVIDIA GTX 1060 / Radeon RX580<br></li><li><strong>DirectX:</strong> Version 11<br></li><li><strong>Storage:</strong> 3 GB available space</li></ul>",https://shared.akamai.steamstatic.com/store_item_assets/steam/apps/3213850/0a8609a466c3b85f06b27b1477bf0c650a10cedf/header.jpg?t=1771042976,8,7
1401730,game,Crashlands 2,False,False,"Apr 10, 2025",USD,2499,2499,0,True,False,False,Single-player|Steam Achievements|Full controller support|Adjustable Text Size|Camera Comfort|Color Alternatives|Custom Volume Controls|Adjustable Difficulty|Save Anytime|Stereo Sound|Steam Cloud|Family Sharing|Steam Timeline,Action|Adventure|Indie|RPG,"English<strong>*</strong>, French, German, Japanese, Portuguese - Brazil, Spanish - Latin America, Traditional Chinese, Simplified Chinese, Russian, Korean<br><strong>*</strong>languages with full audio support","<strong>Minimum:</strong><br><ul class=""bb_ul""><li><strong>OS:</strong> Windows 10, 11<br></li><li><strong>Processor:</strong> 2.0 Ghz<br></li><li><strong>Memory:</strong> 2 GB RAM<br></li><li><strong>Graphics:</strong> 512MB Video Memory<br></li><li><strong>DirectX:</strong> Version 11<br></li><li><strong>Storage:</strong> 500 MB available space</li></ul>",,https://shared.akamai.steamstatic.com/store_item_assets/steam/apps/1401730/header.jpg?t=1767078883,13,3
2816950,game,Yaoling: Mythical Journey,False,False,"Jun 19, 2025",USD,1999,999,50,True,False,False,Single-player|Steam Achievements|Partial Controller Support|Steam Cloud|Family Sharing,Adventure|Casual|Indie|RPG|Simulation|Strategy,"English<strong>*</strong>, Simplified Chinese<strong>*</strong>, Traditional Chinese<strong>*</strong>, Japanese<strong>*</strong><br><strong>*</strong>languages with full audio support","<strong>Minimum:</strong><br><ul class=""bb_ul""><li><strong>OS *:</strong> Windows 7+<br></li><li><strong>Processor:</strong> Intel(R) Core(TM) i3-3220<br></li><li><strong>Memory:</strong> 2 GB RAM<br></li><li><strong>Graphics:</strong> 1Gb Video Memory, Capable of OpenGL 3.0+ Support<br></li><li><strong>Storage:</strong> 8 GB available space</li></ul>","<strong>Recommended:</strong><br><ul class=""bb_ul""><li><strong>OS *:</strong> Windows 7+<br></li><li><strong>Processor:</strong> Intel(R) Core(TM) i5-3470<br></li><li><strong>Memory:</strong> 2 GB RAM<br></li><li><strong>Graphics:</strong> 1Gb Video Memory, Capable of OpenGL 3.0+ Support<br></li><li><strong>Storage:</strong> 8 GB available space</li></ul>",https://shared.akamai.steamstatic.com/store_item_assets/steam/apps/2816950/header.jpg?t=1765091028,16,3
3035120,game,Is This Seat Taken?,False,False,"Aug 7, 2025",USD,999,999,0,True,True,True,Single-player|Steam Achievements|Full controller support|Steam Trading Cards|Camera Comfort|Color Alternatives|Custom Volume Controls|Keyboard Only Option|Mouse Only Option|Playable without Timed Input|Touch Only Option|Steam Cloud|Family Sharing,Casual|Indie,"English, Spanish - Spain, Catalan, French, Japanese, Russian, Simplified Chinese, German, Turkish, Polish, Portuguese - Brazil, Italian, Czech, Dutch, Korean, Portuguese - Portugal, Thai, Traditional Chinese, Ukrainian","<strong>Minimum:</strong><br><ul class=""bb_ul""><li><strong>OS:</strong> Windows 10 and Windows 11<br></li><li><strong>Processor:</strong> 1.8 GHz or faster processor<br></li><li><strong>Memory:</strong> 8 GB RAM<br></li><li><strong>Graphics:</strong> Direct X 11.0 compatible video card<br></li><li><strong>DirectX:</strong> Version 11<br></li><li><strong>Storage:</strong> 300 MB available space<br></li><li><strong>Sound Card:</strong> Any</li></ul>","<strong>Recommended:</strong><br><ul class=""bb_ul""><li><strong>OS:</strong> Windows 10 and Windows 11<br></li><li><strong>Processor:</strong> 2.8 GHz or faster processor<br></li><li><strong>Memory:</strong> 8 GB RAM<br></li><li><strong>Graphics:</strong> Direct X 11.0 compatible video card<br></li><li><strong>DirectX:</strong> Version 11<br></li><li><strong>Storage:</strong> 500 MB available space<br></li><li><strong>Sound Card:</strong> Any</li></ul>",https://shared.akamai.steamstatic.com/store_item_assets/steam/apps/3035120/header.jpg?t=1770714429,7,2
1136380,game,Ultimate Fishing® Simulator 2,False,False,"May 9, 2025",USD,1999,1999,0,True,False,False,Single-player|Multi-player|PvP|Online PvP|Co-op|Online Co-op|Full controller support|Custom Volume Controls|Adjustable Difficulty|Playable without Timed Input|Steam Cloud|Family Sharing,Simulation|Sports,"English<strong>*</strong>, Simplified Chinese, Polish, Russian, Turkish, Ukrainian, French, Italian, German, Spanish - Spain, Dutch, Japanese, Portuguese - Brazil, Korean<br><strong>*</strong>languages with full audio support","<strong>Minimum:</strong><br><ul class=""bb_ul""><li>Requires a 64-bit processor and operating system<br></li><li><strong>OS:</strong> Windows 10 64-bit<br></li><li><strong>Processor:</strong> Intel Core i3-6100 or equivalent<br></li><li><strong>Memory:</strong> 8 GB RAM<br></li><li><strong>Graphics:</strong> NVidia GeForce RTX 1060 or equivalent<br></li><li><strong>DirectX:</strong> Version 11<br></li><li><strong>Storage:</strong> 10 GB available space<br></li><li><strong>Sound Card:</strong> DirectX compatible</li></ul>","<strong>Recommended:</strong><br><ul class=""bb_ul""><li>Requires a 64-bit processor and operating system<br></li><li><strong>OS:</strong> Windows 11 64-bit<br></li><li><strong>Processor:</strong> Intel Core i5-8400 or equivalent<br></li><li><strong>Memory:</strong> 16 GB RAM<br></li><li><strong>Graphics:</strong> NVidia GeForce RTX 3060 or equivalent<br></li><li><strong>DirectX:</strong> Version 11<br></li><li><strong>Storage:</strong> 10 GB available space<br></li><li><strong>Sound Card:</strong> DirectX compatible</li></ul>",https://shared.akamai.steamstatic.com/store_item_assets/steam/apps/1136380/header.jpg?t=1770403924,27,1
2658510,game,Animal Shelter 2,False,False,"Jul 23, 2025",USD,2499,1674,33,True,False,False,Single-player|Multi-player|Co-op|Online Co-op|Steam Achievements|Full controller support|Custom Volume Controls|Save Anytime|Stereo Sound|Surround Sound|Steam Cloud|Family Sharing,Adventure|Casual|Indie|Simulation,"English<strong>*</strong>, French, Italian, German, Spanish - Spain, Japanese, Korean, Polish, Portuguese - Brazil, Russian, Simplified Chinese, Traditional Chinese, Turkish<br><strong>*</strong>languages with full audio support","<strong>Minimum:</strong><br><ul class=""bb_ul""><li>Requires a 64-bit processor and operating system<br></li><li><strong>OS:</strong> Windows 10 64 Bit<br></li><li><strong>Processor:</strong> Intel Core i3-4130 / AMD Ryzen 3 1200<br></li><li><strong>Memory:</strong> 8 GB RAM<br></li><li><strong>Graphics:</strong> NVidia GeForce GTX 960 / Radeon R9 280X<br></li><li><strong>DirectX:</strong> Version 11<br></li><li><strong>Storage:</strong> 18 GB available space</li></ul>","<strong>Recommended:</strong><br><ul class=""bb_ul""><li>Requires a 64-bit processor and operating system<br></li><li><strong>OS:</strong> Windows 10 64 Bit<br></li><li><strong>Processor:</strong> Intel Core i5-8600K / AMD Ryzen 5 3600<br></li><li><strong>Memory:</strong> 16 GB RAM<br></li><li><strong>Graphics:</strong> NVidia GeForce GTX 1070 / AMD Radeon RX 590<br></li><li><strong>DirectX:</strong> Version 11<br></li><li><strong>Storage:</strong> 18 GB available space<br></li><li><strong>Additional Notes:</strong> Recommend installation on an SSD drive</li></ul>",https://shared.akamai.steamstatic.com/store_item_assets/steam/apps/2658510/83fe75c6fb5dc3a0db115cbb74cdde29b47d996b/header.jpg?t=1770905517,19,5
1313290,game,Let Them Trade,False,False,"Jul 24, 2025",USD,1799,1799,0,True,False,False,Single-player|Steam Achievements|Steam Workshop|Includes level editor|Family Sharing,Indie|Simulation|Strategy,"English, German, Japanese, Simplified Chinese, Traditional Chinese, Korean, French, Portuguese - Brazil, Spanish - Spain","<strong>Minimum:</strong><br><ul class=""bb_ul""><li>Requires a 64-bit processor and operating system<br></li><li><strong>OS:</strong> Windows® 10 Home 64 Bit<br></li><li><strong>Processor:</strong> Intel® Core™ i5-2500K or AMD® Ryzen™ 5 1600X<br></li><li><strong>Memory:</strong> 8 GB RAM<br></li><li><strong>Graphics:</strong> nVidia 1660 or RX Vega 56<br></li><li><strong>DirectX:</strong> Version 12<br></li><li><strong>Storage:</strong> 4 GB available space<br></li><li><strong>Additional Notes:</strong> 1080p (30FPS)</li></ul>","<strong>Recommended:</strong><br><ul class=""bb_ul""><li>Requires a 64-bit processor and operating system<br></li><li><strong>OS:</strong> Windows® 10 Home 64 Bit or Windows® 11<br></li><li><strong>Processor:</strong> Intel® Core™ i7-9700K or AMD® Ryzen™ 5 5600X<br></li><li><strong>Memory:</strong> 16 GB RAM<br></li><li><strong>Graphics:</strong> nVidia RTX 3070 TI or RX 6750 XT<br></li><li><strong>DirectX:</strong> Version 12<br></li><li><strong>Storage:</strong> 4 GB available space</li></ul>",https://shared.akamai.steamstatic.com/store_item_assets/steam/apps/1313290/03febd9b7c531a5a685fc46c0f06a6f249a2e273/header.jpg?t=1770215306,17,3
2788520,game,Cozy Caravan,False,False,"Jan 7, 2026",USD,1999,1999,0,True,False,False,Single-player|Partial Controller Support|Steam Cloud|Family Sharing,Adventure|Casual|Indie,"English, French, Italian, German, Spanish - Spain, Arabic, Dutch, Japanese, Korean, Portuguese - Brazil, Russian, Simplified Chinese, Traditional Chinese, Turkish","<strong>Minimum:</strong><br><ul class=""bb_ul""><li>Requires a 64-bit processor and operating system<br></li><li><strong>OS:</strong> Windows 10/11 (64 bit)<br></li><li><strong>Processor:</strong> 2.4ghz Intel Core 2 Duo or equivalent<br></li><li><strong>Memory:</strong> 4 GB RAM<br></li><li><strong>Graphics:</strong> Intel HD Graphics 4600, NVIDIA GeForce GTX 630, Radeon HD 5670<br></li><li><strong>DirectX:</strong> Version 11<br></li><li><strong>Storage:</strong> 4 GB available space</li></ul>","<strong>Recommended:</strong><br><ul class=""bb_ul""><li>Requires a 64-bit processor and operating system<br></li><li><strong>OS:</strong> Windows 10/11 (64 bit)<br></li><li><strong>Processor:</strong> 2.66GHz Intel Core i7<br></li><li><strong>Memory:</strong> 8 GB RAM<br></li><li><strong>Graphics:</strong> Intel HD Graphics 5200, NVIDIA GeForce GTX 750, Radeon HD 7800<br></li><li><strong>DirectX:</strong> Version 11<br></li><li><strong>Storage:</strong> 4 GB available space</li></ul>",https://shared.akamai.steamstatic.com/store_item_assets/steam/apps/2788520/ca675edc5114be56c5737dce46211a786a5cc68c/header.jpg?t=1767858782,7,3
1296400,game,Architect Life: A House Design Simulator,False,False,"Jun 19, 2025",USD,2999,1199,60,True,False,False,Single-player|Steam Achievements|Full controller support|Steam Cloud|Family Sharing,Indie|Simulation,"English, French, German, Spanish - Spain, Japanese, Polish, Portuguese - Brazil, Russian, Simplified Chinese, Dutch, Italian, Traditional Chinese, Korean","<strong>Minimum:</strong><br><ul class=""bb_ul""><li>Requires a 64-bit processor and operating system<br></li><li><strong>OS:</strong> Windows 10 64 bits<br></li><li><strong>Processor:</strong> Intel Core i5-3470 or AMD Ryzen 3 1300X<br></li><li><strong>Memory:</strong> 8 GB RAM<br></li><li><strong>Graphics:</strong> NVIDIA GeForce GTX 1050, 2 GB or AMD Radeon R9 270X, 2 GB or Intel Arc A380, 6 GB<br></li><li><strong>DirectX:</strong> Version 11<br></li><li><strong>Storage:</strong> 11 GB available space</li></ul>","<strong>Recommended:</strong><br><ul class=""bb_ul""><li>Requires a 64-bit processor and operating system<br></li><li><strong>OS:</strong> Windows 10 64 bits<br></li><li><strong>Processor:</strong> Intel Core i5-8400 or AMD Ryzen 5 1600<br></li><li><strong>Memory:</strong> 8 GB RAM<br></li><li><strong>Graphics:</strong> NVIDIA GeForce RTX 3080 Ti, 12 GB or AMD Radeon RX 7900 XT, 20 GB or Intel Arc A580, 12 GB<br></li><li><strong>DirectX:</strong> Version 11<br></li><li><strong>Storage:</strong> 11 GB available space</li></ul>",https://shared.akamai.steamstatic.com/store_item_assets/steam/apps/1296400/header.jpg?t=1764149745,9,2
832360,game,Hotel Magnate,False,False,"Sep 23, 2025",USD,1999,1999,0,True,True,True,Single-player|Steam Achievements|Steam Workshop|Steam Cloud|Family Sharing,Casual|Indie|Simulation|Strategy,"English<strong>*</strong>, German, French, Dutch, Portuguese - Brazil, Spanish - Spain<br><strong>*</strong>languages with full audio support","<strong>Minimum:</strong><br><ul class=""bb_ul""><li><strong>OS *:</strong> Microsoft Windows 7/8/8.1/10 (64-bit)<br></li><li><strong>Processor:</strong> 2.4 GHz Dual Core Processor<br></li><li><strong>Memory:</strong> 8 GB RAM<br></li><li><strong>Graphics:</strong> NVIDIA GeForce GTX 770 (2GB) / AMD Radeon R9 270X (2GB)<br></li><li><strong>DirectX:</strong> Version 11<br></li><li><strong>Storage:</strong> 2 GB available space</li></ul>",,https://shared.akamai.steamstatic.com/store_item_assets/steam/apps/832360/1548c16fc16757beacb95c31d33619f7112f5555/header.jpg?t=1759765047,14,3
3265070,game,City Tales - Medieval Era,False,False,"Jan 29, 2026",USD,2299,2299,0,True,False,False,Single-player|Steam Achievements|Steam Cloud|Family Sharing,Indie|Simulation,"English<strong>*</strong>, French, German, Russian, Simplified Chinese, Ukrainian, Spanish - Spain<br><strong>*</strong>languages with full audio support","<strong>Minimum:</strong><br><ul class=""bb_ul""><li><strong>OS:</strong> Windows 10/11<br></li><li><strong>Processor:</strong> Ryzen 3 1300X/Intel Core i3 9100<br></li><li><strong>Memory:</strong> 8 GB RAM<br></li><li><strong>Graphics:</strong> AMD Radeon RX 470 / Nvidia GeForce GTX 960<br></li><li><strong>DirectX:</strong> Version 11<br></li><li><strong>Storage:</strong> 12 GB available space</li></ul>","<strong>Recommended:</strong><br><ul class=""bb_ul""><li><strong>OS:</strong> Windows 10/11<br></li><li><strong>Processor:</strong> Ryzen 5 1600X / Intel Core i5 8400<br></li><li><strong>Memory:</strong> 16 GB RAM<br></li><li><strong>Graphics:</strong> AMD Radeon RX 580 / Nvidia GeForce GTX 1060<br></li><li><strong>DirectX:</strong> Version 12<br></li><li><strong>Storage:</strong> 16 GB available space</li></ul>",https://shared.akamai.steamstatic.com/store_item_assets/steam/apps/3265070/de99846418ee6c750bcd465a1cad75320bb9f91f/header.jpg?t=1770715718,13,2
3047750,game,Herdling,False,False,"Aug 21, 2025",USD,2499,1749,30,True,False,False,Single-player|Steam Achievements|Full controller support|Steam Cloud|Family Sharing,Adventure|Casual|Indie,"English, French, Italian, German, Spanish - Spain, Arabic, Japanese, Korean, Polish, Portuguese - Brazil, Russian, Simplified Chinese, Spanish - Latin America, Traditional Chinese, Turkish","<strong>Minimum:</strong><br><ul class=""bb_ul""><li>Requires a 64-bit processor and operating system<br></li><li><strong>OS:</strong> Windows 10<br></li><li><strong>Processor:</strong> Intel Core i5-3470 or AMD Ryzen 3 1200<br></li><li><strong>Memory:</strong> 8 GB RAM<br></li><li><strong>Graphics:</strong> NVIDIA GeForce GTX 750, 2GB or AMD Radeon HD 7850, 2GB or Intel Arc A310 LP, 4GB</li></ul>","<strong>Recommended:</strong><br><ul class=""bb_ul""><li>Requires a 64-bit processor and operating system<br></li><li><strong>OS:</strong> Windows 11<br></li><li><strong>Processor:</strong> Intel Core i5-8600K or AMD Ryzen 3 3100<br></li><li><strong>Memory:</strong> 12 GB RAM<br></li><li><strong>Graphics:</strong> NVIDIA GeForce GTX 980, 4GB or AMD Radeon RX 5600 XT, 6GB or Intel Arc A580, 8GB<br></li><li><strong>Storage:</strong> TBD MB available space</li></ul>",https://shared.akamai.steamstatic.com/store_item_assets/steam/apps/3047750/header.jpg?t=1769095048,10,3
2094910,game,Pile Up!,False,False,"Jul 23, 2025",USD,999,999,0,True,False,False,Single-player|Steam Achievements|Color Alternatives|Custom Volume Controls|Adjustable Difficulty|Mouse Only Option|Playable without Timed Input|Stereo Sound|Family Sharing,Casual|Indie|Strategy,"English, Japanese, Korean, Portuguese - Brazil, Simplified Chinese, Turkish, French, German, Spanish - Spain, Portuguese - Portugal, Russian, Traditional Chinese","<strong>Minimum:</strong><br><ul class=""bb_ul""><li><strong>OS:</strong> Windows 10<br></li><li><strong>Processor:</strong> Intel Core i5-8265U or AMD Equivalent<br></li><li><strong>Memory:</strong> 8 GB RAM<br></li><li><strong>Graphics:</strong> Nvidia GTX 1050 or AMD Equivalent<br></li><li><strong>Storage:</strong> 600 MB available space</li></ul>","<strong>Recommended:</strong><br><ul class=""bb_ul""><li><strong>OS:</strong> Windows 10<br></li><li><strong>Processor:</strong> Intel Core i5-10300H or AMD Equivalent<br></li><li><strong>Memory:</strong> 8 GB RAM<br></li><li><strong>Graphics:</strong> Nvidia GTX1650 or AMD Equivalent<br></li><li><strong>Storage:</strong> 600 MB available space</li></ul>",https://shared.akamai.steamstatic.com/store_item_assets/steam/apps/2094910/a520ca294c6fd14dd8f8bb148c2e168ff52bb958/header.jpg?t=1769074836,10,3
2487150,game,Deconstruction Simulator,False,False,"Sep 23, 2025",USD,1999,1999,0,True,False,False,Single-player|Steam Achievements|Full controller support|Steam Cloud|Family Sharing,Casual|Indie|Simulation,"English<strong>*</strong>, French, Italian, German, Spanish - Spain, Japanese, Korean, Polish, Portuguese - Brazil, Russian, Simplified Chinese, Traditional Chinese, Turkish<br><strong>*</strong>languages with full audio support","<strong>Minimum:</strong><br><ul class=""bb_ul""><li><strong>OS:</strong> Windows 10 64bit<br></li><li><strong>Processor:</strong> Intel Core i5 8500 / AMD Ryzen 5 3600<br></li><li><strong>Memory:</strong> 16 GB RAM<br></li><li><strong>Graphics:</strong> NVIDIA GeForce RTX 2060 8 GB / AMD Radeon RX 5700 8 GB / Intel Arc A580 8 GB<br></li><li><strong>DirectX:</strong> Version 11<br></li><li><strong>Storage:</strong> 10 GB available space<br></li><li><strong>Additional Notes:</strong> Recommended installation on an SSD drive; Valid for Low Settings, 1080p, 30fps</li></ul>","<strong>Recommended:</strong><br><ul class=""bb_ul""><li><strong>OS:</strong> Windows 10 64bit or newer<br></li><li><strong>Processor:</strong> Intel Core i5 11600k / AMD Ryzen 5 5600X<br></li><li><strong>Memory:</strong> 32 GB RAM<br></li><li><strong>Graphics:</strong> NVIDIA GeForce RTX 3070 8 GB / AMD Radeon RX 6700 XT 12 GB / Intel Arc B580 12 GB<br></li><li><strong>DirectX:</strong> Version 11<br></li><li><strong>Storage:</strong> 10 GB available space<br></li><li><strong>Additional Notes:</strong> Recommend installation on an SSD drive</li></ul>",https://shared.akamai.steamstatic.com/store_item_assets/steam/apps/2487150/18195a111799001b88980b344311c2e8eca28bb1/header.jpg?t=1768654552,20,2
1429880,game,Little Sim World,False,False,"May 1, 2025",USD,2499,2499,0,True,True,False,Single-player|Multi-player|Co-op|Online Co-op|Cross-Platform Multiplayer|Steam Achievements|Adjustable Text Size|Camera Comfort|Custom Volume Controls|Mouse Only Option|Playable without Timed Input|Touch Only Option|Partial Controller Support|Steam Cloud|Remote Play on Tablet|Family Sharing,Adventure|Casual|Indie|RPG|Simulation|Early Access,"English<strong>*</strong>, Spanish - Latin America<strong>*</strong>, Simplified Chinese<strong>*</strong>, Portuguese - Brazil<strong>*</strong>, German<strong>*</strong>, French<strong>*</strong>, Russian<strong>*</strong><br><strong>*</strong>languages with full audio support","<strong>Minimum:</strong><br><ul class=""bb_ul""><li>Requires a 64-bit processor and operating system<br></li><li><strong>OS:</strong> Windows 10 (64-bit)<br></li><li><strong>Processor:</strong> AMD Ryzen 5 2600, Intel Core i5-8400<br></li><li><strong>Memory:</strong> 8 GB RAM<br></li><li><strong>Graphics:</strong> AMD Radeon RX 570, NVIDIA GTX 1650<br></li><li><strong>DirectX:</strong> Version 10<br></li><li><strong>Storage:</strong> 8 GB available space</li></ul>","<strong>Recommended:</strong><br><ul class=""bb_ul""><li>Requires a 64-bit processor and operating system<br></li><li><strong>OS:</strong> Windows 11 (64-bit)<br></li><li><strong>Processor:</strong> AMD Ryzen 5 5600X, Intel Core i5-12400<br></li><li><strong>Memory:</strong> 16 GB RAM<br></li><li><strong>Graphics:</strong> AMD Radeon RX 6600 XT, NVIDIA RTX 3060<br></li><li><strong>DirectX:</strong> Version 10<br></li><li><strong>Storage:</strong> 8 GB available space</li></ul>",https://shared.akamai.steamstatic.com/store_item_assets/steam/apps/1429880/347bd96d4644b3dbf8711c6ce3b174dad2a1b0fb/header.jpg?t=1767008961,14,3
3404470,game,Maltese's Fluffy Onsen,False,False,"May 13, 2025",USD,599,599,0,True,True,False,Single-player|Steam Achievements|Steam Cloud|Family Sharing,Casual|Indie|Simulation,"English, Japanese, Simplified Chinese, Traditional Chinese, Korean, French, Italian, German, Spanish - Spain, Polish, Portuguese - Brazil, Russian, Turkish","<strong>Minimum:</strong><br><ul class=""bb_ul""><li><strong>OS:</strong> Windows 10<br></li><li><strong>Processor:</strong> Intel® Core™ i3 @ 3.2 GHZ<br></li><li><strong>Memory:</strong> 4 GB RAM<br></li><li><strong>Graphics:</strong> Graphics card with DX9<br></li><li><strong>DirectX:</strong> Version 9.0<br></li><li><strong>Storage:</strong> 256 MB available space</li></ul>",,https://shared.akamai.steamstatic.com/store_item_assets/steam/apps/3404470/544fb1d5c251f5b9a8e2b3c1e07333e2de1083c9/header.jpg?t=1770951398,6,3
3069120,game,Love Curse: Find Your Soulmate,False,False,"Apr 19, 2025",USD,1299,1299,0,True,True,False,Single-player|Steam Achievements|Family Sharing,RPG,"Simplified Chinese<strong>*</strong>, English<br><strong>*</strong>languages with full audio support","<strong>Minimum:</strong><br><ul class=""bb_ul""><li>Requires a 64-bit processor and operating system<br></li><li><strong>OS:</strong> Windows 10<br></li><li><strong>Processor:</strong> 2.0 Ghz 64-bit Intel-compatible<br></li><li><strong>Memory:</strong> 1 GB RAM<br></li><li><strong>Graphics:</strong> OpenGL 3.0 or DirectX 11.<br></li><li><strong>DirectX:</strong> Version 11<br></li><li><strong>Storage:</strong> 2 GB available space</li></ul>","<strong>Recommended:</strong><br><ul class=""bb_ul""><li>Requires a 64-bit processor and operating system</li></ul>",https://shared.akamai.steamstatic.com/store_item_assets/steam/apps/3069120/header.jpg?t=1768792135,5,1
3558400,game,Backseat Drivers,False,False,"Oct 9, 2025",USD,999,799,20,True,False,False,Multi-player|Co-op|Online Co-op|Steam Achievements|Full controller support|Camera Comfort|Custom Volume Controls|Playable without Timed Input|Stereo Sound|Steam Cloud|Steam Leaderboards|Family Sharing,Casual|Indie|Racing|Simulation,"English<strong>*</strong>, French, Italian, German, Spanish - Spain, Arabic, Bulgarian, Czech, Danish, Dutch, Finnish, Greek, Hungarian, Indonesian, Japanese, Korean, Norwegian, Polish, Portuguese - Brazil, Portuguese - Portugal, Romanian, Russian, Simplified Chinese, Spanish - Latin America, Swedish, Thai, Traditional Chinese, Turkish, Ukrainian, Vietnamese<br><strong>*</strong>languages with full audio support","<strong>Minimum:</strong><br><ul class=""bb_ul""><li>Requires a 64-bit processor and operating system<br></li><li><strong>OS:</strong> Windows 10 64-bit<br></li><li><strong>Processor:</strong> Quad-core CPU or equivalent<br></li><li><strong>Memory:</strong> 4 GB RAM<br></li><li><strong>Graphics:</strong> DirectX 11 compatible with at least 2GB VRAM<br></li><li><strong>DirectX:</strong> Version 11<br></li><li><strong>Network:</strong> Broadband Internet connection<br></li><li><strong>Storage:</strong> 2 GB available space</li></ul>","<strong>Recommended:</strong><br><ul class=""bb_ul""><li>Requires a 64-bit processor and operating system<br></li><li><strong>OS:</strong> Windows 10 64-bit<br></li><li><strong>Processor:</strong> Six-core CPU or equivalent<br></li><li><strong>Memory:</strong> 8 GB RAM<br></li><li><strong>Graphics:</strong> DirectX 12 compatible with at least 4GB VRAM<br></li><li><strong>DirectX:</strong> Version 12<br></li><li><strong>Network:</strong> Broadband Internet connection<br></li><li><strong>Storage:</strong> 3 GB available space</li></ul>",https://shared.akamai.steamstatic.com/store_item_assets/steam/apps/3558400/2dc867af11f5ed2794aa5566ff9f5a0cb8efd978/header.jpg?t=1771367610,8,5
2212670,game,MakeRoom,False,False,"Aug 7, 2025",USD,999,999,0,True,False,False,Single-player|Steam Achievements|Full controller support|Steam Workshop|Adjustable Text Size|Camera Comfort|Custom Volume Controls|Mouse Only Option|Save Anytime|Touch Only Option|Family Sharing,Casual|Indie|Simulation,"English, Dutch","<strong>Minimum:</strong><br><ul class=""bb_ul""><li><strong>OS *:</strong> Windows 7 (SP1+)<br></li><li><strong>Processor:</strong> X86, X64 architecture with SSE2 instruction set support<br></li><li><strong>Memory:</strong> 1 GB RAM<br></li><li><strong>Graphics:</strong> NVIDIA GeForce 450 or higher with 1GB Memory<br></li><li><strong>DirectX:</strong> Version 10<br></li><li><strong>Storage:</strong> 100 MB available space</li></ul>","<strong>Recommended:</strong><br><ul class=""bb_ul""><li><strong>OS *:</strong> Windows 7 (SP1+)<br></li><li><strong>Processor:</strong> X86, X64 architecture with SSE2 instruction set support<br></li><li><strong>Memory:</strong> 1 GB RAM<br></li><li><strong>Graphics:</strong> NVIDIA GeForce 450 or higher with 1GB Memory<br></li><li><strong>DirectX:</strong> Version 10<br></li><li><strong>Storage:</strong> 100 MB available space</li></ul>",https://shared.akamai.steamstatic.com/store_item_assets/steam/apps/2212670/228d1445433d45248e40abb0e402a6934199d569/header.jpg?t=1769068177,12,1
3151380,game,Small Spaces,False,False,"May 27, 2025",USD,1299,974,25,True,False,False,Single-player|Family Sharing,Casual|Simulation|Early Access,"English, French, Italian, German, Japanese, Korean, Portuguese - Brazil, Simplified Chinese, Spanish - Spain","<strong>Minimum:</strong><br><ul class=""bb_ul""><li><strong>OS:</strong> Windows 10 64-bit<br></li><li><strong>Processor:</strong> Intel Core i3-8100 or AMD Ryzen 3<br></li><li><strong>Memory:</strong> 8 GB RAM<br></li><li><strong>Graphics:</strong> NVIDIA GeForce GTX 1080 or AMD Radeon RX Vega 64<br></li><li><strong>DirectX:</strong> Version 12<br></li><li><strong>Storage:</strong> 10 GB available space<br></li><li><strong>Sound Card:</strong> Yes</li></ul>","<strong>Recommended:</strong><br><ul class=""bb_ul""><li><strong>OS:</strong> Windows 10 64-bit<br></li><li><strong>Processor:</strong> Intel Core i5-8600 or AMD Ryzen 5 3600<br></li><li><strong>Memory:</strong> 16 GB RAM<br></li><li><strong>Graphics:</strong> NVIDIA GeForce RTX 2060 or AMD Radeon RX 5600<br></li><li><strong>DirectX:</strong> Version 12<br></li><li><strong>Storage:</strong> 10 GB available space<br></li><li><strong>Sound Card:</strong> Yes</li></ul>",https://shared.akamai.steamstatic.com/store_item_assets/steam/apps/3151380/da188a0c61d5abc8831acc30c9ca4e217ffc30f9/header.jpg?t=1770986701,14,1
2240080,game,Spilled!,False,False,"Mar 26, 2025",USD,599,599,0,True,True,False,Single-player|Steam Achievements|Full controller support|Family Sharing,Adventure|Casual|Indie|Simulation|Free To Play,"English<strong>*</strong>, French<strong>*</strong>, Italian<strong>*</strong>, German<strong>*</strong>, Spanish - Spain<strong>*</strong>, Arabic<strong>*</strong>, Czech<strong>*</strong>, Danish<strong>*</strong>, Dutch<strong>*</strong>, Greek<strong>*</strong>, Japanese<strong>*</strong>, Korean<strong>*</strong>, Norwegian<strong>*</strong>, Polish<strong>*</strong>, Russian<strong>*</strong>, Simplified Chinese<strong>*</strong>, Swedish<strong>*</strong>, Turkish<strong>*</strong>, Ukrainian<strong>*</strong>, Catalan<strong>*</strong>, Hebrew<strong>*</strong>, Welsh<strong>*</strong>, Portuguese - Brazil<strong>*</strong><br><strong>*</strong>languages with full audio support","<strong>Minimum:</strong><br><ul class=""bb_ul""><li><strong>OS:</strong> Windows 10 and Windows 11<br></li><li><strong>Processor:</strong> X64 architecture<br></li><li><strong>Memory:</strong> 8 GB RAM<br></li><li><strong>Graphics:</strong> Intel Graphics 4400 or better<br></li><li><strong>Storage:</strong> 1 GB available space<br></li><li><strong>Sound Card:</strong> sure</li></ul>","<strong>Recommended:</strong><br><ul class=""bb_ul""><li><strong>OS:</strong> Windows 10 and Windows 11<br></li><li><strong>Processor:</strong> X64 architecture<br></li><li><strong>Memory:</strong> 8 GB RAM<br></li><li><strong>Graphics:</strong> NVIDIA GeForce GTX 1050 / AMD RX 570<br></li><li><strong>Storage:</strong> 1 GB available space<br></li><li><strong>Sound Card:</strong> sure</li></ul>",https://shared.akamai.steamstatic.com/store_item_assets/steam/apps/2240080/header.jpg?t=1750688351,7,1
2286780,game,Aeruta,False,False,"Nov 5, 2025",USD,1999,1999,0,True,False,False,Single-player|Steam Achievements|Full controller support|Steam Trading Cards|Steam Cloud|Family Sharing,Action|Adventure|Indie|RPG,"Traditional Chinese, English, Japanese, Korean, Simplified Chinese","<strong>Minimum:</strong><br><ul class=""bb_ul""><li><strong>OS:</strong> Windows 11<br></li><li><strong>Processor:</strong> 2.8Ghz<br></li><li><strong>Memory:</strong> 4 GB RAM<br></li><li><strong>Graphics:</strong> 512mb Video Memory, Shader Model 2.0+<br></li><li><strong>Storage:</strong> 4 GB available space</li></ul>",,https://shared.akamai.steamstatic.com/store_item_assets/steam/apps/2286780/1d52425b6de6f041333b75db6a8d636a57b45841/header.jpg?t=1771932704,10,2
2843190,game,Camper Van: Make it Home,False,False,"Jun 7, 2025",USD,1499,1499,0,True,True,False,Single-player|Steam Achievements|Partial Controller Support|Steam Cloud|Family Sharing,Casual|Indie,"English<strong>*</strong>, Spanish - Spain<strong>*</strong>, French<strong>*</strong>, German<strong>*</strong>, Basque<strong>*</strong>, Galician<strong>*</strong>, Italian<strong>*</strong>, Japanese<strong>*</strong>, Turkish<strong>*</strong>, Portuguese - Brazil<strong>*</strong>, Simplified Chinese<strong>*</strong>, Finnish<strong>*</strong>, Portuguese - Portugal<strong>*</strong>, Catalan<strong>*</strong><br><strong>*</strong>languages with full audio support","<strong>Minimum:</strong><br><ul class=""bb_ul""><li>Requires a 64-bit processor and operating system<br></li><li><strong>OS:</strong> Windows 10<br></li><li><strong>Processor:</strong> Intel Core i3 2.00GHz | AMD Ryzen 5 1400<br></li><li><strong>Memory:</strong> 4 GB RAM<br></li><li><strong>Graphics:</strong> Nvidia GeForce GTX 660 AMD Radeon HD 7870<br></li><li><strong>Storage:</strong> 3 GB available space</li></ul>","<strong>Recommended:</strong><br><ul class=""bb_ul""><li>Requires a 64-bit processor and operating system<br></li><li><strong>OS:</strong> windows 10/11<br></li><li><strong>Processor:</strong> Intel Core i5-8400 | AMD Ryzen 5 2600X<br></li><li><strong>Memory:</strong> 6 GB RAM<br></li><li><strong>Graphics:</strong> Nvidia GeForce GTX 1060 | AMD Radeon RX 580<br></li><li><strong>Storage:</strong> 6 GB available space</li></ul>",https://shared.akamai.steamstatic.com/store_item_assets/steam/apps/2843190/db3b0712cd272ed658b401c1df8df11be68261e5/header.jpg?t=1763562567,19,3
1602000,game,Hotel Architect,False,False,"May 20, 2025",USD,1999,1999,0,True,False,False,Single-player|Steam Achievements|Steam Trading Cards|Camera Comfort|Color Alternatives|Custom Volume Controls|Mouse Only Option|Playable without Timed Input|Save Anytime|Steam Cloud|Family Sharing,Indie|Simulation|Strategy|Early Access,"English<strong>*</strong>, French, Italian, German, Spanish - Spain, Korean, Portuguese - Brazil, Russian, Simplified Chinese<strong>*</strong><br><strong>*</strong>languages with full audio support","<strong>Minimum:</strong><br><ul class=""bb_ul""><li>Requires a 64-bit processor and operating system<br></li><li><strong>OS:</strong> Windows 10<br></li><li><strong>Processor:</strong> Intel Core i5-7500, AMD Ryzen 5 1600<br></li><li><strong>Memory:</strong> 8 GB RAM<br></li><li><strong>Graphics:</strong> Intel Iris Xe Graphics, NVIDIA GeForce GTX 1050, AMD Radeon R9 280<br></li><li><strong>DirectX:</strong> Version 12<br></li><li><strong>Storage:</strong> 5 GB available space<br></li><li><strong>Additional Notes:</strong> 30 FPS Average, 1080p. DirectX12 Required</li></ul>","<strong>Recommended:</strong><br><ul class=""bb_ul""><li>Requires a 64-bit processor and operating system<br></li><li><strong>OS:</strong> Windows 11<br></li><li><strong>Processor:</strong> Intel Core i7-7700, AMD Ryzen 5 7500F<br></li><li><strong>Memory:</strong> 16 GB RAM<br></li><li><strong>Graphics:</strong> Intel ARC A750, NVIDIA GeForce RTX 2070, AMD Radeon RX 6600-XT<br></li><li><strong>DirectX:</strong> Version 12<br></li><li><strong>Storage:</strong> 5 GB available space<br></li><li><strong>Additional Notes:</strong> 60 FPS Average, 4K, DirectX12 Required</li></ul>",https://shared.akamai.steamstatic.com/store_item_assets/steam/apps/1602000/c354511dec4c3eec7a00f336a7a7cfc335b3aa45/header.jpg?t=1770919018,11,4
2957700,game,Sensei! I Like You So Much!,False,False,"Aug 5, 2025",USD,1699,1699,0,True,False,False,Single-player|Steam Achievements|Steam Workshop|Steam Cloud|Family Sharing,Casual|Indie|RPG|Simulation,"English, Japanese, Simplified Chinese, Korean","<strong>Minimum:</strong><br><ul class=""bb_ul""><li>Requires a 64-bit processor and operating system<br></li><li><strong>OS:</strong> Windows 10 64 Bit<br></li><li><strong>Processor:</strong> i5-4440 (3.1 GHz quad-core)<br></li><li><strong>Memory:</strong> 8 GB RAM<br></li><li><strong>Graphics:</strong> GTX 660 DirectX<br></li><li><strong>Network:</strong> Broadband Internet connection<br></li><li><strong>Storage:</strong> 5 GB available space</li></ul>","<strong>Recommended:</strong><br><ul class=""bb_ul""><li>Requires a 64-bit processor and operating system<br></li><li><strong>OS:</strong> Windows 10 64 Bit<br></li><li><strong>Processor:</strong> i7-7700K<br></li><li><strong>Memory:</strong> 16 GB RAM<br></li><li><strong>Graphics:</strong> GTX 1080<br></li><li><strong>Network:</strong> Broadband Internet connection<br></li><li><strong>Storage:</strong> 10 GB available space</li></ul>",https://shared.akamai.steamstatic.com/store_item_assets/steam/apps/2957700/ea0366d10e3a9e4a542afb3fe7a026b650c5212a/header.jpg?t=1758779576,18,2
2678830,game,Halcyon Days at Taoyuan,False,False,"Jan 19, 2026",USD,1199,1199,0,True,False,False,Single-player|Steam Achievements|Full controller support|Steam Cloud|Family Sharing,Casual|Indie|RPG|Simulation,"Simplified Chinese, English","<strong>Minimum:</strong><br><ul class=""bb_ul""><li><strong>OS *:</strong> Windows Vista or greater<br></li><li><strong>Processor:</strong> 2 Ghz<br></li><li><strong>Memory:</strong> 2 GB RAM<br></li><li><strong>Graphics:</strong> 256 mb video memory, shader model 3.0+<br></li><li><strong>DirectX:</strong> Version 10<br></li><li><strong>Storage:</strong> 1 GB available space</li></ul>",,https://shared.akamai.steamstatic.com/store_item_assets/steam/apps/2678830/e8df0c0ed103da2c1aa5ddfb02e3134b2aeb9410/header.jpg?t=1771997650,7,6
3180150,game,Mall Simulator,False,False,"Nov 3, 2025",USD,1399,1399,0,True,False,False,Single-player|Steam Achievements|Camera Comfort|Custom Volume Controls|Playable without Timed Input|Save Anytime|Stereo Sound|Steam Cloud|Steam Leaderboards|Family Sharing,Casual|Indie|Simulation|Early Access,"English, French, Italian, German, Simplified Chinese, Japanese, Korean, Portuguese - Portugal, Russian, Thai, Turkish, Ukrainian, Greek, Spanish - Spain, Dutch, Arabic, Polish, Portuguese - Brazil, Spanish - Latin America, Traditional Chinese","<strong>Minimum:</strong><br><ul class=""bb_ul""><li><strong>OS:</strong> Windows (64-bit) 10<br></li><li><strong>Processor:</strong> Intel Core i5-2500 @ 3,3 GHz (4 CPUs)<br></li><li><strong>Memory:</strong> 8 GB RAM<br></li><li><strong>Graphics:</strong> NVidia GeForce GTX 1050<br></li><li><strong>DirectX:</strong> Version 11<br></li><li><strong>Storage:</strong> 3 GB available space</li></ul>","<strong>Recommended:</strong><br><ul class=""bb_ul""><li><strong>OS:</strong> Windows (64-bit) 10<br></li><li><strong>Processor:</strong> Intel Core i7-11700K or AMD Ryzen 7 5800X<br></li><li><strong>Memory:</strong> 16 GB RAM<br></li><li><strong>Graphics:</strong> NVIDIA GeForce GTX 1660S, 6 GB or AMD Radeon RX 5600 XT, 6 GB<br></li><li><strong>DirectX:</strong> Version 11<br></li><li><strong>Storage:</strong> 3 GB available space</li></ul>",https://shared.akamai.steamstatic.com/store_item_assets/steam/apps/3180150/23bfd0f0136ae49c12b1221a3cd8a057f80654ce/header.jpg?t=1772059192,12,1
1778840,game,Spirit of the North 2,False,False,"May 8, 2025",USD,2999,1799,40,True,False,False,Single-player|Steam Achievements|Full controller support|Steam Trading Cards|Steam Cloud|Family Sharing,Adventure|Casual|Indie,"English, French, Italian, German, Spanish - Spain, Japanese, Korean, Russian, Portuguese - Brazil","<strong>Minimum:</strong><br><ul class=""bb_ul""><li>Requires a 64-bit processor and operating system<br></li><li><strong>OS:</strong> 64 bit Windows 10/11<br></li><li><strong>Processor:</strong> 12th Gen Intel Core i7-12700K or equivalent<br></li><li><strong>Memory:</strong> 16 GB RAM<br></li><li><strong>Graphics:</strong> NVIDIA GeForce RTX 2080 / Radeon RX 6800<br></li><li><strong>DirectX:</strong> Version 12<br></li><li><strong>Storage:</strong> 25 GB available space<br></li><li><strong>Additional Notes:</strong> Resolution: 1920x1080 Native, FPS: 30, Graphics Setting Preset: Low</li></ul>","<strong>Recommended:</strong><br><ul class=""bb_ul""><li>Requires a 64-bit processor and operating system<br></li><li><strong>OS:</strong> 64 bit Windows 10/11<br></li><li><strong>Processor:</strong> AMD Ryzen 7 5800X / Intel Core i7-12700K or equivalent<br></li><li><strong>Memory:</strong> 16 GB RAM<br></li><li><strong>Graphics:</strong> NVIDIA GeForce RTX 4070 / Radeon RX 7800 XT<br></li><li><strong>DirectX:</strong> Version 12<br></li><li><strong>Storage:</strong> 25 GB available space<br></li><li><strong>Additional Notes:</strong> Resolution: 1920x1080 Native, FPS: 60, Graphics Setting Preset: High</li></ul>",https://shared.akamai.steamstatic.com/store_item_assets/steam/apps/1778840/a3515bd02840fb12fce4a6baba6443822c5cb28d/header.jpg?t=1765288063,13,5
2368930,game,ISLANDERS: New Shores,False,False,"Jul 10, 2025",USD,999,649,35,True,True,False,Single-player|Steam Achievements|Full controller support|Adjustable Text Size|Camera Comfort|Custom Volume Controls|Mouse Only Option|Playable without Timed Input|Save Anytime|Stereo Sound|Steam Cloud|Steam Leaderboards|Family Sharing,Casual|Indie|Simulation|Strategy,"English, French, Italian, German, Spanish - Spain, Japanese, Korean, Polish, Portuguese - Brazil, Russian, Simplified Chinese, Spanish - Latin America, Traditional Chinese, Turkish, Ukrainian","<strong>Minimum:</strong><br><ul class=""bb_ul""><li>Requires a 64-bit processor and operating system<br></li><li><strong>OS:</strong> Windows 10 64-bit<br></li><li><strong>Processor:</strong> Intel Corei7 4770K<br></li><li><strong>Memory:</strong> 4 GB RAM<br></li><li><strong>Graphics:</strong> Nvidia GeForce GTX 950<br></li><li><strong>DirectX:</strong> Version 11<br></li><li><strong>Storage:</strong> 4 GB available space</li></ul>","<strong>Recommended:</strong><br><ul class=""bb_ul""><li>Requires a 64-bit processor and operating system<br></li><li><strong>OS:</strong> Windows 10 64-bit<br></li><li><strong>Processor:</strong> Intel Core i5 8400<br></li><li><strong>Memory:</strong> 8 GB RAM<br></li><li><strong>Graphics:</strong> Nvidia GeForce GTX 1050<br></li><li><strong>DirectX:</strong> Version 11<br></li><li><strong>Storage:</strong> 4 GB available space</li></ul>",https://shared.akamai.steamstatic.com/store_item_assets/steam/apps/2368930/8b46bc2873941e4b04f70ce8008696734b2251eb/header.jpg?t=1767775872,8,3
1957760,game,Islands & Trains,False,False,"May 29, 2025",USD,699,489,30,True,False,False,Single-player|Steam Achievements|Family Sharing,Casual|Indie|Simulation,"English, French, German, Japanese, Portuguese - Brazil, Russian, Simplified Chinese, Spanish - Latin America, Hungarian","<strong>Minimum:</strong><br><ul class=""bb_ul""><li><strong>OS *:</strong> Windows 7, 8 or 10<br></li><li><strong>Processor:</strong> Intel Core i3 2.00 GHz or AMD equivalent<br></li><li><strong>Memory:</strong> 2 GB RAM<br></li><li><strong>Graphics:</strong> Nvidia GeForce GTX950 or higher</li></ul>","<strong>Recommended:</strong><br><ul class=""bb_ul""><li><strong>OS:</strong> Windows 10</li></ul>",https://shared.akamai.steamstatic.com/store_item_assets/steam/apps/1957760/15b818897fd178b8da075a659a66cea0a53a40ea/header.jpg?t=1770739969,16,1
2744010,game,Urban Jungle,False,False,"Mar 21, 2025",USD,1199,599,50,True,False,False,Single-player|Steam Achievements|Family Sharing,Casual|Indie|Simulation,"English, Russian, German, Spanish - Spain, Korean, Japanese, Simplified Chinese, French, Portuguese - Brazil, Thai, Traditional Chinese, Turkish, Ukrainian","<strong>Minimum:</strong><br><ul class=""bb_ul""><li><strong>OS:</strong> Windows 10<br></li><li><strong>Processor:</strong> Intel i5-6400<br></li><li><strong>Memory:</strong> 4 GB RAM<br></li><li><strong>Graphics:</strong> GTX 1060<br></li><li><strong>DirectX:</strong> Version 11<br></li><li><strong>Storage:</strong> 1 GB available space</li></ul>",,https://shared.akamai.steamstatic.com/store_item_assets/steam/apps/2744010/header.jpg?t=1771939605,14,1
2714620,game,Duck Detective: The Ghost of Glamping,False,False,"May 22, 2025",USD,999,999,0,True,True,True,Single-player|Steam Achievements|Full controller support|Steam Workshop|Camera Comfort|Color Alternatives|Custom Volume Controls|Adjustable Difficulty|Keyboard Only Option|Mouse Only Option|Playable without Timed Input|Save Anytime|Stereo Sound|Steam Cloud|Stats|Family Sharing,Adventure|Casual|Indie,"English<strong>*</strong>, German, Korean, Simplified Chinese<br><strong>*</strong>languages with full audio support","<strong>Minimum:</strong><br><ul class=""bb_ul""><li>Requires a 64-bit processor and operating system<br></li><li><strong>OS:</strong> Windows 10, Windows 11<br></li><li><strong>Processor:</strong> x86, x64 architecture with SSE2 instruction set support.<br></li><li><strong>Memory:</strong> 2 GB RAM<br></li><li><strong>Graphics:</strong> DX10, DX11, DX12 capable.<br></li><li><strong>Storage:</strong> 700 MB available space</li></ul>","<strong>Recommended:</strong><br><ul class=""bb_ul""><li>Requires a 64-bit processor and operating system</li></ul>",https://shared.akamai.steamstatic.com/store_item_assets/steam/apps/2714620/header.jpg?t=1765295426,9,2
4015530,game,MyVoiceZoo,False,False,"Sep 26, 2025",USD,299,299,0,True,False,False,Single-player|Steam Achievements|Custom Volume Controls|Save Anytime|Steam Cloud|Family Sharing,Casual|Indie|Simulation,"English, Korean, French, German, Japanese, Russian, Simplified Chinese, Traditional Chinese, Italian, Spanish - Spain, Portuguese - Brazil, Portuguese - Portugal, Spanish - Latin America, Thai, Indonesian","<strong>Minimum:</strong><br><ul class=""bb_ul""><li>Requires a 64-bit processor and operating system<br></li><li><strong>OS *:</strong> Windows 7 or later<br></li><li><strong>Processor:</strong> Intel Core i3<br></li><li><strong>Memory:</strong> 2048 MB RAM<br></li><li><strong>Graphics:</strong> Intel HD Graphics 4000 or better<br></li><li><strong>DirectX:</strong> Version 10<br></li><li><strong>Storage:</strong> 300 MB available space<br></li><li><strong>Sound Card:</strong> Any<br></li><li><strong>Additional Notes:</strong> Requires a microphone to record animal voices.</li></ul>","<strong>Recommended:</strong><br><ul class=""bb_ul""><li>Requires a 64-bit processor and operating system<br></li><li><strong>OS *:</strong> Windows 7 or later<br></li><li><strong>Processor:</strong> Intel Core i3<br></li><li><strong>Memory:</strong> 2048 MB RAM<br></li><li><strong>Graphics:</strong> Intel HD Graphics 4000 or better<br></li><li><strong>DirectX:</strong> Version 10<br></li><li><strong>Storage:</strong> 300 MB available space<br></li><li><strong>Sound Card:</strong> Any<br></li><li><strong>Additional Notes:</strong> Requires a microphone to record animal voices.</li></ul>",https://shared.akamai.steamstatic.com/store_item_assets/steam/apps/4015530/d3e745805ae5013a9cf867e29925d807450b2ead/header.jpg?t=1771245843,8,1
2665460,game,Windward Horizon,False,False,"May 22, 2025",USD,1999,1999,0,True,True,True,Single-player|Multi-player|PvP|Online PvP|LAN PvP|Co-op|Online Co-op|LAN Co-op|Steam Achievements|Full controller support|Steam Cloud|Family Sharing,Action|Adventure|Indie|RPG,English,"<strong>Minimum:</strong><br><ul class=""bb_ul""><li>Requires a 64-bit processor and operating system<br></li><li><strong>OS:</strong> WIndows 10<br></li><li><strong>Processor:</strong> Intel 4790k<br></li><li><strong>Memory:</strong> 8 GB RAM<br></li><li><strong>Graphics:</strong> NVIDIA GTX 960M<br></li><li><strong>DirectX:</strong> Version 11<br></li><li><strong>Storage:</strong> 1 GB available space</li></ul>","<strong>Recommended:</strong><br><ul class=""bb_ul""><li>Requires a 64-bit processor and operating system<br></li><li><strong>OS:</strong> Windows 10<br></li><li><strong>Processor:</strong> Intel 10th gen or AMD Ryzen 3<br></li><li><strong>Memory:</strong> 16 GB RAM<br></li><li><strong>Graphics:</strong> NVIDIA RTX 2080<br></li><li><strong>DirectX:</strong> Version 11<br></li><li><strong>Storage:</strong> 1 GB available space</li></ul>",https://shared.akamai.steamstatic.com/store_item_assets/steam/apps/2665460/5996011757d01e57ca5eb98e509cbbbb17371511/header.jpg?t=1769261773,22,1
1940200,game,Chill Town,False,False,"May 13, 2025",USD,1499,1499,0,True,False,False,Single-player|Steam Achievements|Full controller support|Steam Cloud|Family Sharing,Indie|Simulation,"English, Japanese, French, German, Russian","<strong>Minimum:</strong><br><ul class=""bb_ul""><li><strong>OS:</strong> Requires a 64-bit processor and operating system<br></li><li><strong>Processor:</strong> Intel Core 2 Dual or AMD Equivalent<br></li><li><strong>Memory:</strong> 4 GB RAM<br></li><li><strong>Graphics:</strong> NVIDIA GeForce GTX 1050 or AMD Equivalent<br></li><li><strong>DirectX:</strong> Version 9.0<br></li><li><strong>Storage:</strong> 5 GB available space</li></ul>","<strong>Recommended:</strong><br><ul class=""bb_ul""><li><strong>OS:</strong> Requires a 64-bit processor and operating system<br></li><li><strong>Processor:</strong> Intel Core i3 or AMD Equivalent<br></li><li><strong>Memory:</strong> 8 GB RAM<br></li><li><strong>Graphics:</strong> NVIDIA GeForce GTX 1060 or AMD Equivalent<br></li><li><strong>DirectX:</strong> Version 9.0<br></li><li><strong>Storage:</strong> 7 GB available space</li></ul>",https://shared.akamai.steamstatic.com/store_item_assets/steam/apps/1940200/header.jpg?t=1747340529,10,3
2194730,game,ServiceIT: You can do IT,False,False,"Sep 15, 2025",USD,1299,870,33,True,False,False,Single-player|Steam Achievements|Playable without Timed Input|Save Anytime|Stereo Sound|Steam Cloud|Family Sharing,Casual|Indie|Simulation,"English<strong>*</strong>, Polish, French, German, Spanish - Spain, Italian, Bulgarian, Czech, Danish, Dutch, Finnish, Greek, Hungarian, Japanese, Korean, Norwegian, Portuguese - Portugal, Romanian, Russian, Simplified Chinese, Swedish, Traditional Chinese, Turkish, Ukrainian, Vietnamese, Indonesian<br><strong>*</strong>languages with full audio support","<strong>Minimum:</strong><br><ul class=""bb_ul""><li>Requires a 64-bit processor and operating system<br></li><li><strong>OS *:</strong> Windows 7, Windows 10, Windows 11<br></li><li><strong>Processor:</strong> Intel Core i5-3470 or greater<br></li><li><strong>Memory:</strong> 4 GB RAM<br></li><li><strong>Graphics:</strong> nVIDIA GTX 770 or greater<br></li><li><strong>DirectX:</strong> Version 12<br></li><li><strong>Storage:</strong> 10 GB available space</li></ul>","<strong>Recommended:</strong><br><ul class=""bb_ul""><li>Requires a 64-bit processor and operating system<br></li><li><strong>OS *:</strong> Windows 7, Windows 10, Windows 11<br></li><li><strong>Processor:</strong> Intel Core i5-6500 or greater<br></li><li><strong>Memory:</strong> 8 GB RAM<br></li><li><strong>Graphics:</strong> nVIDIA GTX 970 or greater<br></li><li><strong>DirectX:</strong> Version 12<br></li><li><strong>Storage:</strong> 15 GB available space</li></ul>",https://shared.akamai.steamstatic.com/store_item_assets/steam/apps/2194730/header.jpg?t=1772062593,12,12
1779030,game,So to Speak,False,False,"Mar 31, 2025",USD,1799,1799,0,True,True,True,Single-player|Steam Achievements|Family Sharing,Adventure|Indie|Simulation,English,"<strong>Minimum:</strong><br><ul class=""bb_ul""><li>Requires a 64-bit processor and operating system<br></li><li><strong>OS:</strong> Windows 10<br></li><li><strong>Processor:</strong> 1.8 GHz<br></li><li><strong>Memory:</strong> 4 GB RAM<br></li><li><strong>Graphics:</strong> Intel HD Graphics 4000<br></li><li><strong>Storage:</strong> 800 MB available space</li></ul>","<strong>Recommended:</strong><br><ul class=""bb_ul""><li>Requires a 64-bit processor and operating system</li></ul>",https://shared.akamai.steamstatic.com/store_item_assets/steam/apps/1779030/header.jpg?t=1755180273,6,1
3496000,game,"Ship, Inc.",False,False,"Jun 23, 2025",USD,999,999,0,True,True,True,Single-player|Steam Achievements|Steam Trading Cards|Camera Comfort|Custom Volume Controls|Adjustable Difficulty|Mouse Only Option|Playable without Timed Input|Save Anytime|Stereo Sound|Steam Cloud|Steam Leaderboards|Remote Play Together|Family Sharing,Casual|Indie|Simulation|Strategy,"English<strong>*</strong>, French<strong>*</strong>, German<strong>*</strong>, Spanish - Spain<strong>*</strong>, Japanese<strong>*</strong>, Korean<strong>*</strong>, Polish<strong>*</strong>, Portuguese - Brazil<strong>*</strong>, Portuguese - Portugal<strong>*</strong>, Russian<strong>*</strong>, Simplified Chinese<strong>*</strong>, Spanish - Latin America<strong>*</strong>, Traditional Chinese<strong>*</strong>, Turkish<strong>*</strong><br><strong>*</strong>languages with full audio support","<strong>Minimum:</strong><br><ul class=""bb_ul""><li>Requires a 64-bit processor and operating system<br></li><li><strong>OS *:</strong> Windows 7 or later<br></li><li><strong>Processor:</strong> Intel Pentium CPU G860<br></li><li><strong>Memory:</strong> 1 GB RAM<br></li><li><strong>Graphics:</strong> NVIDIA GeForce 840M<br></li><li><strong>Storage:</strong> 1 GB available space<br></li><li><strong>Additional Notes:</strong> 64 Bit Only</li></ul>","<strong>Recommended:</strong><br><ul class=""bb_ul""><li>Requires a 64-bit processor and operating system</li></ul>",https://shared.akamai.steamstatic.com/store_item_assets/steam/apps/3496000/d1feb892b127dda2e907f14635d636cc0d3d87c4/header.jpg?t=1771902593,18,1
2712380,game,Legends of Dragaea: Idle Dungeons,False,False,"Nov 3, 2025",USD,999,999,0,True,False,True,Single-player|Steam Achievements|Steam Workshop|Camera Comfort|Custom Volume Controls|Adjustable Difficulty|Mouse Only Option|Playable without Timed Input|Save Anytime|Touch Only Option|Steam Cloud|Family Sharing,Adventure|Casual|Indie|RPG,"English, Japanese, Simplified Chinese, Traditional Chinese","<strong>Minimum:</strong><br><ul class=""bb_ul""><li>Requires a 64-bit processor and operating system<br></li><li><strong>OS *:</strong> Windows 7 and later are supported<br></li><li><strong>Processor:</strong> Intel/AMD<br></li><li><strong>Memory:</strong> 2 GB RAM<br></li><li><strong>Graphics:</strong> Integrated Graphics<br></li><li><strong>Storage:</strong> 256 MB available space<br></li><li><strong>Sound Card:</strong> N/A</li></ul>","<strong>Recommended:</strong><br><ul class=""bb_ul""><li>Requires a 64-bit processor and operating system<br></li><li><strong>OS *:</strong> Windows 7 and later are supported<br></li><li><strong>Processor:</strong> Intel/AMD<br></li><li><strong>Memory:</strong> 2 GB RAM<br></li><li><strong>Graphics:</strong> Dedicated Graphics<br></li><li><strong>Storage:</strong> 256 MB available space<br></li><li><strong>Sound Card:</strong> N/A</li></ul>",https://shared.akamai.steamstatic.com/store_item_assets/steam/apps/2712380/94e8c4b31d5b9a98ffcf6269af7f52a6b0b5ba9a/header.jpg?t=1765313050,18,1
1917850,game,Haunted House Renovator,False,False,"Apr 30, 2025",USD,1999,1999,0,True,False,False,Single-player|Steam Achievements|Partial Controller Support|Steam Cloud|Family Sharing,Adventure|Casual|Indie|Simulation,"English<strong>*</strong>, French, German, Spanish - Spain, Polish, Russian, Simplified Chinese, Japanese, Thai, Turkish, Italian<br><strong>*</strong>languages with full audio support","<strong>Minimum:</strong><br><ul class=""bb_ul""><li>Requires a 64-bit processor and operating system<br></li><li><strong>OS:</strong> Windows 10, 11 - 64bit<br></li><li><strong>Processor:</strong> Intel Core i5-10300H<br></li><li><strong>Memory:</strong> 8 GB RAM<br></li><li><strong>Graphics:</strong> GeForce 1650 4 GB VRAM<br></li><li><strong>DirectX:</strong> Version 12<br></li><li><strong>Storage:</strong> 8 GB available space<br></li><li><strong>Additional Notes:</strong> The game also runs on some older GPUs like GeForce 1050 4 GB vram with an average 30fps on low settings</li></ul>","<strong>Recommended:</strong><br><ul class=""bb_ul""><li>Requires a 64-bit processor and operating system<br></li><li><strong>OS:</strong> Windows 10, 11 - 64bit<br></li><li><strong>Processor:</strong> Intel Core i5-9600KF<br></li><li><strong>Memory:</strong> 32 GB RAM<br></li><li><strong>Graphics:</strong> RTX 2060 SUPER </li></ul>",https://shared.akamai.steamstatic.com/store_item_assets/steam/apps/1917850/header.jpg?t=1751365436,9,4
1346840,game,Dead Reset,False,False,"Sep 11, 2025",USD,1499,1499,0,True,True,False,Single-player|Steam Achievements|Full controller support|Steam Cloud|Family Sharing,Adventure,"English<strong>*</strong>, French, German, Spanish - Spain, Polish, Portuguese - Brazil, Russian, Simplified Chinese, Turkish<br><strong>*</strong>languages with full audio support","<strong>Minimum:</strong><br><ul class=""bb_ul""><li>Requires a 64-bit processor and operating system<br></li><li><strong>OS:</strong> Windows 10<br></li><li><strong>Processor:</strong> 2.0 GHz<br></li><li><strong>Memory:</strong> 2 GB RAM<br></li><li><strong>Graphics:</strong> DirectX 11.0 compatible video card<br></li><li><strong>Storage:</strong> 14 GB available space</li></ul>","<strong>Recommended:</strong><br><ul class=""bb_ul""><li>Requires a 64-bit processor and operating system</li></ul>",https://shared.akamai.steamstatic.com/store_item_assets/steam/apps/1346840/d638351addaa112620f1573019f7b99603804379/header.jpg?t=1771584632,17,1
3769130,game,Keep on Mining!,False,False,"Jul 30, 2025",USD,499,324,35,True,False,False,Single-player|Steam Achievements|Custom Volume Controls|Mouse Only Option|Playable without Timed Input|Steam Cloud|Family Sharing,Casual|Indie,"English, French, Italian, German, Spanish - Spain, Japanese, Korean, Polish, Portuguese - Brazil, Russian, Simplified Chinese","<strong>Minimum:</strong><br><ul class=""bb_ul""><li><strong>OS:</strong> Windows 10+<br></li><li><strong>Processor:</strong> 2Ghz +<br></li><li><strong>Memory:</strong> 2048 MB RAM<br></li><li><strong>Graphics:</strong> Any Graphics Card<br></li><li><strong>Storage:</strong> 400 MB available space</li></ul>",,https://shared.akamai.steamstatic.com/store_item_assets/steam/apps/3769130/320ecc31730377d03c319b411fbf9ee95908d3c2/header.jpg?t=1770364404,13,1
2226430,game,CraftCraft: Fantasy Merchant Simulator,False,False,"May 29, 2025",USD,1599,1599,0,True,True,False,Single-player|Steam Achievements|Steam Trading Cards|Camera Comfort|Color Alternatives|Custom Volume Controls|Mouse Only Option|Playable without Timed Input|Family Sharing,Casual|Indie|RPG|Simulation,"English<strong>*</strong>, Simplified Chinese, Traditional Chinese<br><strong>*</strong>languages with full audio support","<strong>Minimum:</strong><br><ul class=""bb_ul""><li>Requires a 64-bit processor and operating system<br></li><li><strong>OS *:</strong> Windows 7<br></li><li><strong>Graphics:</strong> Support for OpenGL 2.1</li></ul>","<strong>Recommended:</strong><br><ul class=""bb_ul""><li>Requires a 64-bit processor and operating system<br></li><li><strong>Graphics:</strong> Support for OpenGL 3.3</li></ul>",https://shared.akamai.steamstatic.com/store_item_assets/steam/apps/2226430/header.jpg?t=1768814723,12,4
2923390,game,Clothing Store Simulator,False,False,"Nov 28, 2025",USD,1299,1299,0,True,False,False,Single-player|Steam Achievements|Steam Cloud|Stats|Steam Leaderboards|Family Sharing,Casual|Indie|Simulation,"English, French, Italian, German, Spanish - Spain, Arabic, Dutch, Japanese, Korean, Polish, Portuguese - Brazil, Portuguese - Portugal, Russian, Simplified Chinese, Traditional Chinese, Turkish, Ukrainian","<strong>Minimum:</strong><br><ul class=""bb_ul""><li>Requires a 64-bit processor and operating system<br></li><li><strong>OS:</strong> Windows (64-bit) 10<br></li><li><strong>Processor:</strong> Intel Core i5-2500 @ 3,3 GHz (4 CPUs)<br></li><li><strong>Memory:</strong> 8 GB RAM<br></li><li><strong>Graphics:</strong> NVidia GeForce GTX 1050<br></li><li><strong>DirectX:</strong> Version 11<br></li><li><strong>Storage:</strong> 7 GB available space</li></ul>","<strong>Recommended:</strong><br><ul class=""bb_ul""><li>Requires a 64-bit processor and operating system<br></li><li><strong>OS:</strong> Windows (64-bit) 10<br></li><li><strong>Processor:</strong> Intel Core i7-11700K or AMD Ryzen 7 5800X<br></li><li><strong>Memory:</strong> 16 GB RAM<br></li><li><strong>Graphics:</strong> NVIDIA GeForce GTX 1660S, 6 GB or AMD Radeon RX 5600 XT, 6 GB<br></li><li><strong>DirectX:</strong> Version 11<br></li><li><strong>Storage:</strong> 7 GB available space</li></ul>",https://shared.akamai.steamstatic.com/store_item_assets/steam/apps/2923390/157f831c49b7b5dca6eed26be43986cb7ee4439f/header.jpg?t=1771265642,11,1
3266090,game,IT Specialist Simulator,False,False,"Nov 20, 2025",USD,1399,1105,21,True,False,False,Single-player|Steam Achievements|Adjustable Difficulty|Stereo Sound|Steam Cloud|Stats|Family Sharing|Steam Timeline,Casual|Indie|Simulation|Early Access,"English<strong>*</strong>, French, German, Spanish - Spain, Polish, Italian, Danish, Finnish, Hungarian, Norwegian, Portuguese - Portugal, Russian, Simplified Chinese, Traditional Chinese, Czech, Japanese, Korean, Turkish<br><strong>*</strong>languages with full audio support","<strong>Minimum:</strong><br><ul class=""bb_ul""><li>Requires a 64-bit processor and operating system<br></li><li><strong>OS:</strong> Windows 10<br></li><li><strong>Processor:</strong> Intel® Core™ i5-6300HQ<br></li><li><strong>Memory:</strong> 8 GB RAM<br></li><li><strong>Graphics:</strong> GeForce GTX950<br></li><li><strong>DirectX:</strong> Version 10<br></li><li><strong>Storage:</strong> 10 GB available space<br></li><li><strong>Sound Card:</strong> DirectX compatible</li></ul>","<strong>Recommended:</strong><br><ul class=""bb_ul""><li>Requires a 64-bit processor and operating system<br></li><li><strong>OS:</strong> Windows 11<br></li><li><strong>Processor:</strong> Intel® Core™ i7 10th gen<br></li><li><strong>Memory:</strong> 16 GB RAM<br></li><li><strong>Graphics:</strong> GeForce RTX 2060 6GB GDDR6<br></li><li><strong>DirectX:</strong> Version 11<br></li><li><strong>Storage:</strong> 15 GB available space<br></li><li><strong>Sound Card:</strong> DirectX compatible</li></ul>",https://shared.akamai.steamstatic.com/store_item_assets/steam/apps/3266090/632b9dbf26fe112da4222fc931fb84307391c42b/header.jpg?t=1772061385,15,4
3618390,game,Gamblers Table,False,False,"Jan 11, 2026",USD,699,489,30,True,False,True,Single-player|Steam Achievements|Full controller support|Steam Workshop|Color Alternatives|Custom Volume Controls|Mouse Only Option|Save Anytime|Touch Only Option|Steam Cloud|Family Sharing,Casual|Indie|Simulation|Strategy,"English, German, Spanish - Spain, Spanish - Latin America, French, Italian, Polish, Japanese, Portuguese - Brazil, Portuguese - Portugal, Turkish","<strong>Minimum:</strong><br><ul class=""bb_ul""><li><strong>OS:</strong> Windows 10<br></li><li><strong>Memory:</strong> 4 GB RAM<br></li><li><strong>DirectX:</strong> Version 12<br></li><li><strong>Storage:</strong> 100 MB available space</li></ul>","<strong>Recommended:</strong><br><ul class=""bb_ul""><li><strong>OS:</strong> Windows 11<br></li><li><strong>Processor:</strong> x86_64 CPU with SSE4.2 instructions, with 4 physical cores or more, ARMv8 CPU<br></li><li><strong>Memory:</strong> 8 GB RAM<br></li><li><strong>Storage:</strong> 500 MB available space</li></ul>",https://shared.akamai.steamstatic.com/store_item_assets/steam/apps/3618390/26ef429a9baa440a27796329e6f1cbef56247471/header_alt_assets_2.jpg?t=1771280235,7,2
3097300,game,Creature Kitchen,False,False,"Feb 6, 2026",USD,799,799,0,True,False,False,Single-player|Steam Achievements|Full controller support|Captions available|Steam Workshop|Camera Comfort|Custom Volume Controls|Playable without Timed Input|Stereo Sound|Steam Cloud|Stats|Steam Leaderboards|Remote Play on TV|Family Sharing,Casual|Indie|Simulation,English<strong>*</strong><br><strong>*</strong>languages with full audio support,"<strong>Minimum:</strong><br><ul class=""bb_ul""><li>Requires a 64-bit processor and operating system<br></li><li><strong>OS:</strong> Windows 10/11<br></li><li><strong>Processor:</strong> Intel Core i7-4790<br></li><li><strong>Memory:</strong> 3 GB RAM<br></li><li><strong>Graphics:</strong> Nvidia GTX 960<br></li><li><strong>Storage:</strong> 920 MB available space</li></ul>","<strong>Recommended:</strong><br><ul class=""bb_ul""><li>Requires a 64-bit processor and operating system<br></li><li><strong>OS:</strong> Windows 10/11<br></li><li><strong>Processor:</strong> Intel Core i7-7700<br></li><li><strong>Memory:</strong> 4 GB RAM<br></li><li><strong>Graphics:</strong> Nvidia GTX 1060<br></li><li><strong>Storage:</strong> 1 GB available space</li></ul>",https://shared.akamai.steamstatic.com/store_item_assets/steam/apps/3097300/6017a90ffb283f5ce167026d307420dc09b363ea/header.jpg?t=1770407965,10,2
2342690,game,Call of Boba,False,False,"Mar 10, 2025",USD,1299,1299,0,True,False,False,Single-player|Full controller support|Family Sharing,Action|Adventure|Casual|Indie|RPG|Simulation|Early Access,"English, Simplified Chinese","<strong>Minimum:</strong><br><ul class=""bb_ul""><li><strong>OS *:</strong> Windows Vista or greater<br></li><li><strong>Processor:</strong> 2 Ghz<br></li><li><strong>Memory:</strong> 4 GB RAM<br></li><li><strong>Graphics:</strong> 256 mb video memory, shader model 3.0+<br></li><li><strong>DirectX:</strong> Version 10<br></li><li><strong>Storage:</strong> 200 MB available space</li></ul>",,https://shared.akamai.steamstatic.com/store_item_assets/steam/apps/2342690/header.jpg?t=1744553284,21,3
3363270,game,Fischer's Fishing Journey,False,False,"Aug 7, 2025",USD,799,799,0,True,False,False,Single-player|Steam Achievements|Steam Cloud|Family Sharing,Casual|Indie,"English, Simplified Chinese, Japanese, German, Russian, Traditional Chinese, Korean, Turkish, Portuguese - Brazil, Spanish - Latin America, French","<strong>Minimum:</strong><br><ul class=""bb_ul""><li>Requires a 64-bit processor and operating system<br></li><li><strong>OS:</strong> Windows 10 / Windows 11<br></li><li><strong>Processor:</strong> Intel® Core™ i3 @ 3.2 GHZ<br></li><li><strong>Memory:</strong> 4 GB RAM<br></li><li><strong>Storage:</strong> 256 MB available space</li></ul>","<strong>Recommended:</strong><br><ul class=""bb_ul""><li>Requires a 64-bit processor and operating system</li></ul>",https://shared.akamai.steamstatic.com/store_item_assets/steam/apps/3363270/7a304e0217d11dfe3a933d7b1caa1b7677c9a2c1/header_alt_assets_0.jpg?t=1771687195,11,6
3218530,game,Best Served Cold,False,False,"May 5, 2025",USD,1799,1079,40,True,True,False,Single-player|Steam Achievements|Full controller support|Steam Cloud|Family Sharing,Adventure|Casual|Indie|RPG|Simulation,"English, Japanese, Korean, Simplified Chinese","<strong>Minimum:</strong><br><ul class=""bb_ul""><li>Requires a 64-bit processor and operating system<br></li><li><strong>OS:</strong> Windows 10<br></li><li><strong>Processor:</strong> Requires a 64-bit processor and operating system<br></li><li><strong>Memory:</strong> 8 GB RAM<br></li><li><strong>Graphics:</strong> Geforce GT 430 (1024 MB) / Radeon HD 5570 (1024 MB)<br></li><li><strong>Storage:</strong> 700 MB available space</li></ul>","<strong>Recommended:</strong><br><ul class=""bb_ul""><li>Requires a 64-bit processor and operating system</li></ul>",https://shared.akamai.steamstatic.com/store_item_assets/steam/apps/3218530/header.jpg?t=1751271691,7,3
2891020,game,Undusted: Letters from the Past,False,False,"Oct 13, 2025",USD,999,999,0,True,False,False,Single-player|Steam Achievements|Full controller support|Steam Cloud|Family Sharing,Casual|Indie|Simulation,"English, Korean, Japanese, German, Polish, Portuguese - Brazil, Russian, Simplified Chinese, Traditional Chinese, Turkish, Spanish - Spain, Indonesian, French","<strong>Minimum:</strong><br><ul class=""bb_ul""><li><strong>OS:</strong> Windows 10 (64bit)<br></li><li><strong>Processor:</strong> 1.8 Ghz Processor<br></li><li><strong>Memory:</strong> 2 GB RAM<br></li><li><strong>Graphics:</strong> A DirectX11-compatible GPU (Shader Model 5.0)<br></li><li><strong>DirectX:</strong> Version 11<br></li><li><strong>Storage:</strong> 2 GB available space<br></li><li><strong>Sound Card:</strong> Any</li></ul>","<strong>Recommended:</strong><br><ul class=""bb_ul""><li><strong>OS:</strong> Windows 10/11 (64bit)<br></li><li><strong>Processor:</strong> 1.8 Ghz Processor<br></li><li><strong>Memory:</strong> 2 GB RAM<br></li><li><strong>Graphics:</strong> A DirectX11-compatible GPU (Shader Model 5.0)<br></li><li><strong>DirectX:</strong> Version 12<br></li><li><strong>Storage:</strong> 2 GB available space<br></li><li><strong>Sound Card:</strong> Any</li></ul>",https://shared.akamai.steamstatic.com/store_item_assets/steam/apps/2891020/fc576b345b2552758883bcb0940d95ad2e3e322e/header.jpg?t=1761872202,6,2
3511030,game,Mini Cozy Room: Lo-Fi,False,False,"Mar 30, 2025",USD,499,499,0,True,False,False,Single-player|Multi-player|Co-op|Online Co-op|Steam Achievements|Steam Cloud|Family Sharing,Casual|Indie,"English<strong>*</strong>, Japanese<strong>*</strong>, Simplified Chinese<strong>*</strong>, Traditional Chinese<strong>*</strong>, Korean<strong>*</strong>, French<strong>*</strong>, Italian<strong>*</strong>, German<strong>*</strong>, Portuguese - Brazil<strong>*</strong>, Spanish - Spain<strong>*</strong>, Russian<strong>*</strong>, Vietnamese<strong>*</strong>, Ukrainian<strong>*</strong>, Thai<strong>*</strong>, Turkish<strong>*</strong>, Polish<strong>*</strong><br><strong>*</strong>languages with full audio support","<strong>Minimum:</strong><br><ul class=""bb_ul""><li><strong>OS:</strong> Windows 10 (64-bit)<br></li><li><strong>Processor:</strong> Intel Core i3-2100 / AMD FX-6300<br></li><li><strong>Memory:</strong> 4 GB RAM<br></li><li><strong>Graphics:</strong> NVIDIA GTX 650 / AMD Radeon HD 7750 (DirectX 11 compatible)<br></li><li><strong>DirectX:</strong> Version 11<br></li><li><strong>Storage:</strong> 2 GB available space</li></ul>",,https://shared.akamai.steamstatic.com/store_item_assets/steam/apps/3511030/6a28b45410fec226b4887c8c4c74dc63955051d1/header_alt_assets_0.jpg?t=1771516344,9,1
3609750,game,Organized Inside,False,False,"Nov 20, 2025",USD,799,799,0,True,True,False,Single-player|Steam Achievements|Custom Volume Controls|Mouse Only Option|Playable without Timed Input|Steam Cloud|Family Sharing,Casual|Indie|Simulation,"Simplified Chinese, English, Traditional Chinese, Japanese, French, Russian, Korean, Italian, German, Spanish - Spain, Portuguese - Portugal, Thai, Turkish","<strong>Minimum:</strong><br><ul class=""bb_ul""><li>Requires a 64-bit processor and operating system<br></li><li><strong>OS *:</strong> Windows 7 SP1+<br></li><li><strong>Processor:</strong> SSE2 instruction set support<br></li><li><strong>Graphics:</strong> Graphics card with DX10 (shader model 4.0) capabilities.</li></ul>","<strong>Recommended:</strong><br><ul class=""bb_ul""><li>Requires a 64-bit processor and operating system</li></ul>",https://shared.akamai.steamstatic.com/store_item_assets/steam/apps/3609750/7e7158c7265a23d6689cd22cf97ca267486b7152/header.jpg?t=1766574795,6,3
3177890,game,Rana Card,False,False,"Sep 15, 2025",USD,1299,1299,0,True,False,False,Single-player|Steam Achievements|Custom Volume Controls|Adjustable Difficulty|Mouse Only Option|Playable without Timed Input|Save Anytime|Steam Cloud|Family Sharing,Casual|Indie|Strategy,"Simplified Chinese, English","<strong>Minimum:</strong><br><ul class=""bb_ul""><li><strong>OS:</strong> Windows 10 (64-bit)<br></li><li><strong>Processor:</strong> Intel Core i5<br></li><li><strong>Memory:</strong> 4 GB RAM<br></li><li><strong>Graphics:</strong> NVIDIA GTX 750 Ti<br></li><li><strong>Storage:</strong> 3 GB available space</li></ul>",,https://shared.akamai.steamstatic.com/store_item_assets/steam/apps/3177890/header.jpg?t=1762420869,7,1
3981100,game,Leaf it Alone,False,False,"Oct 30, 2025",USD,599,599,0,True,False,False,Single-player|Steam Achievements|Full controller support|Camera Comfort|Custom Volume Controls|Playable without Timed Input|Save Anytime|Stereo Sound|Steam Cloud|Stats|Steam Leaderboards|Family Sharing,Casual|Indie|Simulation,"English, French, German, Traditional Chinese, Simplified Chinese, Polish, Russian, Portuguese - Brazil, Italian, Spanish - Spain, Czech, Japanese, Korean","<strong>Minimum:</strong><br><ul class=""bb_ul""><li><strong>OS:</strong> Windows 10<br></li><li><strong>Processor:</strong> Intel Core i3-8100 or AMD Ryzen 3 1200<br></li><li><strong>Memory:</strong> 4 GB RAM<br></li><li><strong>Graphics:</strong> NVIDIA GeForce GTX 960<br></li><li><strong>Storage:</strong> 1 GB available space</li></ul>",,https://shared.akamai.steamstatic.com/store_item_assets/steam/apps/3981100/843d859123e902ca5c15ff53200c4bcb780c3304/header.jpg?t=1768491802,6,1
3064030,game,Whimside,False,False,"Aug 7, 2025",USD,585,585,0,True,False,False,Single-player|Steam Achievements|Family Sharing,Casual|Indie,"English, French, Simplified Chinese, Traditional Chinese, Japanese, Portuguese - Brazil, Russian, Korean","<strong>Minimum:</strong><br><ul class=""bb_ul""><li><strong>OS:</strong> Windows 10<br></li><li><strong>Processor:</strong> Intel® Core™ i3 @ 3.2 GHZ<br></li><li><strong>Memory:</strong> 4 GB RAM<br></li><li><strong>Graphics:</strong> Graphics card with DX9<br></li><li><strong>DirectX:</strong> Version 9.0<br></li><li><strong>Storage:</strong> 256 MB available space</li></ul>",,https://shared.akamai.steamstatic.com/store_item_assets/steam/apps/3064030/header.jpg?t=1768882111,13,1
3399960,game,Fish to Dish: Idle Sushi,False,False,"Jun 16, 2025",USD,599,599,0,True,False,False,Single-player|Steam Achievements|Steam Cloud|Family Sharing,Casual|Indie|RPG,"English, Simplified Chinese, Traditional Chinese, Japanese, French, German, Russian, Portuguese - Brazil, Korean, Spanish - Spain","<strong>Minimum:</strong><br><ul class=""bb_ul""><li>Requires a 64-bit processor and operating system<br></li><li><strong>OS:</strong> Windows 10<br></li><li><strong>Processor:</strong> Intel i3 Dual Core<br></li><li><strong>Memory:</strong> 4 GB RAM<br></li><li><strong>Graphics:</strong> Intel HD 3000<br></li><li><strong>DirectX:</strong> Version 11<br></li><li><strong>Storage:</strong> 500 MB available space</li></ul>","<strong>Recommended:</strong><br><ul class=""bb_ul""><li>Requires a 64-bit processor and operating system<br></li><li><strong>OS:</strong> Windows 10<br></li><li><strong>Processor:</strong> Intel i5 Quad Core<br></li><li><strong>Memory:</strong> 4 GB RAM<br></li><li><strong>Graphics:</strong> Intel Iris or higher<br></li><li><strong>DirectX:</strong> Version 11<br></li><li><strong>Storage:</strong> 500 MB available space</li></ul>",https://shared.akamai.steamstatic.com/store_item_assets/steam/apps/3399960/6158bca69d679fe745cc1f6592fb5c802b812a19/header.jpg?t=1769996601,6,1
3606830,game,Life in The Janitor's Room with A JK Girl,False,False,"Aug 7, 2025",USD,1299,1299,0,True,False,False,Single-player|Steam Achievements|Steam Cloud|Family Sharing,Casual|Indie|Simulation,"Traditional Chinese, English, Japanese, Simplified Chinese","<strong>Minimum:</strong><br><ul class=""bb_ul""><li><strong>OS *:</strong> Windows® 7/8/8.1/10/11<br></li><li><strong>Processor:</strong> Intel Core2 Duo or better</li></ul>","<strong>Recommended:</strong><br><ul class=""bb_ul""><li><strong>OS *:</strong> Windows® 7/8/8.1/10/11<br></li><li><strong>Processor:</strong> 2+ GHz Processor</li></ul>",https://shared.akamai.steamstatic.com/store_item_assets/steam/apps/3606830/2a2bd4dbabf068e0053f12c432a5aebddaea65d2/header.jpg?t=1767923508,10,1
2390230,game,The Chef's Shift,False,False,"Mar 31, 2025",USD,1299,1299,0,True,True,False,Single-player|Steam Achievements|Steam Trading Cards|Steam Cloud|Steam Leaderboards|Family Sharing,Casual|Indie|Simulation|Strategy,"English, French, German, Spanish - Spain, Portuguese - Portugal, Simplified Chinese, Russian, Portuguese - Brazil, Spanish - Latin America, Indonesian, Japanese, Korean","<strong>Minimum:</strong><br><ul class=""bb_ul""><li><strong>OS *:</strong> Windows 7/8/10+<br></li><li><strong>Memory:</strong> 4 GB RAM<br></li><li><strong>Graphics:</strong> GPU with at least 256MB of VRAM<br></li><li><strong>Storage:</strong> 200 MB available space</li></ul>","<strong>Recommended:</strong><br><ul class=""bb_ul""><li><strong>OS *:</strong> Windows 7/8/10+<br></li><li><strong>Memory:</strong> 8 GB RAM<br></li><li><strong>Graphics:</strong> GPU with at least 512MB of VRAM or better<br></li><li><strong>Storage:</strong> 200 MB available space</li></ul>",https://shared.akamai.steamstatic.com/store_item_assets/steam/apps/2390230/header.jpg?t=1771582923,10,1
2096030,game,Snow Plowing Simulator,False,False,"Jun 16, 2025",USD,1599,959,40,True,False,False,Single-player|Steam Achievements|Full controller support|Camera Comfort|Custom Volume Controls|Adjustable Difficulty|Playable without Timed Input|Save Anytime|Stereo Sound|Family Sharing,Casual|Indie|Simulation,"English<strong>*</strong>, French, Italian, German, Spanish - Spain, Japanese, Korean, Polish, Portuguese - Portugal, Russian, Simplified Chinese, Turkish<br><strong>*</strong>languages with full audio support","<strong>Minimum:</strong><br><ul class=""bb_ul""><li><strong>OS:</strong> Windows(64-bit) 10 or Newer<br></li><li><strong>Processor:</strong> Intel Core i5 3.0 GHz<br></li><li><strong>Memory:</strong> 4 GB RAM<br></li><li><strong>Graphics:</strong> NVidia GeForce RTX 2060<br></li><li><strong>DirectX:</strong> Version 11<br></li><li><strong>Storage:</strong> 20 GB available space<br></li><li><strong>Sound Card:</strong> DirectX compatible</li></ul>","<strong>Recommended:</strong><br><ul class=""bb_ul""><li><strong>OS:</strong> Windows(64-bit) 10 or Newer<br></li><li><strong>Processor:</strong> Intel Core i7 3.4 GHz<br></li><li><strong>Graphics:</strong> NVidia GeForce RTX 2080<br></li><li><strong>DirectX:</strong> Version 12<br></li><li><strong>Storage:</strong> 20 GB available space<br></li><li><strong>Sound Card:</strong> DirectX compatible</li></ul>",https://shared.akamai.steamstatic.com/store_item_assets/steam/apps/2096030/5b6ea8a2725094fa4a4943bda81ee57feb340741/header.jpg?t=1772062722,23,11
3370870,game,Berry Bury Berry,False,False,"Jan 29, 2026",USD,799,799,0,True,False,False,Single-player|Steam Achievements|Full controller support|Camera Comfort|Color Alternatives|Custom Volume Controls|Playable without Timed Input|Stereo Sound|Subtitle Options|Surround Sound|Steam Cloud|Family Sharing,Adventure|Casual|Indie,English<strong>*</strong><br><strong>*</strong>languages with full audio support,"<strong>Minimum:</strong><br><ul class=""bb_ul""><li>Requires a 64-bit processor and operating system<br></li><li><strong>OS:</strong> Windows 10 64-bit<br></li><li><strong>Processor:</strong> Intel i5 or Higher<br></li><li><strong>Memory:</strong> 8 MB RAM<br></li><li><strong>Graphics:</strong> DX9 (shader model 3.0) or DX11 with feature level 9.3 capabilities<br></li><li><strong>Storage:</strong> 600 MB available space</li></ul>","<strong>Recommended:</strong><br><ul class=""bb_ul""><li>Requires a 64-bit processor and operating system</li></ul>",https://shared.akamai.steamstatic.com/store_item_assets/steam/apps/3370870/4622468af31c1bbd2d87e53a1971719d1cead354/header.jpg?t=1771908034,8,1
3003460,game,Bang Bang Barrage,False,False,"Aug 7, 2025",USD,799,799,0,True,True,False,Single-player|Multi-player|Co-op|Online Co-op|Shared/Split Screen Co-op|Shared/Split Screen|Steam Achievements|Full controller support|Steam Trading Cards|Custom Volume Controls|Adjustable Difficulty|Mouse Only Option|Playable without Timed Input|Steam Cloud|Steam Leaderboards|Remote Play Together|Family Sharing,Adventure|Casual|Indie,"Simplified Chinese, English, Japanese, Traditional Chinese","<strong>Minimum:</strong><br><ul class=""bb_ul""><li><strong>OS:</strong> Windows 10+<br></li><li><strong>Processor:</strong> Intel Core i5-2300, 2.8 GHzor AMD FX-4350, 4.2 GHz<br></li><li><strong>Memory:</strong> 4 GB RAM<br></li><li><strong>Graphics:</strong> NVIDIA GeForce 8800 GT, 512 MB or AMD Radeon HD 6570, 1 GB DirectX 版本: 9.0<br></li><li><strong>DirectX:</strong> Version 9.0<br></li><li><strong>Storage:</strong> 500 MB available space</li></ul>","<strong>Recommended:</strong><br><ul class=""bb_ul""><li><strong>OS:</strong> Windows 10+<br></li><li><strong>Processor:</strong> Intel Core i5-3470, 3.2 GHzorAMD FX-6300, 3.5 GHz<br></li><li><strong>Memory:</strong> 8 GB RAM<br></li><li><strong>DirectX:</strong> Version 11<br></li><li><strong>Storage:</strong> 500 MB available space</li></ul>",https://shared.akamai.steamstatic.com/store_item_assets/steam/apps/3003460/header.jpg?t=1770272753,17,1
1793330,game,Brew,False,False,"Nov 6, 2025",USD,1999,1999,0,True,False,False,Single-player|Steam Achievements|Full controller support|Camera Comfort|Color Alternatives|Custom Volume Controls|Playable without Timed Input|Stereo Sound|Steam Cloud|Family Sharing,Action|Indie|RPG,"English, German, Portuguese - Brazil, Russian, Simplified Chinese, Traditional Chinese, French, Spanish - Spain, Norwegian","<strong>Minimum:</strong><br><ul class=""bb_ul""><li><strong>OS:</strong> Windows 10<br></li><li><strong>Processor:</strong> Intel i7 9th gen or equivalent<br></li><li><strong>Memory:</strong> 8 GB RAM<br></li><li><strong>Graphics:</strong> GTX 1060 or equivalent<br></li><li><strong>DirectX:</strong> Version 11<br></li><li><strong>Storage:</strong> 10 GB available space</li></ul>","<strong>Recommended:</strong><br><ul class=""bb_ul""><li><strong>Processor:</strong> Intel i7 12th gen or equivalent/higher<br></li><li><strong>Graphics:</strong> RTX 3000-series or equivalent/higher<br></li><li><strong>Storage:</strong> 10 GB available space</li></ul>",https://shared.akamai.steamstatic.com/store_item_assets/steam/apps/1793330/77ebb230704f3dc75f9d18d79b453ded43f93791/header_alt_assets_0.jpg?t=1770309938,11,1
3036010,game,Coin Push RPG,False,False,"May 22, 2025",USD,999,999,0,True,False,False,Single-player|Steam Achievements|Steam Trading Cards|Steam Cloud|Steam Leaderboards|Family Sharing,Casual|Indie|RPG|Strategy,"English<strong>*</strong>, Japanese, Simplified Chinese, Traditional Chinese, French, Italian, German, Spanish - Spain, Russian, Turkish, Polish, Portuguese - Portugal, Korean<br><strong>*</strong>languages with full audio support","<strong>Minimum:</strong><br><ul class=""bb_ul""><li><strong>OS:</strong> Window10<br></li><li><strong>Processor:</strong> Intel Core i5<br></li><li><strong>Memory:</strong> 2 GB RAM<br></li><li><strong>Graphics:</strong> Nvdia RTX 1060<br></li><li><strong>DirectX:</strong> Version 11<br></li><li><strong>Storage:</strong> 5 GB available space<br></li><li><strong>Sound Card:</strong> DirectX 11 Sound Device<br></li><li><strong>Additional Notes:</strong> Keyboard and Mouse</li></ul>",,https://shared.akamai.steamstatic.com/store_item_assets/steam/apps/3036010/181928c99334a7b40dd435e9a701cb927cfd6df0/header.jpg?t=1761028589,10,2
3422270,game,Terra Firma 2,False,False,"Oct 27, 2025",USD,1999,1999,0,True,False,False,Single-player|Family Sharing,Indie|Simulation|Strategy|Early Access,"English, Japanese, French, Italian, German, Spanish - Spain, Simplified Chinese, Polish, Portuguese - Brazil, Russian, Arabic, Spanish - Latin America","<strong>Minimum:</strong><br><ul class=""bb_ul""><li>Requires a 64-bit processor and operating system<br></li><li><strong>OS *:</strong> Windows 7+<br></li><li><strong>Processor:</strong> Intel Core i5-6600K @ 3.50GHz or AMD Ryzen 5 1600 @ 3.2 GHZ<br></li><li><strong>Memory:</strong> 2048 MB RAM<br></li><li><strong>Graphics:</strong> Dedicated Graphics Card with 3GB VRAM</li></ul>","<strong>Recommended:</strong><br><ul class=""bb_ul""><li>Requires a 64-bit processor and operating system<br></li><li><strong>OS *:</strong> Windows 7+<br></li><li><strong>Processor:</strong> Intel Core i7-6700 @ 3.40GHz or AMD Ryzen 7 2700X @ 3.7 GHZ<br></li><li><strong>Memory:</strong> 8192 MB RAM<br></li><li><strong>Graphics:</strong> Dedicated Graphics Card with 6GB VRAM</li></ul>",https://shared.akamai.steamstatic.com/store_item_assets/steam/apps/3422270/header.jpg?t=1768175958,14,1
2871440,game,Squeakross: Home Squeak Home,False,False,"Jun 7, 2025",USD,1499,1499,0,True,True,False,Single-player|Steam Achievements|Full controller support|Camera Comfort|Custom Volume Controls|Adjustable Difficulty|Mouse Only Option|Playable without Timed Input|Save Anytime|Stereo Sound|Steam Cloud|Stats|Family Sharing,Casual|Indie,"English, French, Spanish - Spain, Japanese, Simplified Chinese","<strong>Minimum:</strong><br><ul class=""bb_ul""><li>Requires a 64-bit processor and operating system<br></li><li><strong>OS:</strong> Windows 10<br></li><li><strong>Processor:</strong> Intel Core i7-8550U (4 * 1800), or AMD A8-3850 (4 * 2900), or equivalent<br></li><li><strong>Memory:</strong> 3 GB RAM<br></li><li><strong>Graphics:</strong> GTX 460 / Radeon 6870 / Intel HD Graphics 630<br></li><li><strong>Storage:</strong> 1 GB available space</li></ul>","<strong>Recommended:</strong><br><ul class=""bb_ul""><li>Requires a 64-bit processor and operating system<br></li><li><strong>OS:</strong> Windows 10<br></li><li><strong>Processor:</strong> Intel Core i7-950 (4 * 3000), AMD FX-4300 (4 * 3800), or equivalent<br></li><li><strong>Memory:</strong> 8 GB RAM<br></li><li><strong>Graphics:</strong> GeForce GTX 660 (2048 VRAM) or Radeon HD 7770 (1024 VRAM)<br></li><li><strong>Storage:</strong> 1 GB available space</li></ul>",https://shared.akamai.steamstatic.com/store_item_assets/steam/apps/2871440/bea6464ea862d10481da34a55e0fc46ae9708696/header_alt_assets_0.jpg?t=1772231265,11,4
4067130,game,Drifter Star: Evolution,False,False,"Dec 10, 2025",USD,399,399,0,True,False,False,Single-player|Steam Achievements|Custom Volume Controls|Playable without Timed Input|Save Anytime|Family Sharing,Adventure|Casual|Indie|RPG|Strategy,"English<strong>*</strong>, Simplified Chinese<strong>*</strong>, French<strong>*</strong>, Italian<strong>*</strong>, German<strong>*</strong>, Spanish - Spain<strong>*</strong>, Russian<strong>*</strong>, Japanese<strong>*</strong>, Traditional Chinese<strong>*</strong>, Korean<strong>*</strong><br><strong>*</strong>languages with full audio support","<strong>Minimum:</strong><br><ul class=""bb_ul""><li><strong>OS *:</strong> Windows 7, 8, 10<br></li><li><strong>Processor:</strong> i7-3770<br></li><li><strong>Memory:</strong> 8 GB RAM<br></li><li><strong>Graphics:</strong> GTX660<br></li><li><strong>Storage:</strong> 2 GB available space</li></ul>","<strong>Recommended:</strong><br><ul class=""bb_ul""><li><strong>OS *:</strong> Windows 7, 8, 10<br></li><li><strong>Processor:</strong> i7-10700<br></li><li><strong>Memory:</strong> 16 GB RAM<br></li><li><strong>Graphics:</strong> GTX1660<br></li><li><strong>Storage:</strong> 2 GB available space</li></ul>",https://shared.akamai.steamstatic.com/store_item_assets/steam/apps/4067130/dfe4475ce98079ba97be77f14c8b0869e11a9931/header.jpg?t=1769978295,6,1
3694480,game,A Game About Feeding A Black Hole,False,False,"Dec 15, 2025",USD,699,699,0,True,True,True,Single-player|Steam Achievements|Full controller support|Adjustable Text Size|Custom Volume Controls|Keyboard Only Option|Mouse Only Option|Touch Only Option|Steam Cloud|Family Sharing,Casual|Indie,"English, French, German, Italian, Japanese, Korean, Simplified Chinese, Czech, Indonesian, Polish, Russian, Thai, Turkish, Vietnamese, Catalan, Spanish - Spain, Portuguese - Brazil, Portuguese - Portugal, Spanish - Latin America","<strong>Minimum:</strong><br><ul class=""bb_ul""><li><strong>OS *:</strong> Windows 7 or newer<br></li><li><strong>Processor:</strong> 2.5Ghz or better<br></li><li><strong>Memory:</strong> 2 GB RAM<br></li><li><strong>Storage:</strong> 500 MB available space</li></ul>","<strong>Recommended:</strong><br><ul class=""bb_ul""><li><strong>Memory:</strong> 4 GB RAM</li></ul>",https://shared.akamai.steamstatic.com/store_item_assets/steam/apps/3694480/eb2bc9581341ce206ef001f3e0700d08c513b24f/header.jpg?t=1771816189,8,1
2760790,game,Another Farm Roguelike: Rebirth,False,False,"Aug 1, 2025",USD,699,699,0,True,False,False,Single-player|Steam Achievements|Steam Trading Cards|Custom Volume Controls|Adjustable Difficulty|Playable without Timed Input|Save Anytime|Steam Cloud|Family Sharing,Indie|Simulation|Strategy,"English<strong>*</strong>, German, Spanish - Spain, Simplified Chinese, Japanese, Polish, Portuguese - Portugal<br><strong>*</strong>languages with full audio support","<strong>Minimum:</strong><br><ul class=""bb_ul""><li><strong>OS:</strong> Windows 10<br></li><li><strong>Processor:</strong> 2.1 Ghz<br></li><li><strong>Memory:</strong> 2 GB RAM<br></li><li><strong>Storage:</strong> 1 GB available space</li></ul>",,https://shared.akamai.steamstatic.com/store_item_assets/steam/apps/2760790/a9d192558d36caf11e474b3468235ee99d5d3e6a/header.jpg?t=1769593829,7,3
2915380,game,Ways of Alchemy,False,False,"Aug 22, 2025",USD,1799,1799,0,True,False,False,Single-player|Steam Achievements|Adjustable Text Size|Custom Volume Controls|Playable without Timed Input|Save Anytime|Partial Controller Support|Steam Cloud|Family Sharing,Indie|RPG|Simulation,"English, Japanese, Simplified Chinese, Traditional Chinese, Korean, Russian","<strong>Minimum:</strong><br><ul class=""bb_ul""><li><strong>OS:</strong> Windows 10 or later, 64-bit<br></li><li><strong>Processor:</strong> 2GHz or better<br></li><li><strong>Memory:</strong> 8 GB RAM MB RAM<br></li><li><strong>Graphics:</strong> 4GB VRAM, integrated graphics cards will only work if post-2012<br></li><li><strong>DirectX:</strong> Version 11<br></li><li><strong>Storage:</strong> 6 GB available space</li></ul>",,https://shared.akamai.steamstatic.com/store_item_assets/steam/apps/2915380/3b11a6a00cdb6f74787052a06d9a4a16e2b1db7b/header.jpg?t=1770865836,6,2
2654540,game,无休仙途,False,False,"Mar 25, 2025",USD,599,599,0,True,False,False,Single-player|Steam Achievements|Steam Cloud|Family Sharing,Adventure|Casual|Indie|RPG|Simulation|Strategy,"Simplified Chinese, Traditional Chinese, English","<strong>Minimum:</strong><br><ul class=""bb_ul""><li><strong>OS *:</strong> Windows7/8/10<br></li><li><strong>Processor:</strong> Intel Core i5<br></li><li><strong>Memory:</strong> 1 GB RAM<br></li><li><strong>Graphics:</strong> NVIDIA Gef<br></li><li><strong>Storage:</strong> 400 MB available space<br></li><li><strong>Sound Card:</strong> DirectX 11 Sound Device</li></ul>",,https://shared.akamai.steamstatic.com/store_item_assets/steam/apps/2654540/header.jpg?t=1769157899,12,1
3613270,game,Star Ores Inc.,False,False,"Nov 6, 2025",USD,1799,1799,0,True,False,False,Single-player|Steam Achievements|Full controller support|Steam Trading Cards|Custom Volume Controls|Save Anytime|Stereo Sound|Steam Cloud|Stats|Family Sharing,Casual|Indie|Simulation,"English, French, Italian, German, Spanish - Spain, Portuguese - Brazil, Traditional Chinese, Simplified Chinese, Japanese, Korean, Polish, Portuguese - Portugal, Russian, Turkish, Norwegian, Thai, Czech","<strong>Minimum:</strong><br><ul class=""bb_ul""><li>Requires a 64-bit processor and operating system<br></li><li><strong>OS:</strong> Windows 10, Windows 11<br></li><li><strong>Processor:</strong> Intel i5-series Quadcore, AMD Ryzen-series<br></li><li><strong>Memory:</strong> 6 GB RAM<br></li><li><strong>Graphics:</strong> NVIDIA GeForce GTX 1060, AMD Radeon RX 590<br></li><li><strong>DirectX:</strong> Version 11<br></li><li><strong>Storage:</strong> 4 GB available space</li></ul>","<strong>Recommended:</strong><br><ul class=""bb_ul""><li>Requires a 64-bit processor and operating system<br></li><li><strong>OS:</strong> Windows 10, Windows 11<br></li><li><strong>Processor:</strong> Intel i5-series Quadcore, AMD Ryzen-series<br></li><li><strong>Memory:</strong> 8 GB RAM<br></li><li><strong>Graphics:</strong> NVIDIA GeForce GTX 1080, AMD Radeon RX Vega 64<br></li><li><strong>DirectX:</strong> Version 11<br></li><li><strong>Storage:</strong> 8 GB available space</li></ul>",https://shared.akamai.steamstatic.com/store_item_assets/steam/apps/3613270/baf94b42d3aa1f8705a4f4743920c6e45d1ec994/header.jpg?t=1767958463,12,2
2718240,game,PolyPine,False,False,"Mar 31, 2025",USD,899,899,0,True,False,False,Single-player|Steam Achievements|Family Sharing,Casual|Indie|Simulation,"English, Simplified Chinese, French, German, Japanese, Portuguese - Brazil, Russian, Spanish - Latin America, Swedish, Czech, Polish","<strong>Minimum:</strong><br><ul class=""bb_ul""><li>Requires a 64-bit processor and operating system<br></li><li><strong>OS:</strong> Windows 10<br></li><li><strong>Processor:</strong> Intel Core i3 processor<br></li><li><strong>Memory:</strong> 2 GB RAM<br></li><li><strong>Graphics:</strong> OpenGL 3.0 support<br></li><li><strong>Storage:</strong> 512 MB available space</li></ul>","<strong>Recommended:</strong><br><ul class=""bb_ul""><li>Requires a 64-bit processor and operating system</li></ul>",https://shared.akamai.steamstatic.com/store_item_assets/steam/apps/2718240/header.jpg?t=1764053902,10,2
3208560,game,Trainatic,False,False,"Sep 8, 2025",USD,599,599,0,True,False,False,Single-player|Steam Achievements|Full controller support|Color Alternatives|Custom Volume Controls|Mouse Only Option|Playable without Timed Input|Save Anytime|Steam Cloud|Family Sharing,Adventure|Casual|Indie|Strategy,"English<strong>*</strong>, Japanese<strong>*</strong>, Russian<strong>*</strong>, Simplified Chinese<strong>*</strong>, Traditional Chinese<strong>*</strong>, Ukrainian<strong>*</strong>, French<strong>*</strong>, Italian<strong>*</strong>, German<strong>*</strong>, Spanish - Spain<strong>*</strong>, Portuguese - Brazil<strong>*</strong><br><strong>*</strong>languages with full audio support","<strong>Minimum:</strong><br><ul class=""bb_ul""><li><strong>OS:</strong> Windows 10<br></li><li><strong>Processor:</strong> 2 GHz<br></li><li><strong>Memory:</strong> 2 GB RAM<br></li><li><strong>Graphics:</strong> Vulkan 1.0<br></li><li><strong>Storage:</strong> 250 MB available space</li></ul>",,https://shared.akamai.steamstatic.com/store_item_assets/steam/apps/3208560/header.jpg?t=1770488222,7,1
3659410,game,"Your Big, Cute Monster Farm",False,False,"Nov 10, 2025",USD,799,799,0,True,False,False,Single-player|Steam Achievements|Adjustable Text Size|Custom Volume Controls|Mouse Only Option|Playable without Timed Input|Save Anytime|Steam Cloud|Family Sharing,Casual|Indie|Simulation|Strategy,"English, Japanese, Simplified Chinese, Traditional Chinese, Korean, French, German, Russian, Portuguese - Brazil, Spanish - Latin America","<strong>Minimum:</strong><br><ul class=""bb_ul""><li><strong>OS:</strong> Windows 10 x64<br></li><li><strong>Processor:</strong> Intel i3 Dual Core<br></li><li><strong>Memory:</strong> 1 GB RAM<br></li><li><strong>Graphics:</strong>  Intel HD 3000<br></li><li><strong>Storage:</strong> 500 MB available space</li></ul>","<strong>Recommended:</strong><br><ul class=""bb_ul""><li><strong>OS:</strong> Windows 10 x64<br></li><li><strong>Processor:</strong> Intel i5 Quad Core<br></li><li><strong>Memory:</strong> 8 GB RAM<br></li><li><strong>Graphics:</strong>  Intel HD 3000<br></li><li><strong>Storage:</strong> 500 MB available space</li></ul>",https://shared.akamai.steamstatic.com/store_item_assets/steam/apps/3659410/6d58b6755f5350853736e1154a550411888a9c9e/header.jpg?t=1771686980,7,3
3204020,game,Juufuutei Raden™'s Guide for Pixel Museum,False,False,"Jun 4, 2025",USD,1999,1999,0,True,False,False,Single-player|Steam Achievements|Full controller support|Steam Cloud|Family Sharing,Casual|Indie,"English, Japanese<strong>*</strong><br><strong>*</strong>languages with full audio support","<strong>Minimum:</strong><br><ul class=""bb_ul""><li>Requires a 64-bit processor and operating system<br></li><li><strong>OS:</strong> Windows 10<br></li><li><strong>Processor:</strong> Intel Core i3<br></li><li><strong>Memory:</strong> 4 GB RAM<br></li><li><strong>Graphics:</strong> DX10,DX11,DX12<br></li><li><strong>Storage:</strong> 2 GB available space</li></ul>","<strong>Recommended:</strong><br><ul class=""bb_ul""><li>Requires a 64-bit processor and operating system</li></ul>",https://shared.akamai.steamstatic.com/store_item_assets/steam/apps/3204020/header.jpg?t=1768873504,7,2
2185030,game,Dealer's Life Legend,False,False,"Jul 22, 2025",USD,1799,1799,0,True,False,False,Single-player|Steam Achievements|Full controller support|Steam Trading Cards|Camera Comfort|Custom Volume Controls|Adjustable Difficulty|Keyboard Only Option|Mouse Only Option|Playable without Timed Input|Touch Only Option|Steam Cloud|Family Sharing,Casual|Indie|Simulation,"English, German, Spanish - Spain, Korean, Simplified Chinese, Thai, Turkish, Portuguese - Portugal, Portuguese - Brazil, Spanish - Latin America, French, Italian, Russian","<strong>Minimum:</strong><br><ul class=""bb_ul""><li>Requires a 64-bit processor and operating system<br></li><li><strong>OS *:</strong> Windows XP and up<br></li><li><strong>Processor:</strong> 64bit CPU, 1 Ghz and up<br></li><li><strong>Memory:</strong> 1 GB RAM<br></li><li><strong>Graphics:</strong> 512MB +<br></li><li><strong>DirectX:</strong> Version 9.0<br></li><li><strong>Storage:</strong> 150 MB available space</li></ul>","<strong>Recommended:</strong><br><ul class=""bb_ul""><li>Requires a 64-bit processor and operating system</li></ul>",https://shared.akamai.steamstatic.com/store_item_assets/steam/apps/2185030/f6aaa79cddace8b590508f7b44260ca45c286b28/header.jpg?t=1771871579,7,1
2827680,game,Block Factory,False,False,"Jul 11, 2025",USD,999,999,0,True,False,False,Single-player|Steam Achievements|Steam Workshop|Includes level editor|Family Sharing,Casual|Indie|Simulation|Strategy,"English, French, German, Spanish - Spain, Russian, Simplified Chinese, Italian, Galician","<strong>Minimum:</strong><br><ul class=""bb_ul""><li>Requires a 64-bit processor and operating system<br></li><li><strong>OS:</strong> Windows 10 64bit<br></li><li><strong>Processor:</strong> Intel(R) Core(TM) i7-8700 CPU<br></li><li><strong>Memory:</strong> 8 GB RAM<br></li><li><strong>Graphics:</strong> NVIDIA GeForce GTX 1050 Ti<br></li><li><strong>Storage:</strong> 2 GB available space</li></ul>","<strong>Recommended:</strong><br><ul class=""bb_ul""><li>Requires a 64-bit processor and operating system<br></li><li><strong>OS:</strong> Windows 10 64bit<br></li><li><strong>Processor:</strong> Intel(R) Core(TM) i7-8700 CPU<br></li><li><strong>Memory:</strong> 8 GB RAM<br></li><li><strong>Graphics:</strong> NVIDIA GeForce GTX 1050 Ti<br></li><li><strong>Storage:</strong> 2 GB available space</li></ul>",https://shared.akamai.steamstatic.com/store_item_assets/steam/apps/2827680/2cac0097d90904d7e8909790c3908eba65d2861c/header.jpg?t=1754322842,9,2
3136330,game,Tiny Terraces,False,False,"Jul 31, 2025",USD,699,699,0,True,False,False,Single-player|Steam Achievements|Steam Cloud|Family Sharing,Casual|Indie|Early Access,"English, French, Italian, German, Spanish - Spain, Japanese, Korean, Polish, Portuguese - Portugal, Russian, Simplified Chinese, Spanish - Latin America, Turkish, Ukrainian, Portuguese - Brazil, Hungarian","<strong>Minimum:</strong><br><ul class=""bb_ul""><li><strong>OS *:</strong> Windows Xp, Vista, 7, 8/8.1, 10<br></li><li><strong>Processor:</strong> 2.0 Ghz<br></li><li><strong>Memory:</strong> 1 GB RAM<br></li><li><strong>Graphics:</strong> 1GB Video Memory<br></li><li><strong>Storage:</strong> 150 MB available space</li></ul>","<strong>Recommended:</strong><br><ul class=""bb_ul""><li><strong>OS *:</strong> Windows 7, 8/8.1, 10<br></li><li><strong>Processor:</strong> Dual Core 3.0 Ghz<br></li><li><strong>Memory:</strong> 2 GB RAM<br></li><li><strong>Graphics:</strong> 2GB Video Memory<br></li><li><strong>Storage:</strong> 200 MB available space</li></ul>",https://shared.akamai.steamstatic.com/store_item_assets/steam/apps/3136330/header.jpg?t=1753981105,10,3
3362960,game,Twinkleby,False,False,"Sep 23, 2025",USD,1699,1699,0,True,True,True,Single-player|Steam Achievements|Full controller support|Camera Comfort|Custom Volume Controls|Mouse Only Option|Playable without Timed Input|Save Anytime|Stereo Sound|Steam Cloud|Stats|Family Sharing,Casual|Indie|Simulation,"English, Japanese, Simplified Chinese, Swedish, Traditional Chinese, French, Italian, German, Spanish - Spain, Portuguese - Brazil, Portuguese - Portugal, Korean","<strong>Minimum:</strong><br><ul class=""bb_ul""><li><strong>OS:</strong> Windows 10 64 Bit<br></li><li><strong>Processor:</strong> 3.4GHz 4-Core (Intel / AMD)<br></li><li><strong>Memory:</strong> 8 GB RAM<br></li><li><strong>Graphics:</strong> Nvidia GeForce GTX 960 | AMD Radeon R9 285<br></li><li><strong>DirectX:</strong> Version 11<br></li><li><strong>Storage:</strong> 3 GB available space</li></ul>","<strong>Recommended:</strong><br><ul class=""bb_ul""><li><strong>OS:</strong> Windows 10 64 Bit<br></li><li><strong>Processor:</strong> 4.0GHz 8-Core (Intel / AMD)<br></li><li><strong>Memory:</strong> 8 GB RAM<br></li><li><strong>Graphics:</strong> Nvidia GeForce GTX 1070 | AMD Radeon RX 570<br></li><li><strong>DirectX:</strong> Version 11<br></li><li><strong>Storage:</strong> 3 GB available space</li></ul>",https://shared.akamai.steamstatic.com/store_item_assets/steam/apps/3362960/60d880e6fce17946fb796aacac761d5d1396a19c/header.jpg?t=1771945347,11,1
4030290,game,Mamon King,False,False,"Dec 10, 2025",USD,1299,1299,0,True,False,False,Single-player|Steam Achievements|Custom Volume Controls|Keyboard Only Option|Mouse Only Option|Playable without Timed Input|Stereo Sound|Family Sharing,Indie|RPG|Simulation|Strategy,"English, Japanese","<strong>Minimum:</strong><br><ul class=""bb_ul""><li>Requires a 64-bit processor and operating system<br></li><li><strong>OS:</strong> 64-bit Windows 10<br></li><li><strong>Processor:</strong> AMD Ryzen 3 1200 ／ Intel Core i5-7500<br></li><li><strong>Memory:</strong> 8 GB RAM<br></li><li><strong>Graphics:</strong> AMD Radeon RX 560 with 4GB VRAM ／ NVIDIA GeForce GTX 1050 Ti with 4GB VRAM<br></li><li><strong>DirectX:</strong> Version 12<br></li><li><strong>Storage:</strong> 1 GB available space</li></ul>","<strong>Recommended:</strong><br><ul class=""bb_ul""><li>Requires a 64-bit processor and operating system<br></li><li><strong>OS:</strong> 64-bit Windows 10<br></li><li><strong>Processor:</strong> Intel Core i7, Ryzen 5 CPU or Equivalent<br></li><li><strong>Memory:</strong> 8 GB RAM<br></li><li><strong>Graphics:</strong> AMD Radeon RX 5700 ／ NVIDIA GeForce GTX 1070<br></li><li><strong>DirectX:</strong> Version 12<br></li><li><strong>Storage:</strong> 2 GB available space</li></ul>",https://shared.akamai.steamstatic.com/store_item_assets/steam/apps/4030290/c056fd9a3f833519ceee832f44db6de1ece49693/header.jpg?t=1766455149,6,1
2817390,game,FALLEN GF,False,False,"Apr 25, 2025",USD,1499,1499,0,True,False,False,Single-player|Steam Cloud|Family Sharing,Adventure|Indie|RPG,"Japanese, English, Simplified Chinese","<strong>Minimum:</strong><br><ul class=""bb_ul""><li><strong>OS:</strong> 10<br></li><li><strong>Processor:</strong> 3+ GHz Processor<br></li><li><strong>Memory:</strong> 8 GB RAM<br></li><li><strong>Graphics:</strong> DirectX 11/OpenGL 4.1 capable GPU<br></li><li><strong>DirectX:</strong> Version 11<br></li><li><strong>Storage:</strong> 2 GB available space</li></ul>","<strong>Recommended:</strong><br><ul class=""bb_ul""><li><strong>OS:</strong> 11<br></li><li><strong>Processor:</strong> 3+ GHz Processor<br></li><li><strong>Memory:</strong> 8 GB RAM<br></li><li><strong>Graphics:</strong> OpenGL ES 2.0 hardware driver support required for WebGL acceleration. (AMD Catalyst 10.9, nVidia 358.50)<br></li><li><strong>DirectX:</strong> Version 11<br></li><li><strong>Storage:</strong> 4 GB available space</li></ul>",https://shared.akamai.steamstatic.com/store_item_assets/steam/apps/2817390/header.jpg?t=1770351707,10,1
3124550,game,Liquor Store Simulator,False,False,"May 2, 2025",USD,999,579,42,True,False,False,Single-player|Steam Achievements|Full controller support|Camera Comfort|Custom Volume Controls|Playable without Timed Input|Save Anytime|Stereo Sound|Surround Sound|Steam Cloud|Family Sharing,Casual|Indie|Simulation,"English, French, Italian, German, Spanish - Spain, Portuguese - Brazil, Spanish - Latin America, Traditional Chinese, Simplified Chinese, Korean, Polish, Portuguese - Portugal, Russian, Turkish, Japanese, Czech, Hungarian","<strong>Minimum:</strong><br><ul class=""bb_ul""><li><strong>OS:</strong> Windows 10 64bit or newer<br></li><li><strong>Processor:</strong> Intel Core i5 4690 / AMD Ryzen 3 1200X<br></li><li><strong>Memory:</strong> 16 GB RAM<br></li><li><strong>Graphics:</strong> NVIDIA GTX 1050 Ti 4GB or equivalent<br></li><li><strong>DirectX:</strong> Version 11<br></li><li><strong>Storage:</strong> 5 GB available space</li></ul>","<strong>Recommended:</strong><br><ul class=""bb_ul""><li><strong>OS:</strong> Windows 10 64bit or newer<br></li><li><strong>Processor:</strong> Intel® i5-8700k / AMD Ryzen 7 1700X equivalent or greater<br></li><li><strong>Memory:</strong> 16 GB RAM<br></li><li><strong>Graphics:</strong> NVidia GeForce GTX 1070 8GB / AMD RX 580 8GB or better<br></li><li><strong>DirectX:</strong> Version 11<br></li><li><strong>Storage:</strong> 5 GB available space</li></ul>",https://shared.akamai.steamstatic.com/store_item_assets/steam/apps/3124550/c069b392d6f22291f21144e6af04e0f74808ced6/header.jpg?t=1770879223,9,2
2428800,game,Nom Nom: Cozy Forest Café,False,False,"Jan 12, 2026",USD,1299,909,30,True,True,False,Single-player|Steam Achievements|Full controller support|Custom Volume Controls|Adjustable Difficulty|Steam Cloud|Stats|Remote Play on TV|Family Sharing,Casual|Indie|Simulation,"English, French, Spanish - Spain, Simplified Chinese, Japanese, Catalan","<strong>Minimum:</strong><br><ul class=""bb_ul""><li>Requires a 64-bit processor and operating system<br></li><li><strong>OS:</strong> Windows 10<br></li><li><strong>Processor:</strong> Intel Core i3<br></li><li><strong>Memory:</strong> 4 GB RAM<br></li><li><strong>Graphics:</strong> 1GB<br></li><li><strong>Storage:</strong> 1 GB available space</li></ul>","<strong>Recommended:</strong><br><ul class=""bb_ul""><li>Requires a 64-bit processor and operating system</li></ul>",https://shared.akamai.steamstatic.com/store_item_assets/steam/apps/2428800/29c15dc1ae6d1efb6a3b7877031ade09b33f6ffb/header.jpg?t=1769533540,17,1
2811530,game,Candy Shop Simulator,False,False,"Sep 9, 2025",USD,1299,1299,0,True,False,False,Single-player|Steam Achievements|Family Sharing,Casual|Indie|Simulation,"English<strong>*</strong>, French, Italian, German, Spanish - Spain, Japanese, Korean, Polish, Portuguese - Brazil, Russian, Simplified Chinese, Traditional Chinese, Turkish<br><strong>*</strong>languages with full audio support","<strong>Minimum:</strong><br><ul class=""bb_ul""><li><strong>OS:</strong> Windows 10 64 Bit<br></li><li><strong>Processor:</strong> Intel Core i5 3.0 GHz<br></li><li><strong>Memory:</strong> 8 GB RAM<br></li><li><strong>Graphics:</strong> NVidia GeForce GTX 780<br></li><li><strong>DirectX:</strong> Version 10<br></li><li><strong>Storage:</strong> 10 GB available space<br></li><li><strong>Additional Notes:</strong> Recommend installation on an SSD drive</li></ul>","<strong>Recommended:</strong><br><ul class=""bb_ul""><li><strong>OS:</strong> Windows 10 64 Bit<br></li><li><strong>Processor:</strong> Intel Core i7 3.0 GHz<br></li><li><strong>Memory:</strong> 16 GB RAM<br></li><li><strong>Graphics:</strong> NVidia GeForce GTX 970<br></li><li><strong>DirectX:</strong> Version 10<br></li><li><strong>Storage:</strong> 12 GB available space<br></li><li><strong>Additional Notes:</strong> Recommend installation on an SSD drive</li></ul>",https://shared.akamai.steamstatic.com/store_item_assets/steam/apps/2811530/09ca01ab402f3d178ef72d9cdac7ec79bb36707f/header.jpg?t=1761210482,21,2
3651310,game,Little Corners,False,False,"Nov 13, 2025",USD,699,699,0,True,False,False,Single-player|Steam Achievements|Camera Comfort|Color Alternatives|Custom Volume Controls|Mouse Only Option|Playable without Timed Input|Save Anytime|Steam Cloud|Family Sharing,Casual|Indie|Simulation,"English<strong>*</strong>, French<strong>*</strong>, German<strong>*</strong>, Spanish - Spain<strong>*</strong>, Japanese<strong>*</strong>, Korean<strong>*</strong>, Portuguese - Brazil<strong>*</strong>, Simplified Chinese<strong>*</strong>, Thai<strong>*</strong>, Traditional Chinese<strong>*</strong><br><strong>*</strong>languages with full audio support","<strong>Minimum:</strong><br><ul class=""bb_ul""><li>Requires a 64-bit processor and operating system<br></li><li><strong>OS:</strong> Windows 11<br></li><li><strong>Processor:</strong> 11th Gen Intel(R) Core(TM) i5-1135G7 @ 2.40GHz   2.42 GHz<br></li><li><strong>Memory:</strong> 8 GB RAM<br></li><li><strong>Graphics:</strong> Intel Iris Xe Graphics integrated graphics chip<br></li><li><strong>Storage:</strong> 2 GB available space</li></ul>","<strong>Recommended:</strong><br><ul class=""bb_ul""><li>Requires a 64-bit processor and operating system</li></ul>",https://shared.akamai.steamstatic.com/store_item_assets/steam/apps/3651310/e48142fac9a85480a0d0e28f0e7e97d95817aabc/header.jpg?t=1771902602,7,2
3327470,game,Cinemaster Cinema Simulator,False,False,"Mar 27, 2025",USD,999,999,0,True,False,False,Single-player|Steam Achievements|Steam Cloud|Family Sharing,Casual|Indie|Simulation,"English, German, Spanish - Spain, Simplified Chinese, Polish, Russian, Turkish, Portuguese - Portugal, French, Italian, Traditional Chinese, Japanese, Korean","<strong>Minimum:</strong><br><ul class=""bb_ul""><li>Requires a 64-bit processor and operating system<br></li><li><strong>OS:</strong> Windows 10/11<br></li><li><strong>Processor:</strong> i5 3th gen / RYZEN 5 2500X<br></li><li><strong>Memory:</strong> 4 GB RAM<br></li><li><strong>Graphics:</strong> NVIDIA GTX 1050<br></li><li><strong>DirectX:</strong> Version 11<br></li><li><strong>Storage:</strong> 5 GB available space</li></ul>","<strong>Recommended:</strong><br><ul class=""bb_ul""><li>Requires a 64-bit processor and operating system</li></ul>",https://shared.akamai.steamstatic.com/store_item_assets/steam/apps/3327470/header.jpg?t=1743188373,8,1
2988300,game,Bugtopia,False,False,"May 21, 2025",USD,599,599,0,True,False,False,Single-player|Steam Achievements|Custom Volume Controls|Playable without Timed Input|Save Anytime|Steam Cloud|Family Sharing,Casual|Indie|Simulation,"Simplified Chinese, English, Japanese, Traditional Chinese, Portuguese - Brazil, Korean","<strong>Minimum:</strong><br><ul class=""bb_ul""><li>Requires a 64-bit processor and operating system<br></li><li><strong>OS:</strong> Windows 10<br></li><li><strong>Processor:</strong> Intel or AMD Dual Core at 2 GHz or better<br></li><li><strong>Memory:</strong> 2 GB RAM<br></li><li><strong>DirectX:</strong> Version 11<br></li><li><strong>Storage:</strong> 2 GB available space</li></ul>","<strong>Recommended:</strong><br><ul class=""bb_ul""><li>Requires a 64-bit processor and operating system</li></ul>",https://shared.akamai.steamstatic.com/store_item_assets/steam/apps/2988300/header.jpg?t=1770963311,7,2
3521410,game,Cats & Cups,False,False,"Nov 1, 2025",USD,999,999,0,True,True,True,Single-player|Steam Achievements|Custom Volume Controls|Adjustable Difficulty|Mouse Only Option|Save Anytime|Stereo Sound|Steam Cloud|Remote Play Together|Family Sharing,Casual|Indie|Simulation|Strategy,"English<strong>*</strong>, French<strong>*</strong>, German<strong>*</strong>, Spanish - Spain<strong>*</strong>, Japanese<strong>*</strong>, Korean<strong>*</strong>, Portuguese - Brazil<strong>*</strong>, Russian<strong>*</strong>, Simplified Chinese<strong>*</strong>, Traditional Chinese<strong>*</strong>, Turkish<strong>*</strong><br><strong>*</strong>languages with full audio support","<strong>Minimum:</strong><br><ul class=""bb_ul""><li>Requires a 64-bit processor and operating system<br></li><li><strong>OS *:</strong> Windows 7 or layer<br></li><li><strong>Processor:</strong> Intel Pentium CPU G860<br></li><li><strong>Memory:</strong> 1 GB RAM<br></li><li><strong>Graphics:</strong> NVIDIA GeForce 840M<br></li><li><strong>Storage:</strong> 1 GB available space<br></li><li><strong>Additional Notes:</strong> 64 Bit Only</li></ul>","<strong>Recommended:</strong><br><ul class=""bb_ul""><li>Requires a 64-bit processor and operating system</li></ul>",https://shared.akamai.steamstatic.com/store_item_assets/steam/apps/3521410/cf2b991b350980654144b33c03440a8911443426/header.jpg?t=1770863711,13,1
3355800,game,Bank Simulator,False,False,"Jun 6, 2025",USD,1499,1499,0,True,False,False,Single-player|Steam Achievements|Camera Comfort|Steam Cloud|Family Sharing,Casual|Indie|Simulation|Strategy|Early Access,"English, French, Italian, German, Spanish - Spain, Arabic, Dutch, Japanese, Korean, Russian, Simplified Chinese, Turkish, Hungarian, Polish, Portuguese - Brazil","<strong>Minimum:</strong><br><ul class=""bb_ul""><li>Requires a 64-bit processor and operating system<br></li><li><strong>OS:</strong> Windows (64-bit) 10<br></li><li><strong>Processor:</strong> i5 3550 / RYZEN 5 2500X<br></li><li><strong>Memory:</strong> 2 GB RAM<br></li><li><strong>Graphics:</strong> NVIDIA GTX 1050 / AMD R9 270X<br></li><li><strong>DirectX:</strong> Version 11<br></li><li><strong>Storage:</strong> 5 GB available space</li></ul>","<strong>Recommended:</strong><br><ul class=""bb_ul""><li>Requires a 64-bit processor and operating system<br></li><li><strong>OS:</strong> Windows (64-bit) 10<br></li><li><strong>Processor:</strong> i5 7600K / Ryzen 5 2600x<br></li><li><strong>Memory:</strong> 4 GB RAM<br></li><li><strong>Graphics:</strong> NVIDIA GTX 1060 / AMD RX 480<br></li><li><strong>DirectX:</strong> Version 11<br></li><li><strong>Storage:</strong> 5 GB available space</li></ul>",https://shared.akamai.steamstatic.com/store_item_assets/steam/apps/3355800/b3c1cb2663feb3308944ba29ed148b0cce595552/header_alt_assets_0.jpg?t=1771790904,16,1
3058360,game,Parisian Brasserie Simulator,False,False,"Aug 24, 2025",USD,1399,1399,0,True,False,False,Single-player|Multi-player|Co-op|Online Co-op|Steam Achievements|Steam Cloud|Family Sharing,Casual|Indie|Simulation|Strategy|Early Access,"English, French, Italian, Russian, German, Spanish - Spain, Japanese, Korean, Portuguese - Portugal, Simplified Chinese, Traditional Chinese, Turkish","<strong>Minimum:</strong><br><ul class=""bb_ul""><li><strong>OS:</strong> Windows 10 64-bits<br></li><li><strong>Processor:</strong> Intel Core i5-8400 / AMD Ryzen 5 2600<br></li><li><strong>Memory:</strong> 8 GB RAM<br></li><li><strong>Graphics:</strong> NVIDIA GeForce GTX 1060 (4–6 GB VRAM) / AMD RX 580 (8 GB VRAM)<br></li><li><strong>DirectX:</strong> Version 11<br></li><li><strong>Storage:</strong> 4 GB available space<br></li><li><strong>Additional Notes:</strong> TSR, Lumen and DLSS require DirectX 12</li></ul>","<strong>Recommended:</strong><br><ul class=""bb_ul""><li><strong>OS:</strong> Windows 10 64-bits<br></li><li><strong>Processor:</strong> Intel Core i5-11400 / AMD Ryzen 5 5600X or better<br></li><li><strong>Memory:</strong> 16 GB RAM<br></li><li><strong>Graphics:</strong> NVIDIA GeForce RTX 2060 (6 GB VRAM) / AMD RX 6600 (8 GB VRAM)<br></li><li><strong>DirectX:</strong> Version 12<br></li><li><strong>Storage:</strong> 4 GB available space</li></ul>",https://shared.akamai.steamstatic.com/store_item_assets/steam/apps/3058360/45d2c93504b27c08ad9e166b356502609d1352f1/header.jpg?t=1772166041,10,2
3140120,game,Wordatro!,False,False,"Jun 23, 2025",USD,999,999,0,True,False,False,Single-player|Camera Comfort|Color Alternatives|Custom Volume Controls|Adjustable Difficulty|Keyboard Only Option|Mouse Only Option|Playable without Timed Input|Save Anytime|Touch Only Option|Family Sharing,Indie|Strategy,"English, French, Spanish - Spain, Simplified Chinese, Italian, German, Portuguese - Brazil, Dutch, Russian","<strong>Minimum:</strong><br><ul class=""bb_ul""><li>Requires a 64-bit processor and operating system<br></li><li><strong>OS:</strong> Windows 10<br></li><li><strong>Processor:</strong> Intel Core i3<br></li><li><strong>Memory:</strong> 2 GB RAM<br></li><li><strong>Graphics:</strong> integrated graphics<br></li><li><strong>Storage:</strong> 200 MB available space</li></ul>","<strong>Recommended:</strong><br><ul class=""bb_ul""><li>Requires a 64-bit processor and operating system</li></ul>",https://shared.akamai.steamstatic.com/store_item_assets/steam/apps/3140120/header.jpg?t=1768307895,5,2
2402630,game,Egypt Frontiers,False,False,"Nov 12, 2025",USD,999,789,21,True,False,False,Single-player|Steam Achievements|Playable without Timed Input|Save Anytime|Stereo Sound|Family Sharing,Adventure|Casual|Indie|Simulation|Strategy|Early Access,"English<strong>*</strong>, German, Simplified Chinese, French, Spanish - Spain, Arabic, Japanese, Polish, Portuguese - Brazil, Russian, Turkish<br><strong>*</strong>languages with full audio support","<strong>Minimum:</strong><br><ul class=""bb_ul""><li><strong>OS:</strong> Windows(64-bit) 10<br></li><li><strong>Processor:</strong> Intel Core i5 4690 / AMD Ryzen 5 1500X<br></li><li><strong>Memory:</strong> 16 GB RAM<br></li><li><strong>Graphics:</strong> NVidia GeForce GTX 760<br></li><li><strong>DirectX:</strong> Version 11<br></li><li><strong>Storage:</strong> 40 GB available space</li></ul>","<strong>Recommended:</strong><br><ul class=""bb_ul""><li><strong>OS:</strong> Windows(64-bit) 10<br></li><li><strong>Processor:</strong> Intel Core i5 6600K / AMD Ryzen 7 1700X<br></li><li><strong>Memory:</strong> 16 GB RAM<br></li><li><strong>Graphics:</strong> NVidia GeForce GTX 1050<br></li><li><strong>DirectX:</strong> Version 11<br></li><li><strong>Storage:</strong> 40 GB available space</li></ul>",https://shared.akamai.steamstatic.com/store_item_assets/steam/apps/2402630/260da894be3de4ae25f8c52c3808ba655bcd393a/header.jpg?t=1772059969,15,2
