346110,ARK: Survival Evolved,2015-06-02,5,0,5,5,0,5,1.0
346110,ARK: Survival Evolved,2015-06-03,123,117,240,118,117,235,0.5125
346110,ARK: Survival Evolved,2015-06-04,1484,798,2282,1361,681,2042,0.650307
346110,ARK: Survival Evolved,2015-06-05,2391,1025,3416,907,227,1134,0.699941
346110,ARK: Survival Evolved,2015-06-06,3089,1279,4368,698,254,952,0.707189
346110,ARK: Survival Evolved,2015-06-07,3677,1519,5196,588,240,828,0.70766
346110,ARK: Survival Evolved,2015-06-08,4263,1722,5985,586,203,789,0.712281
346110,ARK: Survival Evolved,2015-06-09,4859,1889,6748,596,167,763,0.720065
346110,ARK: Survival Evolved,2015-06-10,5319,2044,7363,460,155,615,0.722396
346110,ARK: Survival Evolved,2015-06-11,5810,2185,7995,491,141,632,0.726704
346110,ARK: Survival Evolved,2015-06-12,6212,2285,8497,402,100,502,0.731082
346110,ARK: Survival Evolved,2015-06-13,6666,2384,9050,454,99,553,0.736575
346110,ARK: Survival Evolved,2015-06-14,7087,2518,9605,421,134,555,0.737845
346110,ARK: Survival Evolved,2015-06-15,7495,2680,10175,408,162,570,0.736609
346110,ARK: Survival Evolved,2015-06-16,7735,2802,10537,240,122,362,0.73408
346110,ARK: Survival Evolved,2015-06-17,8040,2927,10967,305,125,430,0.733108
346110,ARK: Survival Evolved,2015-06-18,8381,3031,11412,341,104,445,0.734402
346110,ARK: Survival Evolved,2015-06-19,8759,3149,11908,378,118,496,0.735556
346110,ARK: Survival Evolved,2015-06-20,9119,3283,12402,360,134,494,0.735285
346110,ARK: Survival Evolved,2015-06-21,9391,3410,12801,272,127,399,0.733615
346110,ARK: Survival Evolved,2015-06-22,9707,3575,13282,316,165,481,0.730839
346110,ARK: Survival Evolved,2015-06-23,10009,3697,13706,302,122,424,0.730264
346110,ARK: Survival Evolved,2015-06-24,10313,3841,14154,304,144,448,0.728628
346110,ARK: Survival Evolved,2015-06-25,10547,3945,14492,234,104,338,0.727781
346110,ARK: Survival Evolved,2015-06-26,10814,4030,14844,267,85,352,0.72851
346110,ARK: Survival Evolved,2015-06-27,11078,4094,15172,264,64,328,0.730161
346110,ARK: Survival Evolved,2015-06-28,11329,4164,15493,251,70,321,0.731233
346110,ARK: Survival Evolved,2015-06-29,11548,4256,15804,219,92,311,0.730701
346110,ARK: Survival Evolved,2015-06-30,11753,4324,16077,205,68,273,0.731044
346110,ARK: Survival Evolved,2015-07-01,12069,4394,16463,316,70,386,0.733098
346110,ARK: Survival Evolved,2015-07-02,12287,4462,16749,218,68,286,0.733596
346110,ARK: Survival Evolved,2015-07-03,12599,4585,17184,312,123,435,0.733182
346110,ARK: Survival Evolved,2015-07-04,12849,4700,17549,250,115,365,0.732178
346110,ARK: Survival Evolved,2015-07-05,13135,4793,17928,286,93,379,0.732653
346110,ARK: Survival Evolved,2015-07-06,13431,4878,18309,296,85,381,0.733574
346110,ARK: Survival Evolved,2015-07-07,13683,4964,18647,252,86,338,0.733791
346110,ARK: Survival Evolved,2015-07-08,13957,5054,19011,274,90,364,0.734154
346110,ARK: Survival Evolved,2015-07-09,14212,5141,19353,255,87,342,0.734356
346110,ARK: Survival Evolved,2015-07-10,14452,5189,19641,240,48,288,0.735808
346110,ARK: Survival Evolved,2015-07-11,14631,5246,19877,179,57,236,0.736077
346110,ARK: Survival Evolved,2015-07-12,14829,5293,20122,198,47,245,0.736955
346110,ARK: Survival Evolved,2015-07-13,15033,5369,20402,204,76,280,0.73684
346110,ARK: Survival Evolved,2015-07-14,15221,5417,20638,188,48,236,0.737523
346110,ARK: Survival Evolved,2015-07-15,15426,5465,20891,205,48,253,0.738404
346110,ARK: Survival Evolved,2015-07-16,15591,5519,21110,165,54,219,0.73856
346110,ARK: Survival Evolved,2015-07-17,15739,5558,21297,148,39,187,0.739024
346110,ARK: Survival Evolved,2015-07-18,15871,5607,21478,132,49,181,0.738942
346110,ARK: Survival Evolved,2015-07-19,16062,5667,21729,191,60,251,0.739196
346110,ARK: Survival Evolved,2015-07-20,16232,5726,21958,170,59,229,0.739229
346110,ARK: Survival Evolved,2015-07-21,16389,5784,22173,157,58,215,0.739142
346110,ARK: Survival Evolved,2015-07-22,16586,5825,22411,197,41,238,0.740083
346110,ARK: Survival Evolved,2015-07-23,16724,5870,22594,138,45,183,0.740197
346110,ARK: Survival Evolved,2015-07-24,16873,5910,22783,149,40,189,0.740596
346110,ARK: Survival Evolved,2015-07-25,17028,5944,22972,155,34,189,0.74125
346110,ARK: Survival Evolved,2015-07-26,17200,5973,23173,172,29,201,0.742243
346110,ARK: Survival Evolved,2015-07-27,17340,6019,23359,140,46,186,0.742326
346110,ARK: Survival Evolved,2015-07-28,17480,6055,23535,140,36,176,0.742724
346110,ARK: Survival Evolved,2015-07-29,17610,6088,23698,130,33,163,0.743101
346110,ARK: Survival Evolved,2015-07-30,17758,6126,23884,148,38,186,0.74351
346110,ARK: Survival Evolved,2015-07-31,17905,6177,24082,147,51,198,0.743501
346110,ARK: Survival Evolved,2015-08-01,18130,6238,24368,225,61,286,0.744009
346110,ARK: Survival Evolved,2015-08-02,18340,6313,24653,210,75,285,0.743926
346110,ARK: Survival Evolved,2015-08-03,18554,6397,24951,214,84,298,0.743617
346110,ARK: Survival Evolved,2015-08-04,18749,6481,25230,195,84,279,0.743123
346110,ARK: Survival Evolved,2015-08-05,18900,6554,25454,151,73,224,0.742516
346110,ARK: Survival Evolved,2015-08-06,19080,6605,25685,180,51,231,0.742846
346110,ARK: Survival Evolved,2015-08-07,19215,6645,25860,135,40,175,0.743039
346110,ARK: Survival Evolved,2015-08-08,19418,6689,26107,203,44,247,0.743785
346110,ARK: Survival Evolved,2015-08-09,19583,6732,26315,165,43,208,0.744176
346110,ARK: Survival Evolved,2015-08-10,19733,6788,26521,150,56,206,0.744052
346110,ARK: Survival Evolved,2015-08-11,19848,6833,26681,115,45,160,0.7439
346110,ARK: Survival Evolved,2015-08-12,19978,6871,26849,130,38,168,0.744087
346110,ARK: Survival Evolved,2015-08-13,20121,6907,27028,143,36,179,0.74445
346110,ARK: Survival Evolved,2015-08-14,20270,6941,27211,149,34,183,0.744919
346110,ARK: Survival Evolved,2015-08-15,20477,7001,27478,207,60,267,0.745214
346110,ARK: Survival Evolved,2015-08-16,20679,7082,27761,202,81,283,0.744894
346110,ARK: Survival Evolved,2015-08-17,20852,7172,28024,173,90,263,0.744077
346110,ARK: Survival Evolved,2015-08-18,21021,7238,28259,169,66,235,0.743869
346110,ARK: Survival Evolved,2015-08-19,21205,7303,28508,184,65,249,0.743826
346110,ARK: Survival Evolved,2015-08-20,21399,7345,28744,194,42,236,0.744468
346110,ARK: Survival Evolved,2015-08-21,21561,7392,28953,162,47,209,0.74469
346110,ARK: Survival Evolved,2015-08-22,21708,7438,29146,147,46,193,0.744802
346110,ARK: Survival Evolved,2015-08-23,21860,7490,29350,152,52,204,0.744804
346110,ARK: Survival Evolved,2015-08-24,22002,7524,29526,142,34,176,0.745174
346110,ARK: Survival Evolved,2015-08-25,22142,7547,29689,140,23,163,0.745798
346110,ARK: Survival Evolved,2015-08-26,22281,7573,29854,139,26,165,0.746332
346110,ARK: Survival Evolved,2015-08-27,22393,7615,30008,112,42,154,0.746234
346110,ARK: Survival Evolved,2015-08-28,22538,7700,30238,145,85,230,0.745354
346110,ARK: Survival Evolved,2015-08-29,22935,8129,31064,397,429,826,0.738314
346110,ARK: Survival Evolved,2015-08-30,23337,8490,31827,402,361,763,0.733245
346110,ARK: Survival Evolved,2015-08-31,23898,8782,32680,561,292,853,0.731273
346110,ARK: Survival Evolved,2015-09-01,24258,8883,33141,360,101,461,0.731963
346110,ARK: Survival Evolved,2015-09-02,24518,8936,33454,260,53,313,0.732887
346110,ARK: Survival Evolved,2015-09-03,24745,8978,33723,227,42,269,0.733772
346110,ARK: Survival Evolved,2015-09-04,24924,9016,33940,179,38,217,0.734355
346110,ARK: Survival Evolved,2015-09-05,25094,9053,34147,170,37,207,0.734882
346110,ARK: Survival Evolved,2015-09-06,25270,9098,34368,176,45,221,0.735277
346110,ARK: Survival Evolved,2015-09-07,25420,9140,34560,150,42,192,0.735532
346110,ARK: Survival Evolved,2015-09-08,25543,9178,34721,123,38,161,0.735664
346110,ARK: Survival Evolved,2015-09-09,25672,9227,34899,129,49,178,0.735608
346110,ARK: Survival Evolved,2015-09-10,25765,9261,35026,93,34,127,0.735596
346110,ARK: Survival Evolved,2015-09-11,25869,9291,35160,104,30,134,0.735751
346110,ARK: Survival Evolved,2015-09-12,26007,9315,35322,138,24,162,0.736283
346110,ARK: Survival Evolved,2015-09-13,26139,9361,35500,132,46,178,0.73631
346110,ARK: Survival Evolved,2015-09-14,26334,9405,35739,195,44,239,0.736842
346110,ARK: Survival Evolved,2015-09-15,26442,9436,35878,108,31,139,0.736998
346110,ARK: Survival Evolved,2015-09-16,26581,9470,36051,139,34,173,0.737317
346110,ARK: Survival Evolved,2015-09-17,26721,9507,36228,140,37,177,0.737579
346110,ARK: Survival Evolved,2015-09-18,26831,9540,36371,110,33,143,0.737703
346110,ARK: Survival Evolved,2015-09-19,26933,9577,36510,102,37,139,0.737688
346110,ARK: Survival Evolved,2015-09-20,27068,9626,36694,135,49,184,0.737668
346110,ARK: Survival Evolved,2015-09-21,27180,9669,36849,112,43,155,0.737605
346110,ARK: Survival Evolved,2015-09-22,27275,9703,36978,95,34,129,0.737601
346110,ARK: Survival Evolved,2015-09-23,27390,9739,37129,115,36,151,0.737698
346110,ARK: Survival Evolved,2015-09-24,27515,9776,37291,125,37,162,0.737846
346110,ARK: Survival Evolved,2015-09-25,27631,9793,37424,116,17,133,0.738323
346110,ARK: Survival Evolved,2015-09-26,27723,9813,37536,92,20,112,0.738571
346110,ARK: Survival Evolved,2015-09-27,27852,9844,37696,129,31,160,0.738858
346110,ARK: Survival Evolved,2015-09-28,27981,9875,37856,129,31,160,0.739143
346110,ARK: Survival Evolved,2015-09-29,28128,9917,38045,147,42,189,0.739335
346110,ARK: Survival Evolved,2015-09-30,28249,9958,38207,121,41,162,0.739367
346110,ARK: Survival Evolved,2015-10-01,28339,9980,38319,90,22,112,0.739555
346110,ARK: Survival Evolved,2015-10-02,28442,10013,38455,103,33,136,0.739618
346110,ARK: Survival Evolved,2015-10-03,28544,10040,38584,102,27,129,0.739789
346110,ARK: Survival Evolved,2015-10-04,28683,10078,38761,139,38,177,0.739996
346110,ARK: Survival Evolved,2015-10-05,28785,10118,38903,102,40,142,0.739917
346110,ARK: Survival Evolved,2015-10-06,28872,10143,39015,87,25,112,0.740023
346110,ARK: Survival Evolved,2015-10-07,29078,10213,39291,206,70,276,0.740068
346110,ARK: Survival Evolved,2015-10-08,29399,10327,39726,321,114,435,0.740044
346110,ARK: Survival Evolved,2015-10-09,29628,10407,40035,229,80,309,0.740052
346110,ARK: Survival Evolved,2015-10-10,29772,10489,40261,144,82,226,0.739475
346110,ARK: Survival Evolved,2015-10-11,29946,10557,40503,174,68,242,0.739353
346110,ARK: Survival Evolved,2015-10-12,30083,10607,40690,137,50,187,0.739322
346110,ARK: Survival Evolved,2015-10-13,30195,10640,40835,112,33,145,0.739439
346110,ARK: Survival Evolved,2015-10-14,30301,10680,40981,106,40,146,0.739391
346110,ARK: Survival Evolved,2015-10-15,30422,10712,41134,121,32,153,0.739583
346110,ARK: Survival Evolved,2015-10-16,30524,10751,41275,102,39,141,0.739528
346110,ARK: Survival Evolved,2015-10-17,30615,10791,41406,91,40,131,0.739386
346110,ARK: Survival Evolved,2015-10-18,30722,10828,41550,107,37,144,0.739398
346110,ARK: Survival Evolved,2015-10-19,30842,10873,41715,120,45,165,0.73935
346110,ARK: Survival Evolved,2015-10-20,30911,10907,41818,69,34,103,0.739179
346110,ARK: Survival Evolved,2015-10-21,31013,10934,41947,102,27,129,0.739338
346110,ARK: Survival Evolved,2015-10-22,31097,10957,42054,84,23,107,0.739454
346110,ARK: Survival Evolved,2015-10-23,31184,10974,42158,87,17,104,0.739694
346110,ARK: Survival Evolved,2015-10-24,31281,10997,42278,97,23,120,0.739888
346110,ARK: Survival Evolved,2015-10-25,31393,11020,42413,112,23,135,0.740174
346110,ARK: Survival Evolved,2015-10-26,31493,11047,42540,100,27,127,0.740315
346110,ARK: Survival Evolved,2015-10-27,31569,11074,42643,76,27,103,0.740309
346110,ARK: Survival Evolved,2015-10-28,31657,11096,42753,88,22,110,0.740463
346110,ARK: Survival Evolved,2015-10-29,31764,11131,42895,107,35,142,0.740506
346110,ARK: Survival Evolved,2015-10-30,31931,11194,43125,167,63,230,0.740429
346110,ARK: Survival Evolved,2015-10-31,32101,11260,43361,170,66,236,0.74032
346110,ARK: Survival Evolved,2015-11-01,32316,11363,43679,215,103,318,0.739852
346110,ARK: Survival Evolved,2015-11-02,32504,11443,43947,188,80,268,0.739618
346110,ARK: Survival Evolved,2015-11-03,32658,11523,44181,154,80,234,0.739187
346110,ARK: Survival Evolved,2015-11-04,32782,11556,44338,124,33,157,0.739366
346110,ARK: Survival Evolved,2015-11-05,32908,11626,44534,126,70,196,0.738941
346110,ARK: Survival Evolved,2015-11-06,33022,11664,44686,114,38,152,0.738979
346110,ARK: Survival Evolved,2015-11-07,33127,11711,44838,105,47,152,0.738815
346110,ARK: Survival Evolved,2015-11-08,33274,11763,45037,147,52,199,0.738815
346110,ARK: Survival Evolved,2015-11-09,33404,11823,45227,130,60,190,0.738585
346110,ARK: Survival Evolved,2015-11-10,33502,11870,45372,98,47,145,0.738385
346110,ARK: Survival Evolved,2015-11-11,33610,11907,45517,108,37,145,0.738405
346110,ARK: Survival Evolved,2015-11-12,33771,11965,45736,161,58,219,0.73839
346110,ARK: Survival Evolved,2015-11-13,33881,12016,45897,110,51,161,0.738196
346110,ARK: Survival Evolved,2015-11-14,34019,12053,46072,138,37,175,0.738388
346110,ARK: Survival Evolved,2015-11-15,34190,12096,46286,171,43,214,0.738668
346110,ARK: Survival Evolved,2015-11-16,34353,12158,46511,163,62,225,0.738599
346110,ARK: Survival Evolved,2015-11-17,34447,12203,46650,94,45,139,0.738414
346110,ARK: Survival Evolved,2015-11-18,34525,12242,46767,78,39,117,0.738234
346110,ARK: Survival Evolved,2015-11-19,34600,12269,46869,75,27,102,0.738228
346110,ARK: Survival Evolved,2015-11-20,34682,12286,46968,82,17,99,0.738418
346110,ARK: Survival Evolved,2015-11-21,34752,12304,47056,70,18,88,0.738524
346110,ARK: Survival Evolved,2015-11-22,34869,12340,47209,117,36,153,0.738609
346110,ARK: Survival Evolved,2015-11-23,34951,12369,47320,82,29,111,0.738609
346110,ARK: Survival Evolved,2015-11-24,35023,12389,47412,72,20,92,0.738695
346110,ARK: Survival Evolved,2015-11-25,35110,12406,47516,87,17,104,0.738909
346110,ARK: Survival Evolved,2015-11-26,35229,12441,47670,119,35,154,0.739018
346110,ARK: Survival Evolved,2015-11-27,35419,12519,47938,190,78,268,0.73885
346110,ARK: Survival Evolved,2015-11-28,35553,12579,48132,134,60,194,0.738656
346110,ARK: Survival Evolved,2015-11-29,35712,12650,48362,159,71,230,0.738431
346110,ARK: Survival Evolved,2015-11-30,35833,12706,48539,121,56,177,0.738231
346110,ARK: Survival Evolved,2015-12-01,35949,12746,48695,116,40,156,0.738248
346110,ARK: Survival Evolved,2015-12-02,36063,12784,48847,114,38,152,0.738285
346110,ARK: Survival Evolved,2015-12-03,36169,12819,48988,106,35,141,0.738324
346110,ARK: Survival Evolved,2015-12-04,36268,12844,49112,99,25,124,0.738475
346110,ARK: Survival Evolved,2015-12-05,36338,12864,49202,70,20,90,0.738547
346110,ARK: Survival Evolved,2015-12-06,36435,12896,49331,97,32,129,0.738582
346110,ARK: Survival Evolved,2015-12-07,36509,12917,49426,74,21,95,0.73866
346110,ARK: Survival Evolved,2015-12-08,36587,12940,49527,78,23,101,0.738728
346110,ARK: Survival Evolved,2015-12-09,36651,12961,49612,64,21,85,0.738753
346110,ARK: Survival Evolved,2015-12-10,36725,12985,49710,74,24,98,0.738785
346110,ARK: Survival Evolved,2015-12-11,36798,13014,49812,73,29,102,0.738738
346110,ARK: Survival Evolved,2015-12-12,36866,13032,49898,68,18,86,0.738827
346110,ARK: Survival Evolved,2015-12-13,36954,13064,50018,88,32,120,0.738814
346110,ARK: Survival Evolved,2015-12-14,37049,13102,50151,95,38,133,0.738749
346110,ARK: Survival Evolved,2015-12-15,37103,13125,50228,54,23,77,0.738692
346110,ARK: Survival Evolved,2015-12-16,37199,13152,50351,96,27,123,0.738794
346110,ARK: Survival Evolved,2015-12-17,37264,13161,50425,65,9,74,0.738999
346110,ARK: Survival Evolved,2015-12-18,37362,13184,50546,98,23,121,0.739168
346110,ARK: Survival Evolved,2015-12-19,37423,13204,50627,61,20,81,0.739191
346110,ARK: Survival Evolved,2015-12-20,37550,13224,50774,127,20,147,0.739552
346110,ARK: Survival Evolved,2015-12-21,37666,13263,50929,116,39,155,0.739579
346110,ARK: Survival Evolved,2015-12-22,37755,13292,51047,89,29,118,0.739613
346110,ARK: Survival Evolved,2015-12-23,37882,13339,51221,127,47,174,0.739579
346110,ARK: Survival Evolved,2015-12-24,38140,13446,51586,258,107,365,0.739348
346110,ARK: Survival Evolved,2015-12-25,38315,13521,51836,175,75,250,0.739158
346110,ARK: Survival Evolved,2015-12-26,38420,13560,51980,105,39,144,0.73913
346110,ARK: Survival Evolved,2015-12-27,38616,13669,52285,196,109,305,0.738567
346110,ARK: Survival Evolved,2015-12-28,38832,13789,52621,216,120,336,0.737956
346110,ARK: Survival Evolved,2015-12-29,39115,13931,53046,283,142,425,0.737379
346110,ARK: Survival Evolved,2015-12-30,39321,14047,53368,206,116,322,0.73679
346110,ARK: Survival Evolved,2015-12-31,39502,14151,53653,181,104,285,0.73625
346110,ARK: Survival Evolved,2016-01-01,39502,14151,53653,0,0,0,0.73625
346110,ARK: Survival Evolved,2016-01-02,39886,14302,54188,384,151,535,0.736067
346110,ARK: Survival Evolved,2016-01-03,40108,14387,54495,222,85,307,0.735994
346110,ARK: Survival Evolved,2016-01-04,40308,14489,54797,200,102,302,0.735588
346110,ARK: Survival Evolved,2016-01-05,40514,14586,55100,206,97,303,0.735281
346110,ARK: Survival Evolved,2016-01-06,40698,14738,55436,184,152,336,0.734144
346110,ARK: Survival Evolved,2016-01-07,40857,15052,55909,159,314,473,0.730777
346110,ARK: Survival Evolved,2016-01-08,40981,15141,56122,124,89,213,0.730213
346110,ARK: Survival Evolved,2016-01-09,41123,15206,56329,142,65,207,0.73005
346110,ARK: Survival Evolved,2016-01-10,41255,15272,56527,132,66,198,0.729828
346110,ARK: Survival Evolved,2016-01-11,41374,15326,56700,119,54,173,0.7297
346110,ARK: Survival Evolved,2016-01-12,41449,15372,56821,75,46,121,0.729466
346110,ARK: Survival Evolved,2016-01-13,41540,15404,56944,91,32,123,0.729489
346110,ARK: Survival Evolved,2016-01-14,41663,15434,57097,123,30,153,0.729688
346110,ARK: Survival Evolved,2016-01-15,41754,15464,57218,91,30,121,0.729735
346110,ARK: Survival Evolved,2016-01-16,41857,15489,57346,103,25,128,0.729903
346110,ARK: Survival Evolved,2016-01-17,41984,15534,57518,127,45,172,0.729928
346110,ARK: Survival Evolved,2016-01-18,42113,15583,57696,129,49,178,0.729912
346110,ARK: Survival Evolved,2016-01-19,42218,15615,57833,105,32,137,0.729998
346110,ARK: Survival Evolved,2016-01-20,42312,15642,57954,94,27,121,0.730096
346110,ARK: Survival Evolved,2016-01-21,42396,15677,58073,84,35,119,0.730047
346110,ARK: Survival Evolved,2016-01-22,42477,15689,58166,81,12,93,0.730272
346110,ARK: Survival Evolved,2016-01-23,42555,15726,58281,78,37,115,0.730169
346110,ARK: Survival Evolved,2016-01-24,42647,15767,58414,92,41,133,0.730082
346110,ARK: Survival Evolved,2016-01-25,42736,15807,58543,89,40,129,0.729993
346110,ARK: Survival Evolved,2016-01-26,42816,15831,58647,80,24,104,0.730063
346110,ARK: Survival Evolved,2016-01-27,42917,15856,58773,101,25,126,0.730216
346110,ARK: Survival Evolved,2016-01-28,43005,15882,58887,88,26,114,0.730297
346110,ARK: Survival Evolved,2016-01-29,43093,15915,59008,88,33,121,0.730291
346110,ARK: Survival Evolved,2016-01-30,43196,15941,59137,103,26,129,0.730439
346110,ARK: Survival Evolved,2016-01-31,43295,15970,59265,99,29,128,0.730532
346110,ARK: Survival Evolved,2016-02-01,43392,16012,59404,97,42,139,0.730456
346110,ARK: Survival Evolved,2016-02-02,43466,16043,59509,74,31,105,0.730411
346110,ARK: Survival Evolved,2016-02-03,43539,16076,59615,73,33,106,0.730336
346110,ARK: Survival Evolved,2016-02-04,43624,16101,59725,85,25,110,0.730414
346110,ARK: Survival Evolved,2016-02-05,43697,16121,59818,73,20,93,0.730499
346110,ARK: Survival Evolved,2016-02-06,43794,16137,59931,97,16,113,0.73074
346110,ARK: Survival Evolved,2016-02-07,43944,16187,60131,150,50,200,0.730804
346110,ARK: Survival Evolved,2016-02-08,44105,16250,60355,161,63,224,0.73076
346110,ARK: Survival Evolved,2016-02-09,44230,16286,60516,125,36,161,0.730881
346110,ARK: Survival Evolved,2016-02-10,44350,16330,60680,120,44,164,0.730883
346110,ARK: Survival Evolved,2016-02-11,44472,16383,60855,122,53,175,0.730786
346110,ARK: Survival Evolved,2016-02-12,44606,16419,61025,134,36,170,0.730946
346110,ARK: Survival Evolved,2016-02-13,44709,16476,61185,103,57,160,0.730718
346110,ARK: Survival Evolved,2016-02-14,44836,16511,61347,127,35,162,0.730859
346110,ARK: Survival Evolved,2016-02-15,44949,16558,61507,113,47,160,0.730795
346110,ARK: Survival Evolved,2016-02-16,45051,16593,61644,102,35,137,0.730825
346110,ARK: Survival Evolved,2016-02-17,45134,16602,61736,83,9,92,0.731081
346110,ARK: Survival Evolved,2016-02-18,45220,16623,61843,86,21,107,0.731206
346110,ARK: Survival Evolved,2016-02-19,45323,16649,61972,103,26,129,0.731346
346110,ARK: Survival Evolved,2016-02-20,45431,16672,62103,108,23,131,0.731543
346110,ARK: Survival Evolved,2016-02-21,45532,16702,62234,101,30,131,0.731626
346110,ARK: Survival Evolved,2016-02-22,45626,16724,62350,94,22,116,0.731772
346110,ARK: Survival Evolved,2016-02-23,45706,16750,62456,80,26,106,0.731811
346110,ARK: Survival Evolved,2016-02-24,45778,16774,62552,72,24,96,0.731839
346110,ARK: Survival Evolved,2016-02-25,45883,16793,62676,105,19,124,0.732067
346110,ARK: Survival Evolved,2016-02-26,45970,16808,62778,87,15,102,0.732263
346110,ARK: Survival Evolved,2016-02-27,46045,16834,62879,75,26,101,0.732279
346110,ARK: Survival Evolved,2016-02-28,46149,16860,63009,104,26,130,0.732419
346110,ARK: Survival Evolved,2016-02-29,46262,16895,63157,113,35,148,0.732492
346110,ARK: Survival Evolved,2016-03-01,46351,16910,63261,89,15,104,0.732695
346110,ARK: Survival Evolved,2016-03-02,46436,16934,63370,85,24,109,0.732776
346110,ARK: Survival Evolved,2016-03-03,46520,16950,63470,84,16,100,0.732945
346110,ARK: Survival Evolved,2016-03-04,46590,16971,63561,70,21,91,0.732997
346110,ARK: Survival Evolved,2016-03-05,46676,16992,63668,86,21,107,0.733116
346110,ARK: Survival Evolved,2016-03-06,46775,17021,63796,99,29,128,0.733196
346110,ARK: Survival Evolved,2016-03-07,46879,17051,63930,104,30,134,0.733286
346110,ARK: Survival Evolved,2016-03-08,46960,17068,64028,81,17,98,0.733429
346110,ARK: Survival Evolved,2016-03-09,47020,17093,64113,60,25,85,0.733393
346110,ARK: Survival Evolved,2016-03-10,47091,17109,64200,71,16,87,0.733505
346110,ARK: Survival Evolved,2016-03-11,47161,17123,64284,70,14,84,0.733635
346110,ARK: Survival Evolved,2016-03-12,47241,17144,64385,80,21,101,0.733727
346110,ARK: Survival Evolved,2016-03-13,47315,17176,64491,74,32,106,0.733668
346110,ARK: Survival Evolved,2016-03-14,47417,17201,64618,102,25,127,0.733805
346110,ARK: Survival Evolved,2016-03-15,47483,17212,64695,66,11,77,0.733952
346110,ARK: Survival Evolved,2016-03-16,47609,17240,64849,126,28,154,0.734152
346110,ARK: Survival Evolved,2016-03-17,47785,17326,65111,176,86,262,0.733901
346110,ARK: Survival Evolved,2016-03-18,47938,17402,65340,153,76,229,0.73367
346110,ARK: Survival Evolved,2016-03-19,48170,17485,65655,232,83,315,0.733684
346110,ARK: Survival Evolved,2016-03-20,48349,17558,65907,179,73,252,0.733594
346110,ARK: Survival Evolved,2016-03-21,48545,17618,66163,196,60,256,0.733718
346110,ARK: Survival Evolved,2016-03-22,48691,17662,66353,146,44,190,0.733818
346110,ARK: Survival Evolved,2016-03-23,48814,17719,66533,123,57,180,0.733681
346110,ARK: Survival Evolved,2016-03-24,48923,17742,66665,109,23,132,0.733863
346110,ARK: Survival Evolved,2016-03-25,49019,17765,66784,96,23,119,0.733993
346110,ARK: Survival Evolved,2016-03-26,49111,17799,66910,92,34,126,0.733986
346110,ARK: Survival Evolved,2016-03-27,49252,17829,67081,141,30,171,0.734217
346110,ARK: Survival Evolved,2016-03-28,49377,17861,67238,125,32,157,0.734362
346110,ARK: Survival Evolved,2016-03-29,49466,17888,67354,89,27,116,0.734418
346110,ARK: Survival Evolved,2016-03-30,49561,17906,67467,95,18,113,0.734596
346110,ARK: Survival Evolved,2016-03-31,49638,17924,67562,77,18,95,0.734703
346110,ARK: Survival Evolved,2016-04-01,49713,17949,67662,75,25,100,0.734726
346110,ARK: Survival Evolved,2016-04-02,49790,17957,67747,77,8,85,0.73494
346110,ARK: Survival Evolved,2016-04-03,49895,17987,67882,105,30,135,0.735025
346110,ARK: Survival Evolved,2016-04-04,50005,18030,68035,110,43,153,0.734989
346110,ARK: Survival Evolved,2016-04-05,50089,18048,68137,84,18,102,0.735122
346110,ARK: Survival Evolved,2016-04-06,50163,18059,68222,74,11,85,0.735291
346110,ARK: Survival Evolved,2016-04-07,50229,18078,68307,66,19,85,0.735342
346110,ARK: Survival Evolved,2016-04-08,50283,18092,68375,54,14,68,0.7354
346110,ARK: Survival Evolved,2016-04-09,50353,18114,68467,70,22,92,0.735435
346110,ARK: Survival Evolved,2016-04-10,50435,18135,68570,82,21,103,0.735526
346110,ARK: Survival Evolved,2016-04-11,50527,18155,68682,92,20,112,0.735666
346110,ARK: Survival Evolved,2016-04-12,50590,18170,68760,63,15,78,0.735748
346110,ARK: Survival Evolved,2016-04-13,50650,18186,68836,60,16,76,0.735807
346110,ARK: Survival Evolved,2016-04-14,50719,18209,68928,69,23,92,0.735826
346110,ARK: Survival Evolved,2016-04-15,50768,18209,68977,49,0,49,0.736013
346110,ARK: Survival Evolved,2016-04-16,50848,18225,69073,80,16,96,0.736149
346110,ARK: Survival Evolved,2016-04-17,50930,18247,69177,82,22,104,0.736227
346110,ARK: Survival Evolved,2016-04-18,51014,18277,69291,84,30,114,0.736228
346110,ARK: Survival Evolved,2016-04-19,51092,18294,69386,78,17,95,0.736345
346110,ARK: Survival Evolved,2016-04-20,51167,18309,69476,75,15,90,0.73647
346110,ARK: Survival Evolved,2016-04-21,51231,18339,69570,64,30,94,0.736395
346110,ARK: Survival Evolved,2016-04-22,51311,18361,69672,80,22,102,0.736465
346110,ARK: Survival Evolved,2016-04-23,51380,18382,69762,69,21,90,0.736504
346110,ARK: Survival Evolved,2016-04-24,51440,18397,69837,60,15,75,0.736572
346110,ARK: Survival Evolved,2016-04-25,51547,18429,69976,107,32,139,0.736638
346110,ARK: Survival Evolved,2016-04-26,51606,18437,70043,59,8,67,0.736776
346110,ARK: Survival Evolved,2016-04-27,51674,18455,70129,68,18,86,0.736842
346110,ARK: Survival Evolved,2016-04-28,51754,18473,70227,80,18,98,0.736953
346110,ARK: Survival Evolved,2016-04-29,51821,18484,70305,67,11,78,0.737088
346110,ARK: Survival Evolved,2016-04-30,51889,18491,70380,68,7,75,0.737269
346110,ARK: Survival Evolved,2016-05-01,51956,18513,70469,67,22,89,0.737289
346110,ARK: Survival Evolved,2016-05-02,52039,18528,70567,83,15,98,0.737441
346110,ARK: Survival Evolved,2016-05-03,52112,18546,70658,73,18,91,0.737524
346110,ARK: Survival Evolved,2016-05-04,52171,18569,70740,59,23,82,0.737504
346110,ARK: Survival Evolved,2016-05-05,52254,18581,70835,83,12,95,0.737686
346110,ARK: Survival Evolved,2016-05-06,52355,18588,70943,101,7,108,0.737987
346110,ARK: Survival Evolved,2016-05-07,52423,18600,71023,68,12,80,0.738113
346110,ARK: Survival Evolved,2016-05-08,52516,18629,71145,93,29,122,0.738154
346110,ARK: Survival Evolved,2016-05-09,52601,18671,71272,85,42,127,0.738032
346110,ARK: Survival Evolved,2016-05-10,52667,18688,71355,66,17,83,0.738098
346110,ARK: Survival Evolved,2016-05-11,52724,18701,71425,57,13,70,0.738173
346110,ARK: Survival Evolved,2016-05-12,52767,18722,71489,43,21,64,0.738114
346110,ARK: Survival Evolved,2016-05-13,52836,18730,71566,69,8,77,0.738284
346110,ARK: Survival Evolved,2016-05-14,52916,18744,71660,80,14,94,0.738431
346110,ARK: Survival Evolved,2016-05-15,52986,18773,71759,70,29,99,0.738388
346110,ARK: Survival Evolved,2016-05-16,53070,18796,71866,84,23,107,0.738458
346110,ARK: Survival Evolved,2016-05-17,53128,18814,71942,58,18,76,0.738484
346110,ARK: Survival Evolved,2016-05-18,53253,18836,72089,125,22,147,0.738712
346110,ARK: Survival Evolved,2016-05-19,53490,18878,72368,237,42,279,0.739139
346110,ARK: Survival Evolved,2016-05-20,53679,18903,72582,189,25,214,0.739564
346110,ARK: Survival Evolved,2016-05-21,53820,18935,72755,141,32,173,0.739743
346110,ARK: Survival Evolved,2016-05-22,53963,18985,72948,143,50,193,0.739746
346110,ARK: Survival Evolved,2016-05-23,54100,19019,73119,137,34,171,0.73989
346110,ARK: Survival Evolved,2016-05-24,54207,19056,73263,107,37,144,0.739896
346110,ARK: Survival Evolved,2016-05-25,54305,19094,73399,98,38,136,0.73986
346110,ARK: Survival Evolved,2016-05-26,54391,19113,73504,86,19,105,0.739973
346110,ARK: Survival Evolved,2016-05-27,54471,19143,73614,80,30,110,0.739954
346110,ARK: Survival Evolved,2016-05-28,54565,19160,73725,94,17,111,0.740115
346110,ARK: Survival Evolved,2016-05-29,54660,19186,73846,95,26,121,0.740189
346110,ARK: Survival Evolved,2016-05-30,54772,19203,73975,112,17,129,0.740412
346110,ARK: Survival Evolved,2016-05-31,54873,19222,74095,101,19,120,0.740576
346110,ARK: Survival Evolved,2016-06-01,54953,19243,74196,80,21,101,0.740646
346110,ARK: Survival Evolved,2016-06-02,55047,19244,74291,94,1,95,0.740965
346110,ARK: Survival Evolved,2016-06-03,55158,19268,74426,111,24,135,0.741112
346110,ARK: Survival Evolved,2016-06-04,55244,19289,74533,86,21,107,0.741202
346110,ARK: Survival Evolved,2016-06-05,55359,19321,74680,115,32,147,0.741283
346110,ARK: Survival Evolved,2016-06-06,55466,19355,74821,107,34,141,0.741316
346110,ARK: Survival Evolved,2016-06-07,55563,19387,74950,97,32,129,0.741334
346110,ARK: Survival Evolved,2016-06-08,55642,19405,75047,79,18,97,0.741429
346110,ARK: Survival Evolved,2016-06-09,55705,19426,75131,63,21,84,0.741438
346110,ARK: Survival Evolved,2016-06-10,55777,19449,75226,72,23,95,0.741459
346110,ARK: Survival Evolved,2016-06-11,55862,19465,75327,85,16,101,0.741593
346110,ARK: Survival Evolved,2016-06-12,55930,19482,75412,68,17,85,0.741659
346110,ARK: Survival Evolved,2016-06-13,56021,19511,75532,91,29,120,0.741686
346110,ARK: Survival Evolved,2016-06-14,56126,19540,75666,105,29,134,0.74176
346110,ARK: Survival Evolved,2016-06-15,56235,19563,75798,109,23,132,0.741906
346110,ARK: Survival Evolved,2016-06-16,56347,19586,75933,112,23,135,0.742062
346110,ARK: Survival Evolved,2016-06-17,56417,19608,76025,70,22,92,0.742085
346110,ARK: Survival Evolved,2016-06-18,56505,19620,76125,88,12,100,0.742266
346110,ARK: Survival Evolved,2016-06-19,56622,19643,76265,117,23,140,0.742438
346110,ARK: Survival Evolved,2016-06-20,56717,19656,76373,95,13,108,0.742632
346110,ARK: Survival Evolved,2016-06-21,56796,19667,76463,79,11,90,0.742791
346110,ARK: Survival Evolved,2016-06-22,56864,19693,76557,68,26,94,0.742767
346110,ARK: Survival Evolved,2016-06-23,56929,19701,76630,65,8,73,0.742907
346110,ARK: Survival Evolved,2016-06-24,57081,19727,76808,152,26,178,0.743165
346110,ARK: Survival Evolved,2016-06-25,57295,19792,77087,214,65,279,0.743251
346110,ARK: Survival Evolved,2016-06-26,57484,19857,77341,189,65,254,0.743254
346110,ARK: Survival Evolved,2016-06-27,57679,19926,77605,195,69,264,0.743238
346110,ARK: Survival Evolved,2016-06-28,57821,19962,77783,142,36,178,0.743363
346110,ARK: Survival Evolved,2016-06-29,57965,20022,77987,144,60,204,0.743265
346110,ARK: Survival Evolved,2016-06-30,58102,20112,78214,137,90,227,0.742859
346110,ARK: Survival Evolved,2016-07-01,58316,20180,78496,214,68,282,0.742917
346110,ARK: Survival Evolved,2016-07-02,58428,20237,78665,112,57,169,0.742745
346110,ARK: Survival Evolved,2016-07-03,58578,20305,78883,150,68,218,0.742593
346110,ARK: Survival Evolved,2016-07-04,58754,20367,79121,176,62,238,0.742584
346110,ARK: Survival Evolved,2016-07-05,58931,20425,79356,177,58,235,0.742616
346110,ARK: Survival Evolved,2016-07-06,59045,20464,79509,114,39,153,0.74262
346110,ARK: Survival Evolved,2016-07-07,59161,20485,79646,116,21,137,0.742799
346110,ARK: Survival Evolved,2016-07-08,59262,20528,79790,101,43,144,0.742725
346110,ARK: Survival Evolved,2016-07-09,59370,20558,79928,108,30,138,0.742794
346110,ARK: Survival Evolved,2016-07-10,59460,20580,80040,90,22,112,0.742879
346110,ARK: Survival Evolved,2016-07-11,59552,20604,80156,92,24,116,0.742951
346110,ARK: Survival Evolved,2016-07-12,59646,20625,80271,94,21,115,0.743058
346110,ARK: Survival Evolved,2016-07-13,59718,20642,80360,72,17,89,0.743131
346110,ARK: Survival Evolved,2016-07-14,59797,20669,80466,79,27,106,0.743134
346110,ARK: Survival Evolved,2016-07-15,59864,20683,80547,67,14,81,0.743218
346110,ARK: Survival Evolved,2016-07-16,59934,20700,80634,70,17,87,0.743284
346110,ARK: Survival Evolved,2016-07-17,60009,20729,80738,75,29,104,0.743256
346110,ARK: Survival Evolved,2016-07-18,60061,20741,80802,52,12,64,0.743311
346110,ARK: Survival Evolved,2016-07-19,60116,20768,80884,55,27,82,0.743237
346110,ARK: Survival Evolved,2016-07-20,60163,20788,80951,47,20,67,0.743203
346110,ARK: Survival Evolved,2016-07-21,60218,20812,81030,55,24,79,0.743157
346110,ARK: Survival Evolved,2016-07-22,60268,20828,81096,50,16,66,0.743169
346110,ARK: Survival Evolved,2016-07-23,60335,20843,81178,67,15,82,0.743243
346110,ARK: Survival Evolved,2016-07-24,60383,20851,81234,48,8,56,0.743322
346110,ARK: Survival Evolved,2016-07-25,60441,20866,81307,58,15,73,0.743368
346110,ARK: Survival Evolved,2016-07-26,60496,20878,81374,55,12,67,0.743432
346110,ARK: Survival Evolved,2016-07-27,60558,20896,81454,62,18,80,0.743463
346110,ARK: Survival Evolved,2016-07-28,60601,20915,81516,43,19,62,0.743425
346110,ARK: Survival Evolved,2016-07-29,60833,20989,81822,232,74,306,0.74348
346110,ARK: Survival Evolved,2016-07-30,61202,21227,82429,369,238,607,0.742481
346110,ARK: Survival Evolved,2016-07-31,61513,21503,83016,311,276,587,0.740978
346110,ARK: Survival Evolved,2016-08-01,61815,21697,83512,302,194,496,0.740193
346110,ARK: Survival Evolved,2016-08-02,62088,21837,83925,273,140,413,0.739803
346110,ARK: Survival Evolved,2016-08-03,62234,21913,84147,146,76,222,0.739587
346110,ARK: Survival Evolved,2016-08-04,62366,21972,84338,132,59,191,0.739477
346110,ARK: Survival Evolved,2016-08-05,62499,22021,84520,133,49,182,0.739458
346110,ARK: Survival Evolved,2016-08-06,62607,22056,84663,108,35,143,0.739485
346110,ARK: Survival Evolved,2016-08-07,62684,22098,84782,77,42,119,0.739355
346110,ARK: Survival Evolved,2016-08-08,62777,22124,84901,93,26,119,0.739414
346110,ARK: Survival Evolved,2016-08-09,62862,22148,85010,85,24,109,0.739466
346110,ARK: Survival Evolved,2016-08-10,62941,22170,85111,79,22,101,0.739517
346110,ARK: Survival Evolved,2016-08-11,63002,22195,85197,61,25,86,0.739486
346110,ARK: Survival Evolved,2016-08-12,63065,22229,85294,63,34,97,0.739384
346110,ARK: Survival Evolved,2016-08-13,63125,22260,85385,60,31,91,0.739298
346110,ARK: Survival Evolved,2016-08-14,63204,22283,85487,79,23,102,0.73934
346110,ARK: Survival Evolved,2016-08-15,63295,22331,85626,91,48,139,0.739203
346110,ARK: Survival Evolved,2016-08-16,63356,22361,85717,61,30,91,0.73913
346110,ARK: Survival Evolved,2016-08-17,63410,22377,85787,54,16,70,0.739156
346110,ARK: Survival Evolved,2016-08-18,63466,22388,85854,56,11,67,0.739232
346110,ARK: Survival Evolved,2016-08-19,63524,22405,85929,58,17,75,0.739261
346110,ARK: Survival Evolved,2016-08-20,63576,22433,86009,52,28,80,0.739178
346110,ARK: Survival Evolved,2016-08-21,63654,22457,86111,78,24,102,0.739209
346110,ARK: Survival Evolved,2016-08-22,63738,22494,86232,84,37,121,0.739146
346110,ARK: Survival Evolved,2016-08-23,63795,22519,86314,57,25,82,0.739104
346110,ARK: Survival Evolved,2016-08-24,63853,22529,86382,58,10,68,0.739193
346110,ARK: Survival Evolved,2016-08-25,63916,22551,86467,63,22,85,0.739195
346110,ARK: Survival Evolved,2016-08-26,63975,22562,86537,59,11,70,0.739279
346110,ARK: Survival Evolved,2016-08-27,64030,22580,86610,55,18,73,0.739291
346110,ARK: Survival Evolved,2016-08-28,64085,22599,86684,55,19,74,0.739294
346110,ARK: Survival Evolved,2016-08-29,64154,22628,86782,69,29,98,0.739255
346110,ARK: Survival Evolved,2016-08-30,64223,22644,86867,69,16,85,0.739326
346110,ARK: Survival Evolved,2016-08-31,64279,22658,86937,56,14,70,0.739374
346110,ARK: Survival Evolved,2016-09-01,64342,22669,87011,63,11,74,0.73947
346110,ARK: Survival Evolved,2016-09-02,64430,23390,87820,88,721,809,0.73366
346110,ARK: Survival Evolved,2016-09-03,64587,25194,89781,157,1804,1961,0.719384
346110,ARK: Survival Evolved,2016-09-04,64719,26098,90817,132,904,1036,0.712631
346110,ARK: Survival Evolved,2016-09-05,64912,26893,91805,193,795,988,0.707064
346110,ARK: Survival Evolved,2016-09-06,65102,27494,92596,190,601,791,0.703076
346110,ARK: Survival Evolved,2016-09-07,65305,28014,93319,203,520,723,0.699804
346110,ARK: Survival Evolved,2016-09-08,65607,28587,94194,302,573,875,0.696509
346110,ARK: Survival Evolved,2016-09-09,65841,28925,94766,234,338,572,0.694774
346110,ARK: Survival Evolved,2016-09-10,66035,29141,95176,194,216,410,0.69382
346110,ARK: Survival Evolved,2016-09-11,66196,29384,95580,161,243,404,0.692572
346110,ARK: Survival Evolved,2016-09-12,66394,29569,95963,198,185,383,0.691871
346110,ARK: Survival Evolved,2016-09-13,66532,29699,96231,138,130,268,0.691378
346110,ARK: Survival Evolved,2016-09-14,66721,29877,96598,189,178,367,0.690708
346110,ARK: Survival Evolved,2016-09-15,66718,29880,96598,-3,3,0,0.690677
346110,ARK: Survival Evolved,2016-09-16,66844,29956,96800,126,76,202,0.690537
346110,ARK: Survival Evolved,2016-09-17,66941,30042,96983,97,86,183,0.690234
346110,ARK: Survival Evolved,2016-09-18,67038,30139,97177,97,97,194,0.689855
346110,ARK: Survival Evolved,2016-09-19,67157,30211,97368,119,72,191,0.689724
346110,ARK: Survival Evolved,2016-09-20,67262,30312,97574,105,101,206,0.689343
346110,ARK: Survival Evolved,2016-09-21,67361,30404,97765,99,92,191,0.689009
346110,ARK: Survival Evolved,2016-09-22,67434,30471,97905,73,67,140,0.68877
346110,ARK: Survival Evolved,2016-09-23,67521,30523,98044,87,52,139,0.688681
346110,ARK: Survival Evolved,2016-09-24,67622,30595,98217,101,72,173,0.688496
346110,ARK: Survival Evolved,2016-09-25,67713,30677,98390,91,82,173,0.68821
346110,ARK: Survival Evolved,2016-09-26,67801,30742,98543,88,65,153,0.688035
346110,ARK: Survival Evolved,2016-09-27,67878,30790,98668,77,48,125,0.687943
346110,ARK: Survival Evolved,2016-09-28,67943,30837,98780,65,47,112,0.687821
346110,ARK: Survival Evolved,2016-09-29,68009,30885,98894,66,48,114,0.687696
346110,ARK: Survival Evolved,2016-09-30,68089,30933,99022,80,48,128,0.687615
346110,ARK: Survival Evolved,2016-10-01,68169,30987,99156,80,54,134,0.687492
346110,ARK: Survival Evolved,2016-10-02,68248,31031,99279,79,44,123,0.687436
346110,ARK: Survival Evolved,2016-10-03,68318,31067,99385,70,36,106,0.687408
346110,ARK: Survival Evolved,2016-10-04,68366,31106,99472,48,39,87,0.687289
346110,ARK: Survival Evolved,2016-10-05,68421,31144,99565,55,38,93,0.687199
346110,ARK: Survival Evolved,2016-10-06,68475,31181,99656,54,37,91,0.687114
346110,ARK: Survival Evolved,2016-10-07,68526,31206,99732,51,25,76,0.687101
346110,ARK: Survival Evolved,2016-10-08,68579,31239,99818,53,33,86,0.68704
346110,ARK: Survival Evolved,2016-10-09,68667,31291,99958,88,52,140,0.686959
346110,ARK: Survival Evolved,2016-10-10,68721,31317,100038,54,26,80,0.686949
346110,ARK: Survival Evolved,2016-10-11,68774,31345,100119,53,28,81,0.686923
346110,ARK: Survival Evolved,2016-10-12,68826,31365,100191,52,20,72,0.686948
346110,ARK: Survival Evolved,2016-10-13,68885,31387,100272,59,22,81,0.686981
346110,ARK: Survival Evolved,2016-10-14,68931,31406,100337,46,19,65,0.686995
346110,ARK: Survival Evolved,2016-10-15,68982,31423,100405,51,17,68,0.687037
346110,ARK: Survival Evolved,2016-10-16,69041,31443,100484,59,20,79,0.687085
346110,ARK: Survival Evolved,2016-10-17,69095,31462,100557,54,19,73,0.687123
346110,ARK: Survival Evolved,2016-10-18,69153,31480,100633,58,18,76,0.68718
346110,ARK: Survival Evolved,2016-10-19,69253,31522,100775,100,42,142,0.687204
346110,ARK: Survival Evolved,2016-10-20,69330,31556,100886,77,34,111,0.687211
346110,ARK: Survival Evolved,2016-10-21,69386,31587,100973,56,31,87,0.687174
346110,ARK: Survival Evolved,2016-10-22,69464,31609,101073,78,22,100,0.687266
346110,ARK: Survival Evolved,2016-10-23,69530,31637,101167,66,28,94,0.687279
346110,ARK: Survival Evolved,2016-10-24,69593,31670,101263,63,33,96,0.68725
346110,ARK: Survival Evolved,2016-10-25,69631,31692,101323,38,22,60,0.687218
346110,ARK: Survival Evolved,2016-10-26,69677,31717,101394,46,25,71,0.687191
346110,ARK: Survival Evolved,2016-10-27,69707,31735,101442,30,18,48,0.687161
346110,ARK: Survival Evolved,2016-10-28,69749,31756,101505,42,21,63,0.687148
346110,ARK: Survival Evolved,2016-10-29,69819,31777,101596,70,21,91,0.687222
346110,ARK: Survival Evolved,2016-10-30,69923,31835,101758,104,58,162,0.68715
346110,ARK: Survival Evolved,2016-10-31,70015,31896,101911,92,61,153,0.687021
346110,ARK: Survival Evolved,2016-11-01,70075,31957,102032,60,61,121,0.686794
346110,ARK: Survival Evolved,2016-11-02,70135,32013,102148,60,56,116,0.686602
346110,ARK: Survival Evolved,2016-11-03,70175,32037,102212,40,24,64,0.686563
346110,ARK: Survival Evolved,2016-11-04,70217,32063,102280,42,26,68,0.686517
346110,ARK: Survival Evolved,2016-11-05,70265,32079,102344,48,16,64,0.686557
346110,ARK: Survival Evolved,2016-11-06,70319,32105,102424,54,26,80,0.686548
346110,ARK: Survival Evolved,2016-11-07,70376,32146,102522,57,41,98,0.686448
346110,ARK: Survival Evolved,2016-11-08,70417,32155,102572,41,9,50,0.686513
346110,ARK: Survival Evolved,2016-11-09,70493,32188,102681,76,33,109,0.686524
346110,ARK: Survival Evolved,2016-11-10,70538,32210,102748,45,22,67,0.686515
346110,ARK: Survival Evolved,2016-11-11,70573,32232,102805,35,22,57,0.686474
346110,ARK: Survival Evolved,2016-11-12,70629,32261,102890,56,29,85,0.686452
346110,ARK: Survival Evolved,2016-11-13,70674,32289,102963,45,28,73,0.686402
346110,ARK: Survival Evolved,2016-11-14,70725,32312,103037,51,23,74,0.686404
346110,ARK: Survival Evolved,2016-11-15,70769,32325,103094,44,13,57,0.686451
346110,ARK: Survival Evolved,2016-11-16,70832,32347,103179,63,22,85,0.686496
346110,ARK: Survival Evolved,2016-11-17,70863,32373,103236,31,26,57,0.686418
346110,ARK: Survival Evolved,2016-11-18,70899,32388,103287,36,15,51,0.686427
346110,ARK: Survival Evolved,2016-11-19,70927,32419,103346,28,31,59,0.686306
346110,ARK: Survival Evolved,2016-11-20,70984,32453,103437,57,34,91,0.686253
346110,ARK: Survival Evolved,2016-11-21,71041,32475,103516,57,22,79,0.68628
346110,ARK: Survival Evolved,2016-11-22,71083,32492,103575,42,17,59,0.686295
346110,ARK: Survival Evolved,2016-11-23,71129,32524,103653,46,32,78,0.686222
346110,ARK: Survival Evolved,2016-11-24,72040,32596,104636,911,72,983,0.688482
346110,ARK: Survival Evolved,2016-11-25,73937,32740,106677,1897,144,2041,0.693092
346110,ARK: Survival Evolved,2016-11-26,74800,32802,107602,863,62,925,0.695154
346110,ARK: Survival Evolved,2016-11-27,75536,32880,108416,736,78,814,0.696724
346110,ARK: Survival Evolved,2016-11-28,76159,32965,109124,623,85,708,0.697912
346110,ARK: Survival Evolved,2016-11-29,76583,33020,109603,424,55,479,0.698731
346110,ARK: Survival Evolved,2016-11-30,76889,33078,109967,306,58,364,0.699201
346110,ARK: Survival Evolved,2016-12-01,76953,33106,110059,64,28,92,0.699198
346110,ARK: Survival Evolved,2016-12-02,77015,33126,110141,62,20,82,0.69924
346110,ARK: Survival Evolved,2016-12-03,77059,33147,110206,44,21,65,0.699227
346110,ARK: Survival Evolved,2016-12-04,77131,33175,110306,72,28,100,0.699246
346110,ARK: Survival Evolved,2016-12-05,77199,33209,110408,68,34,102,0.699216
346110,ARK: Survival Evolved,2016-12-06,77230,33233,110463,31,24,55,0.699148
346110,ARK: Survival Evolved,2016-12-07,77286,33249,110535,56,16,72,0.699199
346110,ARK: Survival Evolved,2016-12-08,77334,33272,110606,48,23,71,0.699184
346110,ARK: Survival Evolved,2016-12-09,77375,33297,110672,41,25,66,0.699138
346110,ARK: Survival Evolved,2016-12-10,77430,33317,110747,55,20,75,0.699161
346110,ARK: Survival Evolved,2016-12-11,77506,33341,110847,76,24,100,0.699216
346110,ARK: Survival Evolved,2016-12-12,77564,33363,110927,58,22,80,0.699235
346110,ARK: Survival Evolved,2016-12-13,77635,33377,111012,71,14,85,0.699339
346110,ARK: Survival Evolved,2016-12-14,77667,33397,111064,32,20,52,0.6993
346110,ARK: Survival Evolved,2016-12-15,77706,33410,111116,39,13,52,0.699323
346110,ARK: Survival Evolved,2016-12-16,77749,33424,111173,43,14,57,0.699351
346110,ARK: Survival Evolved,2016-12-17,77793,33450,111243,44,26,70,0.699307
346110,ARK: Survival Evolved,2016-12-18,77841,33465,111306,48,15,63,0.699342
346110,ARK: Survival Evolved,2016-12-19,77885,33486,111371,44,21,65,0.699329
346110,ARK: Survival Evolved,2016-12-20,77939,33519,111458,54,33,87,0.699268
346110,ARK: Survival Evolved,2016-12-21,78012,33544,111556,73,25,98,0.699308
346110,ARK: Survival Evolved,2016-12-22,78059,33566,111625,47,22,69,0.699297
346110,ARK: Survival Evolved,2016-12-23,78133,33590,111723,74,24,98,0.699346
346110,ARK: Survival Evolved,2016-12-24,78256,33627,111883,123,37,160,0.699445
346110,ARK: Survival Evolved,2016-12-25,78394,33679,112073,138,52,190,0.699491
346110,ARK: Survival Evolved,2016-12-26,78526,33757,112283,132,78,210,0.699358
346110,ARK: Survival Evolved,2016-12-27,78683,33833,112516,157,76,233,0.699305
346110,ARK: Survival Evolved,2016-12-28,78861,33964,112825,178,131,309,0.698967
346110,ARK: Survival Evolved,2016-12-29,79039,34087,113126,178,123,301,0.698681
346110,ARK: Survival Evolved,2016-12-30,79282,34184,113466,243,97,340,0.698729
346110,ARK: Survival Evolved,2016-12-31,79544,34262,113806,262,78,340,0.698944
346110,ARK: Survival Evolved,2017-01-01,79544,34262,113806,0,0,0,0.698944
346110,ARK: Survival Evolved,2017-01-02,79930,34448,114378,386,186,572,0.698823
346110,ARK: Survival Evolved,2017-01-03,80089,34563,114652,159,115,274,0.69854
346110,ARK: Survival Evolved,2017-01-04,80236,34636,114872,147,73,220,0.698482
346110,ARK: Survival Evolved,2017-01-05,80378,34717,115095,142,81,223,0.698362
346110,ARK: Survival Evolved,2017-01-06,80494,34783,115277,116,66,182,0.698266
346110,ARK: Survival Evolved,2017-01-07,80624,34831,115455,130,48,178,0.698315
346110,ARK: Survival Evolved,2017-01-08,80763,34895,115658,139,64,203,0.698292
346110,ARK: Survival Evolved,2017-01-09,80881,34966,115847,118,71,189,0.698171
346110,ARK: Survival Evolved,2017-01-10,80986,35014,116000,105,48,153,0.698155
346110,ARK: Survival Evolved,2017-01-11,81068,35053,116121,82,39,121,0.698134
346110,ARK: Survival Evolved,2017-01-12,81165,35081,116246,97,28,125,0.698218
346110,ARK: Survival Evolved,2017-01-13,81248,35109,116357,83,28,111,0.698265
346110,ARK: Survival Evolved,2017-01-14,81326,35153,116479,78,44,122,0.698203
346110,ARK: Survival Evolved,2017-01-15,81415,35200,116615,89,47,136,0.698152
346110,ARK: Survival Evolved,2017-01-16,81504,35242,116746,89,42,131,0.698131
346110,ARK: Survival Evolved,2017-01-17,81575,35281,116856,71,39,110,0.698081
346110,ARK: Survival Evolved,2017-01-18,81663,35313,116976,88,32,120,0.698118
346110,ARK: Survival Evolved,2017-01-19,81729,35346,117075,66,33,99,0.698091
346110,ARK: Survival Evolved,2017-01-20,81813,35376,117189,84,30,114,0.698129
346110,ARK: Survival Evolved,2017-01-21,81883,35411,117294,70,35,105,0.6981
346110,ARK: Survival Evolved,2017-01-22,81973,35468,117441,90,57,147,0.697993
346110,ARK: Survival Evolved,2017-01-23,82073,35693,117766,100,225,325,0.696916
346110,ARK: Survival Evolved,2017-01-24,82122,35735,117857,49,42,91,0.696794
346110,ARK: Survival Evolved,2017-01-25,82220,35770,117990,98,35,133,0.696839
346110,ARK: Survival Evolved,2017-01-26,82279,35807,118086,59,37,96,0.696772
346110,ARK: Survival Evolved,2017-01-27,82348,35851,118199,69,44,113,0.696689
346110,ARK: Survival Evolved,2017-01-28,82406,35879,118285,58,28,86,0.696673
346110,ARK: Survival Evolved,2017-01-29,82494,35910,118404,88,31,119,0.696716
346110,ARK: Survival Evolved,2017-01-30,82580,35960,118540,86,50,136,0.696642
346110,ARK: Survival Evolved,2017-01-31,82674,36010,118684,94,50,144,0.696589
346110,ARK: Survival Evolved,2017-02-01,82970,36268,119238,296,258,554,0.695835
346110,ARK: Survival Evolved,2017-02-02,83310,36595,119905,340,327,667,0.6948
346110,ARK: Survival Evolved,2017-02-03,83550,36841,120391,240,246,486,0.693989
346110,ARK: Survival Evolved,2017-02-04,83710,36976,120686,160,135,295,0.693618
346110,ARK: Survival Evolved,2017-02-05,83928,37144,121072,218,168,386,0.693207
346110,ARK: Survival Evolved,2017-02-06,84168,37331,121499,240,187,427,0.692746
346110,ARK: Survival Evolved,2017-02-07,84356,37439,121795,188,108,296,0.692606
346110,ARK: Survival Evolved,2017-02-08,84517,37513,122030,161,74,235,0.692592
346110,ARK: Survival Evolved,2017-02-09,84616,37591,122207,99,78,177,0.692399
346110,ARK: Survival Evolved,2017-02-10,84731,37649,122380,115,58,173,0.69236
346110,ARK: Survival Evolved,2017-02-11,84829,37703,122532,98,54,152,0.692301
346110,ARK: Survival Evolved,2017-02-12,84950,37788,122738,121,85,206,0.692125
346110,ARK: Survival Evolved,2017-02-13,85077,37862,122939,127,74,201,0.692026
346110,ARK: Survival Evolved,2017-02-14,85163,37916,123079,86,54,140,0.691938
346110,ARK: Survival Evolved,2017-02-15,85248,37964,123212,85,48,133,0.691881
346110,ARK: Survival Evolved,2017-02-16,85303,38007,123310,55,43,98,0.691777
346110,ARK: Survival Evolved,2017-02-17,85388,38055,123443,85,48,133,0.69172
346110,ARK: Survival Evolved,2017-02-18,85476,38107,123583,88,52,140,0.691649
346110,ARK: Survival Evolved,2017-02-19,85563,38178,123741,87,71,158,0.691468
346110,ARK: Survival Evolved,2017-02-20,85654,38222,123876,91,44,135,0.69145
346110,ARK: Survival Evolved,2017-02-21,85743,38256,123999,89,34,123,0.691481
346110,ARK: Survival Evolved,2017-02-22,85823,38299,124122,80,43,123,0.691441
346110,ARK: Survival Evolved,2017-02-23,85909,38328,124237,86,29,115,0.691493
346110,ARK: Survival Evolved,2017-02-24,85984,38353,124337,75,25,100,0.69154
346110,ARK: Survival Evolved,2017-02-25,86054,38385,124439,70,32,102,0.691536
346110,ARK: Survival Evolved,2017-02-26,86141,38425,124566,87,40,127,0.691529
346110,ARK: Survival Evolved,2017-02-27,86257,38483,124740,116,58,174,0.691494
346110,ARK: Survival Evolved,2017-02-28,86336,38521,124857,79,38,117,0.691479
346110,ARK: Survival Evolved,2017-03-01,86404,38557,124961,68,36,104,0.691448
346110,ARK: Survival Evolved,2017-03-02,86469,38589,125058,65,32,97,0.691431
346110,ARK: Survival Evolved,2017-03-03,86530,38699,125229,61,110,171,0.690974
346110,ARK: Survival Evolved,2017-03-04,86609,38721,125330,79,22,101,0.691048
346110,ARK: Survival Evolved,2017-03-05,86684,38753,125437,75,32,107,0.691056
346110,ARK: Survival Evolved,2017-03-06,86771,38785,125556,87,32,119,0.691094
346110,ARK: Survival Evolved,2017-03-07,86845,38815,125660,74,30,104,0.691111
346110,ARK: Survival Evolved,2017-03-08,86918,38839,125757,73,24,97,0.691158
346110,ARK: Survival Evolved,2017-03-09,86992,38853,125845,74,14,88,0.691263
346110,ARK: Survival Evolved,2017-03-10,87042,38874,125916,50,21,71,0.69127
346110,ARK: Survival Evolved,2017-03-11,87122,38887,126009,80,13,93,0.691395
346110,ARK: Survival Evolved,2017-03-12,87191,38913,126104,69,26,95,0.691421
346110,ARK: Survival Evolved,2017-03-13,87266,38945,126211,75,32,107,0.691429
346110,ARK: Survival Evolved,2017-03-14,87317,38961,126278,51,16,67,0.691466
346110,ARK: Survival Evolved,2017-03-15,87361,38984,126345,44,23,67,0.691448
346110,ARK: Survival Evolved,2017-03-16,87419,38999,126418,58,15,73,0.691508
346110,ARK: Survival Evolved,2017-03-17,87487,39018,126505,68,19,87,0.69157
346110,ARK: Survival Evolved,2017-03-18,87564,39034,126598,77,16,93,0.69167
346110,ARK: Survival Evolved,2017-03-19,87619,39065,126684,55,31,86,0.691634
346110,ARK: Survival Evolved,2017-03-20,87684,39084,126768,65,19,84,0.691689
346110,ARK: Survival Evolved,2017-03-21,87741,39097,126838,57,13,70,0.691756
346110,ARK: Survival Evolved,2017-03-22,87786,39119,126905,45,22,67,0.691746
346110,ARK: Survival Evolved,2017-03-23,87851,39119,126970,65,0,65,0.691904
346110,ARK: Survival Evolved,2017-03-24,87890,39129,127019,39,10,49,0.691944
346110,ARK: Survival Evolved,2017-03-25,87937,39142,127079,47,13,60,0.691987
346110,ARK: Survival Evolved,2017-03-26,88005,39157,127162,68,15,83,0.69207
346110,ARK: Survival Evolved,2017-03-27,88049,39172,127221,44,15,59,0.692095
346110,ARK: Survival Evolved,2017-03-28,88104,39188,127292,55,16,71,0.692141
346110,ARK: Survival Evolved,2017-03-29,88172,39197,127369,68,9,77,0.692256
346110,ARK: Survival Evolved,2017-03-30,88225,39212,127437,53,15,68,0.692303
346110,ARK: Survival Evolved,2017-03-31,88286,39213,127499,61,1,62,0.692445
346110,ARK: Survival Evolved,2017-04-01,88438,39254,127692,152,41,193,0.692588
346110,ARK: Survival Evolved,2017-04-02,88675,40360,129035,237,1106,1343,0.687217
346110,ARK: Survival Evolved,2017-04-03,88823,41049,129872,148,689,837,0.683927
346110,ARK: Survival Evolved,2017-04-04,88939,41431,130370,116,382,498,0.682204
346110,ARK: Survival Evolved,2017-04-05,89042,41634,130676,103,203,306,0.681395
346110,ARK: Survival Evolved,2017-04-06,89145,41793,130938,103,159,262,0.680818
346110,ARK: Survival Evolved,2017-04-07,89240,41884,131124,95,91,186,0.680577
346110,ARK: Survival Evolved,2017-04-08,89319,41936,131255,79,52,131,0.6805
346110,ARK: Survival Evolved,2017-04-09,89422,42005,131427,103,69,172,0.680393
346110,ARK: Survival Evolved,2017-04-10,89512,42060,131572,90,55,145,0.680327
346110,ARK: Survival Evolved,2017-04-11,89596,42095,131691,84,35,119,0.68035
346110,ARK: Survival Evolved,2017-04-12,89692,42141,131833,96,46,142,0.680346
346110,ARK: Survival Evolved,2017-04-13,89743,42183,131926,51,42,93,0.680253
346110,ARK: Survival Evolved,2017-04-14,89808,42220,132028,65,37,102,0.680219
346110,ARK: Survival Evolved,2017-04-15,89870,42274,132144,62,54,116,0.680091
346110,ARK: Survival Evolved,2017-04-16,89947,42324,132271,77,50,127,0.680021
346110,ARK: Survival Evolved,2017-04-17,90015,42373,132388,68,49,117,0.679933
346110,ARK: Survival Evolved,2017-04-18,90098,42409,132507,83,36,119,0.679949
346110,ARK: Survival Evolved,2017-04-19,90152,42435,132587,54,26,80,0.679946
346110,ARK: Survival Evolved,2017-04-20,90227,42466,132693,75,31,106,0.679968
346110,ARK: Survival Evolved,2017-04-21,90281,42486,132767,54,20,74,0.679996
346110,ARK: Survival Evolved,2017-04-22,90363,42514,132877,82,28,110,0.68005
346110,ARK: Survival Evolved,2017-04-23,90430,42546,132976,67,32,99,0.680048
346110,ARK: Survival Evolved,2017-04-24,90510,42579,133089,80,33,113,0.680071
346110,ARK: Survival Evolved,2017-04-25,90578,42603,133181,68,24,92,0.680112
346110,ARK: Survival Evolved,2017-04-26,90630,42634,133264,52,31,83,0.680079
346110,ARK: Survival Evolved,2017-04-27,90679,42661,133340,49,27,76,0.680058
346110,ARK: Survival Evolved,2017-04-28,90713,42678,133391,34,17,51,0.680053
346110,ARK: Survival Evolved,2017-04-29,90774,42709,133483,61,31,92,0.680042
346110,ARK: Survival Evolved,2017-04-30,90835,42753,133588,61,44,105,0.679964
346110,ARK: Survival Evolved,2017-05-01,90893,42793,133686,58,40,98,0.679899
346110,ARK: Survival Evolved,2017-05-02,90967,42811,133778,74,18,92,0.679985
346110,ARK: Survival Evolved,2017-05-03,91027,42852,133879,60,41,101,0.67992
346110,ARK: Survival Evolved,2017-05-04,91062,42867,133929,35,15,50,0.679927
346110,ARK: Survival Evolved,2017-05-05,91117,42897,134014,55,30,85,0.679907
346110,ARK: Survival Evolved,2017-05-06,91149,42912,134061,32,15,47,0.679907
346110,ARK: Survival Evolved,2017-05-07,91238,42978,134216,89,66,155,0.679785
346110,ARK: Survival Evolved,2017-05-08,91318,43017,134335,80,39,119,0.679778
346110,ARK: Survival Evolved,2017-05-09,91368,43038,134406,50,21,71,0.679791
346110,ARK: Survival Evolved,2017-05-10,91422,43074,134496,54,36,90,0.679738
346110,ARK: Survival Evolved,2017-05-11,91482,43085,134567,60,11,71,0.679825
346110,ARK: Survival Evolved,2017-05-12,91527,43106,134633,45,21,66,0.679826
346110,ARK: Survival Evolved,2017-05-13,91568,43132,134700,41,26,67,0.679792
346110,ARK: Survival Evolved,2017-05-14,91613,43173,134786,45,41,86,0.679692
346110,ARK: Survival Evolved,2017-05-15,91670,43219,134889,57,46,103,0.679596
346110,ARK: Survival Evolved,2017-05-16,91760,43243,135003,90,24,114,0.679689
346110,ARK: Survival Evolved,2017-05-17,91813,43256,135069,53,13,66,0.679749
346110,ARK: Survival Evolved,2017-05-18,91865,43275,135140,52,19,71,0.679777
346110,ARK: Survival Evolved,2017-05-19,91918,43288,135206,53,13,66,0.679837
346110,ARK: Survival Evolved,2017-05-20,91947,43313,135260,29,25,54,0.67978
346110,ARK: Survival Evolved,2017-05-21,92010,43342,135352,63,29,92,0.679783
346110,ARK: Survival Evolved,2017-05-22,92056,43385,135441,46,43,89,0.679676
346110,ARK: Survival Evolved,2017-05-23,92107,43407,135514,51,22,73,0.679686
346110,ARK: Survival Evolved,2017-05-24,92154,43436,135590,47,29,76,0.679652
346110,ARK: Survival Evolved,2017-05-25,92209,43456,135665,55,20,75,0.679682
346110,ARK: Survival Evolved,2017-05-26,92262,43478,135740,53,22,75,0.679696
346110,ARK: Survival Evolved,2017-05-27,92313,43501,135814,51,23,74,0.679702
346110,ARK: Survival Evolved,2017-05-28,92370,43518,135888,57,17,74,0.679751
346110,ARK: Survival Evolved,2017-05-29,92420,43539,135959,50,21,71,0.679764
346110,ARK: Survival Evolved,2017-05-30,92481,43604,136085,61,65,126,0.679583
346110,ARK: Survival Evolved,2017-05-31,92648,43724,136372,167,120,287,0.679377
346110,ARK: Survival Evolved,2017-06-01,92800,43823,136623,152,99,251,0.679241
346110,ARK: Survival Evolved,2017-06-02,92912,43874,136786,112,51,163,0.679251
346110,ARK: Survival Evolved,2017-06-03,93042,43952,136994,130,78,208,0.679168
346110,ARK: Survival Evolved,2017-06-04,93195,44056,137251,153,104,257,0.679011
346110,ARK: Survival Evolved,2017-06-05,93348,44139,137487,153,83,236,0.678959
346110,ARK: Survival Evolved,2017-06-06,93491,44229,137720,143,90,233,0.678848
346110,ARK: Survival Evolved,2017-06-07,93632,44283,137915,141,54,195,0.678911
346110,ARK: Survival Evolved,2017-06-08,93734,44357,138091,102,74,176,0.678784
346110,ARK: Survival Evolved,2017-06-09,93831,44411,138242,97,54,151,0.678745
346110,ARK: Survival Evolved,2017-06-10,93927,44442,138369,96,31,127,0.678815
346110,ARK: Survival Evolved,2017-06-11,94048,44477,138525,121,35,156,0.678924
346110,ARK: Survival Evolved,2017-06-12,94127,44513,138640,79,36,115,0.678931
346110,ARK: Survival Evolved,2017-06-13,94274,44517,138791,147,4,151,0.679252
346110,ARK: Survival Evolved,2017-06-14,94460,44540,139000,186,23,209,0.679568
346110,ARK: Survival Evolved,2017-06-15,94571,44594,139165,111,54,165,0.67956
346110,ARK: Survival Evolved,2017-06-16,94701,44642,139343,130,48,178,0.679625
346110,ARK: Survival Evolved,2017-06-17,94789,44658,139447,88,16,104,0.679749
346110,ARK: Survival Evolved,2017-06-18,94900,44711,139611,111,53,164,0.679746
346110,ARK: Survival Evolved,2017-06-19,95007,44747,139754,107,36,143,0.679816
346110,ARK: Survival Evolved,2017-06-20,95097,44762,139859,90,15,105,0.679949
346110,ARK: Survival Evolved,2017-06-21,95203,44774,139977,106,12,118,0.680133
346110,ARK: Survival Evolved,2017-06-22,95307,44802,140109,104,28,132,0.680235
346110,ARK: Survival Evolved,2017-06-23,95447,44825,140272,140,23,163,0.680442
346110,ARK: Survival Evolved,2017-06-24,95599,44866,140465,152,41,193,0.680589
346110,ARK: Survival Evolved,2017-06-25,95741,44917,140658,142,51,193,0.680665
346110,ARK: Survival Evolved,2017-06-26,95890,44962,140852,149,45,194,0.680786
346110,ARK: Survival Evolved,2017-06-27,96005,45014,141019,115,52,167,0.680795
346110,ARK: Survival Evolved,2017-06-28,96234,45054,141288,229,40,269,0.681119
346110,ARK: Survival Evolved,2017-06-29,96467,45084,141551,233,30,263,0.6815
346110,ARK: Survival Evolved,2017-06-30,96668,45117,141785,201,33,234,0.681793
346110,ARK: Survival Evolved,2017-07-01,96853,45139,141992,185,22,207,0.682102
346110,ARK: Survival Evolved,2017-07-02,97062,45203,142265,209,64,273,0.682262
346110,ARK: Survival Evolved,2017-07-03,97261,45249,142510,199,46,245,0.682485
346110,ARK: Survival Evolved,2017-07-04,97406,45291,142697,145,42,187,0.682607
346110,ARK: Survival Evolved,2017-07-05,97568,45332,142900,162,41,203,0.682771
346110,ARK: Survival Evolved,2017-07-06,97690,45345,143035,122,13,135,0.68298
346110,ARK: Survival Evolved,2017-07-07,97889,45923,143812,199,578,777,0.680673
346110,ARK: Survival Evolved,2017-07-08,98171,46552,144723,282,629,911,0.678337
346110,ARK: Survival Evolved,2017-07-09,98358,47008,145366,187,456,643,0.676623
346110,ARK: Survival Evolved,2017-07-10,98536,47323,145859,178,315,493,0.675557
346110,ARK: Survival Evolved,2017-07-11,98629,47611,146240,93,288,381,0.674432
346110,ARK: Survival Evolved,2017-07-12,98730,47952,146682,101,341,442,0.673089
346110,ARK: Survival Evolved,2017-07-13,98808,48174,146982,78,222,300,0.672246
346110,ARK: Survival Evolved,2017-07-14,98915,48334,147249,107,160,267,0.671753
346110,ARK: Survival Evolved,2017-07-15,99080,48623,147703,165,289,454,0.670806
346110,ARK: Survival Evolved,2017-07-16,99193,48938,148131,113,315,428,0.66963
346110,ARK: Survival Evolved,2017-07-17,99312,49151,148463,119,213,332,0.668934
346110,ARK: Survival Evolved,2017-07-18,99412,49308,148720,100,157,257,0.668451
346110,ARK: Survival Evolved,2017-07-19,99504,49436,148940,92,128,220,0.668081
346110,ARK: Survival Evolved,2017-07-20,99586,49537,149123,82,101,183,0.667811
346110,ARK: Survival Evolved,2017-07-21,99653,49614,149267,67,77,144,0.667616
346110,ARK: Survival Evolved,2017-07-22,99708,49670,149378,55,56,111,0.667488
346110,ARK: Survival Evolved,2017-07-23,99793,49756,149549,85,86,171,0.667293
346110,ARK: Survival Evolved,2017-07-24,99881,49846,149727,88,90,178,0.667087
346110,ARK: Survival Evolved,2017-07-25,99966,49927,149893,85,81,166,0.666916
346110,ARK: Survival Evolved,2017-07-26,100048,50015,150063,82,88,170,0.666707
346110,ARK: Survival Evolved,2017-07-27,100101,50070,150171,53,55,108,0.66658
346110,ARK: Survival Evolved,2017-07-28,100193,50115,150308,92,45,137,0.666585
346110,ARK: Survival Evolved,2017-07-29,100257,50188,150445,64,73,137,0.666403
346110,ARK: Survival Evolved,2017-07-30,100326,50255,150581,69,67,136,0.666259
346110,ARK: Survival Evolved,2017-07-31,100397,50337,150734,71,82,153,0.666054
346110,ARK: Survival Evolved,2017-08-01,100475,50389,150864,78,52,130,0.665997
346110,ARK: Survival Evolved,2017-08-02,100536,50465,151001,61,76,137,0.665797
346110,ARK: Survival Evolved,2017-08-03,100592,50545,151137,56,80,136,0.665568
346110,ARK: Survival Evolved,2017-08-04,100667,50599,151266,75,54,129,0.665497
346110,ARK: Survival Evolved,2017-08-05,100721,50667,151388,54,68,122,0.665317
346110,ARK: Survival Evolved,2017-08-06,100721,50667,151388,0,0,0,0.665317
346110,ARK: Survival Evolved,2017-08-07,100884,50787,151671,163,120,283,0.66515
346110,ARK: Survival Evolved,2017-08-08,100895,50796,151691,11,9,20,0.665135
346110,ARK: Survival Evolved,2017-08-09,100977,50861,151838,82,65,147,0.665031
346110,ARK: Survival Evolved,2017-08-10,101044,50902,151946,67,41,108,0.664999
346110,ARK: Survival Evolved,2017-08-11,101105,50946,152051,61,44,105,0.664941
346110,ARK: Survival Evolved,2017-08-12,101162,50987,152149,57,41,98,0.664888
346110,ARK: Survival Evolved,2017-08-13,101233,51024,152257,71,37,108,0.664882
346110,ARK: Survival Evolved,2017-08-14,101310,51074,152384,77,50,127,0.664834
346110,ARK: Survival Evolved,2017-08-15,101373,51125,152498,63,51,114,0.66475
346110,ARK: Survival Evolved,2017-08-16,101456,51144,152600,83,19,102,0.664849
346110,ARK: Survival Evolved,2017-08-17,101530,51181,152711,74,37,111,0.664851
346110,ARK: Survival Evolved,2017-08-18,101585,51217,152802,55,36,91,0.664815
346110,ARK: Survival Evolved,2017-08-19,101648,51240,152888,63,23,86,0.664853
346110,ARK: Survival Evolved,2017-08-20,101703,51265,152968,55,25,80,0.664865
346110,ARK: Survival Evolved,2017-08-21,101780,51319,153099,77,54,131,0.664799
346110,ARK: Survival Evolved,2017-08-22,101839,51355,153194,59,36,95,0.664771
346110,ARK: Survival Evolved,2017-08-23,101901,51381,153282,62,26,88,0.664794
346110,ARK: Survival Evolved,2017-08-24,101974,51418,153392,73,37,110,0.664793
346110,ARK: Survival Evolved,2017-08-25,102013,51537,153550,39,119,158,0.664363
346110,ARK: Survival Evolved,2017-08-26,102046,51610,153656,33,73,106,0.66412
346110,ARK: Survival Evolved,2017-08-27,102046,51610,153656,0,0,0,0.66412
346110,ARK: Survival Evolved,2017-08-28,102216,51745,153961,170,135,305,0.663908
346110,ARK: Survival Evolved,2017-08-29,102377,51856,154233,161,111,272,0.663781
346110,ARK: Survival Evolved,2017-08-30,103457,52820,156277,1080,964,2044,0.66201
346110,ARK: Survival Evolved,2017-08-31,104103,53408,157511,646,588,1234,0.660925
346110,ARK: Survival Evolved,2017-09-01,104103,53408,157511,0,0,0,0.660925
346110,ARK: Survival Evolved,2017-09-02,104489,53775,158264,386,367,753,0.66022
346110,ARK: Survival Evolved,2017-09-03,104688,54013,158701,199,238,437,0.659656
346110,ARK: Survival Evolved,2017-09-04,104688,54013,158701,0,0,0,0.659656
346110,ARK: Survival Evolved,2017-09-05,104688,54013,158701,0,0,0,0.659656
346110,ARK: Survival Evolved,2017-09-06,105066,54299,159365,378,286,664,0.659279
346110,ARK: Survival Evolved,2017-09-07,105066,54299,159365,0,0,0,0.659279
346110,ARK: Survival Evolved,2017-09-08,105241,54398,159639,175,99,274,0.659244
346110,ARK: Survival Evolved,2017-09-09,105241,54398,159639,0,0,0,0.659244
346110,ARK: Survival Evolved,2017-09-10,105390,54527,159917,149,129,278,0.659029
346110,ARK: Survival Evolved,2017-09-11,105390,54527,159917,0,0,0,0.659029
346110,ARK: Survival Evolved,2017-09-12,105390,54527,159917,0,0,0,0.659029
346110,ARK: Survival Evolved,2017-09-13,105600,54657,160257,210,130,340,0.658942
346110,ARK: Survival Evolved,2017-09-14,105667,54694,160361,67,37,104,0.658932
346110,ARK: Survival Evolved,2017-09-15,105719,54708,160427,52,14,66,0.658985
346110,ARK: Survival Evolved,2017-09-16,105798,54731,160529,79,23,102,0.659058
346110,ARK: Survival Evolved,2017-09-17,105875,54769,160644,77,38,115,0.659066
346110,ARK: Survival Evolved,2017-09-18,105964,54815,160779,89,46,135,0.659066
346110,ARK: Survival Evolved,2017-09-19,106020,54839,160859,56,24,80,0.659087
346110,ARK: Survival Evolved,2017-09-20,106075,54873,160948,55,34,89,0.659064
346110,ARK: Survival Evolved,2017-09-21,106142,54901,161043,67,28,95,0.659091
346110,ARK: Survival Evolved,2017-09-22,106207,54941,161148,65,40,105,0.659065
346110,ARK: Survival Evolved,2017-09-23,106276,54980,161256,69,39,108,0.659051
346110,ARK: Survival Evolved,2017-09-24,106356,55028,161384,80,48,128,0.659024
346110,ARK: Survival Evolved,2017-09-25,106437,55048,161485,81,20,101,0.659114
346110,ARK: Survival Evolved,2017-09-26,106485,55081,161566,48,33,81,0.65908
346110,ARK: Survival Evolved,2017-09-27,106549,55102,161651,64,21,85,0.65913
346110,ARK: Survival Evolved,2017-09-28,106607,55118,161725,58,16,74,0.659187
346110,ARK: Survival Evolved,2017-09-29,106668,55135,161803,61,17,78,0.659246
346110,ARK: Survival Evolved,2017-09-30,106708,55154,161862,40,19,59,0.659253
346110,ARK: Survival Evolved,2017-10-01,106770,55181,161951,62,27,89,0.659273
346110,ARK: Survival Evolved,2017-10-02,106851,55213,162064,81,32,113,0.659314
346110,ARK: Survival Evolved,2017-10-03,106942,55227,162169,91,14,105,0.659448
346110,ARK: Survival Evolved,2017-10-04,107000,55246,162246,58,19,77,0.659492
346110,ARK: Survival Evolved,2017-10-05,107048,55259,162307,48,13,61,0.65954
346110,ARK: Survival Evolved,2017-10-06,107119,55277,162396,71,18,89,0.659616
346110,ARK: Survival Evolved,2017-10-07,107172,55293,162465,53,16,69,0.659662
346110,ARK: Survival Evolved,2017-10-08,107220,55316,162536,48,23,71,0.659669
346110,ARK: Survival Evolved,2017-10-09,107285,55355,162640,65,39,104,0.659647
346110,ARK: Survival Evolved,2017-10-10,107342,55390,162732,57,35,92,0.659624
346110,ARK: Survival Evolved,2017-10-11,107399,55397,162796,57,7,64,0.659715
346110,ARK: Survival Evolved,2017-10-12,107473,55425,162898,74,28,102,0.659756
346110,ARK: Survival Evolved,2017-10-13,107521,55445,162966,48,20,68,0.659776
346110,ARK: Survival Evolved,2017-10-14,107579,55464,163043,58,19,77,0.65982
346110,ARK: Survival Evolved,2017-10-15,107643,55483,163126,64,19,83,0.659876
346110,ARK: Survival Evolved,2017-10-16,107724,55505,163229,81,22,103,0.659956
346110,ARK: Survival Evolved,2017-10-17,107753,55522,163275,29,17,46,0.659948
346110,ARK: Survival Evolved,2017-10-18,107822,55535,163357,69,13,82,0.660039
346110,ARK: Survival Evolved,2017-10-19,107876,55541,163417,54,6,60,0.660127
346110,ARK: Survival Evolved,2017-10-20,107896,55556,163452,20,15,35,0.660108
346110,ARK: Survival Evolved,2017-10-21,107959,55586,163545,63,30,93,0.660118
346110,ARK: Survival Evolved,2017-10-22,108016,55602,163618,57,16,73,0.660172
346110,ARK: Survival Evolved,2017-10-23,108087,55633,163720,71,31,102,0.660194
346110,ARK: Survival Evolved,2017-10-24,108152,55641,163793,65,8,73,0.660297
346110,ARK: Survival Evolved,2017-10-25,108202,55657,163859,50,16,66,0.660336
346110,ARK: Survival Evolved,2017-10-26,108248,55671,163919,46,14,60,0.660375
346110,ARK: Survival Evolved,2017-10-27,108353,55710,164063,105,39,144,0.660435
346110,ARK: Survival Evolved,2017-10-28,108523,55825,164348,170,115,285,0.660324
346110,ARK: Survival Evolved,2017-10-29,108679,55930,164609,156,105,261,0.660225
346110,ARK: Survival Evolved,2017-10-30,108831,56019,164850,152,89,241,0.660182
346110,ARK: Survival Evolved,2017-10-31,108952,56071,165023,121,52,173,0.660223
346110,ARK: Survival Evolved,2017-11-01,109021,56102,165123,69,31,100,0.660241
346110,ARK: Survival Evolved,2017-11-02,109085,56135,165220,64,33,97,0.660241
346110,ARK: Survival Evolved,2017-11-03,109155,56160,165315,70,25,95,0.660285
346110,ARK: Survival Evolved,2017-11-04,109222,56178,165400,67,18,85,0.660351
346110,ARK: Survival Evolved,2017-11-05,109305,56198,165503,83,20,103,0.660441
346110,ARK: Survival Evolved,2017-11-06,109377,56223,165600,72,25,97,0.660489
346110,ARK: Survival Evolved,2017-11-07,109439,56245,165684,62,22,84,0.660528
346110,ARK: Survival Evolved,2017-11-08,109483,56261,165744,44,16,60,0.660555
346110,ARK: Survival Evolved,2017-11-09,109537,56298,165835,54,37,91,0.660518
346110,ARK: Survival Evolved,2017-11-10,109590,56326,165916,53,28,81,0.660515
346110,ARK: Survival Evolved,2017-11-11,109630,56351,165981,40,25,65,0.660497
346110,ARK: Survival Evolved,2017-11-12,109697,56373,166070,67,22,89,0.660547
346110,ARK: Survival Evolved,2017-11-13,109742,56394,166136,45,21,66,0.660555
346110,ARK: Survival Evolved,2017-11-14,109778,56410,166188,36,16,52,0.660565
346110,ARK: Survival Evolved,2017-11-15,109851,56436,166287,73,26,99,0.660611
346110,ARK: Survival Evolved,2017-11-16,109895,56453,166348,44,17,61,0.660633
346110,ARK: Survival Evolved,2017-11-17,109949,56467,166416,54,14,68,0.660688
346110,ARK: Survival Evolved,2017-11-18,109989,56481,166470,40,14,54,0.660714
346110,ARK: Survival Evolved,2017-11-19,110043,56560,166603,54,79,133,0.66051
346110,ARK: Survival Evolved,2017-11-20,110088,56608,166696,45,48,93,0.660412
346110,ARK: Survival Evolved,2017-11-21,110142,56634,166776,54,26,80,0.660419
346110,ARK: Survival Evolved,2017-11-22,110189,56650,166839,47,16,63,0.660451
346110,ARK: Survival Evolved,2017-11-23,110709,56682,167391,520,32,552,0.66138
346110,ARK: Survival Evolved,2017-11-24,112054,56723,168777,1345,41,1386,0.663917
346110,ARK: Survival Evolved,2017-11-25,112771,56753,169524,717,30,747,0.665221
346110,ARK: Survival Evolved,2017-11-26,113272,56778,170050,501,25,526,0.66611
346110,ARK: Survival Evolved,2017-11-27,113704,56763,170467,432,-15,417,0.667015
346110,ARK: Survival Evolved,2017-11-28,114333,56918,171251,629,155,784,0.667634
346110,ARK: Survival Evolved,2017-11-29,114493,56927,171420,160,9,169,0.667909
346110,ARK: Survival Evolved,2017-11-30,114562,56944,171506,69,17,86,0.667977
346110,ARK: Survival Evolved,2017-12-01,114629,56948,171577,67,4,71,0.668091
346110,ARK: Survival Evolved,2017-12-02,114700,56975,171675,71,27,98,0.668123
346110,ARK: Survival Evolved,2017-12-03,114776,57011,171787,76,36,112,0.66813
346110,ARK: Survival Evolved,2017-12-04,114829,57035,171864,53,24,77,0.668139
346110,ARK: Survival Evolved,2017-12-05,114911,57042,171953,82,7,89,0.66827
346110,ARK: Survival Evolved,2017-12-06,114966,57059,172025,55,17,72,0.66831
346110,ARK: Survival Evolved,2017-12-07,115020,57067,172087,54,8,62,0.668383
346110,ARK: Survival Evolved,2017-12-08,115032,57076,172108,12,9,21,0.668371
346110,ARK: Survival Evolved,2017-12-09,115198,57099,172297,166,23,189,0.668601
346110,ARK: Survival Evolved,2017-12-10,115243,57122,172365,45,23,68,0.668599
346110,ARK: Survival Evolved,2017-12-11,115213,57126,172339,-30,4,-26,0.668525
346110,ARK: Survival Evolved,2017-12-12,115276,57133,172409,63,7,70,0.668619
346110,ARK: Survival Evolved,2017-12-13,115514,57191,172705,238,58,296,0.668852
346110,ARK: Survival Evolved,2017-12-14,115667,57259,172926,153,68,221,0.668881
346110,ARK: Survival Evolved,2017-12-15,115708,57309,173017,41,50,91,0.668767
346110,ARK: Survival Evolved,2017-12-16,115766,57343,173109,58,34,92,0.668746
346110,ARK: Survival Evolved,2017-12-17,115970,57397,173367,204,54,258,0.668928
346110,ARK: Survival Evolved,2017-12-18,115988,57411,173399,18,14,32,0.668908
346110,ARK: Survival Evolved,2017-12-19,116038,57440,173478,50,29,79,0.668892
346110,ARK: Survival Evolved,2017-12-20,116158,57460,173618,120,20,140,0.669044
346110,ARK: Survival Evolved,2017-12-21,116309,57503,173812,151,43,194,0.669166
346110,ARK: Survival Evolved,2017-12-22,116320,57513,173833,11,10,21,0.669148
346110,ARK: Survival Evolved,2017-12-23,116557,57553,174110,237,40,277,0.669445
346110,ARK: Survival Evolved,2017-12-24,116589,57569,174158,32,16,48,0.669444
346110,ARK: Survival Evolved,2017-12-25,116824,57596,174420,235,27,262,0.669786
346110,ARK: Survival Evolved,2017-12-26,116875,57616,174491,51,20,71,0.669805
346110,ARK: Survival Evolved,2017-12-27,117077,57653,174730,202,37,239,0.670045
346110,ARK: Survival Evolved,2017-12-28,117136,57678,174814,59,25,84,0.670061
346110,ARK: Survival Evolved,2017-12-29,117347,57713,175060,211,35,246,0.670324
346110,ARK: Survival Evolved,2017-12-30,117489,57735,175224,142,22,164,0.670507
346110,ARK: Survival Evolved,2017-12-31,117613,57771,175384,124,36,160,0.670603
346110,ARK: Survival Evolved,2018-01-01,117613,57771,175384,0,0,0,0.670603
346110,ARK: Survival Evolved,2018-01-02,117787,57838,175625,174,67,241,0.670673
346110,ARK: Survival Evolved,2018-01-03,117912,57867,175779,125,29,154,0.670797
346110,ARK: Survival Evolved,2018-01-04,118104,57911,176015,192,44,236,0.670988
346110,ARK: Survival Evolved,2018-01-05,118214,57958,176172,110,47,157,0.671015
346110,ARK: Survival Evolved,2018-01-06,118226,57987,176213,12,29,41,0.670927
346110,ARK: Survival Evolved,2018-01-07,118301,58004,176305,75,17,92,0.671002
346110,ARK: Survival Evolved,2018-01-08,118414,58028,176442,113,24,137,0.671121
346110,ARK: Survival Evolved,2018-01-09,118500,58041,176541,86,13,99,0.671232
346110,ARK: Survival Evolved,2018-01-10,118612,58061,176673,112,20,132,0.671365
346110,ARK: Survival Evolved,2018-01-11,118618,58072,176690,6,11,17,0.671334
346110,ARK: Survival Evolved,2018-01-12,118681,58077,176758,63,5,68,0.671432
346110,ARK: Survival Evolved,2018-01-13,118740,58081,176821,59,4,63,0.671527
346110,ARK: Survival Evolved,2018-01-14,118819,58102,176921,79,21,100,0.671594
346110,ARK: Survival Evolved,2018-01-15,118886,58127,177013,67,25,92,0.671623
346110,ARK: Survival Evolved,2018-01-16,118956,58138,177094,70,11,81,0.671711
346110,ARK: Survival Evolved,2018-01-17,119079,58165,177244,123,27,150,0.671837
346110,ARK: Survival Evolved,2018-01-18,119056,58180,177236,-23,15,-8,0.671737
346110,ARK: Survival Evolved,2018-01-19,119130,58188,177318,74,8,82,0.671844
346110,ARK: Survival Evolved,2018-01-20,119185,58200,177385,55,12,67,0.6719
346110,ARK: Survival Evolved,2018-01-21,119322,58226,177548,137,26,163,0.672055
346110,ARK: Survival Evolved,2018-01-22,119288,58236,177524,-34,10,-24,0.671954
346110,ARK: Survival Evolved,2018-01-23,119406,58254,177660,118,18,136,0.672104
346110,ARK: Survival Evolved,2018-01-24,119344,58260,177604,-62,6,-56,0.671967
346110,ARK: Survival Evolved,2018-01-25,119417,58267,177684,73,7,80,0.672075
346110,ARK: Survival Evolved,2018-01-26,119478,58287,177765,61,20,81,0.672112
346110,ARK: Survival Evolved,2018-01-27,119485,58296,177781,7,9,16,0.672091
346110,ARK: Survival Evolved,2018-01-28,119578,58315,177893,93,19,112,0.672191
346110,ARK: Survival Evolved,2018-01-29,119712,58337,178049,134,22,156,0.672354
346110,ARK: Survival Evolved,2018-01-30,119702,58340,178042,-10,3,-7,0.672325
346110,ARK: Survival Evolved,2018-01-31,119719,58345,178064,17,5,22,0.672337
346110,ARK: Survival Evolved,2018-02-01,119785,58356,178141,66,11,77,0.672417
346110,ARK: Survival Evolved,2018-02-02,119801,58355,178156,16,-1,15,0.67245
346110,ARK: Survival Evolved,2018-02-03,119864,58363,178227,63,8,71,0.672536
346110,ARK: Survival Evolved,2018-02-04,119988,58385,178373,124,22,146,0.67268
346110,ARK: Survival Evolved,2018-02-05,119964,58387,178351,-24,2,-22,0.672629
346110,ARK: Survival Evolved,2018-02-06,119987,58404,178391,23,17,40,0.672607
346110,ARK: Survival Evolved,2018-02-07,120030,58428,178458,43,24,67,0.672595
346110,ARK: Survival Evolved,2018-02-08,120070,58461,178531,40,33,73,0.672544
346110,ARK: Survival Evolved,2018-02-09,120082,58477,178559,12,16,28,0.672506
346110,ARK: Survival Evolved,2018-02-10,120226,58485,178711,144,8,152,0.67274
346110,ARK: Survival Evolved,2018-02-11,120178,58487,178665,-48,2,-46,0.672644
346110,ARK: Survival Evolved,2018-02-12,120269,58530,178799,91,43,134,0.672649
346110,ARK: Survival Evolved,2018-02-13,120316,58543,178859,47,13,60,0.672686
346110,ARK: Survival Evolved,2018-02-14,120432,58565,178997,116,22,138,0.672816
346110,ARK: Survival Evolved,2018-02-15,120375,58570,178945,-57,5,-52,0.672693
346110,ARK: Survival Evolved,2018-02-16,120529,58586,179115,154,16,170,0.672914
346110,ARK: Survival Evolved,2018-02-17,120523,58619,179142,-6,33,27,0.672779
346110,ARK: Survival Evolved,2018-02-18,120656,58661,179317,133,42,175,0.672864
346110,ARK: Survival Evolved,2018-02-19,120753,58691,179444,97,30,127,0.672929
346110,ARK: Survival Evolved,2018-02-20,120902,58733,179635,149,42,191,0.673043
346110,ARK: Survival Evolved,2018-02-21,120923,58762,179685,21,29,50,0.672972
346110,ARK: Survival Evolved,2018-02-22,121138,58840,179978,215,78,293,0.673071
346110,ARK: Survival Evolved,2018-02-23,121360,58898,180258,222,58,280,0.673257
346110,ARK: Survival Evolved,2018-02-24,121459,58948,180407,99,50,149,0.67325
346110,ARK: Survival Evolved,2018-02-25,121488,58977,180465,29,29,58,0.673194
346110,ARK: Survival Evolved,2018-02-26,121629,59010,180639,141,33,174,0.673326
346110,ARK: Survival Evolved,2018-02-27,121607,59026,180633,-22,16,-6,0.673227
346110,ARK: Survival Evolved,2018-02-28,121730,59037,180767,123,11,134,0.673408
346110,ARK: Survival Evolved,2018-03-01,121780,59052,180832,50,15,65,0.673443
346110,ARK: Survival Evolved,2018-03-02,121763,59073,180836,-17,21,4,0.673334
346110,ARK: Survival Evolved,2018-03-03,121816,59109,180925,53,36,89,0.673296
346110,ARK: Survival Evolved,2018-03-04,121868,59150,181018,52,41,93,0.673237
346110,ARK: Survival Evolved,2018-03-05,121994,59172,181166,126,22,148,0.673382
346110,ARK: Survival Evolved,2018-03-06,121969,59187,181156,-25,15,-10,0.673282
346110,ARK: Survival Evolved,2018-03-07,122072,59200,181272,103,13,116,0.673419
346110,ARK: Survival Evolved,2018-03-08,122118,59220,181338,46,20,66,0.673428
346110,ARK: Survival Evolved,2018-03-09,122158,59234,181392,40,14,54,0.673448
346110,ARK: Survival Evolved,2018-03-10,122206,59241,181447,48,7,55,0.673508
346110,ARK: Survival Evolved,2018-03-11,122161,59252,181413,-45,11,-34,0.673386
346110,ARK: Survival Evolved,2018-03-12,122302,59275,181577,141,23,164,0.673554
346110,ARK: Survival Evolved,2018-03-13,122334,59288,181622,32,13,45,0.673564
346110,ARK: Survival Evolved,2018-03-14,122280,59288,181568,-54,0,-54,0.673467
346110,ARK: Survival Evolved,2018-03-15,122341,59298,181639,61,10,71,0.673539
346110,ARK: Survival Evolved,2018-03-16,122384,59303,181687,43,5,48,0.673598
346110,ARK: Survival Evolved,2018-03-17,122487,59329,181816,103,26,129,0.673687
346110,ARK: Survival Evolved,2018-03-18,122549,59355,181904,62,26,88,0.673702
346110,ARK: Survival Evolved,2018-03-19,122528,59362,181890,-21,7,-14,0.673638
346110,ARK: Survival Evolved,2018-03-20,122622,59385,182007,94,23,117,0.673721
346110,ARK: Survival Evolved,2018-03-21,122622,59385,182007,0,0,0,0.673721
346110,ARK: Survival Evolved,2018-03-22,122782,59432,182214,160,47,207,0.673834
346110,ARK: Survival Evolved,2018-03-23,122695,59433,182128,-87,1,-86,0.673675
346110,ARK: Survival Evolved,2018-03-24,122768,59439,182207,73,6,79,0.673783
346110,ARK: Survival Evolved,2018-03-25,122874,59465,182339,106,26,132,0.673877
346110,ARK: Survival Evolved,2018-03-26,122842,59468,182310,-32,3,-29,0.673808
346110,ARK: Survival Evolved,2018-03-27,122890,59476,182366,48,8,56,0.673865
346110,ARK: Survival Evolved,2018-03-28,122910,59497,182407,20,21,41,0.673823
346110,ARK: Survival Evolved,2018-03-29,122972,59516,182488,62,19,81,0.673863
346110,ARK: Survival Evolved,2018-03-30,123041,59535,182576,69,19,88,0.673917
346110,ARK: Survival Evolved,2018-03-31,123130,59546,182676,89,11,100,0.674035
346110,ARK: Survival Evolved,2018-04-01,123110,59554,182664,-20,8,-12,0.67397
346110,ARK: Survival Evolved,2018-04-02,123228,59575,182803,118,21,139,0.674103
346110,ARK: Survival Evolved,2018-04-03,123251,59591,182842,23,16,39,0.674085
346110,ARK: Survival Evolved,2018-04-04,123295,59607,182902,44,16,60,0.674104
346110,ARK: Survival Evolved,2018-04-05,123277,59610,182887,-18,3,-15,0.674061
346110,ARK: Survival Evolved,2018-04-06,123295,59623,182918,18,13,31,0.674045
346110,ARK: Survival Evolved,2018-04-07,123441,59645,183086,146,22,168,0.674224
346110,ARK: Survival Evolved,2018-04-08,123389,59650,183039,-52,5,-47,0.674113
346110,ARK: Survival Evolved,2018-04-09,123531,59666,183197,142,16,158,0.674307
346110,ARK: Survival Evolved,2018-04-10,123508,59661,183169,-23,-5,-28,0.674284
346110,ARK: Survival Evolved,2018-04-11,123523,59676,183199,15,15,30,0.674256
346110,ARK: Survival Evolved,2018-04-12,123542,59678,183220,19,2,21,0.674282
346110,ARK: Survival Evolved,2018-04-13,123632,59681,183313,90,3,93,0.674431
346110,ARK: Survival Evolved,2018-04-14,123592,59677,183269,-40,-4,-44,0.674375
346110,ARK: Survival Evolved,2018-04-15,123694,59689,183383,102,12,114,0.674512
346110,ARK: Survival Evolved,2018-04-16,123667,59697,183364,-27,8,-19,0.674434
346110,ARK: Survival Evolved,2018-04-17,123759,59704,183463,92,7,99,0.674572
346110,ARK: Survival Evolved,2018-04-18,123692,59703,183395,-67,-1,-68,0.674457
346110,ARK: Survival Evolved,2018-04-19,123755,59708,183463,63,5,68,0.67455
346110,ARK: Survival Evolved,2018-04-20,123775,59710,183485,20,2,22,0.674578
346110,ARK: Survival Evolved,2018-04-21,123799,59714,183513,24,4,28,0.674606
346110,ARK: Survival Evolved,2018-04-22,123840,59716,183556,41,2,43,0.674671
346110,ARK: Survival Evolved,2018-04-23,123872,59730,183602,32,14,46,0.674677
346110,ARK: Survival Evolved,2018-04-24,123909,59740,183649,37,10,47,0.674706
346110,ARK: Survival Evolved,2018-04-25,123998,59752,183750,89,12,101,0.674819
346110,ARK: Survival Evolved,2018-04-26,123959,59746,183705,-39,-6,-45,0.674772
346110,ARK: Survival Evolved,2018-04-27,124055,59754,183809,96,8,104,0.674913
346110,ARK: Survival Evolved,2018-04-28,123983,59753,183736,-72,-1,-73,0.674789
346110,ARK: Survival Evolved,2018-04-29,124042,59757,183799,59,4,63,0.674879
346110,ARK: Survival Evolved,2018-04-30,124036,59758,183794,-6,1,-5,0.674864
346110,ARK: Survival Evolved,2018-05-01,124153,59773,183926,117,15,132,0.675016
346110,ARK: Survival Evolved,2018-05-02,124082,59776,183858,-71,3,-68,0.67488
346110,ARK: Survival Evolved,2018-05-03,124141,59788,183929,59,12,71,0.67494
346110,ARK: Survival Evolved,2018-05-04,124157,59797,183954,16,9,25,0.674935
346110,ARK: Survival Evolved,2018-05-05,124244,59817,184061,87,20,107,0.675015
346110,ARK: Survival Evolved,2018-05-06,124290,59835,184125,46,18,64,0.675031
346110,ARK: Survival Evolved,2018-05-07,124255,59850,184105,-35,15,-20,0.674914
346110,ARK: Survival Evolved,2018-05-08,124338,59872,184210,83,22,105,0.67498
346110,ARK: Survival Evolved,2018-05-09,124369,59882,184251,31,10,41,0.674998
346110,ARK: Survival Evolved,2018-05-10,124396,59891,184287,27,9,36,0.675012
346110,ARK: Survival Evolved,2018-05-11,124419,59907,184326,23,16,39,0.674994
346110,ARK: Survival Evolved,2018-05-12,124459,59910,184369,40,3,43,0.675054
346110,ARK: Survival Evolved,2018-05-13,124387,59915,184302,-72,5,-67,0.674909
346110,ARK: Survival Evolved,2018-05-14,124418,59925,184343,31,10,41,0.674927
346110,ARK: Survival Evolved,2018-05-15,124445,59928,184373,27,3,30,0.674963
346110,ARK: Survival Evolved,2018-05-16,124558,59939,184497,113,11,124,0.675122
346110,ARK: Survival Evolved,2018-05-17,124527,59939,184466,-31,0,-31,0.675067
346110,ARK: Survival Evolved,2018-05-18,124605,59957,184562,78,18,96,0.675139
346110,ARK: Survival Evolved,2018-05-19,124556,59961,184517,-49,4,-45,0.675038
346110,ARK: Survival Evolved,2018-05-20,124649,59985,184634,93,24,117,0.675114
346110,ARK: Survival Evolved,2018-05-21,124619,59979,184598,-30,-6,-36,0.675083
346110,ARK: Survival Evolved,2018-05-22,124706,59994,184700,87,15,102,0.675181
346110,ARK: Survival Evolved,2018-05-23,124636,59993,184629,-70,-1,-71,0.675062
346110,ARK: Survival Evolved,2018-05-24,124700,60003,184703,64,10,74,0.675138
346110,ARK: Survival Evolved,2018-05-25,124805,60022,184827,105,19,124,0.675253
346110,ARK: Survival Evolved,2018-05-26,124774,60034,184808,-31,12,-19,0.675155
346110,ARK: Survival Evolved,2018-05-27,124921,60039,184960,147,5,152,0.675395
346110,ARK: Survival Evolved,2018-05-28,124979,60049,185028,58,10,68,0.67546
346110,ARK: Survival Evolved,2018-05-29,124961,60048,185009,-18,-1,-19,0.675432
346110,ARK: Survival Evolved,2018-05-30,125056,60066,185122,95,18,113,0.675533
346110,ARK: Survival Evolved,2018-05-31,125087,60075,185162,31,9,40,0.675554
346110,ARK: Survival Evolved,2018-06-01,125053,60088,185141,-34,13,-21,0.675447
346110,ARK: Survival Evolved,2018-06-02,125083,60091,185174,30,3,33,0.675489
346110,ARK: Survival Evolved,2018-06-03,125187,60120,185307,104,29,133,0.675565
346110,ARK: Survival Evolved,2018-06-04,125162,60118,185280,-25,-2,-27,0.675529
346110,ARK: Survival Evolved,2018-06-05,125204,60127,185331,42,9,51,0.67557
346110,ARK: Survival Evolved,2018-06-06,125248,60130,185378,44,3,47,0.675636
346110,ARK: Survival Evolved,2018-06-07,125277,60141,185418,29,11,40,0.675646
346110,ARK: Survival Evolved,2018-06-08,125379,60142,185521,102,1,103,0.675821
346110,ARK: Survival Evolved,2018-06-09,125410,60155,185565,31,13,44,0.675828
346110,ARK: Survival Evolved,2018-06-10,125417,60160,185577,7,5,12,0.675822
346110,ARK: Survival Evolved,2018-06-11,125451,60177,185628,34,17,51,0.675819
346110,ARK: Survival Evolved,2018-06-12,125498,60176,185674,47,-1,46,0.675905
346110,ARK: Survival Evolved,2018-06-13,125558,60187,185745,60,11,71,0.67597
346110,ARK: Survival Evolved,2018-06-14,125808,60233,186041,250,46,296,0.676238
346110,ARK: Survival Evolved,2018-06-15,125855,60318,186173,47,85,132,0.676011
346110,ARK: Survival Evolved,2018-06-16,125948,60365,186313,93,47,140,0.676002
346110,ARK: Survival Evolved,2018-06-17,126013,60432,186445,65,67,132,0.675872
346110,ARK: Survival Evolved,2018-06-18,126222,60496,186718,209,64,273,0.676003
346110,ARK: Survival Evolved,2018-06-19,126268,60529,186797,46,33,79,0.675964
346110,ARK: Survival Evolved,2018-06-20,126387,60546,186933,119,17,136,0.676109
346110,ARK: Survival Evolved,2018-06-21,126561,60602,187163,174,56,230,0.676207
346110,ARK: Survival Evolved,2018-06-22,126620,60634,187254,59,32,91,0.676194
346110,ARK: Survival Evolved,2018-06-23,126694,60659,187353,74,25,99,0.676231
346110,ARK: Survival Evolved,2018-06-24,126843,60694,187537,149,35,184,0.676363
346110,ARK: Survival Evolved,2018-06-25,126907,60740,187647,64,46,110,0.676307
346110,ARK: Survival Evolved,2018-06-26,126984,60775,187759,77,35,112,0.676314
346110,ARK: Survival Evolved,2018-06-27,127091,60793,187884,107,18,125,0.676433
346110,ARK: Survival Evolved,2018-06-28,127176,60822,187998,85,29,114,0.676475
346110,ARK: Survival Evolved,2018-06-29,127259,60876,188135,83,54,137,0.676424
346110,ARK: Survival Evolved,2018-06-30,127379,60906,188285,120,30,150,0.676522
346110,ARK: Survival Evolved,2018-07-01,127371,60926,188297,-8,20,12,0.676437
346110,ARK: Survival Evolved,2018-07-02,127489,60949,188438,118,23,141,0.676557
346110,ARK: Survival Evolved,2018-07-03,127623,60986,188609,134,37,171,0.676654
346110,ARK: Survival Evolved,2018-07-04,127609,61007,188616,-14,21,7,0.676554
346110,ARK: Survival Evolved,2018-07-05,127720,61054,188774,111,47,158,0.676576
346110,ARK: Survival Evolved,2018-07-06,127876,61080,188956,156,26,182,0.67675
346110,ARK: Survival Evolved,2018-07-07,127869,61099,188968,-7,19,12,0.67667
346110,ARK: Survival Evolved,2018-07-08,127918,61116,189034,49,17,66,0.676693
346110,ARK: Survival Evolved,2018-07-09,127929,61138,189067,11,22,33,0.676633
346110,ARK: Survival Evolved,2018-07-10,128060,61157,189217,131,19,150,0.676789
346110,ARK: Survival Evolved,2018-07-11,128059,61171,189230,-1,14,13,0.676737
346110,ARK: Survival Evolved,2018-07-12,128094,61183,189277,35,12,47,0.676754
346110,ARK: Survival Evolved,2018-07-13,128190,61202,189392,96,19,115,0.67685
346110,ARK: Survival Evolved,2018-07-14,128234,61210,189444,44,8,52,0.676897
346110,ARK: Survival Evolved,2018-07-15,128274,61230,189504,40,20,60,0.676893
346110,ARK: Survival Evolved,2018-07-16,128240,61249,189489,-34,19,-15,0.676768
346110,ARK: Survival Evolved,2018-07-17,128381,61265,189646,141,16,157,0.676951
346110,ARK: Survival Evolved,2018-07-18,128367,61279,189646,-14,14,0,0.676877
346110,ARK: Survival Evolved,2018-07-19,128459,61287,189746,92,8,100,0.677005
346110,ARK: Survival Evolved,2018-07-20,128446,61283,189729,-13,-4,-17,0.676997
346110,ARK: Survival Evolved,2018-07-21,128449,61294,189743,3,11,14,0.676963
346110,ARK: Survival Evolved,2018-07-22,128487,61291,189778,38,-3,35,0.677038
346110,ARK: Survival Evolved,2018-07-23,128559,61294,189853,72,3,75,0.67715
346110,ARK: Survival Evolved,2018-07-24,128567,61313,189880,8,19,27,0.677096
346110,ARK: Survival Evolved,2018-07-25,128685,61331,190016,118,18,136,0.677232
346110,ARK: Survival Evolved,2018-07-26,128676,61340,190016,-9,9,0,0.677185
346110,ARK: Survival Evolved,2018-07-27,128719,61338,190057,43,-2,41,0.677265
346110,ARK: Survival Evolved,2018-07-28,128752,61353,190105,33,15,48,0.677268
346110,ARK: Survival Evolved,2018-07-29,128846,61378,190224,94,25,119,0.677338
346110,ARK: Survival Evolved,2018-07-30,128823,61371,190194,-23,-7,-30,0.677324
346110,ARK: Survival Evolved,2018-07-31,128922,61392,190314,99,21,120,0.677417
346110,ARK: Survival Evolved,2018-08-01,128958,61400,190358,36,8,44,0.67745
346110,ARK: Survival Evolved,2018-08-02,128944,61405,190349,-14,5,-9,0.677408
346110,ARK: Survival Evolved,2018-08-03,128947,61410,190357,3,5,8,0.677396
346110,ARK: Survival Evolved,2018-08-04,128969,61424,190393,22,14,36,0.677383
346110,ARK: Survival Evolved,2018-08-05,129089,61440,190529,120,16,136,0.677529
346110,ARK: Survival Evolved,2018-08-06,129110,61447,190557,21,7,28,0.67754
346110,ARK: Survival Evolved,2018-08-07,129146,61448,190594,36,1,37,0.677597
346110,ARK: Survival Evolved,2018-08-08,129116,61457,190573,-30,9,-21,0.677515
346110,ARK: Survival Evolved,2018-08-09,129195,61464,190659,79,7,86,0.677623
346110,ARK: Survival Evolved,2018-08-10,129231,61467,190698,36,3,39,0.677674
346110,ARK: Survival Evolved,2018-08-11,129180,61468,190648,-51,1,-50,0.677584
346110,ARK: Survival Evolved,2018-08-12,129300,61479,190779,120,11,131,0.677748
346110,ARK: Survival Evolved,2018-08-13,129252,61474,190726,-48,-5,-53,0.677684
346110,ARK: Survival Evolved,2018-08-14,129365,61491,190856,113,17,130,0.677815
346110,ARK: Survival Evolved,2018-08-15,129414,61496,190910,49,5,54,0.67788
346110,ARK: Survival Evolved,2018-08-16,129446,61502,190948,32,6,38,0.677912
346110,ARK: Survival Evolved,2018-08-17,129482,61506,190988,36,4,40,0.677959
346110,ARK: Survival Evolved,2018-08-18,129514,61517,191031,32,11,43,0.677974
346110,ARK: Survival Evolved,2018-08-19,129544,61526,191070,30,9,39,0.677992
346110,ARK: Survival Evolved,2018-08-20,129506,61531,191037,-38,5,-33,0.677911
346110,ARK: Survival Evolved,2018-08-21,129503,61542,191045,-3,11,8,0.677866
346110,ARK: Survival Evolved,2018-08-22,129618,61557,191175,115,15,130,0.678007
346110,ARK: Survival Evolved,2018-08-23,129638,61563,191201,20,6,26,0.678019
346110,ARK: Survival Evolved,2018-08-24,129575,61561,191136,-63,-2,-65,0.67792
346110,ARK: Survival Evolved,2018-08-25,129611,61569,191180,36,8,44,0.677953
346110,ARK: Survival Evolved,2018-08-26,129728,61580,191308,117,11,128,0.678111
346110,ARK: Survival Evolved,2018-08-27,129700,61583,191283,-28,3,-25,0.678053
346110,ARK: Survival Evolved,2018-08-28,129769,61595,191364,69,12,81,0.678127
346110,ARK: Survival Evolved,2018-08-29,129800,61604,191404,31,9,40,0.678147
346110,ARK: Survival Evolved,2018-08-30,129834,61616,191450,34,12,46,0.678161
346110,ARK: Survival Evolved,2018-08-31,129861,61620,191481,27,4,31,0.678193
346110,ARK: Survival Evolved,2018-09-01,129827,61614,191441,-34,-6,-40,0.678157
346110,ARK: Survival Evolved,2018-09-02,129855,61627,191482,28,13,41,0.678158
346110,ARK: Survival Evolved,2018-09-03,129884,61631,191515,29,4,33,0.678192
346110,ARK: Survival Evolved,2018-09-04,129913,61638,191551,29,7,36,0.678216
346110,ARK: Survival Evolved,2018-09-05,129896,61646,191542,-17,8,-9,0.678159
346110,ARK: Survival Evolved,2018-09-06,130004,61658,191662,108,12,120,0.678298
346110,ARK: Survival Evolved,2018-09-07,129964,61660,191624,-40,2,-38,0.678224
346110,ARK: Survival Evolved,2018-09-08,129989,61670,191659,25,10,35,0.678231
346110,ARK: Survival Evolved,2018-09-09,130056,61683,191739,67,13,80,0.678297
346110,ARK: Survival Evolved,2018-09-10,130085,61687,191772,29,4,33,0.678332
346110,ARK: Survival Evolved,2018-09-11,130050,61686,191736,-35,-1,-36,0.678276
346110,ARK: Survival Evolved,2018-09-12,130133,61695,191828,83,9,92,0.678384
346110,ARK: Survival Evolved,2018-09-13,130161,61701,191862,28,6,34,0.678409
346110,ARK: Survival Evolved,2018-09-14,130176,61712,191888,15,11,26,0.678396
346110,ARK: Survival Evolved,2018-09-15,130143,61712,191855,-33,0,-33,0.67834
346110,ARK: Survival Evolved,2018-09-16,130167,61714,191881,24,2,26,0.678374
346110,ARK: Survival Evolved,2018-09-17,130248,61729,191977,81,15,96,0.678456
346110,ARK: Survival Evolved,2018-09-18,130178,61724,191902,-70,-5,-75,0.678357
346110,ARK: Survival Evolved,2018-09-19,130212,61722,191934,34,-2,32,0.678421
346110,ARK: Survival Evolved,2018-09-20,130273,61722,191995,61,0,61,0.678523
346110,ARK: Survival Evolved,2018-09-21,130357,61732,192089,84,10,94,0.678628
346110,ARK: Survival Evolved,2018-09-22,130331,61729,192060,-26,-3,-29,0.678595
346110,ARK: Survival Evolved,2018-09-23,130411,61735,192146,80,6,86,0.678708
346110,ARK: Survival Evolved,2018-09-24,130400,61744,192144,-11,9,-2,0.678658
346110,ARK: Survival Evolved,2018-09-25,130426,61742,192168,26,-2,24,0.678708
346110,ARK: Survival Evolved,2018-09-26,130443,61745,192188,17,3,20,0.678726
346110,ARK: Survival Evolved,2018-09-27,130520,61757,192277,77,12,89,0.678812
346110,ARK: Survival Evolved,2018-09-28,130544,61748,192292,24,-9,15,0.678884
346110,ARK: Survival Evolved,2018-09-29,130514,61753,192267,-30,5,-25,0.678816
346110,ARK: Survival Evolved,2018-09-30,130574,61760,192334,60,7,67,0.678892
346110,ARK: Survival Evolved,2018-10-01,130601,61768,192369,27,8,35,0.678909
346110,ARK: Survival Evolved,2018-10-02,130618,61769,192387,17,1,18,0.678934
346110,ARK: Survival Evolved,2018-10-03,130633,61777,192410,15,8,23,0.67893
346110,ARK: Survival Evolved,2018-10-04,130658,61792,192450,25,15,40,0.678919
346110,ARK: Survival Evolved,2018-10-05,130678,61806,192484,20,14,34,0.678903
346110,ARK: Survival Evolved,2018-10-06,130707,61818,192525,29,12,41,0.678909
346110,ARK: Survival Evolved,2018-10-07,130722,61827,192549,15,9,24,0.678903
346110,ARK: Survival Evolved,2018-10-08,130730,61835,192565,8,8,16,0.678888
346110,ARK: Survival Evolved,2018-10-09,130744,61841,192585,14,6,20,0.67889
346110,ARK: Survival Evolved,2018-10-10,130774,61839,192613,30,-2,28,0.678947
346110,ARK: Survival Evolved,2018-10-11,130795,61843,192638,21,4,25,0.678968
346110,ARK: Survival Evolved,2018-10-12,130815,61860,192675,20,17,37,0.678941
346110,ARK: Survival Evolved,2018-10-13,130839,61870,192709,24,10,34,0.678946
346110,ARK: Survival Evolved,2018-10-14,130871,61876,192747,32,6,38,0.678978
346110,ARK: Survival Evolved,2018-10-15,130902,61882,192784,31,6,37,0.679009
346110,ARK: Survival Evolved,2018-10-16,130913,61886,192799,11,4,15,0.679013
346110,ARK: Survival Evolved,2018-10-17,130941,61890,192831,28,4,32,0.679045
346110,ARK: Survival Evolved,2018-10-18,130960,61896,192856,19,6,25,0.679056
346110,ARK: Survival Evolved,2018-10-19,130989,61899,192888,29,3,32,0.679094
346110,ARK: Survival Evolved,2018-10-20,130996,61902,192898,7,3,10,0.679095
346110,ARK: Survival Evolved,2018-10-21,131017,61903,192920,21,1,22,0.679126
346110,ARK: Survival Evolved,2018-10-22,131041,61903,192944,24,0,24,0.679166
346110,ARK: Survival Evolved,2018-10-23,131064,61904,192968,23,1,24,0.679201
346110,ARK: Survival Evolved,2018-10-24,131087,61908,192995,23,4,27,0.679225
346110,ARK: Survival Evolved,2018-10-25,131106,61912,193018,19,4,23,0.679242
346110,ARK: Survival Evolved,2018-10-26,131130,61923,193053,24,11,35,0.679244
346110,ARK: Survival Evolved,2018-10-27,131161,61930,193091,31,7,38,0.67927
346110,ARK: Survival Evolved,2018-10-28,131188,61935,193123,27,5,32,0.679298
346110,ARK: Survival Evolved,2018-10-29,131208,61947,193155,20,12,32,0.679289
346110,ARK: Survival Evolved,2018-10-30,131230,61954,193184,22,7,29,0.679301
346110,ARK: Survival Evolved,2018-10-31,131263,61959,193222,33,5,38,0.679338
346110,ARK: Survival Evolved,2018-11-01,131286,61960,193246,23,1,24,0.679372
346110,ARK: Survival Evolved,2018-11-02,131318,61960,193278,32,0,32,0.679425
346110,ARK: Survival Evolved,2018-11-03,131336,61961,193297,18,1,19,0.679452
346110,ARK: Survival Evolved,2018-11-04,131369,61968,193337,33,7,40,0.679482
346110,ARK: Survival Evolved,2018-11-05,131396,61967,193363,27,-1,26,0.67953
346110,ARK: Survival Evolved,2018-11-06,131421,61971,193392,25,4,29,0.679558
346110,ARK: Survival Evolved,2018-11-07,131544,61951,193495,123,-20,103,0.679832
346110,ARK: Survival Evolved,2018-11-08,131741,62040,193781,197,89,286,0.679845
346110,ARK: Survival Evolved,2018-11-09,131881,62126,194007,140,86,226,0.679774
346110,ARK: Survival Evolved,2018-11-10,131990,62227,194217,109,101,210,0.679601
346110,ARK: Survival Evolved,2018-11-11,132130,62356,194486,140,129,269,0.679381
346110,ARK: Survival Evolved,2018-11-12,132345,62459,194804,215,103,318,0.679375
346110,ARK: Survival Evolved,2018-11-13,132554,62519,195073,209,60,269,0.67951
346110,ARK: Survival Evolved,2018-11-14,132648,62561,195209,94,42,136,0.679518
346110,ARK: Survival Evolved,2018-11-15,132692,62584,195276,44,23,67,0.67951
346110,ARK: Survival Evolved,2018-11-16,132769,62600,195369,77,16,93,0.679581
346110,ARK: Survival Evolved,2018-11-17,132864,62637,195501,95,37,132,0.679608
346110,ARK: Survival Evolved,2018-11-18,132957,62681,195638,93,44,137,0.679607
346110,ARK: Survival Evolved,2018-11-19,133033,62708,195741,76,27,103,0.679638
346110,ARK: Survival Evolved,2018-11-20,133084,62739,195823,51,31,82,0.679614
346110,ARK: Survival Evolved,2018-11-21,133133,62764,195897,49,25,74,0.679607
346110,ARK: Survival Evolved,2018-11-22,134098,62798,196896,965,34,999,0.68106
346110,ARK: Survival Evolved,2018-11-23,136125,62827,198952,2027,29,2056,0.68421
346110,ARK: Survival Evolved,2018-11-24,137348,62857,200205,1223,30,1253,0.686037
346110,ARK: Survival Evolved,2018-11-25,138212,62887,201099,864,30,894,0.687283
346110,ARK: Survival Evolved,2018-11-26,138878,62918,201796,666,31,697,0.68821
346110,ARK: Survival Evolved,2018-11-27,139306,62931,202237,428,13,441,0.688825
346110,ARK: Survival Evolved,2018-11-28,139609,62949,202558,303,18,321,0.68923
346110,ARK: Survival Evolved,2018-11-29,139657,62961,202618,48,12,60,0.689263
346110,ARK: Survival Evolved,2018-11-30,139698,62978,202676,41,17,58,0.689268
346110,ARK: Survival Evolved,2018-12-01,139733,62995,202728,35,17,52,0.689263
346110,ARK: Survival Evolved,2018-12-02,139785,63023,202808,52,28,80,0.689248
346110,ARK: Survival Evolved,2018-12-03,139841,63047,202888,56,24,80,0.689252
346110,ARK: Survival Evolved,2018-12-04,139888,63062,202950,47,15,62,0.689273
346110,ARK: Survival Evolved,2018-12-05,139930,63073,203003,42,11,53,0.6893
346110,ARK: Survival Evolved,2018-12-06,139961,63091,203052,31,18,49,0.689286
346110,ARK: Survival Evolved,2018-12-07,140002,63104,203106,41,13,54,0.689305
346110,ARK: Survival Evolved,2018-12-08,140020,63110,203130,18,6,24,0.689312
346110,ARK: Survival Evolved,2018-12-09,140047,63133,203180,27,23,50,0.689276
346110,ARK: Survival Evolved,2018-12-10,140074,63152,203226,27,19,46,0.689252
346110,ARK: Survival Evolved,2018-12-11,140097,63157,203254,23,5,28,0.689271
346110,ARK: Survival Evolved,2018-12-12,140140,63155,203295,43,-2,41,0.689343
346110,ARK: Survival Evolved,2018-12-13,140155,63156,203311,15,1,16,0.689363
346110,ARK: Survival Evolved,2018-12-14,140188,63167,203355,33,11,44,0.689376
346110,ARK: Survival Evolved,2018-12-15,140227,63170,203397,39,3,42,0.689425
346110,ARK: Survival Evolved,2018-12-16,140256,63186,203442,29,16,45,0.689415
346110,ARK: Survival Evolved,2018-12-17,140282,63201,203483,26,15,41,0.689404
346110,ARK: Survival Evolved,2018-12-18,140319,63213,203532,37,12,49,0.68942
346110,ARK: Survival Evolved,2018-12-19,140369,63225,203594,50,12,62,0.689455
346110,ARK: Survival Evolved,2018-12-20,140408,63234,203642,39,9,48,0.689484
346110,ARK: Survival Evolved,2018-12-21,140467,63246,203713,59,12,71,0.689534
346110,ARK: Survival Evolved,2018-12-22,140539,63267,203806,72,21,93,0.689572
346110,ARK: Survival Evolved,2018-12-23,140601,63276,203877,62,9,71,0.689636
346110,ARK: Survival Evolved,2018-12-24,140693,63309,204002,92,33,125,0.689665
346110,ARK: Survival Evolved,2018-12-25,140773,63363,204136,80,54,134,0.689604
346110,ARK: Survival Evolved,2018-12-26,140850,63395,204245,77,32,109,0.689613
346110,ARK: Survival Evolved,2018-12-27,140932,63437,204369,82,42,124,0.689596
346110,ARK: Survival Evolved,2018-12-28,141003,63475,204478,71,38,109,0.689575
346110,ARK: Survival Evolved,2018-12-29,141066,63508,204574,63,33,96,0.68956
346110,ARK: Survival Evolved,2018-12-30,141141,63552,204693,75,44,119,0.689525
346110,ARK: Survival Evolved,2018-12-31,141224,63601,204825,83,49,132,0.689486
346110,ARK: Survival Evolved,2019-01-01,141224,63601,204825,0,0,0,0.689486
346110,ARK: Survival Evolved,2019-01-02,141354,63689,205043,130,88,218,0.689387
346110,ARK: Survival Evolved,2019-01-03,141422,63726,205148,68,37,105,0.689366
346110,ARK: Survival Evolved,2019-01-04,141493,63759,205252,71,33,104,0.689362
346110,ARK: Survival Evolved,2019-01-05,141546,63783,205329,53,24,77,0.689362
346110,ARK: Survival Evolved,2019-01-06,141587,63814,205401,41,31,72,0.68932
346110,ARK: Survival Evolved,2019-01-07,141636,63844,205480,49,30,79,0.689293
346110,ARK: Survival Evolved,2019-01-08,141684,63871,205555,48,27,75,0.689275
346110,ARK: Survival Evolved,2019-01-09,141722,63894,205616,38,23,61,0.689256
346110,ARK: Survival Evolved,2019-01-10,141754,63911,205665,32,17,49,0.689247
346110,ARK: Survival Evolved,2019-01-11,141778,63928,205706,24,17,41,0.689226
346110,ARK: Survival Evolved,2019-01-12,141820,63949,205769,42,21,63,0.689219
346110,ARK: Survival Evolved,2019-01-13,141859,63967,205826,39,18,57,0.689218
346110,ARK: Survival Evolved,2019-01-14,141899,63988,205887,40,21,61,0.689208
346110,ARK: Survival Evolved,2019-01-15,141931,64023,205954,32,35,67,0.689139
346110,ARK: Survival Evolved,2019-01-16,141972,64041,206013,41,18,59,0.689141
346110,ARK: Survival Evolved,2019-01-17,142014,64059,206073,42,18,60,0.689144
346110,ARK: Survival Evolved,2019-01-18,142061,64075,206136,47,16,63,0.689162
346110,ARK: Survival Evolved,2019-01-19,142084,64087,206171,23,12,35,0.689156
346110,ARK: Survival Evolved,2019-01-20,142124,64103,206227,40,16,56,0.689163
346110,ARK: Survival Evolved,2019-01-21,142158,64131,206289,34,28,62,0.689121
346110,ARK: Survival Evolved,2019-01-22,142183,64150,206333,25,19,44,0.689095
346110,ARK: Survival Evolved,2019-01-23,142229,64163,206392,46,13,59,0.689121
346110,ARK: Survival Evolved,2019-01-24,142247,64182,206429,18,19,37,0.689084
346110,ARK: Survival Evolved,2019-01-25,142282,64188,206470,35,6,41,0.689117
346110,ARK: Survival Evolved,2019-01-26,142314,64206,206520,32,18,50,0.689105
346110,ARK: Survival Evolved,2019-01-27,142347,64224,206571,33,18,51,0.689095
346110,ARK: Survival Evolved,2019-01-28,142390,64245,206635,43,21,64,0.689089
346110,ARK: Survival Evolved,2019-01-29,142415,64255,206670,25,10,35,0.689094
346110,ARK: Survival Evolved,2019-01-30,142451,64269,206720,36,14,50,0.689101
346110,ARK: Survival Evolved,2019-01-31,142471,64281,206752,20,12,32,0.689091
346110,ARK: Survival Evolved,2019-02-01,142494,64292,206786,23,11,34,0.689089
346110,ARK: Survival Evolved,2019-02-02,142518,64309,206827,24,17,41,0.689069
346110,ARK: Survival Evolved,2019-02-03,142557,64328,206885,39,19,58,0.689064
346110,ARK: Survival Evolved,2019-02-04,142595,64337,206932,38,9,47,0.689091
346110,ARK: Survival Evolved,2019-02-05,142620,64337,206957,25,0,25,0.689129
346110,ARK: Survival Evolved,2019-02-06,142666,64363,207029,46,26,72,0.689111
346110,ARK: Survival Evolved,2019-02-07,142732,64383,207115,66,20,86,0.689144
346110,ARK: Survival Evolved,2019-02-08,142779,64397,207176,47,14,61,0.689168
346110,ARK: Survival Evolved,2019-02-09,142845,64409,207254,66,12,78,0.689227
346110,ARK: Survival Evolved,2019-02-10,142905,64440,207345,60,31,91,0.689214
346110,ARK: Survival Evolved,2019-02-11,142949,64460,207409,44,20,64,0.689213
346110,ARK: Survival Evolved,2019-02-12,143005,64484,207489,56,24,80,0.689217
346110,ARK: Survival Evolved,2019-02-13,143065,64503,207568,60,19,79,0.689244
346110,ARK: Survival Evolved,2019-02-14,143099,64526,207625,34,23,57,0.689219
346110,ARK: Survival Evolved,2019-02-15,143156,64540,207696,57,14,71,0.689257
346110,ARK: Survival Evolved,2019-02-16,143177,64567,207744,21,27,48,0.689199
346110,ARK: Survival Evolved,2019-02-17,143211,64578,207789,34,11,45,0.689214
346110,ARK: Survival Evolved,2019-02-18,143239,64586,207825,28,8,36,0.689229
346110,ARK: Survival Evolved,2019-02-19,143254,64597,207851,15,11,26,0.689215
346110,ARK: Survival Evolved,2019-02-20,143283,64603,207886,29,6,35,0.689238
346110,ARK: Survival Evolved,2019-02-21,143283,64603,207886,0,0,0,0.689238
346110,ARK: Survival Evolved,2019-02-22,143283,64603,207886,0,0,0,0.689238
346110,ARK: Survival Evolved,2019-02-23,143283,64603,207886,0,0,0,0.689238
346110,ARK: Survival Evolved,2019-02-24,143283,64603,207886,0,0,0,0.689238
346110,ARK: Survival Evolved,2019-02-25,143283,64603,207886,0,0,0,0.689238
346110,ARK: Survival Evolved,2019-02-26,143283,64603,207886,0,0,0,0.689238
346110,ARK: Survival Evolved,2019-02-27,143283,64603,207886,0,0,0,0.689238
346110,ARK: Survival Evolved,2019-02-28,143468,64708,208176,185,105,290,0.689167
346110,ARK: Survival Evolved,2019-03-01,143487,64729,208216,19,21,40,0.689126
346110,ARK: Survival Evolved,2019-03-02,143512,64728,208240,25,-1,24,0.689166
346110,ARK: Survival Evolved,2019-03-03,143535,64739,208274,23,11,34,0.689164
346110,ARK: Survival Evolved,2019-03-04,143564,64757,208321,29,18,47,0.689148
346110,ARK: Survival Evolved,2019-03-05,143579,64763,208342,15,6,21,0.689151
346110,ARK: Survival Evolved,2019-03-06,143621,64774,208395,42,11,53,0.689177
346110,ARK: Survival Evolved,2019-03-07,143704,64840,208544,83,66,149,0.689082
346110,ARK: Survival Evolved,2019-03-08,143766,64896,208662,62,56,118,0.68899
346110,ARK: Survival Evolved,2019-03-09,143824,64894,208718,58,-2,56,0.689083
346110,ARK: Survival Evolved,2019-03-10,143903,64931,208834,79,37,116,0.689078
346110,ARK: Survival Evolved,2019-03-11,143984,64976,208960,81,45,126,0.689051
346110,ARK: Survival Evolved,2019-03-12,144027,64999,209026,43,23,66,0.689039
346110,ARK: Survival Evolved,2019-03-13,144065,65016,209081,38,17,55,0.689039
346110,ARK: Survival Evolved,2019-03-14,144089,65022,209111,24,6,30,0.689055
346110,ARK: Survival Evolved,2019-03-15,144110,65035,209145,21,13,34,0.689043
346110,ARK: Survival Evolved,2019-03-16,144139,65040,209179,29,5,34,0.68907
346110,ARK: Survival Evolved,2019-03-17,144178,65054,209232,39,14,53,0.689082
346110,ARK: Survival Evolved,2019-03-18,144204,65062,209266,26,8,34,0.689094
346110,ARK: Survival Evolved,2019-03-19,144237,65077,209314,33,15,48,0.689094
346110,ARK: Survival Evolved,2019-03-20,144251,65084,209335,14,7,21,0.689092
346110,ARK: Survival Evolved,2019-03-21,144267,65090,209357,16,6,22,0.689096
346110,ARK: Survival Evolved,2019-03-22,144283,65101,209384,16,11,27,0.689083
346110,ARK: Survival Evolved,2019-03-23,144306,65114,209420,23,13,36,0.689075
346110,ARK: Survival Evolved,2019-03-24,144335,65125,209460,29,11,40,0.689081
346110,ARK: Survival Evolved,2019-03-25,144362,65147,209509,27,22,49,0.689049
346110,ARK: Survival Evolved,2019-03-26,144377,65152,209529,15,5,20,0.689055
346110,ARK: Survival Evolved,2019-03-27,144379,65256,209635,2,104,106,0.688716
346110,ARK: Survival Evolved,2019-03-28,144319,65909,210228,-60,653,593,0.686488
346110,ARK: Survival Evolved,2019-03-29,144319,66039,210358,0,130,130,0.686064
346110,ARK: Survival Evolved,2019-03-30,144339,66089,210428,20,50,70,0.685931
346110,ARK: Survival Evolved,2019-03-31,144356,66122,210478,17,33,50,0.685848
346110,ARK: Survival Evolved,2019-04-01,144374,66139,210513,18,17,35,0.68582
346110,ARK: Survival Evolved,2019-04-02,144395,66162,210557,21,23,44,0.685776
346110,ARK: Survival Evolved,2019-04-03,144429,66172,210601,34,10,44,0.685794
346110,ARK: Survival Evolved,2019-04-04,144450,66195,210645,21,23,44,0.685751
346110,ARK: Survival Evolved,2019-04-05,144497,66200,210697,47,5,52,0.685805
346110,ARK: Survival Evolved,2019-04-06,144519,66212,210731,22,12,34,0.685798
346110,ARK: Survival Evolved,2019-04-07,144535,66236,210771,16,24,40,0.685744
346110,ARK: Survival Evolved,2019-04-08,144570,66252,210822,35,16,51,0.685744
346110,ARK: Survival Evolved,2019-04-09,144586,66269,210855,16,17,33,0.685713
346110,ARK: Survival Evolved,2019-04-10,144605,66283,210888,19,14,33,0.685696
346110,ARK: Survival Evolved,2019-04-11,144616,66292,210908,11,9,20,0.685683
346110,ARK: Survival Evolved,2019-04-12,144631,66304,210935,15,12,27,0.685666
346110,ARK: Survival Evolved,2019-04-13,144650,66307,210957,19,3,22,0.685685
346110,ARK: Survival Evolved,2019-04-14,144679,66324,211003,29,17,46,0.685673
346110,ARK: Survival Evolved,2019-04-15,144691,66326,211017,12,2,14,0.685684
346110,ARK: Survival Evolved,2019-04-16,144710,66334,211044,19,8,27,0.685686
346110,ARK: Survival Evolved,2019-04-17,144724,66350,211074,14,16,30,0.685655
346110,ARK: Survival Evolved,2019-04-18,144769,66383,211152,45,33,78,0.685615
346110,ARK: Survival Evolved,2019-04-19,144791,66411,211202,22,28,50,0.685557
346110,ARK: Survival Evolved,2019-04-20,144829,66436,211265,38,25,63,0.685532
346110,ARK: Survival Evolved,2019-04-21,144860,66465,211325,31,29,60,0.685484
346110,ARK: Survival Evolved,2019-04-22,144900,66495,211395,40,30,70,0.685447
346110,ARK: Survival Evolved,2019-04-23,144934,66532,211466,34,37,71,0.685377
346110,ARK: Survival Evolved,2019-04-24,144955,66551,211506,21,19,40,0.685347
346110,ARK: Survival Evolved,2019-04-25,145002,66570,211572,47,19,66,0.685355
346110,ARK: Survival Evolved,2019-04-26,145035,66603,211638,33,33,66,0.685298
346110,ARK: Survival Evolved,2019-04-27,145062,66621,211683,27,18,45,0.685279
346110,ARK: Survival Evolved,2019-04-28,145103,66649,211752,41,28,69,0.68525
346110,ARK: Survival Evolved,2019-04-29,145151,66658,211809,48,9,57,0.685292
346110,ARK: Survival Evolved,2019-04-30,145182,66666,211848,31,8,39,0.685312
346110,ARK: Survival Evolved,2019-05-01,145211,66663,211874,29,-3,26,0.685365
346110,ARK: Survival Evolved,2019-05-02,145215,66668,211883,4,5,9,0.685355
346110,ARK: Survival Evolved,2019-05-03,145235,66676,211911,20,8,28,0.685358
346110,ARK: Survival Evolved,2019-05-04,145271,66688,211959,36,12,48,0.685373
346110,ARK: Survival Evolved,2019-05-05,145292,66706,211998,21,18,39,0.685346
346110,ARK: Survival Evolved,2019-05-06,145306,66723,212029,14,17,31,0.685312
346110,ARK: Survival Evolved,2019-05-07,145332,66737,212069,26,14,40,0.685305
346110,ARK: Survival Evolved,2019-05-08,145350,66747,212097,18,10,28,0.6853
346110,ARK: Survival Evolved,2019-05-09,145380,66747,212127,30,0,30,0.685344
346110,ARK: Survival Evolved,2019-05-10,145408,66753,212161,28,6,34,0.685366
346110,ARK: Survival Evolved,2019-05-11,145421,66766,212187,13,13,26,0.685344
346110,ARK: Survival Evolved,2019-05-12,145448,66776,212224,27,10,37,0.685351
346110,ARK: Survival Evolved,2019-05-13,145476,66774,212250,28,-2,26,0.685399
346110,ARK: Survival Evolved,2019-05-14,145494,66781,212275,18,7,25,0.685403
346110,ARK: Survival Evolved,2019-05-15,145512,66788,212300,18,7,25,0.685407
346110,ARK: Survival Evolved,2019-05-16,145512,66788,212300,0,0,0,0.685407
346110,ARK: Survival Evolved,2019-05-17,145512,66788,212300,0,0,0,0.685407
346110,ARK: Survival Evolved,2019-05-18,145512,66788,212300,0,0,0,0.685407
346110,ARK: Survival Evolved,2019-05-19,145512,66788,212300,0,0,0,0.685407
346110,ARK: Survival Evolved,2019-05-20,145512,66788,212300,0,0,0,0.685407
346110,ARK: Survival Evolved,2019-05-21,145512,66788,212300,0,0,0,0.685407
346110,ARK: Survival Evolved,2019-05-22,145512,66788,212300,0,0,0,0.685407
346110,ARK: Survival Evolved,2019-05-23,145512,66788,212300,0,0,0,0.685407
346110,ARK: Survival Evolved,2019-05-24,145512,66788,212300,0,0,0,0.685407
346110,ARK: Survival Evolved,2019-05-25,145512,66788,212300,0,0,0,0.685407
346110,ARK: Survival Evolved,2019-05-26,145512,66788,212300,0,0,0,0.685407
346110,ARK: Survival Evolved,2019-05-27,145512,66788,212300,0,0,0,0.685407
346110,ARK: Survival Evolved,2019-05-28,145512,66788,212300,0,0,0,0.685407
346110,ARK: Survival Evolved,2019-05-29,145808,66871,212679,296,83,379,0.685578
346110,ARK: Survival Evolved,2019-05-30,145830,66873,212703,22,2,24,0.685604
346110,ARK: Survival Evolved,2019-05-31,145852,66869,212721,22,-4,18,0.685649
346110,ARK: Survival Evolved,2019-06-01,145876,66870,212746,24,1,25,0.685682
346110,ARK: Survival Evolved,2019-06-02,145896,66875,212771,20,5,25,0.685695
346110,ARK: Survival Evolved,2019-06-03,145930,66871,212801,34,-4,30,0.685758
346110,ARK: Survival Evolved,2019-06-04,145957,66880,212837,27,9,36,0.685769
346110,ARK: Survival Evolved,2019-06-05,145970,66888,212858,13,8,21,0.685762
346110,ARK: Survival Evolved,2019-06-06,145993,66888,212881,23,0,23,0.685796
346110,ARK: Survival Evolved,2019-06-07,146017,66898,212915,24,10,34,0.685799
346110,ARK: Survival Evolved,2019-06-08,146034,66908,212942,17,10,27,0.685792
346110,ARK: Survival Evolved,2019-06-09,146070,66920,212990,36,12,48,0.685807
346110,ARK: Survival Evolved,2019-06-10,146095,66932,213027,25,12,37,0.685805
346110,ARK: Survival Evolved,2019-06-11,146114,66927,213041,19,-5,14,0.685849
346110,ARK: Survival Evolved,2019-06-12,146125,66933,213058,11,6,17,0.685846
346110,ARK: Survival Evolved,2019-06-13,146141,66945,213086,16,12,28,0.685831
346110,ARK: Survival Evolved,2019-06-14,146158,66945,213103,17,0,17,0.685856
346110,ARK: Survival Evolved,2019-06-15,146181,66950,213131,23,5,28,0.685874
346110,ARK: Survival Evolved,2019-06-16,146210,66956,213166,29,6,35,0.685897
346110,ARK: Survival Evolved,2019-06-17,146240,66960,213200,30,4,34,0.685929
346110,ARK: Survival Evolved,2019-06-18,146256,66971,213227,16,11,27,0.685917
346110,ARK: Survival Evolved,2019-06-19,146355,66980,213335,99,9,108,0.686034
346110,ARK: Survival Evolved,2019-06-20,146470,67013,213483,115,33,148,0.686097
346110,ARK: Survival Evolved,2019-06-21,146576,67054,213630,106,41,147,0.686121
346110,ARK: Survival Evolved,2019-06-22,146657,67087,213744,81,33,114,0.686134
346110,ARK: Survival Evolved,2019-06-23,146733,67128,213861,76,41,117,0.686114
346110,ARK: Survival Evolved,2019-06-24,146795,67168,213963,62,40,102,0.686077
346110,ARK: Survival Evolved,2019-06-25,146855,67206,214061,60,38,98,0.686043
346110,ARK: Survival Evolved,2019-06-26,146926,67236,214162,71,30,101,0.686051
346110,ARK: Survival Evolved,2019-06-27,146989,67262,214251,63,26,89,0.68606
346110,ARK: Survival Evolved,2019-06-28,147058,67273,214331,69,11,80,0.686126
346110,ARK: Survival Evolved,2019-06-29,147339,67325,214664,281,52,333,0.68637
346110,ARK: Survival Evolved,2019-06-30,150066,67486,217552,2727,161,2888,0.689794
346110,ARK: Survival Evolved,2019-07-01,151805,67570,219375,1739,84,1823,0.691989
346110,ARK: Survival Evolved,2019-07-02,153904,67678,221582,2099,108,2207,0.694569
346110,ARK: Survival Evolved,2019-07-03,155140,67738,222878,1236,60,1296,0.696076
346110,ARK: Survival Evolved,2019-07-04,156040,67795,223835,900,57,957,0.697121
346110,ARK: Survival Evolved,2019-07-05,156752,67841,224593,712,46,758,0.697938
346110,ARK: Survival Evolved,2019-07-06,157536,67885,225421,784,44,828,0.698852
346110,ARK: Survival Evolved,2019-07-07,158083,67915,225998,547,30,577,0.699488
346110,ARK: Survival Evolved,2019-07-08,158509,67943,226452,426,28,454,0.699967
346110,ARK: Survival Evolved,2019-07-09,158550,67964,226514,41,21,62,0.699957
346110,ARK: Survival Evolved,2019-07-10,158607,67980,226587,57,16,73,0.699983
346110,ARK: Survival Evolved,2019-07-11,158651,67998,226649,44,18,62,0.699985
346110,ARK: Survival Evolved,2019-07-12,158671,68014,226685,20,16,36,0.699963
346110,ARK: Survival Evolved,2019-07-13,158711,68035,226746,40,21,61,0.699951
346110,ARK: Survival Evolved,2019-07-14,158755,68058,226813,44,23,67,0.699938
346110,ARK: Survival Evolved,2019-07-15,158779,68081,226860,24,23,47,0.699899
346110,ARK: Survival Evolved,2019-07-16,158806,68102,226908,27,21,48,0.69987
346110,ARK: Survival Evolved,2019-07-17,158845,68116,226961,39,14,53,0.699878
346110,ARK: Survival Evolved,2019-07-18,158866,68117,226983,21,1,22,0.699903
346110,ARK: Survival Evolved,2019-07-19,158893,68133,227026,27,16,43,0.699889
346110,ARK: Survival Evolved,2019-07-20,158915,68145,227060,22,12,34,0.699881
346110,ARK: Survival Evolved,2019-07-21,158921,68151,227072,6,6,12,0.699871
346110,ARK: Survival Evolved,2019-07-22,158949,68163,227112,28,12,40,0.699871
346110,ARK: Survival Evolved,2019-07-23,158969,68180,227149,20,17,37,0.699845
346110,ARK: Survival Evolved,2019-07-24,158994,68198,227192,25,18,43,0.699822
346110,ARK: Survival Evolved,2019-07-25,159006,68205,227211,12,7,19,0.699816
346110,ARK: Survival Evolved,2019-07-26,159017,68209,227226,11,4,15,0.699819
346110,ARK: Survival Evolved,2019-07-27,159025,68216,227241,8,7,15,0.699808
346110,ARK: Survival Evolved,2019-07-28,159059,68231,227290,34,15,49,0.699806
346110,ARK: Survival Evolved,2019-07-29,159073,68230,227303,14,-1,13,0.699828
346110,ARK: Survival Evolved,2019-07-30,159089,68231,227320,16,1,17,0.699846
346110,ARK: Survival Evolved,2019-07-31,159120,68246,227366,31,15,46,0.699841
346110,ARK: Survival Evolved,2019-08-01,159136,68256,227392,16,10,26,0.699831
346110,ARK: Survival Evolved,2019-08-02,159153,68263,227416,17,7,24,0.699832
346110,ARK: Survival Evolved,2019-08-03,159188,68286,227474,35,23,58,0.699807
346110,ARK: Survival Evolved,2019-08-04,159215,68305,227520,27,19,46,0.699785
346110,ARK: Survival Evolved,2019-08-05,159249,68320,227569,34,15,49,0.699783
346110,ARK: Survival Evolved,2019-08-06,159288,68335,227623,39,15,54,0.699789
346110,ARK: Survival Evolved,2019-08-07,159324,68362,227686,36,27,63,0.699753
346110,ARK: Survival Evolved,2019-08-08,159374,68392,227766,50,30,80,0.699727
346110,ARK: Survival Evolved,2019-08-09,159489,68423,227912,115,31,146,0.699783
346110,ARK: Survival Evolved,2019-08-10,159553,68454,228007,64,31,95,0.699772
346110,ARK: Survival Evolved,2019-08-11,159600,68486,228086,47,32,79,0.699736
346110,ARK: Survival Evolved,2019-08-12,159652,68528,228180,52,42,94,0.699676
346110,ARK: Survival Evolved,2019-08-13,159700,68563,228263,48,35,83,0.699632
346110,ARK: Survival Evolved,2019-08-14,159757,68595,228352,57,32,89,0.699608
346110,ARK: Survival Evolved,2019-08-15,159811,68612,228423,54,17,71,0.699627
346110,ARK: Survival Evolved,2019-08-16,159851,68652,228503,40,40,80,0.699558
346110,ARK: Survival Evolved,2019-08-17,159893,68668,228561,42,16,58,0.699564
346110,ARK: Survival Evolved,2019-08-18,159929,68683,228612,36,15,51,0.699565
346110,ARK: Survival Evolved,2019-08-19,159970,68708,228678,41,25,66,0.699543
346110,ARK: Survival Evolved,2019-08-20,159994,68731,228725,24,23,47,0.699504
346110,ARK: Survival Evolved,2019-08-21,160029,68734,228763,35,3,38,0.699541
346110,ARK: Survival Evolved,2019-08-22,160072,68758,228830,43,24,67,0.699524
346110,ARK: Survival Evolved,2019-08-23,160098,68774,228872,26,16,42,0.699509
346110,ARK: Survival Evolved,2019-08-24,160130,68783,228913,32,9,41,0.699523
346110,ARK: Survival Evolved,2019-08-25,160178,68808,228986,48,25,73,0.69951
346110,ARK: Survival Evolved,2019-08-26,160196,68822,229018,18,14,32,0.699491
346110,ARK: Survival Evolved,2019-08-27,160205,68826,229031,9,4,13,0.69949
346110,ARK: Survival Evolved,2019-08-28,160235,68831,229066,30,5,35,0.699515
346110,ARK: Survival Evolved,2019-08-29,160271,68846,229117,36,15,51,0.699516
346110,ARK: Survival Evolved,2019-08-30,160279,68851,229130,8,5,13,0.699511
346110,ARK: Survival Evolved,2019-08-31,160307,68868,229175,28,17,45,0.699496
346110,ARK: Survival Evolved,2019-09-01,160319,68878,229197,12,10,22,0.699481
346110,ARK: Survival Evolved,2019-09-02,160337,68891,229228,18,13,31,0.699465
346110,ARK: Survival Evolved,2019-09-03,160356,68907,229263,19,16,35,0.699441
346110,ARK: Survival Evolved,2019-09-04,160376,68911,229287,20,4,24,0.699455
346110,ARK: Survival Evolved,2019-09-05,160399,68918,229317,23,7,30,0.699464
346110,ARK: Survival Evolved,2019-09-06,160416,68927,229343,17,9,26,0.699459
346110,ARK: Survival Evolved,2019-09-07,160440,68929,229369,24,2,26,0.699484
346110,ARK: Survival Evolved,2019-09-08,160455,68936,229391,15,7,22,0.699483
346110,ARK: Survival Evolved,2019-09-09,160478,68944,229422,23,8,31,0.699488
346110,ARK: Survival Evolved,2019-09-10,160499,68951,229450,21,7,28,0.699494
346110,ARK: Survival Evolved,2019-09-11,160516,68957,229473,17,6,23,0.699498
346110,ARK: Survival Evolved,2019-09-12,160536,68964,229500,20,7,27,0.699503
346110,ARK: Survival Evolved,2019-09-13,160551,68971,229522,15,7,22,0.699502
346110,ARK: Survival Evolved,2019-09-14,160573,68982,229555,22,11,33,0.699497
346110,ARK: Survival Evolved,2019-09-15,160609,68991,229600,36,9,45,0.699517
346110,ARK: Survival Evolved,2019-09-16,160620,69043,229663,11,52,63,0.699373
346110,ARK: Survival Evolved,2019-09-17,160626,69051,229677,6,8,14,0.699356
346110,ARK: Survival Evolved,2019-09-18,160665,69061,229726,39,10,49,0.699377
346110,ARK: Survival Evolved,2019-09-19,160685,69067,229752,20,6,26,0.699385
346110,ARK: Survival Evolved,2019-09-20,160709,69068,229777,24,1,25,0.699413
346110,ARK: Survival Evolved,2019-09-21,160731,69063,229794,22,-5,17,0.699457
346110,ARK: Survival Evolved,2019-09-22,160765,69075,229840,34,12,46,0.699465
346110,ARK: Survival Evolved,2019-09-23,160797,69082,229879,32,7,39,0.699485
346110,ARK: Survival Evolved,2019-09-24,160797,69082,229879,0,0,0,0.699485
346110,ARK: Survival Evolved,2019-09-25,160817,69090,229907,20,8,28,0.699487
346110,ARK: Survival Evolved,2019-09-26,160851,69101,229952,34,11,45,0.699498
346110,ARK: Survival Evolved,2019-09-27,160873,69108,229981,22,7,29,0.699506
346110,ARK: Survival Evolved,2019-09-28,160882,69120,230002,9,12,21,0.699481
346110,ARK: Survival Evolved,2019-09-29,160889,69129,230018,7,9,16,0.699463
346110,ARK: Survival Evolved,2019-09-30,160934,69157,230091,45,28,73,0.699436
346110,ARK: Survival Evolved,2019-10-01,160958,69161,230119,24,4,28,0.699455
346110,ARK: Survival Evolved,2019-10-02,160963,69163,230126,5,2,7,0.699456
346110,ARK: Survival Evolved,2019-10-03,160979,69170,230149,16,7,23,0.699456
346110,ARK: Survival Evolved,2019-10-04,160981,69171,230152,2,1,3,0.699455
346110,ARK: Survival Evolved,2019-10-05,161001,69186,230187,20,15,35,0.699436
346110,ARK: Survival Evolved,2019-10-06,161020,69194,230214,19,8,27,0.699436
346110,ARK: Survival Evolved,2019-10-07,161039,69206,230245,19,12,31,0.699425
346110,ARK: Survival Evolved,2019-10-08,161056,69208,230264,17,2,19,0.699441
346110,ARK: Survival Evolved,2019-10-09,161063,69214,230277,7,6,13,0.699432
346110,ARK: Survival Evolved,2019-10-10,161106,69212,230318,43,-2,41,0.699494
346110,ARK: Survival Evolved,2019-10-11,161140,69218,230358,34,6,40,0.69952
346110,ARK: Survival Evolved,2019-10-12,161158,69223,230381,18,5,23,0.699528
346110,ARK: Survival Evolved,2019-10-13,161171,69234,230405,13,11,24,0.699512
346110,ARK: Survival Evolved,2019-10-14,161194,69254,230448,23,20,43,0.699481
346110,ARK: Survival Evolved,2019-10-15,161221,69257,230478,27,3,30,0.699507
346110,ARK: Survival Evolved,2019-10-16,161249,69262,230511,28,5,33,0.699528
346110,ARK: Survival Evolved,2019-10-17,161278,69274,230552,29,12,41,0.69953
346110,ARK: Survival Evolved,2019-10-18,161295,69279,230574,17,5,22,0.699537
346110,ARK: Survival Evolved,2019-10-19,161310,69285,230595,15,6,21,0.699538
346110,ARK: Survival Evolved,2019-10-20,161323,69291,230614,13,6,19,0.699537
346110,ARK: Survival Evolved,2019-10-21,161343,69289,230632,20,-2,18,0.699569
346110,ARK: Survival Evolved,2019-10-22,161377,69310,230687,34,21,55,0.69955
346110,ARK: Survival Evolved,2019-10-23,161393,69320,230713,16,10,26,0.69954
346110,ARK: Survival Evolved,2019-10-24,161411,69336,230747,18,16,34,0.699515
346110,ARK: Survival Evolved,2019-10-25,161451,69349,230800,40,13,53,0.699528
346110,ARK: Survival Evolved,2019-10-26,161578,69365,230943,127,16,143,0.699645
346110,ARK: Survival Evolved,2019-10-27,161705,69367,231072,127,2,129,0.699804
346110,ARK: Survival Evolved,2019-10-28,161791,69391,231182,86,24,110,0.699843
346110,ARK: Survival Evolved,2019-10-29,161863,69421,231284,72,30,102,0.699845
346110,ARK: Survival Evolved,2019-10-30,161931,69433,231364,68,12,80,0.699897
346110,ARK: Survival Evolved,2019-10-31,163070,69482,232552,1139,49,1188,0.70122
346110,ARK: Survival Evolved,2019-11-01,164434,69514,233948,1364,32,1396,0.702866
346110,ARK: Survival Evolved,2019-11-02,165507,69552,235059,1073,38,1111,0.704108
346110,ARK: Survival Evolved,2019-11-03,166514,69603,236117,1007,51,1058,0.705218
346110,ARK: Survival Evolved,2019-11-04,167145,69632,236777,631,29,660,0.705917
346110,ARK: Survival Evolved,2019-11-05,167741,69669,237410,596,37,633,0.706546
346110,ARK: Survival Evolved,2019-11-06,168476,69717,238193,735,48,783,0.707309
346110,ARK: Survival Evolved,2019-11-07,169106,69736,238842,630,19,649,0.708025
346110,ARK: Survival Evolved,2019-11-08,169590,69775,239365,484,39,523,0.7085
346110,ARK: Survival Evolved,2019-11-09,170363,69830,240193,773,55,828,0.709275
346110,ARK: Survival Evolved,2019-11-10,170915,69853,240768,552,23,575,0.709874
346110,ARK: Survival Evolved,2019-11-11,171368,69886,241254,453,33,486,0.710322
346110,ARK: Survival Evolved,2019-11-12,171785,69921,241706,417,35,452,0.710719
346110,ARK: Survival Evolved,2019-11-13,172229,69952,242181,444,31,475,0.711158
346110,ARK: Survival Evolved,2019-11-14,172618,69972,242590,389,20,409,0.711563
346110,ARK: Survival Evolved,2019-11-15,173049,69995,243044,431,23,454,0.712007
346110,ARK: Survival Evolved,2019-11-16,173617,70034,243651,568,39,607,0.712564
346110,ARK: Survival Evolved,2019-11-17,173617,70034,243651,0,0,0,0.712564
346110,ARK: Survival Evolved,2019-11-18,174213,70067,244280,596,33,629,0.713169
346110,ARK: Survival Evolved,2019-11-19,174588,70083,244671,375,16,391,0.713562
346110,ARK: Survival Evolved,2019-11-20,175033,70093,245126,445,10,455,0.714053
346110,ARK: Survival Evolved,2019-11-21,175397,70119,245516,364,26,390,0.714402
346110,ARK: Survival Evolved,2019-11-22,175737,70133,245870,340,14,354,0.714756
346110,ARK: Survival Evolved,2019-11-23,176095,70145,246240,358,12,370,0.715136
346110,ARK: Survival Evolved,2019-11-24,176672,70181,246853,577,36,613,0.715697
346110,ARK: Survival Evolved,2019-11-25,177093,70208,247301,421,27,448,0.716103
346110,ARK: Survival Evolved,2019-11-26,177369,70211,247580,276,3,279,0.716411
346110,ARK: Survival Evolved,2019-11-27,177915,70232,248147,546,21,567,0.716974
346110,ARK: Survival Evolved,2019-11-28,178527,70267,248794,612,35,647,0.71757
346110,ARK: Survival Evolved,2019-11-29,179038,70273,249311,511,6,517,0.718131
346110,ARK: Survival Evolved,2019-11-30,180055,70323,250378,1017,50,1067,0.719133
346110,ARK: Survival Evolved,2019-12-01,180527,70352,250879,472,29,501,0.719578
346110,ARK: Survival Evolved,2019-12-02,180953,70372,251325,426,20,446,0.719996
346110,ARK: Survival Evolved,2019-12-03,181303,70392,251695,350,20,370,0.720328
346110,ARK: Survival Evolved,2019-12-04,181679,70425,252104,376,33,409,0.720651
346110,ARK: Survival Evolved,2019-12-05,182013,70435,252448,334,10,344,0.720992
346110,ARK: Survival Evolved,2019-12-06,182330,70451,252781,317,16,333,0.721296
346110,ARK: Survival Evolved,2019-12-07,182704,70468,253172,374,17,391,0.72166
346110,ARK: Survival Evolved,2019-12-08,183157,70498,253655,453,30,483,0.722071
346110,ARK: Survival Evolved,2019-12-09,183578,70528,254106,421,30,451,0.722447
346110,ARK: Survival Evolved,2019-12-10,183871,70548,254419,293,20,313,0.722709
346110,ARK: Survival Evolved,2019-12-11,184423,70584,255007,552,36,588,0.723208
346110,ARK: Survival Evolved,2019-12-12,184812,70609,255421,389,25,414,0.723558
346110,ARK: Survival Evolved,2019-12-13,185145,70639,255784,333,30,363,0.723833
346110,ARK: Survival Evolved,2019-12-14,185539,70660,256199,394,21,415,0.724199
346110,ARK: Survival Evolved,2019-12-15,185904,70689,256593,365,29,394,0.724509
346110,ARK: Survival Evolved,2019-12-16,186141,70703,256844,237,14,251,0.724724
346110,ARK: Survival Evolved,2019-12-17,186359,70726,257085,218,23,241,0.724893
346110,ARK: Survival Evolved,2019-12-18,186359,70726,257085,0,0,0,0.724893
346110,ARK: Survival Evolved,2019-12-19,187017,70759,257776,658,33,691,0.725502
346110,ARK: Survival Evolved,2019-12-20,187331,70785,258116,314,26,340,0.725763
346110,ARK: Survival Evolved,2019-12-21,187731,70819,258550,400,34,434,0.726092
346110,ARK: Survival Evolved,2019-12-22,188147,70857,259004,416,38,454,0.726425
346110,ARK: Survival Evolved,2019-12-23,188598,70890,259488,451,33,484,0.726808
346110,ARK: Survival Evolved,2019-12-24,189067,70945,260012,469,55,524,0.727147
346110,ARK: Survival Evolved,2019-12-25,189855,71003,260858,788,58,846,0.72781
346110,ARK: Survival Evolved,2019-12-26,190232,71032,261264,377,29,406,0.728122
346110,ARK: Survival Evolved,2019-12-27,190765,71080,261845,533,48,581,0.728542
346110,ARK: Survival Evolved,2019-12-28,191245,71129,262374,480,49,529,0.728902
346110,ARK: Survival Evolved,2019-12-29,191731,71163,262894,486,34,520,0.729309
346110,ARK: Survival Evolved,2019-12-30,192303,71222,263525,572,59,631,0.729733
346110,ARK: Survival Evolved,2019-12-31,192810,71256,264066,507,34,541,0.730158
346110,ARK: Survival Evolved,2020-01-01,192810,71256,264066,0,0,0,0.730158
346110,ARK: Survival Evolved,2020-01-02,193658,71332,264990,848,76,924,0.730812
346110,ARK: Survival Evolved,2020-01-03,194639,71423,266062,981,91,1072,0.731555
346110,ARK: Survival Evolved,2020-01-04,195192,71466,266658,553,43,596,0.731994
346110,ARK: Survival Evolved,2020-01-05,195710,71508,267218,518,42,560,0.732398
346110,ARK: Survival Evolved,2020-01-06,195710,71508,267218,0,0,0,0.732398
346110,ARK: Survival Evolved,2020-01-07,196155,71545,267700,445,37,482,0.732742
346110,ARK: Survival Evolved,2020-01-08,196888,71597,268485,733,52,785,0.73333
346110,ARK: Survival Evolved,2020-01-09,197222,71602,268824,334,5,339,0.733647
346110,ARK: Survival Evolved,2020-01-10,197747,71640,269387,525,38,563,0.734063
346110,ARK: Survival Evolved,2020-01-11,198282,71666,269948,535,26,561,0.734519
346110,ARK: Survival Evolved,2020-01-12,198760,71698,270458,478,32,510,0.734902
346110,ARK: Survival Evolved,2020-01-13,199056,71734,270790,296,36,332,0.735094
346110,ARK: Survival Evolved,2020-01-14,199339,71749,271088,283,15,298,0.735329
346110,ARK: Survival Evolved,2020-01-15,199339,71749,271088,0,0,0,0.735329
346110,ARK: Survival Evolved,2020-01-16,199673,71781,271454,334,32,366,0.735568
346110,ARK: Survival Evolved,2020-01-17,200009,71793,271802,336,12,348,0.735863
346110,ARK: Survival Evolved,2020-01-18,200336,71810,272146,327,17,344,0.736134
346110,ARK: Survival Evolved,2020-01-19,200754,71836,272590,418,26,444,0.736469
346110,ARK: Survival Evolved,2020-01-20,201095,71877,272972,341,41,382,0.736687
346110,ARK: Survival Evolved,2020-01-21,201409,71900,273309,314,23,337,0.736928
346110,ARK: Survival Evolved,2020-01-22,201704,71921,273625,295,21,316,0.737155
346110,ARK: Survival Evolved,2020-01-23,201999,71929,273928,295,8,303,0.737416
346110,ARK: Survival Evolved,2020-01-24,202303,71948,274251,304,19,323,0.737656
346110,ARK: Survival Evolved,2020-01-25,202726,71989,274715,423,41,464,0.73795
346110,ARK: Survival Evolved,2020-01-26,203286,72029,275315,560,40,600,0.738376
346110,ARK: Survival Evolved,2020-01-27,203702,72070,275772,416,41,457,0.738661
346110,ARK: Survival Evolved,2020-01-28,204074,72106,276180,372,36,408,0.738917
346110,ARK: Survival Evolved,2020-01-29,204559,72155,276714,485,49,534,0.739243
346110,ARK: Survival Evolved,2020-01-30,204805,72181,276986,246,26,272,0.739406
346110,ARK: Survival Evolved,2020-01-31,205060,72212,277272,255,31,286,0.739563
346110,ARK: Survival Evolved,2020-02-01,205445,72248,277693,385,36,421,0.739828
346110,ARK: Survival Evolved,2020-02-02,205851,72276,278127,406,28,434,0.740133
346110,ARK: Survival Evolved,2020-02-03,206209,72304,278513,358,28,386,0.740393
346110,ARK: Survival Evolved,2020-02-04,206501,72327,278828,292,23,315,0.740604
346110,ARK: Survival Evolved,2020-02-05,206747,72346,279093,246,19,265,0.740782
346110,ARK: Survival Evolved,2020-02-06,206985,72366,279351,238,20,258,0.74095
346110,ARK: Survival Evolved,2020-02-07,207218,72390,279608,233,24,257,0.741102
346110,ARK: Survival Evolved,2020-02-08,207686,72431,280117,468,41,509,0.741426
346110,ARK: Survival Evolved,2020-02-09,207997,72450,280447,311,19,330,0.741662
346110,ARK: Survival Evolved,2020-02-10,208260,72488,280748,263,38,301,0.741804
346110,ARK: Survival Evolved,2020-02-11,208541,72497,281038,281,9,290,0.742038
346110,ARK: Survival Evolved,2020-02-12,208853,72531,281384,312,34,346,0.742235
346110,ARK: Survival Evolved,2020-02-13,209326,72569,281895,473,38,511,0.742567
346110,ARK: Survival Evolved,2020-02-14,209526,72592,282118,200,23,223,0.742689
346110,ARK: Survival Evolved,2020-02-15,209748,72609,282357,222,17,239,0.742847
346110,ARK: Survival Evolved,2020-02-16,210007,72645,282652,259,36,295,0.742988
346110,ARK: Survival Evolved,2020-02-17,210007,72645,282652,0,0,0,0.742988
346110,ARK: Survival Evolved,2020-02-18,210549,72701,283250,542,56,598,0.743333
346110,ARK: Survival Evolved,2020-02-19,210986,72727,283713,437,26,463,0.74366
346110,ARK: Survival Evolved,2020-02-20,211207,72749,283956,221,22,243,0.743802
346110,ARK: Survival Evolved,2020-02-21,211414,72772,284186,207,23,230,0.743928
346110,ARK: Survival Evolved,2020-02-22,211646,72799,284445,232,27,259,0.744067
346110,ARK: Survival Evolved,2020-02-23,211892,72815,284707,246,16,262,0.744246
346110,ARK: Survival Evolved,2020-02-24,212194,72850,285044,302,35,337,0.744425
346110,ARK: Survival Evolved,2020-02-25,212805,72882,285687,611,32,643,0.744889
346110,ARK: Survival Evolved,2020-02-26,213617,73008,286625,812,126,938,0.745284
346110,ARK: Survival Evolved,2020-02-27,214180,73180,287360,563,172,735,0.745337
346110,ARK: Survival Evolved,2020-02-28,214742,73360,288102,562,180,742,0.745368
346110,ARK: Survival Evolved,2020-02-29,215451,73586,289037,709,226,935,0.74541
346110,ARK: Survival Evolved,2020-03-01,216306,73825,290131,855,239,1094,0.745546
346110,ARK: Survival Evolved,2020-03-02,217220,74021,291241,914,196,1110,0.745843
346110,ARK: Survival Evolved,2020-03-03,218172,74168,292340,952,147,1099,0.746295
346110,ARK: Survival Evolved,2020-03-04,218859,74288,293147,687,120,807,0.746584
346110,ARK: Survival Evolved,2020-03-05,220224,74499,294723,1365,211,1576,0.747224
346110,ARK: Survival Evolved,2020-03-06,220850,74598,295448,626,99,725,0.747509
346110,ARK: Survival Evolved,2020-03-07,221551,74721,296272,701,123,824,0.747796
346110,ARK: Survival Evolved,2020-03-08,222150,74821,296971,599,100,699,0.748053
346110,ARK: Survival Evolved,2020-03-09,222834,74939,297773,684,118,802,0.748335
346110,ARK: Survival Evolved,2020-03-10,223369,75016,298385,535,77,612,0.748593
346110,ARK: Survival Evolved,2020-03-11,223977,75138,299115,608,122,730,0.748799
346110,ARK: Survival Evolved,2020-03-12,224371,75230,299601,394,92,486,0.748899
346110,ARK: Survival Evolved,2020-03-13,225519,75389,300908,1148,159,1307,0.749462
346110,ARK: Survival Evolved,2020-03-14,226279,75488,301767,760,99,859,0.749847
346110,ARK: Survival Evolved,2020-03-15,226711,75561,302272,432,73,505,0.750023
346110,ARK: Survival Evolved,2020-03-16,227185,75590,302775,474,29,503,0.750343
346110,ARK: Survival Evolved,2020-03-17,227613,75646,303259,428,56,484,0.750556
346110,ARK: Survival Evolved,2020-03-18,228001,75695,303696,388,49,437,0.750754
346110,ARK: Survival Evolved,2020-03-19,228354,75733,304087,353,38,391,0.75095
346110,ARK: Survival Evolved,2020-03-20,228751,75765,304516,397,32,429,0.751195
346110,ARK: Survival Evolved,2020-03-21,229136,75801,304937,385,36,421,0.751421
346110,ARK: Survival Evolved,2020-03-22,229726,75889,305615,590,88,678,0.751684
346110,ARK: Survival Evolved,2020-03-23,230134,75958,306092,408,69,477,0.751846
346110,ARK: Survival Evolved,2020-03-24,230456,76004,306460,322,46,368,0.751994
346110,ARK: Survival Evolved,2020-03-25,231065,76067,307132,609,63,672,0.752331
346110,ARK: Survival Evolved,2020-03-26,231065,76067,307132,0,0,0,0.752331
346110,ARK: Survival Evolved,2020-03-27,231545,76109,307654,480,42,522,0.752615
346110,ARK: Survival Evolved,2020-03-28,232094,76176,308270,549,67,616,0.752892
346110,ARK: Survival Evolved,2020-03-29,232780,76265,309045,686,89,775,0.753224
346110,ARK: Survival Evolved,2020-03-30,233065,76291,309356,285,26,311,0.753388
346110,ARK: Survival Evolved,2020-03-31,233369,76323,309692,304,32,336,0.753552
346110,ARK: Survival Evolved,2020-04-01,233660,76338,309998,291,15,306,0.753747
346110,ARK: Survival Evolved,2020-04-02,233920,76350,310270,260,12,272,0.753924
346110,ARK: Survival Evolved,2020-04-03,234219,76383,310602,299,33,332,0.754081
346110,ARK: Survival Evolved,2020-04-04,234791,76463,311254,572,80,652,0.754339
346110,ARK: Survival Evolved,2020-04-05,235264,76552,311816,473,89,562,0.754496
346110,ARK: Survival Evolved,2020-04-06,235643,76637,312280,379,85,464,0.754589
346110,ARK: Survival Evolved,2020-04-07,236030,76702,312732,387,65,452,0.754736
346110,ARK: Survival Evolved,2020-04-08,236030,76702,312732,0,0,0,0.754736
346110,ARK: Survival Evolved,2020-04-09,237240,76846,314086,1210,144,1354,0.755335
346110,ARK: Survival Evolved,2020-04-10,237704,76908,314612,464,62,526,0.755547
346110,ARK: Survival Evolved,2020-04-11,238193,76989,315182,489,81,570,0.755732
346110,ARK: Survival Evolved,2020-04-12,238737,77066,315803,544,77,621,0.755968
346110,ARK: Survival Evolved,2020-04-13,238737,77066,315803,0,0,0,0.755968
346110,ARK: Survival Evolved,2020-04-14,239774,77270,317044,1037,204,1241,0.75628
346110,ARK: Survival Evolved,2020-04-15,240279,77334,317613,505,64,569,0.756515
346110,ARK: Survival Evolved,2020-04-16,241257,77531,318788,978,197,1175,0.756794
346110,ARK: Survival Evolved,2020-04-17,242213,77747,319960,956,216,1172,0.75701
346110,ARK: Survival Evolved,2020-04-18,242644,77823,320467,431,76,507,0.757158
346110,ARK: Survival Evolved,2020-04-19,243046,77887,320933,402,64,466,0.757311
346110,ARK: Survival Evolved,2020-04-20,243459,77951,321410,413,64,477,0.757472
346110,ARK: Survival Evolved,2020-04-21,243926,78036,321962,467,85,552,0.757624
346110,ARK: Survival Evolved,2020-04-22,244549,78134,322683,623,98,721,0.757861
346110,ARK: Survival Evolved,2020-04-23,245031,78198,323229,482,64,546,0.758072
346110,ARK: Survival Evolved,2020-04-24,245422,78263,323685,391,65,456,0.758212
346110,ARK: Survival Evolved,2020-04-25,245811,78299,324110,389,36,425,0.758418
346110,ARK: Survival Evolved,2020-04-26,246198,78344,324542,387,45,432,0.758601
346110,ARK: Survival Evolved,2020-04-27,246525,78378,324903,327,34,361,0.758765
346110,ARK: Survival Evolved,2020-04-28,246525,78378,324903,0,0,0,0.758765
346110,ARK: Survival Evolved,2020-04-29,247374,78480,325854,849,102,951,0.759156
346110,ARK: Survival Evolved,2020-04-30,247672,78493,326165,298,13,311,0.759346
346110,ARK: Survival Evolved,2020-05-01,247970,78532,326502,298,39,337,0.759475
346110,ARK: Survival Evolved,2020-05-02,248295,78559,326854,325,27,352,0.759651
346110,ARK: Survival Evolved,2020-05-03,248691,78603,327294,396,44,440,0.75984
346110,ARK: Survival Evolved,2020-05-04,248970,78645,327615,279,42,321,0.759947
346110,ARK: Survival Evolved,2020-05-05,249253,78666,327919,283,21,304,0.760105
346110,ARK: Survival Evolved,2020-05-06,249504,78693,328197,251,27,278,0.760226
346110,ARK: Survival Evolved,2020-05-07,249765,78730,328495,261,37,298,0.760331
346110,ARK: Survival Evolved,2020-05-08,249975,78750,328725,210,20,230,0.760438
346110,ARK: Survival Evolved,2020-05-09,250643,78817,329460,668,67,735,0.760769
346110,ARK: Survival Evolved,2020-05-10,250881,78841,329722,238,24,262,0.760886
346110,ARK: Survival Evolved,2020-05-11,251174,78881,330055,293,40,333,0.761006
346110,ARK: Survival Evolved,2020-05-12,251412,78892,330304,238,11,249,0.761153
346110,ARK: Survival Evolved,2020-05-13,251641,78921,330562,229,29,258,0.761252
346110,ARK: Survival Evolved,2020-05-14,251881,78948,330829,240,27,267,0.761363
346110,ARK: Survival Evolved,2020-05-15,252108,78974,331082,227,26,253,0.761467
346110,ARK: Survival Evolved,2020-05-16,252465,79009,331474,357,35,392,0.761643
346110,ARK: Survival Evolved,2020-05-17,252690,79043,331733,225,34,259,0.761727
346110,ARK: Survival Evolved,2020-05-18,252952,79072,332024,262,29,291,0.761849
346110,ARK: Survival Evolved,2020-05-19,253139,79097,332236,187,25,212,0.761925
346110,ARK: Survival Evolved,2020-05-20,253347,79117,332464,208,20,228,0.762028
346110,ARK: Survival Evolved,2020-05-21,253560,79131,332691,213,14,227,0.762149
346110,ARK: Survival Evolved,2020-05-22,253772,79154,332926,212,23,235,0.762247
346110,ARK: Survival Evolved,2020-05-23,254011,79175,333186,239,21,260,0.76237
346110,ARK: Survival Evolved,2020-05-24,254274,79200,333474,263,25,288,0.7625
346110,ARK: Survival Evolved,2020-05-25,254274,79200,333474,0,0,0,0.7625
346110,ARK: Survival Evolved,2020-05-26,254705,79234,333939,431,34,465,0.762729
346110,ARK: Survival Evolved,2020-05-27,255084,79258,334342,379,24,403,0.762943
346110,ARK: Survival Evolved,2020-05-28,255367,79281,334648,283,23,306,0.763091
346110,ARK: Survival Evolved,2020-05-29,255589,79311,334900,222,30,252,0.76318
346110,ARK: Survival Evolved,2020-05-30,255826,79330,335156,237,19,256,0.763304
346110,ARK: Survival Evolved,2020-05-31,256052,79351,335403,226,21,247,0.763416
346110,ARK: Survival Evolved,2020-06-01,256276,79366,335642,224,15,239,0.76354
346110,ARK: Survival Evolved,2020-06-02,256451,79378,335829,175,12,187,0.763636
346110,ARK: Survival Evolved,2020-06-03,256628,79392,336020,177,14,191,0.763728
346110,ARK: Survival Evolved,2020-06-04,256814,79414,336228,186,22,208,0.763809
346110,ARK: Survival Evolved,2020-06-05,257077,79453,336530,263,39,302,0.763905
346110,ARK: Survival Evolved,2020-06-06,257416,79487,336903,339,34,373,0.764066
346110,ARK: Survival Evolved,2020-06-07,257665,79510,337175,249,23,272,0.764188
346110,ARK: Survival Evolved,2020-06-08,257908,79524,337432,243,14,257,0.764326
346110,ARK: Survival Evolved,2020-06-09,258116,79537,337653,208,13,221,0.764442
346110,ARK: Survival Evolved,2020-06-10,258331,79560,337891,215,23,238,0.764539
346110,ARK: Survival Evolved,2020-06-11,258565,79576,338141,234,16,250,0.764666
346110,ARK: Survival Evolved,2020-06-12,259561,79648,339209,996,72,1068,0.765195
346110,ARK: Survival Evolved,2020-06-13,260199,79744,339943,638,96,734,0.765419
346110,ARK: Survival Evolved,2020-06-14,260592,79802,340394,393,58,451,0.76556
346110,ARK: Survival Evolved,2020-06-15,261073,79875,340948,481,73,554,0.765727
346110,ARK: Survival Evolved,2020-06-16,261475,79914,341389,402,39,441,0.765915
346110,ARK: Survival Evolved,2020-06-17,261780,79965,341745,305,51,356,0.76601
346110,ARK: Survival Evolved,2020-06-18,262083,79986,342069,303,21,324,0.76617
346110,ARK: Survival Evolved,2020-06-19,262455,80020,342475,372,34,406,0.766348
346110,ARK: Survival Evolved,2020-06-20,262747,80046,342793,292,26,318,0.766489
346110,ARK: Survival Evolved,2020-06-21,263011,80075,343086,264,29,293,0.766604
346110,ARK: Survival Evolved,2020-06-22,263299,80131,343430,288,56,344,0.766674
346110,ARK: Survival Evolved,2020-06-23,263519,80171,343690,220,40,260,0.766735
346110,ARK: Survival Evolved,2020-06-24,263710,80190,343900,191,19,210,0.766822
346110,ARK: Survival Evolved,2020-06-25,264015,80206,344221,305,16,321,0.766993
346110,ARK: Survival Evolved,2020-06-26,264371,80215,344586,356,9,365,0.767213
346110,ARK: Survival Evolved,2020-06-27,264662,80242,344904,291,27,318,0.76735
346110,ARK: Survival Evolved,2020-06-28,264904,80275,345179,242,33,275,0.76744
346110,ARK: Survival Evolved,2020-06-29,265310,80327,345637,406,52,458,0.767597
346110,ARK: Survival Evolved,2020-06-30,265656,80370,346026,346,43,389,0.767734
346110,ARK: Survival Evolved,2020-07-01,266059,80409,346468,403,39,442,0.767918
346110,ARK: Survival Evolved,2020-07-02,266335,80445,346780,276,36,312,0.768023
346110,ARK: Survival Evolved,2020-07-03,266738,80472,347210,403,27,430,0.768232
346110,ARK: Survival Evolved,2020-07-04,267022,80505,347527,284,33,317,0.768349
346110,ARK: Survival Evolved,2020-07-05,267299,80526,347825,277,21,298,0.768487
346110,ARK: Survival Evolved,2020-07-06,267617,80551,348168,318,25,343,0.768643
346110,ARK: Survival Evolved,2020-07-07,267896,80576,348472,279,25,304,0.768773
346110,ARK: Survival Evolved,2020-07-08,268145,80599,348744,249,23,272,0.768888
346110,ARK: Survival Evolved,2020-07-09,268381,80628,349009,236,29,265,0.76898
346110,ARK: Survival Evolved,2020-07-10,269007,80679,349686,626,51,677,0.769282
346110,ARK: Survival Evolved,2020-07-11,269312,80711,350023,305,32,337,0.769412
346110,ARK: Survival Evolved,2020-07-12,269524,80742,350266,212,31,243,0.769484
346110,ARK: Survival Evolved,2020-07-13,269787,80778,350565,263,36,299,0.769578
346110,ARK: Survival Evolved,2020-07-14,269998,80812,350810,211,34,245,0.769642
346110,ARK: Survival Evolved,2020-07-15,270236,80835,351071,238,23,261,0.769747
346110,ARK: Survival Evolved,2020-07-16,270469,80860,351329,233,25,258,0.769845
346110,ARK: Survival Evolved,2020-07-17,270655,80873,351528,186,13,199,0.769939
346110,ARK: Survival Evolved,2020-07-18,270883,80887,351770,228,14,242,0.770057
346110,ARK: Survival Evolved,2020-07-19,271094,80900,351994,211,13,224,0.770167
346110,ARK: Survival Evolved,2020-07-20,271094,80900,351994,0,0,0,0.770167
346110,ARK: Survival Evolved,2020-07-21,271321,80907,352228,227,7,234,0.770299
346110,ARK: Survival Evolved,2020-07-22,271541,80924,352465,220,17,237,0.770406
346110,ARK: Survival Evolved,2020-07-23,271739,80938,352677,198,14,212,0.770504
346110,ARK: Survival Evolved,2020-07-24,271924,80962,352886,185,24,209,0.770572
346110,ARK: Survival Evolved,2020-07-25,271924,80962,352886,0,0,0,0.770572
346110,ARK: Survival Evolved,2020-07-26,272272,80994,353266,348,32,380,0.770728
346110,ARK: Survival Evolved,2020-07-27,272461,81015,353476,189,21,210,0.770805
346110,ARK: Survival Evolved,2020-07-28,272595,81032,353627,134,17,151,0.770855
346110,ARK: Survival Evolved,2020-07-29,272788,81057,353845,193,25,218,0.770925
346110,ARK: Survival Evolved,2020-07-30,272948,81060,354008,160,3,163,0.771022
346110,ARK: Survival Evolved,2020-07-31,273143,81083,354226,195,23,218,0.771098
346110,ARK: Survival Evolved,2020-08-01,273336,81099,354435,193,16,209,0.771188
346110,ARK: Survival Evolved,2020-08-02,273483,81112,354595,147,13,160,0.771255
346110,ARK: Survival Evolved,2020-08-03,273659,81128,354787,176,16,192,0.771333
346110,ARK: Survival Evolved,2020-08-04,273801,81145,354946,142,17,159,0.771388
346110,ARK: Survival Evolved,2020-08-05,273965,81156,355121,164,11,175,0.771469
346110,ARK: Survival Evolved,2020-08-06,274128,81175,355303,163,19,182,0.771533
346110,ARK: Survival Evolved,2020-08-07,274277,81183,355460,149,8,157,0.771611
346110,ARK: Survival Evolved,2020-08-08,274431,81199,355630,154,16,170,0.771676
346110,ARK: Survival Evolved,2020-08-09,274584,81204,355788,153,5,158,0.771763
346110,ARK: Survival Evolved,2020-08-10,274768,81207,355975,184,3,187,0.771874
346110,ARK: Survival Evolved,2020-08-11,274898,81225,356123,130,18,148,0.771919
346110,ARK: Survival Evolved,2020-08-12,275022,81239,356261,124,14,138,0.771968
346110,ARK: Survival Evolved,2020-08-13,275148,81244,356392,126,5,131,0.772038
346110,ARK: Survival Evolved,2020-08-14,275148,81244,356392,0,0,0,0.772038
346110,ARK: Survival Evolved,2020-08-15,275148,81244,356392,0,0,0,0.772038
346110,ARK: Survival Evolved,2020-08-16,275655,81282,356937,507,38,545,0.772279
346110,ARK: Survival Evolved,2020-08-17,275655,81282,356937,0,0,0,0.772279
346110,ARK: Survival Evolved,2020-08-18,275881,81312,357193,226,30,256,0.772358
346110,ARK: Survival Evolved,2020-08-19,276097,81316,357413,216,4,220,0.772487
346110,ARK: Survival Evolved,2020-08-20,276305,81341,357646,208,25,233,0.772566
346110,ARK: Survival Evolved,2020-08-21,276455,81364,357819,150,23,173,0.772611
346110,ARK: Survival Evolved,2020-08-22,276603,81389,357992,148,25,173,0.772651
346110,ARK: Survival Evolved,2020-08-23,276696,81410,358106,93,21,114,0.772665
346110,ARK: Survival Evolved,2020-08-24,276843,81424,358267,147,14,161,0.772728
346110,ARK: Survival Evolved,2020-08-25,276992,81426,358418,149,2,151,0.772818
346110,ARK: Survival Evolved,2020-08-26,277197,81437,358634,205,11,216,0.772924
346110,ARK: Survival Evolved,2020-08-27,277364,81451,358815,167,14,181,0.773
346110,ARK: Survival Evolved,2020-08-28,277505,81461,358966,141,10,151,0.773068
346110,ARK: Survival Evolved,2020-08-29,277692,81497,359189,187,36,223,0.773108
346110,ARK: Survival Evolved,2020-08-30,277931,81538,359469,239,41,280,0.773171
346110,ARK: Survival Evolved,2020-08-31,278239,81582,359821,308,44,352,0.773271
346110,ARK: Survival Evolved,2020-09-01,278482,81609,360091,243,27,270,0.773366
346110,ARK: Survival Evolved,2020-09-02,278813,81625,360438,331,16,347,0.773539
346110,ARK: Survival Evolved,2020-09-03,279015,81636,360651,202,11,213,0.773643
346110,ARK: Survival Evolved,2020-09-04,279172,81661,360833,157,25,182,0.773688
346110,ARK: Survival Evolved,2020-09-05,279347,81684,361031,175,23,198,0.773748
346110,ARK: Survival Evolved,2020-09-06,279655,81708,361363,308,24,332,0.773889
346110,ARK: Survival Evolved,2020-09-07,279876,81718,361594,221,10,231,0.774006
346110,ARK: Survival Evolved,2020-09-08,280046,81733,361779,170,15,185,0.77408
346110,ARK: Survival Evolved,2020-09-09,280209,81756,361965,163,23,186,0.774133
346110,ARK: Survival Evolved,2020-09-10,280365,81776,362141,156,20,176,0.774187
346110,ARK: Survival Evolved,2020-09-11,280499,81791,362290,134,15,149,0.774239
346110,ARK: Survival Evolved,2020-09-12,280657,81799,362456,158,8,166,0.77432
346110,ARK: Survival Evolved,2020-09-13,281013,81817,362830,356,18,374,0.774503
346110,ARK: Survival Evolved,2020-09-14,281159,81823,362982,146,6,152,0.774581
346110,ARK: Survival Evolved,2020-09-15,281317,81841,363158,158,18,176,0.774641
346110,ARK: Survival Evolved,2020-09-16,281317,81841,363158,0,0,0,0.774641
346110,ARK: Survival Evolved,2020-09-17,281504,81854,363358,187,13,200,0.774729
346110,ARK: Survival Evolved,2020-09-18,281722,81870,363592,218,16,234,0.77483
346110,ARK: Survival Evolved,2020-09-19,281910,81891,363801,188,21,209,0.774902
346110,ARK: Survival Evolved,2020-09-20,282077,81909,363986,167,18,185,0.774967
346110,ARK: Survival Evolved,2020-09-21,282271,81913,364184,194,4,198,0.775078
346110,ARK: Survival Evolved,2020-09-22,282375,81932,364307,104,19,123,0.775102
346110,ARK: Survival Evolved,2020-09-23,282513,81944,364457,138,12,150,0.775161
346110,ARK: Survival Evolved,2020-09-24,282637,81949,364586,124,5,129,0.775227
346110,ARK: Survival Evolved,2020-09-25,282778,81954,364732,141,5,146,0.775304
346110,ARK: Survival Evolved,2020-09-26,282977,81980,364957,199,26,225,0.775371
346110,ARK: Survival Evolved,2020-09-27,283121,82000,365121,144,20,164,0.775417
346110,ARK: Survival Evolved,2020-09-28,283121,82000,365121,0,0,0,0.775417
346110,ARK: Survival Evolved,2020-09-29,283413,82017,365430,292,17,309,0.77556
346110,ARK: Survival Evolved,2020-09-30,283531,82029,365560,118,12,130,0.775607
346110,ARK: Survival Evolved,2020-10-01,283763,82053,365816,232,24,256,0.775699
346110,ARK: Survival Evolved,2020-10-02,283954,82059,366013,191,6,197,0.775803
346110,ARK: Survival Evolved,2020-10-03,284099,82062,366161,145,3,148,0.775885
346110,ARK: Survival Evolved,2020-10-04,284265,82075,366340,166,13,179,0.775959
346110,ARK: Survival Evolved,2020-10-05,284396,82077,366473,131,2,133,0.776035
346110,ARK: Survival Evolved,2020-10-06,284523,82084,366607,127,7,134,0.776098
346110,ARK: Survival Evolved,2020-10-07,284637,82086,366723,114,2,116,0.776163
346110,ARK: Survival Evolved,2020-10-08,284804,82100,366904,167,14,181,0.776236
346110,ARK: Survival Evolved,2020-10-09,285083,82140,367223,279,40,319,0.776321
346110,ARK: Survival Evolved,2020-10-10,285234,82179,367413,151,39,190,0.776331
346110,ARK: Survival Evolved,2020-10-11,285354,82199,367553,120,20,140,0.776362
346110,ARK: Survival Evolved,2020-10-12,285477,82211,367688,123,12,135,0.776411
346110,ARK: Survival Evolved,2020-10-13,285615,82219,367834,138,8,146,0.776478
346110,ARK: Survival Evolved,2020-10-14,285748,82225,367973,133,6,139,0.776546
346110,ARK: Survival Evolved,2020-10-15,285863,82240,368103,115,15,130,0.776584
346110,ARK: Survival Evolved,2020-10-16,285991,82250,368241,128,10,138,0.776641
346110,ARK: Survival Evolved,2020-10-17,286157,82253,368410,166,3,169,0.776735
346110,ARK: Survival Evolved,2020-10-18,286300,82257,368557,143,4,147,0.776813
346110,ARK: Survival Evolved,2020-10-19,286432,82279,368711,132,22,154,0.776847
346110,ARK: Survival Evolved,2020-10-20,286615,82291,368906,183,12,195,0.776932
346110,ARK: Survival Evolved,2020-10-21,286739,82311,369050,124,20,144,0.776965
346110,ARK: Survival Evolved,2020-10-22,286739,82311,369050,0,0,0,0.776965
346110,ARK: Survival Evolved,2020-10-23,286894,82321,369215,155,10,165,0.777038
346110,ARK: Survival Evolved,2020-10-24,287077,82343,369420,183,22,205,0.777102
346110,ARK: Survival Evolved,2020-10-25,287503,82382,369885,426,39,465,0.777277
346110,ARK: Survival Evolved,2020-10-26,287503,82382,369885,0,0,0,0.777277
346110,ARK: Survival Evolved,2020-10-27,287661,82393,370054,158,11,169,0.777349
346110,ARK: Survival Evolved,2020-10-28,287788,82409,370197,127,16,143,0.777391
346110,ARK: Survival Evolved,2020-10-29,287899,82417,370316,111,8,119,0.777441
346110,ARK: Survival Evolved,2020-10-30,288043,82425,370468,144,8,152,0.777511
346110,ARK: Survival Evolved,2020-10-31,288224,82425,370649,181,0,181,0.77762
346110,ARK: Survival Evolved,2020-11-01,288711,82463,371174,487,38,525,0.777832
346110,ARK: Survival Evolved,2020-11-02,288711,82463,371174,0,0,0,0.777832
346110,ARK: Survival Evolved,2020-11-03,289053,82517,371570,342,54,396,0.777923
346110,ARK: Survival Evolved,2020-11-04,289394,82535,371929,341,18,359,0.778089
346110,ARK: Survival Evolved,2020-11-05,289628,82559,372187,234,24,258,0.778179
346110,ARK: Survival Evolved,2020-11-06,289938,82589,372527,310,30,340,0.778301
346110,ARK: Survival Evolved,2020-11-07,290289,82624,372913,351,35,386,0.778436
346110,ARK: Survival Evolved,2020-11-08,290913,82695,373608,624,71,695,0.778658
346110,ARK: Survival Evolved,2020-11-09,291551,82779,374330,638,84,722,0.778861
346110,ARK: Survival Evolved,2020-11-10,292078,82833,374911,527,54,581,0.77906
346110,ARK: Survival Evolved,2020-11-11,292707,82900,375607,629,67,696,0.779291
346110,ARK: Survival Evolved,2020-11-12,293097,82934,376031,390,34,424,0.779449
346110,ARK: Survival Evolved,2020-11-13,293445,82972,376417,348,38,386,0.779574
346110,ARK: Survival Evolved,2020-11-14,293799,83013,376812,354,41,395,0.779697
346110,ARK: Survival Evolved,2020-11-15,294111,83053,377164,312,40,352,0.779796
346110,ARK: Survival Evolved,2020-11-16,294390,83093,377483,279,40,319,0.779876
346110,ARK: Survival Evolved,2020-11-17,294599,83119,377718,209,26,235,0.779944
346110,ARK: Survival Evolved,2020-11-18,294772,83136,377908,173,17,190,0.78001
346110,ARK: Survival Evolved,2020-11-19,294984,83154,378138,212,18,230,0.780096
346110,ARK: Survival Evolved,2020-11-20,295199,83173,378372,215,19,234,0.780182
346110,ARK: Survival Evolved,2020-11-21,295405,83191,378596,206,18,224,0.780264
346110,ARK: Survival Evolved,2020-11-22,295758,83205,378963,353,14,367,0.78044
346110,ARK: Survival Evolved,2020-11-23,295971,83219,379190,213,14,227,0.780535
346110,ARK: Survival Evolved,2020-11-24,296136,83228,379364,165,9,174,0.780612
346110,ARK: Survival Evolved,2020-11-25,296519,83252,379771,383,24,407,0.780784
346110,ARK: Survival Evolved,2020-11-26,297233,83295,380528,714,43,757,0.781107
346110,ARK: Survival Evolved,2020-11-27,297973,83308,381281,740,13,753,0.781505
346110,ARK: Survival Evolved,2020-11-28,298533,83339,381872,560,31,591,0.781762
346110,ARK: Survival Evolved,2020-11-29,299402,83416,382818,869,77,946,0.7821
346110,ARK: Survival Evolved,2020-11-30,299916,83437,383353,514,21,535,0.782349
346110,ARK: Survival Evolved,2020-12-01,300251,83470,383721,335,33,368,0.782472
346110,ARK: Survival Evolved,2020-12-02,300551,83517,384068,300,47,347,0.782546
346110,ARK: Survival Evolved,2020-12-03,300764,83541,384305,213,24,237,0.782618
346110,ARK: Survival Evolved,2020-12-04,300947,83576,384523,183,35,218,0.78265
346110,ARK: Survival Evolved,2020-12-05,301367,83626,384993,420,50,470,0.782786
346110,ARK: Survival Evolved,2020-12-06,301577,83656,385233,210,30,240,0.782843
346110,ARK: Survival Evolved,2020-12-07,301771,83675,385446,194,19,213,0.782914
346110,ARK: Survival Evolved,2020-12-08,301927,83700,385627,156,25,181,0.782951
346110,ARK: Survival Evolved,2020-12-09,302171,83739,385910,244,39,283,0.783009
346110,ARK: Survival Evolved,2020-12-10,302343,83755,386098,172,16,188,0.783073
346110,ARK: Survival Evolved,2020-12-11,302505,83769,386274,162,14,176,0.783136
346110,ARK: Survival Evolved,2020-12-12,302505,83769,386274,0,0,0,0.783136
346110,ARK: Survival Evolved,2020-12-13,303256,83814,387070,751,45,796,0.783466
346110,ARK: Survival Evolved,2020-12-14,303498,83837,387335,242,23,265,0.783554
346110,ARK: Survival Evolved,2020-12-15,303678,83844,387522,180,7,187,0.783641
346110,ARK: Survival Evolved,2020-12-16,303836,83855,387691,158,11,169,0.783707
346110,ARK: Survival Evolved,2020-12-17,304006,83873,387879,170,18,188,0.783765
346110,ARK: Survival Evolved,2020-12-18,304269,83897,388166,263,24,287,0.783863
346110,ARK: Survival Evolved,2020-12-19,304471,83914,388385,202,17,219,0.783941
346110,ARK: Survival Evolved,2020-12-20,304679,83935,388614,208,21,229,0.784014
346110,ARK: Survival Evolved,2020-12-21,304874,83957,388831,195,22,217,0.784078
346110,ARK: Survival Evolved,2020-12-22,305132,83979,389111,258,22,280,0.784177
346110,ARK: Survival Evolved,2020-12-23,305395,83986,389381,263,7,270,0.784309
346110,ARK: Survival Evolved,2020-12-24,305642,84011,389653,247,25,272,0.784395
346110,ARK: Survival Evolved,2020-12-25,305864,84017,389881,222,6,228,0.784506
346110,ARK: Survival Evolved,2020-12-26,306564,84062,390626,700,45,745,0.784802
346110,ARK: Survival Evolved,2020-12-27,306994,84104,391098,430,42,472,0.784954
346110,ARK: Survival Evolved,2020-12-28,306994,84104,391098,0,0,0,0.784954
346110,ARK: Survival Evolved,2020-12-29,307409,84136,391545,415,32,447,0.785118
346110,ARK: Survival Evolved,2020-12-30,307745,84150,391895,336,14,350,0.785274
346110,ARK: Survival Evolved,2020-12-31,308104,84174,392278,359,24,383,0.785423
346110,ARK: Survival Evolved,2021-01-01,308104,84174,392278,0,0,0,0.785423
346110,ARK: Survival Evolved,2021-01-02,309181,84280,393461,1077,106,1183,0.785798
346110,ARK: Survival Evolved,2021-01-03,309551,84301,393852,370,21,391,0.785958
346110,ARK: Survival Evolved,2021-01-04,309551,84301,393852,0,0,0,0.785958
346110,ARK: Survival Evolved,2021-01-05,309981,84340,394321,430,39,469,0.786113
346110,ARK: Survival Evolved,2021-01-06,310359,84364,394723,378,24,402,0.78627
346110,ARK: Survival Evolved,2021-01-07,310970,84404,395374,611,40,651,0.786521
346110,ARK: Survival Evolved,2021-01-08,311276,84427,395703,306,23,329,0.78664
346110,ARK: Survival Evolved,2021-01-09,311573,84435,396008,297,8,305,0.786785
346110,ARK: Survival Evolved,2021-01-10,311824,84466,396290,251,31,282,0.786858
346110,ARK: Survival Evolved,2021-01-11,312106,84495,396601,282,29,311,0.786952
346110,ARK: Survival Evolved,2021-01-12,312366,84509,396875,260,14,274,0.787064
346110,ARK: Survival Evolved,2021-01-13,312621,84534,397155,255,25,280,0.787151
346110,ARK: Survival Evolved,2021-01-14,312840,84559,397399,219,25,244,0.787219
346110,ARK: Survival Evolved,2021-01-15,313508,84594,398102,668,35,703,0.787507
346110,ARK: Survival Evolved,2021-01-16,313738,84612,398350,230,18,248,0.787594
346110,ARK: Survival Evolved,2021-01-17,314032,84644,398676,294,32,326,0.787687
346110,ARK: Survival Evolved,2021-01-18,314358,84664,399022,326,20,346,0.787821
346110,ARK: Survival Evolved,2021-01-19,314588,84681,399269,230,17,247,0.78791
346110,ARK: Survival Evolved,2021-01-20,314772,84695,399467,184,14,198,0.78798
346110,ARK: Survival Evolved,2021-01-21,314949,84715,399664,177,20,197,0.788034
346110,ARK: Survival Evolved,2021-01-22,315104,84729,399833,155,14,169,0.788089
346110,ARK: Survival Evolved,2021-01-23,315286,84742,400028,182,13,195,0.78816
346110,ARK: Survival Evolved,2021-01-24,315476,84758,400234,190,16,206,0.788229
346110,ARK: Survival Evolved,2021-01-25,315706,84775,400481,230,17,247,0.788317
346110,ARK: Survival Evolved,2021-01-26,315967,84784,400751,261,9,270,0.788437
346110,ARK: Survival Evolved,2021-01-27,316225,84795,401020,258,11,269,0.788552
346110,ARK: Survival Evolved,2021-01-28,316438,84812,401250,213,17,230,0.788631
346110,ARK: Survival Evolved,2021-01-29,316669,84810,401479,231,-2,229,0.788756
346110,ARK: Survival Evolved,2021-01-30,317067,84824,401891,398,14,412,0.788938
346110,ARK: Survival Evolved,2021-01-31,317274,84833,402107,207,9,216,0.789029
346110,ARK: Survival Evolved,2021-02-01,317500,84849,402349,226,16,242,0.789116
346110,ARK: Survival Evolved,2021-02-02,317754,84869,402623,254,20,274,0.78921
346110,ARK: Survival Evolved,2021-02-03,317927,84874,402801,173,5,178,0.78929
346110,ARK: Survival Evolved,2021-02-04,318079,84879,402958,152,5,157,0.78936
346110,ARK: Survival Evolved,2021-02-05,318238,84878,403116,159,-1,158,0.789445
346110,ARK: Survival Evolved,2021-02-06,318431,84897,403328,193,19,212,0.789509
346110,ARK: Survival Evolved,2021-02-07,318630,84921,403551,199,24,223,0.789566
346110,ARK: Survival Evolved,2021-02-08,318859,84949,403808,229,28,257,0.78963
346110,ARK: Survival Evolved,2021-02-09,319027,84965,403992,168,16,184,0.789686
346110,ARK: Survival Evolved,2021-02-10,319225,84975,404200,198,10,208,0.78977
346110,ARK: Survival Evolved,2021-02-11,319503,85000,404503,278,25,303,0.789866
346110,ARK: Survival Evolved,2021-02-12,319503,85000,404503,0,0,0,0.789866
346110,ARK: Survival Evolved,2021-02-13,320369,85070,405439,866,70,936,0.790178
346110,ARK: Survival Evolved,2021-02-14,320369,85070,405439,0,0,0,0.790178
346110,ARK: Survival Evolved,2021-02-15,321471,85163,406634,1102,93,1195,0.790566
346110,ARK: Survival Evolved,2021-02-16,321471,85163,406634,0,0,0,0.790566
346110,ARK: Survival Evolved,2021-02-17,321471,85163,406634,0,0,0,0.790566
346110,ARK: Survival Evolved,2021-02-18,322719,85249,407968,1248,86,1334,0.79104
346110,ARK: Survival Evolved,2021-02-19,322719,85249,407968,0,0,0,0.79104
346110,ARK: Survival Evolved,2021-02-20,323259,85292,408551,540,43,583,0.791233
346110,ARK: Survival Evolved,2021-02-21,323659,85329,408988,400,37,437,0.791366
346110,ARK: Survival Evolved,2021-02-22,323659,85329,408988,0,0,0,0.791366
346110,ARK: Survival Evolved,2021-02-23,324035,85354,409389,376,25,401,0.791509
346110,ARK: Survival Evolved,2021-02-24,324366,85377,409743,331,23,354,0.791633
346110,ARK: Survival Evolved,2021-02-25,324635,85393,410028,269,16,285,0.791739
346110,ARK: Survival Evolved,2021-02-26,324855,85412,410267,220,19,239,0.791814
346110,ARK: Survival Evolved,2021-02-27,325301,85439,410740,446,27,473,0.791988
346110,ARK: Survival Evolved,2021-02-28,325501,85454,410955,200,15,215,0.79206
346110,ARK: Survival Evolved,2021-03-01,325686,85473,411159,185,19,204,0.792117
346110,ARK: Survival Evolved,2021-03-02,325862,85486,411348,176,13,189,0.792181
346110,ARK: Survival Evolved,2021-03-03,326056,85507,411563,194,21,215,0.792238
346110,ARK: Survival Evolved,2021-03-04,326186,85522,411708,130,15,145,0.792275
346110,ARK: Survival Evolved,2021-03-05,326529,85553,412082,343,31,374,0.792388
346110,ARK: Survival Evolved,2021-03-06,326702,85572,412274,173,19,192,0.792439
346110,ARK: Survival Evolved,2021-03-07,326902,85594,412496,200,22,222,0.792497
346110,ARK: Survival Evolved,2021-03-08,327034,85618,412652,132,24,156,0.792518
346110,ARK: Survival Evolved,2021-03-09,327237,85621,412858,203,3,206,0.792614
346110,ARK: Survival Evolved,2021-03-10,327463,85628,413091,226,7,233,0.792714
346110,ARK: Survival Evolved,2021-03-11,327548,85630,413178,85,2,87,0.792753
346110,ARK: Survival Evolved,2021-03-12,327656,85649,413305,108,19,127,0.79277
346110,ARK: Survival Evolved,2021-03-13,327816,85657,413473,160,8,168,0.792835
346110,ARK: Survival Evolved,2021-03-14,328050,85687,413737,234,30,264,0.792895
346110,ARK: Survival Evolved,2021-03-15,328187,85698,413885,137,11,148,0.792942
346110,ARK: Survival Evolved,2021-03-16,328388,85720,414108,201,22,223,0.793001
346110,ARK: Survival Evolved,2021-03-17,328472,85723,414195,84,3,87,0.793037
346110,ARK: Survival Evolved,2021-03-18,328579,85740,414319,107,17,124,0.793058
346110,ARK: Survival Evolved,2021-03-19,328734,85766,414500,155,26,181,0.793086
346110,ARK: Survival Evolved,2021-03-20,328854,85782,414636,120,16,136,0.793115
346110,ARK: Survival Evolved,2021-03-21,329094,85808,414902,240,26,266,0.793185
346110,ARK: Survival Evolved,2021-03-22,329218,85822,415040,124,14,138,0.79322
346110,ARK: Survival Evolved,2021-03-23,329429,85839,415268,211,17,228,0.793293
346110,ARK: Survival Evolved,2021-03-24,329521,85846,415367,92,7,99,0.793325
346110,ARK: Survival Evolved,2021-03-25,329683,85860,415543,162,14,176,0.793379
346110,ARK: Survival Evolved,2021-03-26,329956,85880,415836,273,20,293,0.793476
346110,ARK: Survival Evolved,2021-03-27,330095,85900,415995,139,20,159,0.793507
346110,ARK: Survival Evolved,2021-03-28,330335,85920,416255,240,20,260,0.793588
346110,ARK: Survival Evolved,2021-03-29,330446,85926,416372,111,6,117,0.793632
346110,ARK: Survival Evolved,2021-03-30,330651,85944,416595,205,18,223,0.793699
346110,ARK: Survival Evolved,2021-03-31,330751,85944,416695,100,0,100,0.793748
346110,ARK: Survival Evolved,2021-04-01,331016,85971,416987,265,27,292,0.793828
346110,ARK: Survival Evolved,2021-04-02,331149,85983,417132,133,12,145,0.793871
346110,ARK: Survival Evolved,2021-04-03,331351,86000,417351,202,17,219,0.793938
346110,ARK: Survival Evolved,2021-04-04,331485,86021,417506,134,21,155,0.793965
346110,ARK: Survival Evolved,2021-04-05,331720,86034,417754,235,13,248,0.794056
346110,ARK: Survival Evolved,2021-04-06,331830,86041,417871,110,7,117,0.794097
346110,ARK: Survival Evolved,2021-04-07,332075,86049,418124,245,8,253,0.794202
346110,ARK: Survival Evolved,2021-04-08,332169,86062,418231,94,13,107,0.794224
346110,ARK: Survival Evolved,2021-04-09,332287,86077,418364,118,15,133,0.794253
346110,ARK: Survival Evolved,2021-04-10,332466,86087,418553,179,10,189,0.794322
346110,ARK: Survival Evolved,2021-04-11,332602,86085,418687,136,-2,134,0.794393
346110,ARK: Survival Evolved,2021-04-12,332798,86109,418907,196,24,220,0.794444
346110,ARK: Survival Evolved,2021-04-13,332940,86113,419053,142,4,146,0.794506
346110,ARK: Survival Evolved,2021-04-14,333144,86136,419280,204,23,227,0.794562
346110,ARK: Survival Evolved,2021-04-15,333257,86135,419392,113,-1,112,0.794619
346110,ARK: Survival Evolved,2021-04-16,333443,86150,419593,186,15,201,0.794682
346110,ARK: Survival Evolved,2021-04-17,333561,86158,419719,118,8,126,0.794725
346110,ARK: Survival Evolved,2021-04-18,333683,86167,419850,122,9,131,0.794767
346110,ARK: Survival Evolved,2021-04-19,333873,86184,420057,190,17,207,0.794828
346110,ARK: Survival Evolved,2021-04-20,333980,86185,420165,107,1,108,0.794878
346110,ARK: Survival Evolved,2021-04-21,334154,86203,420357,174,18,192,0.794929
346110,ARK: Survival Evolved,2021-04-22,334277,86201,420478,123,-2,121,0.794993
346110,ARK: Survival Evolved,2021-04-23,334382,86206,420588,105,5,110,0.795035
346110,ARK: Survival Evolved,2021-04-24,334646,86222,420868,264,16,280,0.795133
346110,ARK: Survival Evolved,2021-04-25,334787,86227,421014,141,5,146,0.795192
346110,ARK: Survival Evolved,2021-04-26,334991,86240,421231,204,13,217,0.795267
346110,ARK: Survival Evolved,2021-04-27,335061,86243,421304,70,3,73,0.795295
346110,ARK: Survival Evolved,2021-04-28,335160,86249,421409,99,6,105,0.795332
346110,ARK: Survival Evolved,2021-04-29,335367,86255,421622,207,6,213,0.795421
346110,ARK: Survival Evolved,2021-04-30,335483,86253,421736,116,-2,114,0.795481
346110,ARK: Survival Evolved,2021-05-01,335673,86263,421936,190,10,200,0.795554
346110,ARK: Survival Evolved,2021-05-02,335797,86273,422070,124,10,134,0.795596
346110,ARK: Survival Evolved,2021-05-03,336025,86282,422307,228,9,237,0.795689
346110,ARK: Survival Evolved,2021-05-04,336142,86288,422430,117,6,123,0.795734
346110,ARK: Survival Evolved,2021-05-05,336259,86293,422552,117,5,122,0.795781
346110,ARK: Survival Evolved,2021-05-06,336428,86302,422730,169,9,178,0.795846
346110,ARK: Survival Evolved,2021-05-07,336513,86315,422828,85,13,98,0.795863
346110,ARK: Survival Evolved,2021-05-08,336684,86324,423008,171,9,180,0.795928
346110,ARK: Survival Evolved,2021-05-09,336798,86326,423124,114,2,116,0.795979
346110,ARK: Survival Evolved,2021-05-10,336962,86341,423303,164,15,179,0.79603
346110,ARK: Survival Evolved,2021-05-11,337070,86346,423416,108,5,113,0.796073
346110,ARK: Survival Evolved,2021-05-12,337258,86358,423616,188,12,200,0.796141
346110,ARK: Survival Evolved,2021-05-13,337333,86366,423699,75,8,83,0.796162
346110,ARK: Survival Evolved,2021-05-14,337498,86388,423886,165,22,187,0.7962
346110,ARK: Survival Evolved,2021-05-15,337597,86395,423992,99,7,106,0.796234
346110,ARK: Survival Evolved,2021-05-16,337836,86406,424242,239,11,250,0.796329
346110,ARK: Survival Evolved,2021-05-17,337948,86420,424368,112,14,126,0.796356
346110,ARK: Survival Evolved,2021-05-18,338076,86426,424502,128,6,134,0.796406
346110,ARK: Survival Evolved,2021-05-19,338255,86436,424691,179,10,189,0.796473
346110,ARK: Survival Evolved,2021-05-20,338376,86448,424824,121,12,133,0.796509
346110,ARK: Survival Evolved,2021-05-21,338536,86452,424988,160,4,164,0.796578
346110,ARK: Survival Evolved,2021-05-22,338645,86465,425110,109,13,122,0.796606
346110,ARK: Survival Evolved,2021-05-23,338819,86490,425309,174,25,199,0.796642
346110,ARK: Survival Evolved,2021-05-24,338936,86501,425437,117,11,128,0.796677
346110,ARK: Survival Evolved,2021-05-25,339079,86511,425590,143,10,153,0.796727
346110,ARK: Survival Evolved,2021-05-26,339191,86526,425717,112,15,127,0.796752
346110,ARK: Survival Evolved,2021-05-27,339410,86541,425951,219,15,234,0.796829
346110,ARK: Survival Evolved,2021-05-28,339634,86560,426194,224,19,243,0.7969
346110,ARK: Survival Evolved,2021-05-29,339914,86588,426502,280,28,308,0.796981
346110,ARK: Survival Evolved,2021-05-30,340457,86665,427122,543,77,620,0.797095
346110,ARK: Survival Evolved,2021-05-31,340750,86690,427440,293,25,318,0.797188
346110,ARK: Survival Evolved,2021-06-01,341326,86727,428053,576,37,613,0.797392
346110,ARK: Survival Evolved,2021-06-02,341676,86774,428450,350,47,397,0.79747
346110,ARK: Survival Evolved,2021-06-03,342172,86825,428997,496,51,547,0.797609
346110,ARK: Survival Evolved,2021-06-04,343755,87068,430823,1583,243,1826,0.797903
346110,ARK: Survival Evolved,2021-06-05,344469,87176,431645,714,108,822,0.798038
346110,ARK: Survival Evolved,2021-06-06,345850,87426,433276,1381,250,1631,0.798221
346110,ARK: Survival Evolved,2021-06-07,346399,87495,433894,549,69,618,0.798349
346110,ARK: Survival Evolved,2021-06-08,347197,87559,434756,798,64,862,0.798602
346110,ARK: Survival Evolved,2021-06-09,348031,87672,435703,834,113,947,0.79878
346110,ARK: Survival Evolved,2021-06-10,348449,87725,436174,418,53,471,0.798876
346110,ARK: Survival Evolved,2021-06-11,349320,87818,437138,871,93,964,0.799107
346110,ARK: Survival Evolved,2021-06-12,349707,87863,437570,387,45,432,0.799202
346110,ARK: Survival Evolved,2021-06-13,350211,87897,438108,504,34,538,0.799371
346110,ARK: Survival Evolved,2021-06-14,350783,87966,438749,572,69,641,0.799507
346110,ARK: Survival Evolved,2021-06-15,351031,88002,439033,248,36,284,0.799555
346110,ARK: Survival Evolved,2021-06-16,351554,88054,439608,523,52,575,0.799699
346110,ARK: Survival Evolved,2021-06-17,351829,88084,439913,275,30,305,0.799769
346110,ARK: Survival Evolved,2021-06-18,352059,88108,440167,230,24,254,0.799831
346110,ARK: Survival Evolved,2021-06-19,352554,88163,440717,495,55,550,0.799956
346110,ARK: Survival Evolved,2021-06-20,352780,88195,440975,226,32,258,0.8
346110,ARK: Survival Evolved,2021-06-21,353245,88241,441486,465,46,511,0.800127
346110,ARK: Survival Evolved,2021-06-22,353436,88277,441713,191,36,227,0.800149
346110,ARK: Survival Evolved,2021-06-23,353659,88303,441962,223,26,249,0.800202
346110,ARK: Survival Evolved,2021-06-24,353993,88332,442325,334,29,363,0.800301
346110,ARK: Survival Evolved,2021-06-25,354203,88355,442558,210,23,233,0.800354
346110,ARK: Survival Evolved,2021-06-26,354733,88390,443123,530,35,565,0.800529
346110,ARK: Survival Evolved,2021-06-27,355011,88436,443447,278,46,324,0.800571
346110,ARK: Survival Evolved,2021-06-28,355285,88463,443748,274,27,301,0.800646
346110,ARK: Survival Evolved,2021-06-29,355712,88512,444224,427,49,476,0.800749
346110,ARK: Survival Evolved,2021-06-30,355940,88535,444475,228,23,251,0.80081
346110,ARK: Survival Evolved,2021-07-01,356245,88567,444812,305,32,337,0.800889
346110,ARK: Survival Evolved,2021-07-02,356859,88595,445454,614,28,642,0.801113
346110,ARK: Survival Evolved,2021-07-03,357165,88626,445791,306,31,337,0.801194
346110,ARK: Survival Evolved,2021-07-04,357642,88685,446327,477,59,536,0.8013
346110,ARK: Survival Evolved,2021-07-05,357829,88710,446539,187,25,212,0.801339
346110,ARK: Survival Evolved,2021-07-06,358287,88763,447050,458,53,511,0.801447
346110,ARK: Survival Evolved,2021-07-07,358476,88791,447267,189,28,217,0.801481
346110,ARK: Survival Evolved,2021-07-08,358681,88831,447512,205,40,245,0.8015
346110,ARK: Survival Evolved,2021-07-09,359046,88871,447917,365,40,405,0.80159
346110,ARK: Survival Evolved,2021-07-10,359244,88895,448139,198,24,222,0.801635
346110,ARK: Survival Evolved,2021-07-11,359650,88960,448610,406,65,471,0.801699
346110,ARK: Survival Evolved,2021-07-12,359812,88980,448792,162,20,182,0.801734
346110,ARK: Survival Evolved,2021-07-13,359988,88993,448981,176,13,189,0.801789
346110,ARK: Survival Evolved,2021-07-14,360316,89017,449333,328,24,352,0.801891
346110,ARK: Survival Evolved,2021-07-15,360495,89031,449526,179,14,193,0.801945
346110,ARK: Survival Evolved,2021-07-16,360968,89083,450051,473,52,525,0.80206
346110,ARK: Survival Evolved,2021-07-17,361202,89107,450309,234,24,258,0.80212
346110,ARK: Survival Evolved,2021-07-18,361393,89125,450518,191,18,209,0.802172
346110,ARK: Survival Evolved,2021-07-19,361669,89145,450814,276,20,296,0.802258
346110,ARK: Survival Evolved,2021-07-20,361834,89164,450998,165,19,184,0.802296
346110,ARK: Survival Evolved,2021-07-21,362112,89179,451291,278,15,293,0.802391
346110,ARK: Survival Evolved,2021-07-22,362257,89193,451450,145,14,159,0.80243
346110,ARK: Survival Evolved,2021-07-23,362589,89233,451822,332,40,372,0.802504
346110,ARK: Survival Evolved,2021-07-24,362741,89248,451989,152,15,167,0.802544
346110,ARK: Survival Evolved,2021-07-25,363021,89257,452278,280,9,289,0.80265
346110,ARK: Survival Evolved,2021-07-26,363111,89273,452384,90,16,106,0.802661
346110,ARK: Survival Evolved,2021-07-27,363351,89302,452653,240,29,269,0.802714
346110,ARK: Survival Evolved,2021-07-28,363473,89319,452792,122,17,139,0.802737
346110,ARK: Survival Evolved,2021-07-29,363631,89338,452969,158,19,177,0.802772
346110,ARK: Survival Evolved,2021-07-30,363947,89356,453303,316,18,334,0.802878
346110,ARK: Survival Evolved,2021-07-31,364091,89378,453469,144,22,166,0.802902
346110,ARK: Survival Evolved,2021-08-01,364422,89412,453834,331,34,365,0.802985
346110,ARK: Survival Evolved,2021-08-02,364618,89429,454047,196,17,213,0.80304
346110,ARK: Survival Evolved,2021-08-03,364866,89456,454322,248,27,275,0.8031
346110,ARK: Survival Evolved,2021-08-04,365198,89502,454700,332,46,378,0.803163
346110,ARK: Survival Evolved,2021-08-05,365392,89519,454911,194,17,211,0.803216
346110,ARK: Survival Evolved,2021-08-06,365809,89573,455382,417,54,471,0.803301
346110,ARK: Survival Evolved,2021-08-07,365961,89594,455555,152,21,173,0.80333
346110,ARK: Survival Evolved,2021-08-08,366137,89615,455752,176,21,197,0.803369
346110,ARK: Survival Evolved,2021-08-09,366420,89656,456076,283,41,324,0.803419
346110,ARK: Survival Evolved,2021-08-10,366586,89674,456260,166,18,184,0.803459
346110,ARK: Survival Evolved,2021-08-11,366869,89696,456565,283,22,305,0.803542
346110,ARK: Survival Evolved,2021-08-12,367059,89718,456777,190,22,212,0.803585
346110,ARK: Survival Evolved,2021-08-13,367255,89731,456986,196,13,209,0.803646
346110,ARK: Survival Evolved,2021-08-14,367554,89763,457317,299,32,331,0.803718
346110,ARK: Survival Evolved,2021-08-15,367699,89779,457478,145,16,161,0.803752
346110,ARK: Survival Evolved,2021-08-16,367856,89786,457642,157,7,164,0.803807
346110,ARK: Survival Evolved,2021-08-17,368129,89803,457932,273,17,290,0.803894
346110,ARK: Survival Evolved,2021-08-18,368307,89825,458132,178,22,200,0.803932
346110,ARK: Survival Evolved,2021-08-19,368510,89844,458354,203,19,222,0.803986
346110,ARK: Survival Evolved,2021-08-20,368806,89878,458684,296,34,330,0.804052
346110,ARK: Survival Evolved,2021-08-21,368937,89895,458832,131,17,148,0.804079
346110,ARK: Survival Evolved,2021-08-22,369124,89907,459031,187,12,199,0.804137
346110,ARK: Survival Evolved,2021-08-23,369296,89922,459218,172,15,187,0.804185
346110,ARK: Survival Evolved,2021-08-24,369454,89934,459388,158,12,170,0.804231
346110,ARK: Survival Evolved,2021-08-25,369781,89974,459755,327,40,367,0.8043
346110,ARK: Survival Evolved,2021-08-26,369937,89993,459930,156,19,175,0.804333
346110,ARK: Survival Evolved,2021-08-27,370092,89999,460091,155,6,161,0.804389
346110,ARK: Survival Evolved,2021-08-28,370255,90009,460264,163,10,173,0.80444
346110,ARK: Survival Evolved,2021-08-29,370437,90023,460460,182,14,196,0.804493
346110,ARK: Survival Evolved,2021-08-30,370634,90035,460669,197,12,209,0.804556
346110,ARK: Survival Evolved,2021-08-31,370853,90059,460912,219,24,243,0.804607
346110,ARK: Survival Evolved,2021-09-01,371112,90069,461181,259,10,269,0.804699
346110,ARK: Survival Evolved,2021-09-02,371314,90087,461401,202,18,220,0.804753
346110,ARK: Survival Evolved,2021-09-03,371566,90113,461679,252,26,278,0.804815
346110,ARK: Survival Evolved,2021-09-04,371689,90122,461811,123,9,132,0.804851
346110,ARK: Survival Evolved,2021-09-05,371830,90142,461972,141,20,161,0.804876
346110,ARK: Survival Evolved,2021-09-06,371964,90145,462109,134,3,137,0.804927
346110,ARK: Survival Evolved,2021-09-07,372114,90146,462260,150,1,151,0.804989
346110,ARK: Survival Evolved,2021-09-08,372239,90154,462393,125,8,133,0.805027
346110,ARK: Survival Evolved,2021-09-09,372580,90172,462752,341,18,359,0.80514
346110,ARK: Survival Evolved,2021-09-10,372700,90189,462889,120,17,137,0.805161
346110,ARK: Survival Evolved,2021-09-11,372846,90198,463044,146,9,155,0.805206
346110,ARK: Survival Evolved,2021-09-12,372985,90214,463199,139,16,155,0.805237
346110,ARK: Survival Evolved,2021-09-13,373136,90226,463362,151,12,163,0.80528
346110,ARK: Survival Evolved,2021-09-14,373267,90236,463503,131,10,141,0.805317
346110,ARK: Survival Evolved,2021-09-15,373387,90245,463632,120,9,129,0.805352
346110,ARK: Survival Evolved,2021-09-16,373637,90264,463901,250,19,269,0.805424
346110,ARK: Survival Evolved,2021-09-17,373755,90266,464021,118,2,120,0.80547
346110,ARK: Survival Evolved,2021-09-18,373928,90267,464195,173,1,174,0.805541
346110,ARK: Survival Evolved,2021-09-19,374095,90284,464379,167,17,184,0.805581
346110,ARK: Survival Evolved,2021-09-20,374260,90312,464572,165,28,193,0.805602
346110,ARK: Survival Evolved,2021-09-21,374438,90320,464758,178,8,186,0.805662
346110,ARK: Survival Evolved,2021-09-22,374588,90329,464917,150,9,159,0.805709
346110,ARK: Survival Evolved,2021-09-23,374714,90333,465047,126,4,130,0.805755
346110,ARK: Survival Evolved,2021-09-24,374819,90340,465159,105,7,112,0.805787
346110,ARK: Survival Evolved,2021-09-25,375094,90359,465453,275,19,294,0.805869
346110,ARK: Survival Evolved,2021-09-26,375235,90369,465604,141,10,151,0.80591
346110,ARK: Survival Evolved,2021-09-27,375350,90384,465734,115,15,130,0.805932
346110,ARK: Survival Evolved,2021-09-28,375459,90376,465835,109,-8,101,0.805991
346110,ARK: Survival Evolved,2021-09-29,375561,90385,465946,102,9,111,0.806018
346110,ARK: Survival Evolved,2021-09-30,375662,90392,466054,101,7,108,0.806048
346110,ARK: Survival Evolved,2021-10-01,375760,90401,466161,98,9,107,0.806073
346110,ARK: Survival Evolved,2021-10-02,375876,90416,466292,116,15,131,0.806096
346110,ARK: Survival Evolved,2021-10-03,376210,90437,466647,334,21,355,0.806198
346110,ARK: Survival Evolved,2021-10-04,376319,90442,466761,109,5,114,0.806235
346110,ARK: Survival Evolved,2021-10-05,376418,90449,466867,99,7,106,0.806264
346110,ARK: Survival Evolved,2021-10-06,376533,90456,466989,115,7,122,0.8063
346110,ARK: Survival Evolved,2021-10-07,376629,90463,467092,96,7,103,0.806327
346110,ARK: Survival Evolved,2021-10-08,376718,90465,467183,89,2,91,0.806361
346110,ARK: Survival Evolved,2021-10-09,376835,90472,467307,117,7,124,0.806397
346110,ARK: Survival Evolved,2021-10-10,377145,90490,467635,310,18,328,0.806494
346110,ARK: Survival Evolved,2021-10-11,377246,90500,467746,101,10,111,0.806519
346110,ARK: Survival Evolved,2021-10-12,377370,90499,467869,124,-1,123,0.806572
346110,ARK: Survival Evolved,2021-10-13,377475,90508,467983,105,9,114,0.8066
346110,ARK: Survival Evolved,2021-10-14,377636,90523,468159,161,15,176,0.80664
346110,ARK: Survival Evolved,2021-10-15,377821,90529,468350,185,6,191,0.806707
346110,ARK: Survival Evolved,2021-10-16,377991,90536,468527,170,7,177,0.806765
346110,ARK: Survival Evolved,2021-10-17,378150,90555,468705,159,19,178,0.806797
346110,ARK: Survival Evolved,2021-10-18,378315,90558,468873,165,3,168,0.80686
346110,ARK: Survival Evolved,2021-10-19,378419,90554,468973,104,-4,100,0.80691
346110,ARK: Survival Evolved,2021-10-20,378619,90566,469185,200,12,212,0.806972
346110,ARK: Survival Evolved,2021-10-21,378752,90575,469327,133,9,142,0.807011
346110,ARK: Survival Evolved,2021-10-22,378856,90586,469442,104,11,115,0.807035
346110,ARK: Survival Evolved,2021-10-23,379004,90592,469596,148,6,154,0.807085
346110,ARK: Survival Evolved,2021-10-24,379151,90612,469763,147,20,167,0.807111
346110,ARK: Survival Evolved,2021-10-25,379307,90618,469925,156,6,162,0.807165
346110,ARK: Survival Evolved,2021-10-26,379549,90640,470189,242,22,264,0.807226
346110,ARK: Survival Evolved,2021-10-27,379717,90655,470372,168,15,183,0.80727
346110,ARK: Survival Evolved,2021-10-28,379809,90660,470469,92,5,97,0.807299
346110,ARK: Survival Evolved,2021-10-29,379930,90673,470603,121,13,134,0.807326
346110,ARK: Survival Evolved,2021-10-30,380140,90678,470818,210,5,215,0.807403
346110,ARK: Survival Evolved,2021-10-31,380423,90705,471128,283,27,310,0.807473
346110,ARK: Survival Evolved,2021-11-01,380682,90718,471400,259,13,272,0.807556
346110,ARK: Survival Evolved,2021-11-02,380905,90751,471656,223,33,256,0.807591
346110,ARK: Survival Evolved,2021-11-03,381257,90784,472041,352,33,385,0.807678
346110,ARK: Survival Evolved,2021-11-04,381424,90800,472224,167,16,183,0.807718
346110,ARK: Survival Evolved,2021-11-05,381573,90807,472380,149,7,156,0.807767
346110,ARK: Survival Evolved,2021-11-06,381746,90828,472574,173,21,194,0.807802
346110,ARK: Survival Evolved,2021-11-07,381916,90851,472767,170,23,193,0.807831
346110,ARK: Survival Evolved,2021-11-08,382046,90865,472911,130,14,144,0.80786
346110,ARK: Survival Evolved,2021-11-09,382180,90865,473045,134,0,134,0.807915
346110,ARK: Survival Evolved,2021-11-10,382323,90873,473196,143,8,151,0.807959
346110,ARK: Survival Evolved,2021-11-11,382439,90886,473325,116,13,129,0.807984
346110,ARK: Survival Evolved,2021-11-12,382688,90893,473581,249,7,256,0.808073
346110,ARK: Survival Evolved,2021-11-13,382871,90908,473779,183,15,198,0.808122
346110,ARK: Survival Evolved,2021-11-14,383032,90918,473950,161,10,171,0.80817
346110,ARK: Survival Evolved,2021-11-15,383185,90925,474110,153,7,160,0.80822
346110,ARK: Survival Evolved,2021-11-16,383296,90936,474232,111,11,122,0.808246
346110,ARK: Survival Evolved,2021-11-17,383425,90947,474372,129,11,140,0.808279
346110,ARK: Survival Evolved,2021-11-18,383639,90949,474588,214,2,216,0.808362
346110,ARK: Survival Evolved,2021-11-19,383724,90954,474678,85,5,90,0.808388
346110,ARK: Survival Evolved,2021-11-20,383864,90964,474828,140,10,150,0.808427
346110,ARK: Survival Evolved,2021-11-21,384058,90989,475047,194,25,219,0.808463
346110,ARK: Survival Evolved,2021-11-22,384232,91003,475235,174,14,188,0.808509
346110,ARK: Survival Evolved,2021-11-23,384366,91013,475379,134,10,144,0.808546
346110,ARK: Survival Evolved,2021-11-24,384586,91025,475611,220,12,232,0.808615
346110,ARK: Survival Evolved,2021-11-25,384945,91044,475989,359,19,378,0.808727
346110,ARK: Survival Evolved,2021-11-26,385337,91059,476396,392,15,407,0.808859
346110,ARK: Survival Evolved,2021-11-27,385674,91061,476735,337,2,339,0.80899
346110,ARK: Survival Evolved,2021-11-28,386427,91104,477531,753,43,796,0.809219
346110,ARK: Survival Evolved,2021-11-29,386748,91112,477860,321,8,329,0.809333
346110,ARK: Survival Evolved,2021-11-30,387162,91124,478286,414,12,426,0.809478
346110,ARK: Survival Evolved,2021-12-01,387449,91144,478593,287,20,307,0.809558
346110,ARK: Survival Evolved,2021-12-02,387650,91166,478816,201,22,223,0.809601
346110,ARK: Survival Evolved,2021-12-03,387845,91175,479020,195,9,204,0.809663
346110,ARK: Survival Evolved,2021-12-04,388038,91191,479229,193,16,209,0.809713
346110,ARK: Survival Evolved,2021-12-05,388258,91207,479465,220,16,236,0.809773
346110,ARK: Survival Evolved,2021-12-06,388469,91226,479695,211,19,230,0.809825
346110,ARK: Survival Evolved,2021-12-07,388725,91242,479967,256,16,272,0.809899
346110,ARK: Survival Evolved,2021-12-08,388868,91276,480144,143,34,177,0.809899
346110,ARK: Survival Evolved,2021-12-09,389007,91307,480314,139,31,170,0.809901
346110,ARK: Survival Evolved,2021-12-10,389195,91342,480537,188,35,223,0.809917
346110,ARK: Survival Evolved,2021-12-11,389357,91373,480730,162,31,193,0.809929
346110,ARK: Survival Evolved,2021-12-12,389558,91393,480951,201,20,221,0.809974
346110,ARK: Survival Evolved,2021-12-13,389760,91415,481175,202,22,224,0.810017
346110,ARK: Survival Evolved,2021-12-14,390104,91430,481534,344,15,359,0.810128
346110,ARK: Survival Evolved,2021-12-15,390571,91453,482024,467,23,490,0.810273
346110,ARK: Survival Evolved,2021-12-16,390925,91501,482426,354,48,402,0.810332
346110,ARK: Survival Evolved,2021-12-17,391252,91549,482801,327,48,375,0.810379
346110,ARK: Survival Evolved,2021-12-18,391605,91611,483216,353,62,415,0.810414
346110,ARK: Survival Evolved,2021-12-19,392043,91674,483717,438,63,501,0.81048
346110,ARK: Survival Evolved,2021-12-20,392472,91730,484202,429,56,485,0.810554
346110,ARK: Survival Evolved,2021-12-21,392983,91776,484759,511,46,557,0.810677
346110,ARK: Survival Evolved,2021-12-22,393384,91823,485207,401,47,448,0.810755
346110,ARK: Survival Evolved,2021-12-23,394142,91886,486028,758,63,821,0.810945
346110,ARK: Survival Evolved,2021-12-24,394498,91916,486414,356,30,386,0.811033
346110,ARK: Survival Evolved,2021-12-25,394802,91935,486737,304,19,323,0.81112
346110,ARK: Survival Evolved,2021-12-26,395235,91971,487206,433,36,469,0.811228
346110,ARK: Survival Evolved,2021-12-27,395706,92006,487712,471,35,506,0.811352
346110,ARK: Survival Evolved,2021-12-28,396192,92043,488235,486,37,523,0.811478
346110,ARK: Survival Evolved,2021-12-29,396722,92071,488793,530,28,558,0.811636
346110,ARK: Survival Evolved,2021-12-30,396722,92071,488793,0,0,0,0.811636
346110,ARK: Survival Evolved,2021-12-31,397200,92109,489309,478,38,516,0.811757
346110,ARK: Survival Evolved,2022-01-01,397200,92109,489309,0,0,0,0.811757
346110,ARK: Survival Evolved,2022-01-02,398057,92180,490237,857,71,928,0.811968
346110,ARK: Survival Evolved,2022-01-03,398482,92207,490689,425,27,452,0.812087
346110,ARK: Survival Evolved,2022-01-04,398832,92233,491065,350,26,376,0.812178
346110,ARK: Survival Evolved,2022-01-05,399142,92260,491402,310,27,337,0.812251
346110,ARK: Survival Evolved,2022-01-06,399644,92305,491949,502,45,547,0.812369
346110,ARK: Survival Evolved,2022-01-07,400362,92391,492753,718,86,804,0.8125
346110,ARK: Survival Evolved,2022-01-08,400654,92431,493085,292,40,332,0.812546
346110,ARK: Survival Evolved,2022-01-09,400950,92455,493405,296,24,320,0.812618
346110,ARK: Survival Evolved,2022-01-10,401245,92478,493723,295,23,318,0.812693
346110,ARK: Survival Evolved,2022-01-11,401502,92496,493998,257,18,275,0.81276
346110,ARK: Survival Evolved,2022-01-12,401726,92515,494241,224,19,243,0.812814
346110,ARK: Survival Evolved,2022-01-13,401942,92533,494475,216,18,234,0.812866
346110,ARK: Survival Evolved,2022-01-14,402168,92536,494704,226,3,229,0.812947
346110,ARK: Survival Evolved,2022-01-15,402414,92550,494964,246,14,260,0.813017
346110,ARK: Survival Evolved,2022-01-16,402693,92568,495261,279,18,297,0.813092
346110,ARK: Survival Evolved,2022-01-17,402977,92588,495565,284,20,304,0.813167
346110,ARK: Survival Evolved,2022-01-18,403223,92612,495835,246,24,270,0.81322
346110,ARK: Survival Evolved,2022-01-19,403664,92627,496291,441,15,456,0.813362
346110,ARK: Survival Evolved,2022-01-20,403941,92636,496577,277,9,286,0.813451
346110,ARK: Survival Evolved,2022-01-21,404168,92652,496820,227,16,243,0.81351
346110,ARK: Survival Evolved,2022-01-22,404391,92674,497065,223,22,245,0.813558
346110,ARK: Survival Evolved,2022-01-23,404628,92692,497320,237,18,255,0.813617
346110,ARK: Survival Evolved,2022-01-24,404926,92718,497644,298,26,324,0.813686
346110,ARK: Survival Evolved,2022-01-25,405131,92738,497869,205,20,225,0.81373
346110,ARK: Survival Evolved,2022-01-26,405349,92757,498106,218,19,237,0.813781
346110,ARK: Survival Evolved,2022-01-27,405553,92770,498323,204,13,217,0.813836
346110,ARK: Survival Evolved,2022-01-28,405780,92782,498562,227,12,239,0.813901
346110,ARK: Survival Evolved,2022-01-29,406046,92804,498850,266,22,288,0.813964
346110,ARK: Survival Evolved,2022-01-30,406422,92832,499254,376,28,404,0.814059
346110,ARK: Survival Evolved,2022-01-31,406781,92866,499647,359,34,393,0.814137
346110,ARK: Survival Evolved,2022-02-01,406987,92889,499876,206,23,229,0.814176
346110,ARK: Survival Evolved,2022-02-02,407230,92909,500139,243,20,263,0.814234
346110,ARK: Survival Evolved,2022-02-03,407479,92939,500418,249,30,279,0.814277
346110,ARK: Survival Evolved,2022-02-04,407728,92947,500675,249,8,257,0.814357
346110,ARK: Survival Evolved,2022-02-05,407959,92957,500916,231,10,241,0.814426
346110,ARK: Survival Evolved,2022-02-06,408250,92969,501219,291,12,303,0.814514
346110,ARK: Survival Evolved,2022-02-07,408474,92980,501454,224,11,235,0.814579
346110,ARK: Survival Evolved,2022-02-08,408654,92996,501650,180,16,196,0.81462
346110,ARK: Survival Evolved,2022-02-09,408849,92998,501847,195,2,197,0.814689
346110,ARK: Survival Evolved,2022-02-10,409146,93003,502149,297,5,302,0.81479
346110,ARK: Survival Evolved,2022-02-11,409367,93010,502377,221,7,228,0.81486
346110,ARK: Survival Evolved,2022-02-12,409557,93035,502592,190,25,215,0.81489
346110,ARK: Survival Evolved,2022-02-13,409814,93048,502862,257,13,270,0.814963
346110,ARK: Survival Evolved,2022-02-14,409999,93062,503061,185,14,199,0.815009
346110,ARK: Survival Evolved,2022-02-15,410142,93075,503217,143,13,156,0.81504
346110,ARK: Survival Evolved,2022-02-16,410285,93091,503376,143,16,159,0.815067
346110,ARK: Survival Evolved,2022-02-17,410609,93112,503721,324,21,345,0.815152
346110,ARK: Survival Evolved,2022-02-18,410751,93128,503879,142,16,158,0.815178
346110,ARK: Survival Evolved,2022-02-19,410947,93135,504082,196,7,203,0.815238
346110,ARK: Survival Evolved,2022-02-20,411113,93166,504279,166,31,197,0.815249
346110,ARK: Survival Evolved,2022-02-21,411283,93161,504444,170,-5,165,0.815319
346110,ARK: Survival Evolved,2022-02-22,411283,93161,504444,0,0,0,0.815319
346110,ARK: Survival Evolved,2022-02-23,411701,93181,504882,418,20,438,0.81544
346110,ARK: Survival Evolved,2022-02-24,411852,93195,505047,151,14,165,0.815473
346110,ARK: Survival Evolved,2022-02-25,412005,93204,505209,153,9,162,0.815514
346110,ARK: Survival Evolved,2022-02-26,412172,93222,505394,167,18,185,0.815546
346110,ARK: Survival Evolved,2022-02-27,412351,93231,505582,179,9,188,0.815597
346110,ARK: Survival Evolved,2022-02-28,412475,93237,505712,124,6,130,0.815632
346110,ARK: Survival Evolved,2022-03-01,412599,93240,505839,124,3,127,0.815673
346110,ARK: Survival Evolved,2022-03-02,412710,93254,505964,111,14,125,0.81569
346110,ARK: Survival Evolved,2022-03-03,412826,93270,506096,116,16,132,0.815707
346110,ARK: Survival Evolved,2022-03-04,413039,93281,506320,213,11,224,0.815767
346110,ARK: Survival Evolved,2022-03-05,413234,93308,506542,195,27,222,0.815794
346110,ARK: Survival Evolved,2022-03-06,413436,93320,506756,202,12,214,0.815848
346110,ARK: Survival Evolved,2022-03-07,413603,93326,506929,167,6,173,0.815899
346110,ARK: Survival Evolved,2022-03-08,413725,93332,507057,122,6,128,0.815934
346110,ARK: Survival Evolved,2022-03-09,413856,93336,507192,131,4,135,0.815975
346110,ARK: Survival Evolved,2022-03-10,414111,93343,507454,255,7,262,0.816056
346110,ARK: Survival Evolved,2022-03-11,414270,93342,507612,159,-1,158,0.816115
346110,ARK: Survival Evolved,2022-03-12,414446,93355,507801,176,13,189,0.816158
346110,ARK: Survival Evolved,2022-03-13,414647,93371,508018,201,16,217,0.816205
346110,ARK: Survival Evolved,2022-03-14,414759,93387,508146,112,16,128,0.81622
346110,ARK: Survival Evolved,2022-03-15,414899,93396,508295,140,9,149,0.816256
346110,ARK: Survival Evolved,2022-03-16,415034,93403,508437,135,7,142,0.816294
346110,ARK: Survival Evolved,2022-03-17,415172,93411,508583,138,8,146,0.816331
346110,ARK: Survival Evolved,2022-03-18,415283,93407,508690,111,-4,107,0.816377
346110,ARK: Survival Evolved,2022-03-19,415415,93413,508828,132,6,138,0.816415
346110,ARK: Survival Evolved,2022-03-20,415592,93423,509015,177,10,187,0.816463
346110,ARK: Survival Evolved,2022-03-21,415755,93437,509192,163,14,177,0.816499
346110,ARK: Survival Evolved,2022-03-22,415866,93449,509315,111,12,123,0.81652
346110,ARK: Survival Evolved,2022-03-23,415983,93457,509440,117,8,125,0.81655
346110,ARK: Survival Evolved,2022-03-24,416108,93470,509578,125,13,138,0.816574
346110,ARK: Survival Evolved,2022-03-25,416225,93491,509716,117,21,138,0.816582
346110,ARK: Survival Evolved,2022-03-26,416343,93492,509835,118,1,119,0.816623
346110,ARK: Survival Evolved,2022-03-27,416473,93504,509977,130,12,142,0.816651
346110,ARK: Survival Evolved,2022-03-28,416619,93511,510130,146,7,153,0.816692
346110,ARK: Survival Evolved,2022-03-29,416854,93539,510393,235,28,263,0.816731
346110,ARK: Survival Evolved,2022-03-30,416966,93551,510517,112,12,124,0.816752
346110,ARK: Survival Evolved,2022-03-31,417098,93557,510655,132,6,138,0.81679
346110,ARK: Survival Evolved,2022-04-01,417209,93564,510773,111,7,118,0.816819
346110,ARK: Survival Evolved,2022-04-02,417357,93579,510936,148,15,163,0.816848
346110,ARK: Survival Evolved,2022-04-03,417508,93601,511109,151,22,173,0.816867
346110,ARK: Survival Evolved,2022-04-04,417651,93601,511252,143,0,143,0.816918
346110,ARK: Survival Evolved,2022-04-05,417788,93609,511397,137,8,145,0.816954
346110,ARK: Survival Evolved,2022-04-06,417930,93614,511544,142,5,147,0.816997
346110,ARK: Survival Evolved,2022-04-07,418058,93630,511688,128,16,144,0.817017
346110,ARK: Survival Evolved,2022-04-08,418183,93636,511819,125,6,131,0.817053
346110,ARK: Survival Evolved,2022-04-09,418346,93636,511982,163,0,163,0.817111
346110,ARK: Survival Evolved,2022-04-10,418551,93652,512203,205,16,221,0.817158
346110,ARK: Survival Evolved,2022-04-11,418731,93667,512398,180,15,195,0.817199
346110,ARK: Survival Evolved,2022-04-12,418948,93680,512628,217,13,230,0.817255
346110,ARK: Survival Evolved,2022-04-13,419362,93708,513070,414,28,442,0.817358
346110,ARK: Survival Evolved,2022-04-14,419585,93722,513307,223,14,237,0.817415
346110,ARK: Survival Evolved,2022-04-15,419808,93741,513549,223,19,242,0.817464
346110,ARK: Survival Evolved,2022-04-16,420066,93759,513825,258,18,276,0.817527
346110,ARK: Survival Evolved,2022-04-17,420340,93797,514137,274,38,312,0.817564
346110,ARK: Survival Evolved,2022-04-18,420602,93822,514424,262,25,287,0.817617
346110,ARK: Survival Evolved,2022-04-19,420905,93838,514743,303,16,319,0.817699
346110,ARK: Survival Evolved,2022-04-20,421191,93852,515043,286,14,300,0.817778
346110,ARK: Survival Evolved,2022-04-21,421472,93872,515344,281,20,301,0.817846
346110,ARK: Survival Evolved,2022-04-22,421714,93879,515593,242,7,249,0.81792
346110,ARK: Survival Evolved,2022-04-23,421965,93900,515865,251,21,272,0.817976
346110,ARK: Survival Evolved,2022-04-24,422304,93914,516218,339,14,353,0.818073
346110,ARK: Survival Evolved,2022-04-25,422870,93955,516825,566,41,607,0.818207
346110,ARK: Survival Evolved,2022-04-26,423076,93971,517047,206,16,222,0.818254
346110,ARK: Survival Evolved,2022-04-27,423287,93985,517272,211,14,225,0.818306
346110,ARK: Survival Evolved,2022-04-28,423456,93997,517453,169,12,181,0.818347
346110,ARK: Survival Evolved,2022-04-29,423637,94007,517644,181,10,191,0.818394
346110,ARK: Survival Evolved,2022-04-30,423838,94029,517867,201,22,223,0.81843
346110,ARK: Survival Evolved,2022-05-01,424082,94049,518131,244,20,264,0.818484
346110,ARK: Survival Evolved,2022-05-02,424297,94066,518363,215,17,232,0.818533
346110,ARK: Survival Evolved,2022-05-03,424484,94077,518561,187,11,198,0.818581
346110,ARK: Survival Evolved,2022-05-04,424658,94087,518745,174,10,184,0.818626
346110,ARK: Survival Evolved,2022-05-05,424834,94091,518925,176,4,180,0.818681
346110,ARK: Survival Evolved,2022-05-06,424993,94117,519110,159,26,185,0.818695
346110,ARK: Survival Evolved,2022-05-07,425350,94145,519495,357,28,385,0.818776
346110,ARK: Survival Evolved,2022-05-08,425573,94174,519747,223,29,252,0.818808
346110,ARK: Survival Evolved,2022-05-09,425712,94185,519897,139,11,150,0.818839
346110,ARK: Survival Evolved,2022-05-10,425880,94191,520071,168,6,174,0.818888
346110,ARK: Survival Evolved,2022-05-11,426040,94196,520236,160,5,165,0.818936
346110,ARK: Survival Evolved,2022-05-12,426165,94208,520373,125,12,137,0.818961
346110,ARK: Survival Evolved,2022-05-13,426305,94213,520518,140,5,145,0.819001
346110,ARK: Survival Evolved,2022-05-14,426448,94223,520671,143,10,153,0.819035
346110,ARK: Survival Evolved,2022-05-15,426657,94237,520894,209,14,223,0.819086
346110,ARK: Survival Evolved,2022-05-16,426840,94255,521095,183,18,201,0.819121
346110,ARK: Survival Evolved,2022-05-17,426995,94270,521265,155,15,170,0.819151
346110,ARK: Survival Evolved,2022-05-18,427171,94277,521448,176,7,183,0.819202
346110,ARK: Survival Evolved,2022-05-19,427325,94291,521616,154,14,168,0.819233
346110,ARK: Survival Evolved,2022-05-20,427446,94293,521739,121,2,123,0.819272
346110,ARK: Survival Evolved,2022-05-21,427601,94302,521903,155,9,164,0.819311
346110,ARK: Survival Evolved,2022-05-22,427817,94321,522138,216,19,235,0.819356
346110,ARK: Survival Evolved,2022-05-23,428009,94325,522334,192,4,196,0.819416
346110,ARK: Survival Evolved,2022-05-24,428164,94335,522499,155,10,165,0.819454
346110,ARK: Survival Evolved,2022-05-25,428318,94340,522658,154,5,159,0.8195
346110,ARK: Survival Evolved,2022-05-26,428470,94349,522819,152,9,161,0.819538
346110,ARK: Survival Evolved,2022-05-27,428781,94372,523153,311,23,334,0.819609
346110,ARK: Survival Evolved,2022-05-28,428948,94375,523323,167,3,170,0.819662
346110,ARK: Survival Evolved,2022-05-29,429129,94391,523520,181,16,197,0.819699
346110,ARK: Survival Evolved,2022-05-30,429283,94395,523678,154,4,158,0.819746
346110,ARK: Survival Evolved,2022-05-31,429423,94397,523820,140,2,142,0.819791
346110,ARK: Survival Evolved,2022-06-01,429558,94410,523968,135,13,148,0.819817
346110,ARK: Survival Evolved,2022-06-02,429698,94426,524124,140,16,156,0.81984
346110,ARK: Survival Evolved,2022-06-03,429860,94429,524289,162,3,165,0.819891
346110,ARK: Survival Evolved,2022-06-04,430044,94448,524492,184,19,203,0.819925
346110,ARK: Survival Evolved,2022-06-05,430221,94474,524695,177,26,203,0.819945
346110,ARK: Survival Evolved,2022-06-06,430408,94500,524908,187,26,213,0.819968
346110,ARK: Survival Evolved,2022-06-07,430541,94515,525056,133,15,148,0.819991
346110,ARK: Survival Evolved,2022-06-08,430541,94515,525056,0,0,0,0.819991
346110,ARK: Survival Evolved,2022-06-09,430833,94552,525385,292,37,329,0.820033
346110,ARK: Survival Evolved,2022-06-10,430961,94573,525534,128,21,149,0.820044
346110,ARK: Survival Evolved,2022-06-11,431127,94581,525708,166,8,174,0.820088
346110,ARK: Survival Evolved,2022-06-12,431339,94587,525926,212,6,218,0.820152
346110,ARK: Survival Evolved,2022-06-13,432249,94731,526980,910,144,1054,0.820238
346110,ARK: Survival Evolved,2022-06-14,435393,95420,530813,3144,689,3833,0.820238
346110,ARK: Survival Evolved,2022-06-15,436701,95630,532331,1308,210,1518,0.820356
346110,ARK: Survival Evolved,2022-06-16,438016,95864,533880,1315,234,1549,0.820439
346110,ARK: Survival Evolved,2022-06-17,439722,96089,535811,1706,225,1931,0.820666
346110,ARK: Survival Evolved,2022-06-18,441145,96309,537454,1423,220,1643,0.820805
346110,ARK: Survival Evolved,2022-06-19,442495,96513,539008,1350,204,1554,0.820943
346110,ARK: Survival Evolved,2022-06-20,443642,96666,540308,1147,153,1300,0.821091
346110,ARK: Survival Evolved,2022-06-21,444634,96775,541409,992,109,1101,0.821253
346110,ARK: Survival Evolved,2022-06-22,445486,96883,542369,852,108,960,0.821371
346110,ARK: Survival Evolved,2022-06-23,446149,96966,543115,663,83,746,0.821463
346110,ARK: Survival Evolved,2022-06-24,447338,97065,544403,1189,99,1288,0.821704
346110,ARK: Survival Evolved,2022-06-25,448306,97194,545500,968,129,1097,0.821826
346110,ARK: Survival Evolved,2022-06-26,449069,97336,546405,763,142,905,0.821861
346110,ARK: Survival Evolved,2022-06-27,449767,97456,547223,698,120,818,0.821908
346110,ARK: Survival Evolved,2022-06-28,450344,97524,547868,577,68,645,0.821994
346110,ARK: Survival Evolved,2022-06-29,450974,97628,548602,630,104,734,0.822042
346110,ARK: Survival Evolved,2022-06-30,451585,97680,549265,611,52,663,0.822162
346110,ARK: Survival Evolved,2022-07-01,452456,97755,550211,871,75,946,0.822332
346110,ARK: Survival Evolved,2022-07-02,453080,97830,550910,624,75,699,0.822421
346110,ARK: Survival Evolved,2022-07-03,453654,97895,551549,574,65,639,0.822509
346110,ARK: Survival Evolved,2022-07-04,454124,97935,552059,470,40,510,0.8226
346110,ARK: Survival Evolved,2022-07-05,454576,97992,552568,452,57,509,0.822661
346110,ARK: Survival Evolved,2022-07-06,455052,98047,553099,476,55,531,0.822732
346110,ARK: Survival Evolved,2022-07-07,455548,98098,553646,496,51,547,0.822815
346110,ARK: Survival Evolved,2022-07-08,456011,98130,554141,463,32,495,0.822915
346110,ARK: Survival Evolved,2022-07-09,456381,98171,554552,370,41,411,0.822972
346110,ARK: Survival Evolved,2022-07-10,456759,98210,554969,378,39,417,0.823035
346110,ARK: Survival Evolved,2022-07-11,457138,98254,555392,379,44,423,0.823091
346110,ARK: Survival Evolved,2022-07-12,457481,98298,555779,343,44,387,0.823135
346110,ARK: Survival Evolved,2022-07-13,457829,98331,556160,348,33,381,0.823197
346110,ARK: Survival Evolved,2022-07-14,458187,98366,556553,358,35,393,0.823259
346110,ARK: Survival Evolved,2022-07-15,458503,98404,556907,316,38,354,0.823303
346110,ARK: Survival Evolved,2022-07-16,459040,98450,557490,537,46,583,0.823405
346110,ARK: Survival Evolved,2022-07-17,459441,98483,557924,401,33,434,0.823483
346110,ARK: Survival Evolved,2022-07-18,459728,98512,558240,287,29,316,0.823531
346110,ARK: Survival Evolved,2022-07-19,460079,98545,558624,351,33,384,0.823593
346110,ARK: Survival Evolved,2022-07-20,460413,98580,558993,334,35,369,0.823647
346110,ARK: Survival Evolved,2022-07-21,460691,98608,559299,278,28,306,0.823694
346110,ARK: Survival Evolved,2022-07-22,460980,98642,559622,289,34,323,0.823735
346110,ARK: Survival Evolved,2022-07-23,461284,98664,559948,304,22,326,0.823798
346110,ARK: Survival Evolved,2022-07-24,461567,98701,560268,283,37,320,0.823833
346110,ARK: Survival Evolved,2022-07-25,461860,98732,560592,293,31,324,0.823879
346110,ARK: Survival Evolved,2022-07-26,462082,98764,560846,222,32,254,0.823902
346110,ARK: Survival Evolved,2022-07-27,462324,98797,561121,242,33,275,0.823929
346110,ARK: Survival Evolved,2022-07-28,462569,98834,561403,245,37,282,0.823952
346110,ARK: Survival Evolved,2022-07-29,462815,98859,561674,246,25,271,0.823992
346110,ARK: Survival Evolved,2022-07-30,463024,98891,561915,209,32,241,0.824011
346110,ARK: Survival Evolved,2022-07-31,463263,98912,562175,239,21,260,0.824055
346110,ARK: Survival Evolved,2022-08-01,463514,98941,562455,251,29,280,0.824091
346110,ARK: Survival Evolved,2022-08-02,463783,98956,562739,269,15,284,0.824153
346110,ARK: Survival Evolved,2022-08-03,464062,98988,563050,279,32,311,0.824193
346110,ARK: Survival Evolved,2022-08-04,464303,99011,563314,241,23,264,0.824235
346110,ARK: Survival Evolved,2022-08-05,464533,99028,563561,230,17,247,0.824282
346110,ARK: Survival Evolved,2022-08-06,464759,99067,563826,226,39,265,0.824295
346110,ARK: Survival Evolved,2022-08-07,465030,99096,564126,271,29,300,0.824337
346110,ARK: Survival Evolved,2022-08-08,465300,99126,564426,270,30,300,0.824377
346110,ARK: Survival Evolved,2022-08-09,465554,99148,564702,254,22,276,0.824424
346110,ARK: Survival Evolved,2022-08-10,465779,99179,564958,225,31,256,0.824449
346110,ARK: Survival Evolved,2022-08-11,465982,99191,565173,203,12,215,0.824494
346110,ARK: Survival Evolved,2022-08-12,466186,99201,565387,204,10,214,0.824543
346110,ARK: Survival Evolved,2022-08-13,466407,99222,565629,221,21,242,0.824581
346110,ARK: Survival Evolved,2022-08-14,466407,99222,565629,0,0,0,0.824581
346110,ARK: Survival Evolved,2022-08-15,466866,99266,566132,459,44,503,0.824659
346110,ARK: Survival Evolved,2022-08-16,467078,99283,566361,212,17,229,0.8247
346110,ARK: Survival Evolved,2022-08-17,467275,99304,566579,197,21,218,0.824731
346110,ARK: Survival Evolved,2022-08-18,467452,99327,566779,177,23,200,0.824752
346110,ARK: Survival Evolved,2022-08-19,467584,99484,567068,132,157,289,0.824564
346110,ARK: Survival Evolved,2022-08-20,467790,99542,567332,206,58,264,0.824544
346110,ARK: Survival Evolved,2022-08-21,467999,99598,567597,209,56,265,0.824527
346110,ARK: Survival Evolved,2022-08-22,468190,99629,567819,191,31,222,0.824541
346110,ARK: Survival Evolved,2022-08-23,468354,99650,568004,164,21,185,0.824561
346110,ARK: Survival Evolved,2022-08-24,468522,99682,568204,168,32,200,0.824567
346110,ARK: Survival Evolved,2022-08-25,468752,99865,568617,230,183,413,0.824372
346110,ARK: Survival Evolved,2022-08-26,468897,99986,568883,145,121,266,0.824242
346110,ARK: Survival Evolved,2022-08-27,469092,100043,569135,195,57,252,0.824219
346110,ARK: Survival Evolved,2022-08-28,469323,100080,569403,231,37,268,0.824237
346110,ARK: Survival Evolved,2022-08-29,469556,100147,569703,233,67,300,0.824212
346110,ARK: Survival Evolved,2022-08-30,469731,100187,569918,175,40,215,0.824208
346110,ARK: Survival Evolved,2022-08-31,469925,100221,570146,194,34,228,0.824219
346110,ARK: Survival Evolved,2022-09-01,470084,100248,570332,159,27,186,0.824229
346110,ARK: Survival Evolved,2022-09-02,470217,100270,570487,133,22,155,0.824238
346110,ARK: Survival Evolved,2022-09-03,470410,100301,570711,193,31,224,0.824253
346110,ARK: Survival Evolved,2022-09-04,470616,100325,570941,206,24,230,0.824281
346110,ARK: Survival Evolved,2022-09-05,470794,100356,571150,178,31,209,0.824291
346110,ARK: Survival Evolved,2022-09-06,470951,100369,571320,157,13,170,0.824321
346110,ARK: Survival Evolved,2022-09-07,471133,100386,571519,182,17,199,0.824352
346110,ARK: Survival Evolved,2022-09-08,471285,100389,571674,152,3,155,0.824395
346110,ARK: Survival Evolved,2022-09-09,471451,100407,571858,166,18,184,0.82442
346110,ARK: Survival Evolved,2022-09-10,471451,100407,571858,0,0,0,0.82442
346110,ARK: Survival Evolved,2022-09-11,471603,100440,572043,152,33,185,0.824419
346110,ARK: Survival Evolved,2022-09-12,471818,100472,572290,215,32,247,0.824439
346110,ARK: Survival Evolved,2022-09-13,471998,100493,572491,180,21,201,0.824464
346110,ARK: Survival Evolved,2022-09-14,472151,100518,572669,153,25,178,0.824475
346110,ARK: Survival Evolved,2022-09-15,472283,100531,572814,132,13,145,0.824496
346110,ARK: Survival Evolved,2022-09-16,472411,100541,572952,128,10,138,0.824521
346110,ARK: Survival Evolved,2022-09-17,472601,100553,573154,190,12,202,0.824562
346110,ARK: Survival Evolved,2022-09-18,472822,100576,573398,221,23,244,0.824597
346110,ARK: Survival Evolved,2022-09-19,473022,100601,573623,200,25,225,0.824622
346110,ARK: Survival Evolved,2022-09-20,473194,100618,573812,172,17,189,0.82465
346110,ARK: Survival Evolved,2022-09-21,473359,100632,573991,165,14,179,0.82468
346110,ARK: Survival Evolved,2022-09-22,473537,100649,574186,178,17,195,0.82471
346110,ARK: Survival Evolved,2022-09-23,473714,100672,574386,177,23,200,0.824731
346110,ARK: Survival Evolved,2022-09-24,473934,100687,574621,220,15,235,0.824777
346110,ARK: Survival Evolved,2022-09-25,474172,100706,574878,238,19,257,0.824822
346110,ARK: Survival Evolved,2022-09-26,474408,100733,575141,236,27,263,0.824855
346110,ARK: Survival Evolved,2022-09-27,474569,100745,575314,161,12,173,0.824887
346110,ARK: Survival Evolved,2022-09-28,474739,100763,575502,170,18,188,0.824913
346110,ARK: Survival Evolved,2022-09-29,474898,100769,575667,159,6,165,0.824953
346110,ARK: Survival Evolved,2022-09-30,475082,100778,575860,184,9,193,0.824996
346110,ARK: Survival Evolved,2022-10-01,475286,100791,576077,204,13,217,0.825039
346110,ARK: Survival Evolved,2022-10-02,475509,100813,576322,223,22,245,0.825075
346110,ARK: Survival Evolved,2022-10-03,475735,100835,576570,226,22,248,0.825112
346110,ARK: Survival Evolved,2022-10-04,475914,100839,576753,179,4,183,0.825161
346110,ARK: Survival Evolved,2022-10-05,476076,100853,576929,162,14,176,0.82519
346110,ARK: Survival Evolved,2022-10-06,476371,100869,577240,295,16,311,0.825256
346110,ARK: Survival Evolved,2022-10-07,476561,100886,577447,190,17,207,0.82529
346110,ARK: Survival Evolved,2022-10-08,476756,100904,577660,195,18,213,0.825323
346110,ARK: Survival Evolved,2022-10-09,476939,100918,577857,183,14,197,0.825358
346110,ARK: Survival Evolved,2022-10-10,476939,100918,577857,0,0,0,0.825358
346110,ARK: Survival Evolved,2022-10-11,476939,100918,577857,0,0,0,0.825358
346110,ARK: Survival Evolved,2022-10-12,477245,100948,578193,306,30,336,0.825408
346110,ARK: Survival Evolved,2022-10-13,477351,100951,578302,106,3,109,0.825435
346110,ARK: Survival Evolved,2022-10-14,477481,100973,578454,130,22,152,0.825443
346110,ARK: Survival Evolved,2022-10-15,477629,100989,578618,148,16,164,0.825465
346110,ARK: Survival Evolved,2022-10-16,477851,100997,578848,222,8,230,0.825521
346110,ARK: Survival Evolved,2022-10-17,478039,101015,579054,188,18,206,0.825552
346110,ARK: Survival Evolved,2022-10-18,478192,101027,579219,153,12,165,0.825581
346110,ARK: Survival Evolved,2022-10-19,478328,101036,579364,136,9,145,0.825609
346110,ARK: Survival Evolved,2022-10-20,478525,101062,579587,197,26,223,0.825631
346110,ARK: Survival Evolved,2022-10-21,478681,101073,579754,156,11,167,0.825662
346110,ARK: Survival Evolved,2022-10-22,478879,101085,579964,198,12,210,0.825705
346110,ARK: Survival Evolved,2022-10-23,479094,101106,580200,215,21,236,0.825739
346110,ARK: Survival Evolved,2022-10-24,479094,101106,580200,0,0,0,0.825739
346110,ARK: Survival Evolved,2022-10-25,479230,101120,580350,136,14,150,0.82576
346110,ARK: Survival Evolved,2022-10-26,479364,101131,580495,134,11,145,0.825785
346110,ARK: Survival Evolved,2022-10-27,479499,101140,580639,135,9,144,0.825813
346110,ARK: Survival Evolved,2022-10-28,479630,101149,580779,131,9,140,0.825839
346110,ARK: Survival Evolved,2022-10-29,479792,101157,580949,162,8,170,0.825876
346110,ARK: Survival Evolved,2022-10-30,480006,101179,581185,214,22,236,0.825909
346110,ARK: Survival Evolved,2022-10-31,480186,101195,581381,180,16,196,0.82594
346110,ARK: Survival Evolved,2022-11-01,480328,101212,581540,142,17,159,0.825959
346110,ARK: Survival Evolved,2022-11-02,480479,101227,581706,151,15,166,0.825983
346110,ARK: Survival Evolved,2022-11-03,480613,101238,581851,134,11,145,0.826007
346110,ARK: Survival Evolved,2022-11-04,480746,101251,581997,133,13,146,0.826028
346110,ARK: Survival Evolved,2022-11-05,480994,101284,582278,248,33,281,0.826056
346110,ARK: Survival Evolved,2022-11-06,480994,101284,582278,0,0,0,0.826056
346110,ARK: Survival Evolved,2022-11-07,481318,101298,582616,324,14,338,0.826132
346110,ARK: Survival Evolved,2022-11-08,481491,101315,582806,173,17,190,0.82616
346110,ARK: Survival Evolved,2022-11-09,481660,101322,582982,169,7,176,0.8262
346110,ARK: Survival Evolved,2022-11-10,481866,101341,583207,206,19,225,0.826235
346110,ARK: Survival Evolved,2022-11-11,482085,101353,583438,219,12,231,0.826283
346110,ARK: Survival Evolved,2022-11-12,482379,101373,583752,294,20,314,0.826342
346110,ARK: Survival Evolved,2022-11-13,482640,101396,584036,261,23,284,0.826387
346110,ARK: Survival Evolved,2022-11-14,482822,101402,584224,182,6,188,0.826433
346110,ARK: Survival Evolved,2022-11-15,482822,101402,584224,0,0,0,0.826433
346110,ARK: Survival Evolved,2022-11-16,482967,101413,584380,145,11,156,0.826461
346110,ARK: Survival Evolved,2022-11-17,483113,101426,584539,146,13,159,0.826485
346110,ARK: Survival Evolved,2022-11-18,483281,101438,584719,168,12,180,0.826518
346110,ARK: Survival Evolved,2022-11-19,483444,101444,584888,163,6,169,0.826558
346110,ARK: Survival Evolved,2022-11-20,483656,101459,585115,212,15,227,0.8266
346110,ARK: Survival Evolved,2022-11-21,483847,101464,585311,191,5,196,0.826649
346110,ARK: Survival Evolved,2022-11-22,484006,101485,585491,159,21,180,0.826667
346110,ARK: Survival Evolved,2022-11-23,484460,101500,585960,454,15,469,0.82678
346110,ARK: Survival Evolved,2022-11-24,485048,101519,586567,588,19,607,0.826927
346110,ARK: Survival Evolved,2022-11-25,485437,101531,586968,389,12,401,0.827025
346110,ARK: Survival Evolved,2022-11-26,485835,101572,587407,398,41,439,0.827084
346110,ARK: Survival Evolved,2022-11-27,486276,101601,587877,441,29,470,0.827173
346110,ARK: Survival Evolved,2022-11-28,486708,101622,588330,432,21,453,0.82727
346110,ARK: Survival Evolved,2022-11-29,487035,101645,588680,327,23,350,0.827334
346110,ARK: Survival Evolved,2022-11-30,487290,101664,588954,255,19,274,0.827382
346110,ARK: Survival Evolved,2022-12-01,487478,101687,589165,188,23,211,0.827405
346110,ARK: Survival Evolved,2022-12-02,487672,101703,589375,194,16,210,0.827439
346110,ARK: Survival Evolved,2022-12-03,487873,101729,589602,201,26,227,0.827462
346110,ARK: Survival Evolved,2022-12-04,488175,101744,589919,302,15,317,0.827529
346110,ARK: Survival Evolved,2022-12-05,488376,101762,590138,201,18,219,0.827562
346110,ARK: Survival Evolved,2022-12-06,488560,101776,590336,184,14,198,0.827596
346110,ARK: Survival Evolved,2022-12-07,488726,101786,590512,166,10,176,0.827631
346110,ARK: Survival Evolved,2022-12-08,488905,101796,590701,179,10,189,0.827669
346110,ARK: Survival Evolved,2022-12-09,488905,101796,590701,0,0,0,0.827669
346110,ARK: Survival Evolved,2022-12-10,489110,101816,590926,205,20,225,0.827701
346110,ARK: Survival Evolved,2022-12-11,489317,101838,591155,207,22,229,0.82773
346110,ARK: Survival Evolved,2022-12-12,489521,101857,591378,204,19,223,0.827763
346110,ARK: Survival Evolved,2022-12-13,489521,101857,591378,0,0,0,0.827763
346110,ARK: Survival Evolved,2022-12-14,489864,101892,591756,343,35,378,0.827814
346110,ARK: Survival Evolved,2022-12-15,490145,101911,592056,281,19,300,0.827869
346110,ARK: Survival Evolved,2022-12-16,490373,101925,592298,228,14,242,0.827916
346110,ARK: Survival Evolved,2022-12-17,490656,101939,592595,283,14,297,0.827979
346110,ARK: Survival Evolved,2022-12-18,490656,101939,592595,0,0,0,0.827979
346110,ARK: Survival Evolved,2022-12-19,490879,101956,592835,223,17,240,0.82802
346110,ARK: Survival Evolved,2022-12-20,491070,101971,593041,191,15,206,0.828054
346110,ARK: Survival Evolved,2022-12-21,491269,101983,593252,199,12,211,0.828095
346110,ARK: Survival Evolved,2022-12-22,491497,101998,593495,228,15,243,0.82814
346110,ARK: Survival Evolved,2022-12-23,491780,102022,593802,283,24,307,0.828189
346110,ARK: Survival Evolved,2022-12-24,492130,102032,594162,350,10,360,0.828276
346110,ARK: Survival Evolved,2022-12-25,492471,102053,594524,341,21,362,0.828345
346110,ARK: Survival Evolved,2022-12-26,492886,102075,594961,415,22,437,0.828434
346110,ARK: Survival Evolved,2022-12-27,492886,102075,594961,0,0,0,0.828434
346110,ARK: Survival Evolved,2022-12-28,492886,102075,594961,0,0,0,0.828434
346110,ARK: Survival Evolved,2022-12-29,492886,102075,594961,0,0,0,0.828434
346110,ARK: Survival Evolved,2022-12-30,494204,102143,596347,1318,68,1386,0.828719
346110,ARK: Survival Evolved,2022-12-31,494671,102175,596846,467,32,499,0.828808
346110,ARK: Survival Evolved,2023-01-01,494671,102175,596846,0,0,0,0.828808
346110,ARK: Survival Evolved,2023-01-02,495510,102259,597769,839,84,923,0.828932
346110,ARK: Survival Evolved,2023-01-03,495510,102259,597769,0,0,0,0.828932
346110,ARK: Survival Evolved,2023-01-04,495928,102294,598222,418,35,453,0.829003
346110,ARK: Survival Evolved,2023-01-05,496355,102324,598679,427,30,457,0.829084
346110,ARK: Survival Evolved,2023-01-06,496727,102358,599085,372,34,406,0.829143
346110,ARK: Survival Evolved,2023-01-07,497070,102390,599460,343,32,375,0.829196
346110,ARK: Survival Evolved,2023-01-08,497479,102413,599892,409,23,432,0.829281
346110,ARK: Survival Evolved,2023-01-09,497874,102424,600298,395,11,406,0.829378
346110,ARK: Survival Evolved,2023-01-10,498194,102456,600650,320,32,352,0.829425
346110,ARK: Survival Evolved,2023-01-11,498475,102478,600953,281,22,303,0.829474
346110,ARK: Survival Evolved,2023-01-12,498736,102506,601242,261,28,289,0.82951
346110,ARK: Survival Evolved,2023-01-13,498736,102506,601242,0,0,0,0.82951
346110,ARK: Survival Evolved,2023-01-14,498736,102506,601242,0,0,0,0.82951
346110,ARK: Survival Evolved,2023-01-15,499296,102554,601850,560,48,608,0.829602
346110,ARK: Survival Evolved,2023-01-16,499608,102572,602180,312,18,330,0.829666
346110,ARK: Survival Evolved,2023-01-17,499876,102596,602472,268,24,292,0.829708
346110,ARK: Survival Evolved,2023-01-18,500073,102613,602686,197,17,214,0.829741
346110,ARK: Survival Evolved,2023-01-19,500278,102625,602903,205,12,217,0.829782
346110,ARK: Survival Evolved,2023-01-20,500547,102640,603187,269,15,284,0.829837
346110,ARK: Survival Evolved,2023-01-21,500827,102669,603496,280,29,309,0.829876
346110,ARK: Survival Evolved,2023-01-22,501162,102700,603862,335,31,366,0.829928
346110,ARK: Survival Evolved,2023-01-23,501478,102724,604202,316,24,340,0.829984
346110,ARK: Survival Evolved,2023-01-24,501478,102724,604202,0,0,0,0.829984
346110,ARK: Survival Evolved,2023-01-25,501856,102776,604632,378,52,430,0.830019
346110,ARK: Survival Evolved,2023-01-26,502299,102822,605121,443,46,489,0.83008
346110,ARK: Survival Evolved,2023-01-27,502299,102822,605121,0,0,0,0.83008
346110,ARK: Survival Evolved,2023-01-28,502669,102854,605523,370,32,402,0.83014
346110,ARK: Survival Evolved,2023-01-29,503095,102885,605980,426,31,457,0.830217
346110,ARK: Survival Evolved,2023-01-30,503466,102913,606379,371,28,399,0.830283
346110,ARK: Survival Evolved,2023-01-31,503777,102952,606729,311,39,350,0.830316
346110,ARK: Survival Evolved,2023-02-01,504038,102972,607010,261,20,281,0.830362
346110,ARK: Survival Evolved,2023-02-02,504038,102972,607010,0,0,0,0.830362
346110,ARK: Survival Evolved,2023-02-03,504289,102994,607283,251,22,273,0.830402
346110,ARK: Survival Evolved,2023-02-04,504569,103009,607578,280,15,295,0.83046
346110,ARK: Survival Evolved,2023-02-05,504861,103121,607982,292,112,404,0.830388
346110,ARK: Survival Evolved,2023-02-06,505140,103193,608333,279,72,351,0.830368
346110,ARK: Survival Evolved,2023-02-07,505345,103221,608566,205,28,233,0.830387
346110,ARK: Survival Evolved,2023-02-08,505543,103249,608792,198,28,226,0.830403
346110,ARK: Survival Evolved,2023-02-09,505707,103276,608983,164,27,191,0.830412
346110,ARK: Survival Evolved,2023-02-10,505923,103292,609215,216,16,232,0.830451
346110,ARK: Survival Evolved,2023-02-11,505923,103292,609215,0,0,0,0.830451
346110,ARK: Survival Evolved,2023-02-12,506251,103318,609569,328,26,354,0.830506
346110,ARK: Survival Evolved,2023-02-13,506477,103332,609809,226,14,240,0.83055
346110,ARK: Survival Evolved,2023-02-14,506660,103354,610014,183,22,205,0.830571
346110,ARK: Survival Evolved,2023-02-15,506813,103374,610187,153,20,173,0.830586
346110,ARK: Survival Evolved,2023-02-16,506999,103391,610390,186,17,203,0.830615
346110,ARK: Survival Evolved,2023-02-17,507221,103406,610627,222,15,237,0.830656
346110,ARK: Survival Evolved,2023-02-18,507221,103406,610627,0,0,0,0.830656
346110,ARK: Survival Evolved,2023-02-19,507461,103419,610880,240,13,253,0.830705
346110,ARK: Survival Evolved,2023-02-20,507783,103443,611226,322,24,346,0.830761
346110,ARK: Survival Evolved,2023-02-21,507948,103465,611413,165,22,187,0.830777
346110,ARK: Survival Evolved,2023-02-22,507948,103465,611413,0,0,0,0.830777
346110,ARK: Survival Evolved,2023-02-23,508135,103483,611618,187,18,205,0.830805
346110,ARK: Survival Evolved,2023-02-24,508330,103503,611833,195,20,215,0.830831
346110,ARK: Survival Evolved,2023-02-25,508541,103516,612057,211,13,224,0.830872
346110,ARK: Survival Evolved,2023-02-26,508769,103530,612299,228,14,242,0.830916
346110,ARK: Survival Evolved,2023-02-27,508966,103546,612512,197,16,213,0.830949
346110,ARK: Survival Evolved,2023-02-28,509142,103563,612705,176,17,193,0.830974
346110,ARK: Survival Evolved,2023-03-01,509309,103581,612890,167,18,185,0.830996
346110,ARK: Survival Evolved,2023-03-02,509309,103581,612890,0,0,0,0.830996
346110,ARK: Survival Evolved,2023-03-03,509474,103597,613071,165,16,181,0.83102
346110,ARK: Survival Evolved,2023-03-04,509668,103614,613282,194,17,211,0.83105
346110,ARK: Survival Evolved,2023-03-05,509891,103630,613521,223,16,239,0.83109
346110,ARK: Survival Evolved,2023-03-06,510123,103647,613770,232,17,249,0.831131
346110,ARK: Survival Evolved,2023-03-07,510287,103662,613949,164,15,179,0.831155
346110,ARK: Survival Evolved,2023-03-08,510428,103673,614101,141,11,152,0.831179
346110,ARK: Survival Evolved,2023-03-09,510596,103686,614282,168,13,181,0.831208
346110,ARK: Survival Evolved,2023-03-10,510763,103696,614459,167,10,177,0.83124
346110,ARK: Survival Evolved,2023-03-11,510763,103696,614459,0,0,0,0.83124
346110,ARK: Survival Evolved,2023-03-12,510948,103717,614665,185,21,206,0.831263
346110,ARK: Survival Evolved,2023-03-13,511183,103731,614914,235,14,249,0.831308
346110,ARK: Survival Evolved,2023-03-14,511344,103745,615089,161,14,175,0.831333
346110,ARK: Survival Evolved,2023-03-15,511502,103758,615260,158,13,171,0.831359
346110,ARK: Survival Evolved,2023-03-16,511663,103770,615433,161,12,173,0.831387
346110,ARK: Survival Evolved,2023-03-17,511860,103781,615641,197,11,208,0.831426
346110,ARK: Survival Evolved,2023-03-18,512160,103813,615973,300,32,332,0.831465
346110,ARK: Survival Evolved,2023-03-19,512160,103813,615973,0,0,0,0.831465
346110,ARK: Survival Evolved,2023-03-20,512479,103827,616306,319,14,333,0.831533
346110,ARK: Survival Evolved,2023-03-21,512689,103841,616530,210,14,224,0.831572
346110,ARK: Survival Evolved,2023-03-22,512943,103852,616795,254,11,265,0.831626
346110,ARK: Survival Evolved,2023-03-23,513180,103870,617050,237,18,255,0.831667
346110,ARK: Survival Evolved,2023-03-24,513180,103870,617050,0,0,0,0.831667
346110,ARK: Survival Evolved,2023-03-25,513430,103889,617319,250,19,269,0.831709
346110,ARK: Survival Evolved,2023-03-26,513757,103920,617677,327,31,358,0.831757
346110,ARK: Survival Evolved,2023-03-27,513988,103940,617928,231,20,251,0.831793
346110,ARK: Survival Evolved,2023-03-28,514169,103946,618115,181,6,187,0.831834
346110,ARK: Survival Evolved,2023-03-29,514375,103958,618333,206,12,218,0.831874
346110,ARK: Survival Evolved,2023-03-30,514568,103972,618540,193,14,207,0.831907
346110,ARK: Survival Evolved,2023-03-31,514568,103972,618540,0,0,0,0.831907
346110,ARK: Survival Evolved,2023-04-01,514801,104009,618810,233,37,270,0.831921
346110,ARK: Survival Evolved,2023-04-02,515074,104166,619240,273,157,430,0.831784
346110,ARK: Survival Evolved,2023-04-03,515280,104379,619659,206,213,419,0.831554
346110,ARK: Survival Evolved,2023-04-04,515429,104587,620016,149,208,357,0.831316
346110,ARK: Survival Evolved,2023-04-05,515492,105223,620715,63,636,699,0.830481
346110,ARK: Survival Evolved,2023-04-06,515492,105223,620715,0,0,0,0.830481
346110,ARK: Survival Evolved,2023-04-07,515497,105849,621346,5,626,631,0.829646
346110,ARK: Survival Evolved,2023-04-08,515578,106229,621807,81,380,461,0.829161
346110,ARK: Survival Evolved,2023-04-09,515747,106471,622218,169,242,411,0.828885
346110,ARK: Survival Evolved,2023-04-10,515909,106678,622587,162,207,369,0.828654
346110,ARK: Survival Evolved,2023-04-11,516064,106910,622974,155,232,387,0.828388
346110,ARK: Survival Evolved,2023-04-12,516064,106910,622974,0,0,0,0.828388
346110,ARK: Survival Evolved,2023-04-13,516192,107091,623283,128,181,309,0.828182
346110,ARK: Survival Evolved,2023-04-14,516306,107280,623586,114,189,303,0.827963
346110,ARK: Survival Evolved,2023-04-15,516468,107433,623901,162,153,315,0.827804
346110,ARK: Survival Evolved,2023-04-16,516656,107564,624220,188,131,319,0.827683
346110,ARK: Survival Evolved,2023-04-17,516833,107631,624464,177,67,244,0.827643
346110,ARK: Survival Evolved,2023-04-18,516976,107699,624675,143,68,211,0.827592
346110,ARK: Survival Evolved,2023-04-19,516976,107699,624675,0,0,0,0.827592
346110,ARK: Survival Evolved,2023-04-20,517136,107746,624882,160,47,207,0.827574
346110,ARK: Survival Evolved,2023-04-21,517217,107873,625090,81,127,208,0.827428
346110,ARK: Survival Evolved,2023-04-22,517376,107954,625330,159,81,240,0.827365
346110,ARK: Survival Evolved,2023-04-23,517561,108039,625600,185,85,270,0.827303
346110,ARK: Survival Evolved,2023-04-24,517751,108096,625847,190,57,247,0.82728
346110,ARK: Survival Evolved,2023-04-25,517903,108138,626041,152,42,194,0.827267
346110,ARK: Survival Evolved,2023-04-26,517903,108138,626041,0,0,0,0.827267
346110,ARK: Survival Evolved,2023-04-27,518046,108166,626212,143,28,171,0.827269
346110,ARK: Survival Evolved,2023-04-28,518170,108237,626407,124,71,195,0.82721
346110,ARK: Survival Evolved,2023-04-29,518350,108293,626643,180,56,236,0.827185
346110,ARK: Survival Evolved,2023-04-30,518609,108363,626972,259,70,329,0.827165
346110,ARK: Survival Evolved,2023-05-01,518822,108427,627249,213,64,277,0.827139
346110,ARK: Survival Evolved,2023-05-02,518822,108427,627249,0,0,0,0.827139
346110,ARK: Survival Evolved,2023-05-03,518976,108466,627442,154,39,193,0.82713
346110,ARK: Survival Evolved,2023-05-04,519104,108513,627617,128,47,175,0.827103
346110,ARK: Survival Evolved,2023-05-05,519239,108547,627786,135,34,169,0.827096
346110,ARK: Survival Evolved,2023-05-06,519424,108600,628024,185,53,238,0.827077
346110,ARK: Survival Evolved,2023-05-07,519639,108669,628308,215,69,284,0.827045
346110,ARK: Survival Evolved,2023-05-08,519639,108669,628308,0,0,0,0.827045
346110,ARK: Survival Evolved,2023-05-09,519770,108710,628480,131,41,172,0.827027
346110,ARK: Survival Evolved,2023-05-10,519900,108810,628710,130,100,230,0.826931
346110,ARK: Survival Evolved,2023-05-11,519976,108983,628959,76,173,249,0.826725
346110,ARK: Survival Evolved,2023-05-12,520099,109094,629193,123,111,234,0.826613
346110,ARK: Survival Evolved,2023-05-13,520277,109213,629490,178,119,297,0.826506
346110,ARK: Survival Evolved,2023-05-14,520460,109339,629799,183,126,309,0.826391
346110,ARK: Survival Evolved,2023-05-15,520460,109339,629799,0,0,0,0.826391
346110,ARK: Survival Evolved,2023-05-16,520602,109488,630090,142,149,291,0.826234
346110,ARK: Survival Evolved,2023-05-17,520706,109649,630355,104,161,265,0.826052
346110,ARK: Survival Evolved,2023-05-18,520856,109719,630575,150,70,220,0.826002
346110,ARK: Survival Evolved,2023-05-19,521020,109766,630786,164,47,211,0.825985
346110,ARK: Survival Evolved,2023-05-20,521224,109815,631039,204,49,253,0.825977
346110,ARK: Survival Evolved,2023-05-21,521224,109815,631039,0,0,0,0.825977
346110,ARK: Survival Evolved,2023-05-22,521400,109856,631256,176,41,217,0.825972
346110,ARK: Survival Evolved,2023-05-23,521558,109889,631447,158,33,191,0.825973
346110,ARK: Survival Evolved,2023-05-24,521674,109927,631601,116,38,154,0.825955
346110,ARK: Survival Evolved,2023-05-25,521816,109958,631774,142,31,173,0.825954
346110,ARK: Survival Evolved,2023-05-26,521990,110007,631997,174,49,223,0.825937
346110,ARK: Survival Evolved,2023-05-27,521990,110007,631997,0,0,0,0.825937
346110,ARK: Survival Evolved,2023-05-28,522212,110058,632270,222,51,273,0.825932
346110,ARK: Survival Evolved,2023-05-29,522435,110111,632546,223,53,276,0.825924
346110,ARK: Survival Evolved,2023-05-30,522635,110166,632801,200,55,255,0.825907
346110,ARK: Survival Evolved,2023-05-31,522790,110239,633029,155,73,228,0.825855
346110,ARK: Survival Evolved,2023-06-01,522974,110294,633268,184,55,239,0.825834
346110,ARK: Survival Evolved,2023-06-02,522974,110294,633268,0,0,0,0.825834
346110,ARK: Survival Evolved,2023-06-03,523217,110331,633548,243,37,280,0.825852
346110,ARK: Survival Evolved,2023-06-04,523534,110363,633897,317,32,349,0.825898
346110,ARK: Survival Evolved,2023-06-05,523784,110398,634182,250,35,285,0.825921
346110,ARK: Survival Evolved,2023-06-06,524038,110436,634474,254,38,292,0.825941
346110,ARK: Survival Evolved,2023-06-07,524246,110467,634713,208,31,239,0.825958
346110,ARK: Survival Evolved,2023-06-08,524246,110467,634713,0,0,0,0.825958
346110,ARK: Survival Evolved,2023-06-09,524524,110493,635017,278,26,304,0.826
346110,ARK: Survival Evolved,2023-06-10,524709,110520,635229,185,27,212,0.826015
346110,ARK: Survival Evolved,2023-06-11,524968,110570,635538,259,50,309,0.826021
346110,ARK: Survival Evolved,2023-06-12,525192,110590,635782,224,20,244,0.826057
346110,ARK: Survival Evolved,2023-06-13,525377,110609,635986,185,19,204,0.826083
346110,ARK: Survival Evolved,2023-06-14,525377,110609,635986,0,0,0,0.826083
346110,ARK: Survival Evolved,2023-06-15,525561,110645,636206,184,36,220,0.826086
346110,ARK: Survival Evolved,2023-06-16,525775,110669,636444,214,24,238,0.826114
346110,ARK: Survival Evolved,2023-06-17,526054,110718,636772,279,49,328,0.826126
346110,ARK: Survival Evolved,2023-06-18,526307,110760,637067,253,42,295,0.826141
346110,ARK: Survival Evolved,2023-06-19,526556,110841,637397,249,81,330,0.826104
346110,ARK: Survival Evolved,2023-06-20,526556,110841,637397,0,0,0,0.826104
346110,ARK: Survival Evolved,2023-06-21,526741,110917,637658,185,76,261,0.826056
346110,ARK: Survival Evolved,2023-06-22,526954,110955,637909,213,38,251,0.826065
346110,ARK: Survival Evolved,2023-06-23,527239,110999,638238,285,44,329,0.826085
346110,ARK: Survival Evolved,2023-06-24,527510,111051,638561,271,52,323,0.826092
346110,ARK: Survival Evolved,2023-06-25,527510,111051,638561,0,0,0,0.826092
346110,ARK: Survival Evolved,2023-06-26,527808,111103,638911,298,52,350,0.826106
346110,ARK: Survival Evolved,2023-06-27,528035,111132,639167,227,29,256,0.82613
346110,ARK: Survival Evolved,2023-06-28,528035,111132,639167,0,0,0,0.82613
346110,ARK: Survival Evolved,2023-06-29,528035,111132,639167,0,0,0,0.82613
346110,ARK: Survival Evolved,2023-06-30,528564,111190,639754,529,58,587,0.826199
346110,ARK: Survival Evolved,2023-07-01,528917,111227,640144,353,37,390,0.826247
346110,ARK: Survival Evolved,2023-07-02,528917,111227,640144,0,0,0,0.826247
346110,ARK: Survival Evolved,2023-07-03,528917,111227,640144,0,0,0,0.826247
346110,ARK: Survival Evolved,2023-07-04,528917,111227,640144,0,0,0,0.826247
346110,ARK: Survival Evolved,2023-07-05,530040,111369,641409,1123,142,1265,0.826368
346110,ARK: Survival Evolved,2023-07-06,530353,111399,641752,313,30,343,0.826414
346110,ARK: Survival Evolved,2023-07-07,530715,111448,642163,362,49,411,0.826449
346110,ARK: Survival Evolved,2023-07-08,530715,111448,642163,0,0,0,0.826449
346110,ARK: Survival Evolved,2023-07-09,531066,111501,642567,351,53,404,0.826476
346110,ARK: Survival Evolved,2023-07-10,531454,111542,642996,388,41,429,0.826528
346110,ARK: Survival Evolved,2023-07-11,531454,111542,642996,0,0,0,0.826528
346110,ARK: Survival Evolved,2023-07-12,531454,111542,642996,0,0,0,0.826528
346110,ARK: Survival Evolved,2023-07-13,532171,111614,643785,717,72,789,0.826628
346110,ARK: Survival Evolved,2023-07-14,532518,111647,644165,347,33,380,0.826679
346110,ARK: Survival Evolved,2023-07-15,532518,111647,644165,0,0,0,0.826679
346110,ARK: Survival Evolved,2023-07-16,532859,111710,644569,341,63,404,0.82669
346110,ARK: Survival Evolved,2023-07-17,533178,111741,644919,319,31,350,0.826736
346110,ARK: Survival Evolved,2023-07-18,533479,111786,645265,301,45,346,0.82676
346110,ARK: Survival Evolved,2023-07-19,533479,111786,645265,0,0,0,0.82676
346110,ARK: Survival Evolved,2023-07-20,533757,111821,645578,278,35,313,0.826789
346110,ARK: Survival Evolved,2023-07-21,533988,111844,645832,231,23,254,0.826822
346110,ARK: Survival Evolved,2023-07-22,534242,111865,646107,254,21,275,0.826863
346110,ARK: Survival Evolved,2023-07-23,534531,111898,646429,289,33,322,0.826898
346110,ARK: Survival Evolved,2023-07-24,534531,111898,646429,0,0,0,0.826898
346110,ARK: Survival Evolved,2023-07-25,534767,111920,646687,236,22,258,0.826933
346110,ARK: Survival Evolved,2023-07-26,534996,111946,646942,229,26,255,0.826961
346110,ARK: Survival Evolved,2023-07-27,535255,111969,647224,259,23,282,0.827001
346110,ARK: Survival Evolved,2023-07-28,535255,111969,647224,0,0,0,0.827001
346110,ARK: Survival Evolved,2023-07-29,535505,112006,647511,250,37,287,0.827021
346110,ARK: Survival Evolved,2023-07-30,535731,112034,647765,226,28,254,0.827045
346110,ARK: Survival Evolved,2023-07-31,535971,112073,648044,240,39,279,0.82706
346110,ARK: Survival Evolved,2023-08-01,536237,112106,648343,266,33,299,0.827088
346110,ARK: Survival Evolved,2023-08-02,536237,112106,648343,0,0,0,0.827088
346110,ARK: Survival Evolved,2023-08-03,536448,112140,648588,211,34,245,0.827101
346110,ARK: Survival Evolved,2023-08-04,536649,112165,648814,201,25,226,0.827123
346110,ARK: Survival Evolved,2023-08-05,536862,112200,649062,213,35,248,0.827135
346110,ARK: Survival Evolved,2023-08-06,536862,112200,649062,0,0,0,0.827135
346110,ARK: Survival Evolved,2023-08-07,537091,112239,649330,229,39,268,0.827146
346110,ARK: Survival Evolved,2023-08-08,537289,112272,649561,198,33,231,0.827157
346110,ARK: Survival Evolved,2023-08-09,537492,112301,649793,203,29,232,0.827174
346110,ARK: Survival Evolved,2023-08-10,537492,112301,649793,0,0,0,0.827174
346110,ARK: Survival Evolved,2023-08-11,537671,112323,649994,179,22,201,0.827194
346110,ARK: Survival Evolved,2023-08-12,537869,112346,650215,198,23,221,0.827217
346110,ARK: Survival Evolved,2023-08-13,538112,112387,650499,243,41,284,0.82723
346110,ARK: Survival Evolved,2023-08-14,538112,112387,650499,0,0,0,0.82723
346110,ARK: Survival Evolved,2023-08-15,538353,112409,650762,241,22,263,0.827266
346110,ARK: Survival Evolved,2023-08-16,538577,112438,651015,224,29,253,0.827288
346110,ARK: Survival Evolved,2023-08-17,538778,112459,651237,201,21,222,0.827315
346110,ARK: Survival Evolved,2023-08-18,538778,112459,651237,0,0,0,0.827315
346110,ARK: Survival Evolved,2023-08-19,539007,112478,651485,229,19,248,0.827351
346110,ARK: Survival Evolved,2023-08-20,539242,112488,651730,235,10,245,0.827401
346110,ARK: Survival Evolved,2023-08-21,539467,112517,651984,225,29,254,0.827424
346110,ARK: Survival Evolved,2023-08-22,539467,112517,651984,0,0,0,0.827424
346110,ARK: Survival Evolved,2023-08-23,539683,112549,652232,216,32,248,0.82744
346110,ARK: Survival Evolved,2023-08-24,539849,112561,652410,166,12,178,0.827469
346110,ARK: Survival Evolved,2023-08-25,540052,112584,652636,203,23,226,0.827493
346110,ARK: Survival Evolved,2023-08-26,540052,112584,652636,0,0,0,0.827493
346110,ARK: Survival Evolved,2023-08-27,540299,112604,652903,247,20,267,0.827533
346110,ARK: Survival Evolved,2023-08-28,540501,112638,653139,202,34,236,0.827544
346110,ARK: Survival Evolved,2023-08-29,540698,112660,653358,197,22,219,0.827568
346110,ARK: Survival Evolved,2023-08-30,540698,112660,653358,0,0,0,0.827568
346110,ARK: Survival Evolved,2023-08-31,540698,112660,653358,0,0,0,0.827568
346110,ARK: Survival Evolved,2023-09-01,541051,112698,653749,353,38,391,0.827613
346110,ARK: Survival Evolved,2023-09-02,541248,112721,653969,197,23,220,0.827636
346110,ARK: Survival Evolved,2023-09-03,541484,112749,654233,236,28,264,0.827662
346110,ARK: Survival Evolved,2023-09-04,541484,112749,654233,0,0,0,0.827662
346110,ARK: Survival Evolved,2023-09-05,541661,112763,654424,177,14,191,0.827691
346110,ARK: Survival Evolved,2023-09-06,541822,112762,654584,161,-1,160,0.827735
346110,ARK: Survival Evolved,2023-09-07,541967,112778,654745,145,16,161,0.827753
346110,ARK: Survival Evolved,2023-09-08,541967,112778,654745,0,0,0,0.827753
346110,ARK: Survival Evolved,2023-09-09,542150,112779,654929,183,1,184,0.8278
346110,ARK: Survival Evolved,2023-09-10,542347,112793,655140,197,14,211,0.827834
346110,ARK: Survival Evolved,2023-09-11,542539,112806,655345,192,13,205,0.827868
346110,ARK: Survival Evolved,2023-09-12,542539,112806,655345,0,0,0,0.827868
346110,ARK: Survival Evolved,2023-09-13,542689,112826,655515,150,20,170,0.827882
346110,ARK: Survival Evolved,2023-09-14,542815,112835,655650,126,9,135,0.827904
346110,ARK: Survival Evolved,2023-09-15,542992,112847,655839,177,12,189,0.827935
346110,ARK: Survival Evolved,2023-09-16,542992,112847,655839,0,0,0,0.827935
346110,ARK: Survival Evolved,2023-09-17,543251,112865,656116,259,18,277,0.82798
346110,ARK: Survival Evolved,2023-09-18,543455,112886,656341,204,21,225,0.828007
346110,ARK: Survival Evolved,2023-09-19,543626,112900,656526,171,14,185,0.828034
346110,ARK: Survival Evolved,2023-09-20,543799,112916,656715,173,16,189,0.828059
346110,ARK: Survival Evolved,2023-09-21,543799,112916,656715,0,0,0,0.828059
346110,ARK: Survival Evolved,2023-09-22,543951,112929,656880,152,13,165,0.828083
346110,ARK: Survival Evolved,2023-09-23,544187,112950,657137,236,21,257,0.828118
346110,ARK: Survival Evolved,2023-09-24,544187,112950,657137,0,0,0,0.828118
346110,ARK: Survival Evolved,2023-09-25,544469,112955,657424,282,5,287,0.828185
346110,ARK: Survival Evolved,2023-09-26,544633,112958,657591,164,3,167,0.828225
346110,ARK: Survival Evolved,2023-09-27,544815,112961,657776,182,3,185,0.828268
346110,ARK: Survival Evolved,2023-09-28,544815,112961,657776,0,0,0,0.828268
346110,ARK: Survival Evolved,2023-09-29,544986,112978,657964,171,17,188,0.828292
346110,ARK: Survival Evolved,2023-09-30,545200,113000,658200,214,22,236,0.82832
346110,ARK: Survival Evolved,2023-10-01,545530,113043,658573,330,43,373,0.828352
346110,ARK: Survival Evolved,2023-10-02,545530,113043,658573,0,0,0,0.828352
346110,ARK: Survival Evolved,2023-10-03,545799,113063,658862,269,20,289,0.828397
346110,ARK: Survival Evolved,2023-10-04,546001,113086,659087,202,23,225,0.82842
346110,ARK: Survival Evolved,2023-10-05,546194,113098,659292,193,12,205,0.828455
346110,ARK: Survival Evolved,2023-10-06,546194,113098,659292,0,0,0,0.828455
346110,ARK: Survival Evolved,2023-10-07,546387,113121,659508,193,23,216,0.828477
346110,ARK: Survival Evolved,2023-10-08,546652,113142,659794,265,21,286,0.828519
346110,ARK: Survival Evolved,2023-10-09,546915,113154,660069,263,12,275,0.828572
346110,ARK: Survival Evolved,2023-10-10,546915,113154,660069,0,0,0,0.828572
346110,ARK: Survival Evolved,2023-10-11,547120,113174,660294,205,20,225,0.828601
346110,ARK: Survival Evolved,2023-10-12,547277,113191,660468,157,17,174,0.82862
346110,ARK: Survival Evolved,2023-10-13,547499,113196,660695,222,5,227,0.828671
346110,ARK: Survival Evolved,2023-10-14,547499,113196,660695,0,0,0,0.828671
346110,ARK: Survival Evolved,2023-10-15,547767,113208,660975,268,12,280,0.828726
346110,ARK: Survival Evolved,2023-10-16,547992,113220,661212,225,12,237,0.828769
346110,ARK: Survival Evolved,2023-10-17,548162,113226,661388,170,6,176,0.828805
346110,ARK: Survival Evolved,2023-10-18,548162,113226,661388,0,0,0,0.828805
346110,ARK: Survival Evolved,2023-10-19,548310,113232,661542,148,6,154,0.828836
346110,ARK: Survival Evolved,2023-10-20,548499,113250,661749,189,18,207,0.828863
346110,ARK: Survival Evolved,2023-10-21,548499,113250,661749,0,0,0,0.828863
346110,ARK: Survival Evolved,2023-10-22,548779,113268,662047,280,18,298,0.828912
346110,ARK: Survival Evolved,2023-10-23,549002,113292,662294,223,24,247,0.82894
346110,ARK: Survival Evolved,2023-10-24,549170,113298,662468,168,6,174,0.828976
346110,ARK: Survival Evolved,2023-10-25,549365,113293,662658,195,-5,190,0.829032
346110,ARK: Survival Evolved,2023-10-26,549365,113293,662658,0,0,0,0.829032
346110,ARK: Survival Evolved,2023-10-27,549625,113347,662972,260,54,314,0.829032
346110,ARK: Survival Evolved,2023-10-28,549880,113387,663267,255,40,295,0.829048
346110,ARK: Survival Evolved,2023-10-29,550214,113418,663632,334,31,365,0.829095
346110,ARK: Survival Evolved,2023-10-30,550214,113418,663632,0,0,0,0.829095
346110,ARK: Survival Evolved,2023-10-31,550485,113444,663929,271,26,297,0.829132
346110,ARK: Survival Evolved,2023-11-01,550725,113469,664194,240,25,265,0.829163
346110,ARK: Survival Evolved,2023-11-02,551013,113498,664511,288,29,317,0.829201
346110,ARK: Survival Evolved,2023-11-03,551013,113498,664511,0,0,0,0.829201
346110,ARK: Survival Evolved,2023-11-04,551283,113523,664806,270,25,295,0.829239
346110,ARK: Survival Evolved,2023-11-05,551283,113523,664806,0,0,0,0.829239
346110,ARK: Survival Evolved,2023-11-06,551283,113523,664806,0,0,0,0.829239
346110,ARK: Survival Evolved,2023-11-07,551802,113560,665362,519,37,556,0.829326
346110,ARK: Survival Evolved,2023-11-08,551954,113574,665528,152,14,166,0.829348
346110,ARK: Survival Evolved,2023-11-09,552109,113576,665685,155,2,157,0.829385
346110,ARK: Survival Evolved,2023-11-10,552109,113576,665685,0,0,0,0.829385
346110,ARK: Survival Evolved,2023-11-11,552333,113581,665914,224,5,229,0.829436
346110,ARK: Survival Evolved,2023-11-12,552612,113597,666209,279,16,295,0.829487
346110,ARK: Survival Evolved,2023-11-13,552612,113597,666209,0,0,0,0.829487
346110,ARK: Survival Evolved,2023-11-14,552827,113604,666431,215,7,222,0.829534
346110,ARK: Survival Evolved,2023-11-15,552974,113613,666587,147,9,156,0.82956
346110,ARK: Survival Evolved,2023-11-16,553163,113621,666784,189,8,197,0.829598
346110,ARK: Survival Evolved,2023-11-17,553163,113621,666784,0,0,0,0.829598
346110,ARK: Survival Evolved,2023-11-18,553357,113637,666994,194,16,210,0.829628
346110,ARK: Survival Evolved,2023-11-19,553357,113637,666994,0,0,0,0.829628
346110,ARK: Survival Evolved,2023-11-20,553636,113666,667302,279,29,308,0.829663
346110,ARK: Survival Evolved,2023-11-21,553817,113677,667494,181,11,192,0.829696
346110,ARK: Survival Evolved,2023-11-22,553817,113677,667494,0,0,0,0.829696
346110,ARK: Survival Evolved,2023-11-23,554519,113691,668210,702,14,716,0.829857
346110,ARK: Survival Evolved,2023-11-24,554865,113707,668572,346,16,362,0.829926
346110,ARK: Survival Evolved,2023-11-25,554865,113707,668572,0,0,0,0.829926
346110,ARK: Survival Evolved,2023-11-26,555309,113727,669036,444,20,464,0.830014
346110,ARK: Survival Evolved,2023-11-27,555617,113726,669343,308,-1,307,0.830093
346110,ARK: Survival Evolved,2023-11-28,555617,113726,669343,0,0,0,0.830093
346110,ARK: Survival Evolved,2023-11-29,555860,113735,669595,243,9,252,0.830144
346110,ARK: Survival Evolved,2023-11-30,555982,113753,669735,122,18,140,0.830152
346110,ARK: Survival Evolved,2023-12-01,555982,113753,669735,0,0,0,0.830152
346110,ARK: Survival Evolved,2023-12-02,556119,113767,669886,137,14,151,0.83017
346110,ARK: Survival Evolved,2023-12-03,556292,113777,670069,173,10,183,0.830201
346110,ARK: Survival Evolved,2023-12-04,556292,113777,670069,0,0,0,0.830201
346110,ARK: Survival Evolved,2023-12-05,556465,113789,670254,173,12,185,0.83023
346110,ARK: Survival Evolved,2023-12-06,556589,113799,670388,124,10,134,0.830249
346110,ARK: Survival Evolved,2023-12-07,556589,113799,670388,0,0,0,0.830249
346110,ARK: Survival Evolved,2023-12-08,556709,113815,670524,120,16,136,0.83026
346110,ARK: Survival Evolved,2023-12-09,556846,113830,670676,137,15,152,0.830276
346110,ARK: Survival Evolved,2023-12-10,556846,113830,670676,0,0,0,0.830276
346110,ARK: Survival Evolved,2023-12-11,557025,113844,670869,179,14,193,0.830304
346110,ARK: Survival Evolved,2023-12-12,557164,113852,671016,139,8,147,0.830329
346110,ARK: Survival Evolved,2023-12-13,557164,113852,671016,0,0,0,0.830329
346110,ARK: Survival Evolved,2023-12-14,557269,113861,671130,105,9,114,0.830344
346110,ARK: Survival Evolved,2023-12-15,557382,113867,671249,113,6,119,0.830365
346110,ARK: Survival Evolved,2023-12-16,557382,113867,671249,0,0,0,0.830365
346110,ARK: Survival Evolved,2023-12-17,557542,113887,671429,160,20,180,0.830381
346110,ARK: Survival Evolved,2023-12-18,557696,113909,671605,154,22,176,0.830393
346110,ARK: Survival Evolved,2023-12-19,557696,113909,671605,0,0,0,0.830393
346110,ARK: Survival Evolved,2023-12-20,557839,113920,671759,143,11,154,0.830415
346110,ARK: Survival Evolved,2023-12-21,557950,113931,671881,111,11,122,0.83043
346110,ARK: Survival Evolved,2023-12-22,557950,113931,671881,0,0,0,0.83043
346110,ARK: Survival Evolved,2023-12-23,558128,113946,672074,178,15,193,0.830456
346110,ARK: Survival Evolved,2023-12-24,558315,113959,672274,187,13,200,0.830487
346110,ARK: Survival Evolved,2023-12-25,558315,113959,672274,0,0,0,0.830487
346110,ARK: Survival Evolved,2023-12-26,558462,113976,672438,147,17,164,0.830503
346110,ARK: Survival Evolved,2023-12-27,558676,113999,672675,214,23,237,0.830529
346110,ARK: Survival Evolved,2023-12-28,558676,113999,672675,0,0,0,0.830529
346110,ARK: Survival Evolved,2023-12-29,558892,114017,672909,216,18,234,0.830561
346110,ARK: Survival Evolved,2023-12-30,559104,114037,673141,212,20,232,0.83059
346110,ARK: Survival Evolved,2023-12-31,559104,114037,673141,0,0,0,0.83059
346110,ARK: Survival Evolved,2024-01-01,559289,114052,673341,185,15,200,0.830618
346110,ARK: Survival Evolved,2024-01-02,559289,114052,673341,0,0,0,0.830618
346110,ARK: Survival Evolved,2024-01-03,559532,114070,673602,243,18,261,0.830657
346110,ARK: Survival Evolved,2024-01-04,559742,114078,673820,210,8,218,0.8307
346110,ARK: Survival Evolved,2024-01-05,559742,114078,673820,0,0,0,0.8307
346110,ARK: Survival Evolved,2024-01-06,559911,114109,674020,169,31,200,0.830704
346110,ARK: Survival Evolved,2024-01-07,560078,114136,674214,167,27,194,0.830713
346110,ARK: Survival Evolved,2024-01-08,560078,114136,674214,0,0,0,0.830713
346110,ARK: Survival Evolved,2024-01-09,560244,114153,674397,166,17,183,0.830733
346110,ARK: Survival Evolved,2024-01-10,560375,114156,674531,131,3,134,0.830762
346110,ARK: Survival Evolved,2024-01-11,560509,114163,674672,134,7,141,0.830787
346110,ARK: Survival Evolved,2024-01-12,560509,114163,674672,0,0,0,0.830787
346110,ARK: Survival Evolved,2024-01-13,560661,114174,674835,152,11,163,0.830812
346110,ARK: Survival Evolved,2024-01-14,560913,114199,675112,252,25,277,0.830844
346110,ARK: Survival Evolved,2024-01-15,560913,114199,675112,0,0,0,0.830844
346110,ARK: Survival Evolved,2024-01-16,561110,114214,675324,197,15,212,0.830875
346110,ARK: Survival Evolved,2024-01-17,561110,114214,675324,0,0,0,0.830875
346110,ARK: Survival Evolved,2024-01-18,561284,114237,675521,174,23,197,0.830891
346110,ARK: Survival Evolved,2024-01-19,561454,114247,675701,170,10,180,0.830921
346110,ARK: Survival Evolved,2024-01-20,561454,114247,675701,0,0,0,0.830921
346110,ARK: Survival Evolved,2024-01-21,561622,114267,675889,168,20,188,0.830938
346110,ARK: Survival Evolved,2024-01-22,561839,114284,676123,217,17,234,0.830972
346110,ARK: Survival Evolved,2024-01-23,561839,114284,676123,0,0,0,0.830972
346110,ARK: Survival Evolved,2024-01-24,561981,114297,676278,142,13,155,0.830991
346110,ARK: Survival Evolved,2024-01-25,561981,114297,676278,0,0,0,0.830991
346110,ARK: Survival Evolved,2024-01-26,562180,114311,676491,199,14,213,0.831024
346110,ARK: Survival Evolved,2024-01-27,562354,114325,676679,174,14,188,0.83105
346110,ARK: Survival Evolved,2024-01-28,562354,114325,676679,0,0,0,0.83105
346110,ARK: Survival Evolved,2024-01-29,562628,114347,676975,274,22,296,0.831091
346110,ARK: Survival Evolved,2024-01-30,562628,114347,676975,0,0,0,0.831091
346110,ARK: Survival Evolved,2024-01-31,562793,114362,677155,165,15,180,0.831114
346110,ARK: Survival Evolved,2024-02-01,562966,114379,677345,173,17,190,0.831136
346110,ARK: Survival Evolved,2024-02-02,562966,114379,677345,0,0,0,0.831136
346110,ARK: Survival Evolved,2024-02-03,563140,114398,677538,174,19,193,0.831156
346110,ARK: Survival Evolved,2024-02-04,563348,114431,677779,208,33,241,0.831168
346110,ARK: Survival Evolved,2024-02-05,563348,114431,677779,0,0,0,0.831168
346110,ARK: Survival Evolved,2024-02-06,563520,114440,677960,172,9,181,0.831199
346110,ARK: Survival Evolved,2024-02-07,563666,114459,678125,146,19,165,0.831213
346110,ARK: Survival Evolved,2024-02-08,563666,114459,678125,0,0,0,0.831213
346110,ARK: Survival Evolved,2024-02-09,563822,114472,678294,156,13,169,0.831235
346110,ARK: Survival Evolved,2024-02-10,563985,114490,678475,163,18,181,0.831254
346110,ARK: Survival Evolved,2024-02-11,563985,114490,678475,0,0,0,0.831254
346110,ARK: Survival Evolved,2024-02-12,564167,114509,678676,182,19,201,0.831276
346110,ARK: Survival Evolved,2024-02-13,564167,114509,678676,0,0,0,0.831276
346110,ARK: Survival Evolved,2024-02-14,564340,114522,678862,173,13,186,0.831303
346110,ARK: Survival Evolved,2024-02-15,564340,114522,678862,0,0,0,0.831303
346110,ARK: Survival Evolved,2024-02-16,564501,114546,679047,161,24,185,0.831314
346110,ARK: Survival Evolved,2024-02-17,564677,114556,679233,176,10,186,0.831345
346110,ARK: Survival Evolved,2024-02-18,564677,114556,679233,0,0,0,0.831345
346110,ARK: Survival Evolved,2024-02-19,564856,114569,679425,179,13,192,0.831374
346110,ARK: Survival Evolved,2024-02-20,565040,114584,679624,184,15,199,0.831401
346110,ARK: Survival Evolved,2024-02-21,565040,114584,679624,0,0,0,0.831401
346110,ARK: Survival Evolved,2024-02-22,565149,114607,679756,109,23,132,0.8314
346110,ARK: Survival Evolved,2024-02-23,565149,114607,679756,0,0,0,0.8314
346110,ARK: Survival Evolved,2024-02-24,565306,114625,679931,157,18,175,0.831417
346110,ARK: Survival Evolved,2024-02-25,565484,114641,680125,178,16,194,0.831441
346110,ARK: Survival Evolved,2024-02-26,565484,114641,680125,0,0,0,0.831441
346110,ARK: Survival Evolved,2024-02-27,565636,114653,680289,152,12,164,0.831464
346110,ARK: Survival Evolved,2024-02-28,565636,114653,680289,0,0,0,0.831464
346110,ARK: Survival Evolved,2024-02-29,565780,114682,680462,144,29,173,0.831465
346110,ARK: Survival Evolved,2024-03-01,565912,114682,680594,132,0,132,0.831497
346110,ARK: Survival Evolved,2024-03-02,565912,114682,680594,0,0,0,0.831497
346110,ARK: Survival Evolved,2024-03-03,566217,114688,680905,305,6,311,0.831565
346110,ARK: Survival Evolved,2024-03-04,566217,114688,680905,0,0,0,0.831565
346110,ARK: Survival Evolved,2024-03-05,566418,114699,681117,201,11,212,0.831602
346110,ARK: Survival Evolved,2024-03-06,566418,114699,681117,0,0,0,0.831602
346110,ARK: Survival Evolved,2024-03-07,566544,114705,681249,126,6,132,0.831625
346110,ARK: Survival Evolved,2024-03-08,566544,114705,681249,0,0,0,0.831625
346110,ARK: Survival Evolved,2024-03-09,566758,114712,681470,214,7,221,0.83167
346110,ARK: Survival Evolved,2024-03-10,566758,114712,681470,0,0,0,0.83167
346110,ARK: Survival Evolved,2024-03-11,566993,114736,681729,235,24,259,0.831699
346110,ARK: Survival Evolved,2024-03-12,566993,114736,681729,0,0,0,0.831699
346110,ARK: Survival Evolved,2024-03-13,567127,114748,681875,134,12,146,0.831717
346110,ARK: Survival Evolved,2024-03-14,567250,114748,681998,123,0,123,0.831747
346110,ARK: Survival Evolved,2024-03-15,567250,114748,681998,0,0,0,0.831747
346110,ARK: Survival Evolved,2024-03-16,567392,114780,682172,142,32,174,0.831743
346110,ARK: Survival Evolved,2024-03-17,567606,114797,682403,214,17,231,0.831775
346110,ARK: Survival Evolved,2024-03-18,567606,114797,682403,0,0,0,0.831775
346110,ARK: Survival Evolved,2024-03-19,567746,114799,682545,140,2,142,0.831807
346110,ARK: Survival Evolved,2024-03-20,567746,114799,682545,0,0,0,0.831807
346110,ARK: Survival Evolved,2024-03-21,567870,114811,682681,124,12,136,0.831823
346110,ARK: Survival Evolved,2024-03-22,568060,114823,682883,190,12,202,0.831856
346110,ARK: Survival Evolved,2024-03-23,568060,114823,682883,0,0,0,0.831856
346110,ARK: Survival Evolved,2024-03-24,568268,114833,683101,208,10,218,0.831895
346110,ARK: Survival Evolved,2024-03-25,568474,114845,683319,206,12,218,0.831931
346110,ARK: Survival Evolved,2024-03-26,568474,114845,683319,0,0,0,0.831931
346110,ARK: Survival Evolved,2024-03-27,568652,114857,683509,178,12,190,0.83196
346110,ARK: Survival Evolved,2024-03-28,568797,114878,683675,145,21,166,0.83197
346110,ARK: Survival Evolved,2024-03-29,568797,114878,683675,0,0,0,0.83197
346110,ARK: Survival Evolved,2024-03-30,568954,114898,683852,157,20,177,0.831984
346110,ARK: Survival Evolved,2024-03-31,568954,114898,683852,0,0,0,0.831984
346110,ARK: Survival Evolved,2024-04-01,569158,114927,684085,204,29,233,0.831999
346110,ARK: Survival Evolved,2024-04-02,569330,114950,684280,172,23,195,0.832013
346110,ARK: Survival Evolved,2024-04-03,569415,114954,684369,85,4,89,0.832029
346110,ARK: Survival Evolved,2024-04-04,569415,114954,684369,0,0,0,0.832029
346110,ARK: Survival Evolved,2024-04-05,569615,114971,684586,200,17,217,0.832058
346110,ARK: Survival Evolved,2024-04-06,569615,114971,684586,0,0,0,0.832058
346110,ARK: Survival Evolved,2024-04-07,569861,114999,684860,246,28,274,0.832084
346110,ARK: Survival Evolved,2024-04-08,570004,115008,685012,143,9,152,0.832108
346110,ARK: Survival Evolved,2024-04-09,570104,115014,685118,100,6,106,0.832125
346110,ARK: Survival Evolved,2024-04-10,570187,115026,685213,83,12,95,0.832131
346110,ARK: Survival Evolved,2024-04-11,570266,115033,685299,79,7,86,0.832142
346110,ARK: Survival Evolved,2024-04-12,570353,115046,685399,87,13,100,0.832147
346110,ARK: Survival Evolved,2024-04-13,570451,115053,685504,98,7,105,0.832163
346110,ARK: Survival Evolved,2024-04-14,570598,115062,685660,147,9,156,0.832188
346110,ARK: Survival Evolved,2024-04-15,570696,115076,685772,98,14,112,0.832195
346110,ARK: Survival Evolved,2024-04-16,570781,115081,685862,85,5,90,0.83221
346110,ARK: Survival Evolved,2024-04-17,570858,115085,685943,77,4,81,0.832224
346110,ARK: Survival Evolved,2024-04-18,570933,115094,686027,75,9,84,0.832231
346110,ARK: Survival Evolved,2024-04-19,571035,115096,686131,102,2,104,0.832254
346110,ARK: Survival Evolved,2024-04-20,571170,115102,686272,135,6,141,0.832279
346110,ARK: Survival Evolved,2024-04-21,571309,115110,686419,139,8,147,0.832304
346110,ARK: Survival Evolved,2024-04-22,571428,115104,686532,119,-6,113,0.83234
346110,ARK: Survival Evolved,2024-04-23,571507,115109,686616,79,5,84,0.832353
346110,ARK: Survival Evolved,2024-04-24,571580,115117,686697,73,8,81,0.832361
346110,ARK: Survival Evolved,2024-04-25,571667,115118,686785,87,1,88,0.832381
346110,ARK: Survival Evolved,2024-04-26,571743,115127,686870,76,9,85,0.832389
346110,ARK: Survival Evolved,2024-04-27,571873,115131,687004,130,4,134,0.832416
346110,ARK: Survival Evolved,2024-04-28,571994,115141,687135,121,10,131,0.832433
346110,ARK: Survival Evolved,2024-04-29,572104,115151,687255,110,10,120,0.832448
346110,ARK: Survival Evolved,2024-04-30,572192,115151,687343,88,0,88,0.832469
346110,ARK: Survival Evolved,2024-05-01,572268,115149,687417,76,-2,74,0.83249
346110,ARK: Survival Evolved,2024-05-02,572368,115154,687522,100,5,105,0.832509
346110,ARK: Survival Evolved,2024-05-03,572464,115162,687626,96,8,104,0.832522
346110,ARK: Survival Evolved,2024-05-04,572558,115182,687740,94,20,114,0.832521
346110,ARK: Survival Evolved,2024-05-05,572647,115195,687842,89,13,102,0.832527
346110,ARK: Survival Evolved,2024-05-06,572775,115214,687989,128,19,147,0.832535
346110,ARK: Survival Evolved,2024-05-07,572850,115222,688072,75,8,83,0.832544
346110,ARK: Survival Evolved,2024-05-08,572919,115228,688147,69,6,75,0.832553
346110,ARK: Survival Evolved,2024-05-09,573009,115236,688245,90,8,98,0.832565
346110,ARK: Survival Evolved,2024-05-10,573092,115249,688341,83,13,96,0.83257
346110,ARK: Survival Evolved,2024-05-11,573200,115261,688461,108,12,120,0.832582
346110,ARK: Survival Evolved,2024-05-12,573334,115282,688616,134,21,155,0.832589
346110,ARK: Survival Evolved,2024-05-13,573421,115281,688702,87,-1,86,0.832611
346110,ARK: Survival Evolved,2024-05-14,573497,115294,688791,76,13,89,0.832614
346110,ARK: Survival Evolved,2024-05-15,573567,115294,688861,70,0,70,0.832631
346110,ARK: Survival Evolved,2024-05-16,573647,115303,688950,80,9,89,0.83264
346110,ARK: Survival Evolved,2024-05-17,573721,115307,689028,74,4,78,0.832653
346110,ARK: Survival Evolved,2024-05-18,573826,115307,689133,105,0,105,0.832678
346110,ARK: Survival Evolved,2024-05-19,573939,115311,689250,113,4,117,0.832701
346110,ARK: Survival Evolved,2024-05-20,574051,115315,689366,112,4,116,0.832723
346110,ARK: Survival Evolved,2024-05-21,574141,115319,689460,90,4,94,0.83274
346110,ARK: Survival Evolved,2024-05-22,574202,115315,689517,61,-4,57,0.83276
346110,ARK: Survival Evolved,2024-05-23,574273,115316,689589,71,1,72,0.832776
346110,ARK: Survival Evolved,2024-05-24,574350,115325,689675,77,9,86,0.832784
346110,ARK: Survival Evolved,2024-05-25,574444,115329,689773,94,4,98,0.832802
346110,ARK: Survival Evolved,2024-05-26,574553,115342,689895,109,13,122,0.832812
346110,ARK: Survival Evolved,2024-05-27,574628,115353,689981,75,11,86,0.832817
346110,ARK: Survival Evolved,2024-05-28,574718,115360,690078,90,7,97,0.83283
346110,ARK: Survival Evolved,2024-05-29,574789,115363,690152,71,3,74,0.832844
346110,ARK: Survival Evolved,2024-05-30,574884,115365,690249,95,2,97,0.832865
346110,ARK: Survival Evolved,2024-05-31,574973,115378,690351,89,13,102,0.832871
346110,ARK: Survival Evolved,2024-06-01,575089,115382,690471,116,4,120,0.832894
346110,ARK: Survival Evolved,2024-06-02,575208,115402,690610,119,20,139,0.832898
346110,ARK: Survival Evolved,2024-06-03,575307,115401,690708,99,-1,98,0.832924
346110,ARK: Survival Evolved,2024-06-04,575380,115404,690784,73,3,76,0.832938
346110,ARK: Survival Evolved,2024-06-05,575463,115408,690871,83,4,87,0.832953
346110,ARK: Survival Evolved,2024-06-06,575570,115417,690987,107,9,116,0.832968
346110,ARK: Survival Evolved,2024-06-07,575676,115432,691108,106,15,121,0.832975
346110,ARK: Survival Evolved,2024-06-08,575777,115439,691216,101,7,108,0.832991
346110,ARK: Survival Evolved,2024-06-09,575900,115453,691353,123,14,137,0.833004
346110,ARK: Survival Evolved,2024-06-10,576041,115462,691503,141,9,150,0.833027
346110,ARK: Survival Evolved,2024-06-11,576142,115471,691613,101,9,110,0.833041
346110,ARK: Survival Evolved,2024-06-12,576247,115472,691719,105,1,106,0.833065
346110,ARK: Survival Evolved,2024-06-13,576342,115481,691823,95,9,104,0.833077
346110,ARK: Survival Evolved,2024-06-14,576462,115487,691949,120,6,126,0.833099
346110,ARK: Survival Evolved,2024-06-15,576585,115484,692069,123,-3,120,0.833132
346110,ARK: Survival Evolved,2024-06-16,576707,115503,692210,122,19,141,0.833139
346110,ARK: Survival Evolved,2024-06-17,576824,115514,692338,117,11,128,0.833154
346110,ARK: Survival Evolved,2024-06-18,576941,115523,692464,117,9,126,0.833171
346110,ARK: Survival Evolved,2024-06-19,577040,115538,692578,99,15,114,0.833177
346110,ARK: Survival Evolved,2024-06-20,577237,115554,692791,197,16,213,0.833205
346110,ARK: Survival Evolved,2024-06-21,577305,115556,692861,68,2,70,0.833219
346110,ARK: Survival Evolved,2024-06-22,577438,115565,693003,133,9,142,0.83324
346110,ARK: Survival Evolved,2024-06-23,577573,115574,693147,135,9,144,0.833262
346110,ARK: Survival Evolved,2024-06-24,577688,115584,693272,115,10,125,0.833278
346110,ARK: Survival Evolved,2024-06-25,577770,115600,693370,82,16,98,0.833278
346110,ARK: Survival Evolved,2024-06-26,577873,115608,693481,103,8,111,0.833293
346110,ARK: Survival Evolved,2024-06-27,577963,115621,693584,90,13,103,0.833299
346110,ARK: Survival Evolved,2024-06-28,578081,115632,693713,118,11,129,0.833314
346110,ARK: Survival Evolved,2024-06-29,578207,115628,693835,126,-4,122,0.833349
346110,ARK: Survival Evolved,2024-06-30,578322,115630,693952,115,2,117,0.833375
346110,ARK: Survival Evolved,2024-07-01,578440,115646,694086,118,16,134,0.833384
346110,ARK: Survival Evolved,2024-07-02,578516,115655,694171,76,9,85,0.833391
346110,ARK: Survival Evolved,2024-07-03,578613,115665,694278,97,10,107,0.833402
346110,ARK: Survival Evolved,2024-07-04,578725,115668,694393,112,3,115,0.833426
346110,ARK: Survival Evolved,2024-07-05,578826,115673,694499,101,5,106,0.833444
346110,ARK: Survival Evolved,2024-07-06,578962,115689,694651,136,16,152,0.833457
346110,ARK: Survival Evolved,2024-07-07,579079,115706,694785,117,17,134,0.833465
346110,ARK: Survival Evolved,2024-07-08,579189,115709,694898,110,3,113,0.833488
346110,ARK: Survival Evolved,2024-07-09,579296,115707,695003,107,-2,105,0.833516
346110,ARK: Survival Evolved,2024-07-10,579367,115710,695077,71,3,74,0.833529
346110,ARK: Survival Evolved,2024-07-11,579459,115713,695172,92,3,95,0.833548
346110,ARK: Survival Evolved,2024-07-12,579561,115721,695282,102,8,110,0.833562
346110,ARK: Survival Evolved,2024-07-13,579667,115743,695410,106,22,128,0.833561
346110,ARK: Survival Evolved,2024-07-14,579788,115754,695542,121,11,132,0.833577
346110,ARK: Survival Evolved,2024-07-15,579900,115758,695658,112,4,116,0.833599
346110,ARK: Survival Evolved,2024-07-16,580030,115762,695792,130,4,134,0.833626
346110,ARK: Survival Evolved,2024-07-17,580122,115770,695892,92,8,100,0.833638
346110,ARK: Survival Evolved,2024-07-18,580225,115783,696008,103,13,116,0.833647
346110,ARK: Survival Evolved,2024-07-19,580348,115796,696144,123,13,136,0.833661
346110,ARK: Survival Evolved,2024-07-20,580454,115812,696266,106,16,122,0.833667
346110,ARK: Survival Evolved,2024-07-21,580586,115819,696405,132,7,139,0.83369
346110,ARK: Survival Evolved,2024-07-22,580710,115829,696539,124,10,134,0.833708
346110,ARK: Survival Evolved,2024-07-23,580830,115843,696673,120,14,134,0.83372
346110,ARK: Survival Evolved,2024-07-24,580944,115848,696792,114,5,119,0.833741
346110,ARK: Survival Evolved,2024-07-25,581049,115853,696902,105,5,110,0.83376
346110,ARK: Survival Evolved,2024-07-26,581159,115864,697023,110,11,121,0.833773
346110,ARK: Survival Evolved,2024-07-27,581269,115877,697146,110,13,123,0.833784
346110,ARK: Survival Evolved,2024-07-28,581371,115893,697264,102,16,118,0.833789
346110,ARK: Survival Evolved,2024-07-29,581486,115904,697390,115,11,126,0.833803
346110,ARK: Survival Evolved,2024-07-30,581582,115913,697495,96,9,105,0.833815
346110,ARK: Survival Evolved,2024-07-31,581686,115930,697616,104,17,121,0.83382
346110,ARK: Survival Evolved,2024-08-01,581763,115935,697698,77,5,82,0.833832
346110,ARK: Survival Evolved,2024-08-02,581871,115945,697816,108,10,118,0.833846
346110,ARK: Survival Evolved,2024-08-03,581979,115965,697944,108,20,128,0.833848
346110,ARK: Survival Evolved,2024-08-04,582082,115967,698049,103,2,105,0.83387
346110,ARK: Survival Evolved,2024-08-05,582195,115979,698174,113,12,125,0.833882
346110,ARK: Survival Evolved,2024-08-06,582314,115989,698303,119,10,129,0.833899
346110,ARK: Survival Evolved,2024-08-07,582412,115993,698405,98,4,102,0.833917
346110,ARK: Survival Evolved,2024-08-08,582505,116011,698516,93,18,111,0.833918
346110,ARK: Survival Evolved,2024-08-09,582605,116021,698626,100,10,110,0.83393
346110,ARK: Survival Evolved,2024-08-10,582739,116037,698776,134,16,150,0.833942
346110,ARK: Survival Evolved,2024-08-11,582861,116043,698904,122,6,128,0.833964
346110,ARK: Survival Evolved,2024-08-12,582996,116051,699047,135,8,143,0.833987
346110,ARK: Survival Evolved,2024-08-13,583082,116064,699146,86,13,99,0.833992
346110,ARK: Survival Evolved,2024-08-14,583166,116071,699237,84,7,91,0.834003
346110,ARK: Survival Evolved,2024-08-15,583257,116074,699331,91,3,94,0.834021
346110,ARK: Survival Evolved,2024-08-16,583351,116092,699443,94,18,112,0.834022
346110,ARK: Survival Evolved,2024-08-17,583454,116102,699556,103,10,113,0.834035
346110,ARK: Survival Evolved,2024-08-18,583559,116109,699668,105,7,112,0.834051
346110,ARK: Survival Evolved,2024-08-19,583670,116114,699784,111,5,116,0.834072
346110,ARK: Survival Evolved,2024-08-20,583792,116124,699916,122,10,132,0.834089
346110,ARK: Survival Evolved,2024-08-21,583899,116132,700031,107,8,115,0.834104
346110,ARK: Survival Evolved,2024-08-22,583987,116137,700124,88,5,93,0.834119
346110,ARK: Survival Evolved,2024-08-23,584096,116142,700238,109,5,114,0.834139
346110,ARK: Survival Evolved,2024-08-24,584194,116151,700345,98,9,107,0.834152
346110,ARK: Survival Evolved,2024-08-25,584320,116161,700481,126,10,136,0.83417
346110,ARK: Survival Evolved,2024-08-26,584428,116168,700596,108,7,115,0.834187
346110,ARK: Survival Evolved,2024-08-27,584532,116172,700704,104,4,108,0.834207
346110,ARK: Survival Evolved,2024-08-28,584649,116177,700826,117,5,122,0.834228
346110,ARK: Survival Evolved,2024-08-29,584703,116186,700889,54,9,63,0.834231
346110,ARK: Survival Evolved,2024-08-30,584800,116190,700990,97,4,101,0.834249
346110,ARK: Survival Evolved,2024-08-31,584908,116197,701105,108,7,115,0.834266
346110,ARK: Survival Evolved,2024-09-01,585034,116200,701234,126,3,129,0.834292
346110,ARK: Survival Evolved,2024-09-02,585126,116206,701332,92,6,98,0.834307
346110,ARK: Survival Evolved,2024-09-03,585179,116218,701397,53,12,65,0.834305
346110,ARK: Survival Evolved,2024-09-04,585271,116227,701498,92,9,101,0.834316
346110,ARK: Survival Evolved,2024-09-05,585335,116228,701563,64,1,65,0.83433
346110,ARK: Survival Evolved,2024-09-06,585335,116228,701563,0,0,0,0.83433
346110,ARK: Survival Evolved,2024-09-07,585499,116240,701739,164,12,176,0.834354
346110,ARK: Survival Evolved,2024-09-08,585605,116245,701850,106,5,111,0.834373
346110,ARK: Survival Evolved,2024-09-09,585697,116250,701947,92,5,97,0.834389
346110,ARK: Survival Evolved,2024-09-10,585737,116251,701988,40,1,41,0.834397
346110,ARK: Survival Evolved,2024-09-11,585854,116253,702107,117,2,119,0.834423
346110,ARK: Survival Evolved,2024-09-12,585908,116248,702156,54,-5,49,0.834441
346110,ARK: Survival Evolved,2024-09-13,585984,116253,702237,76,5,81,0.834453
346110,ARK: Survival Evolved,2024-09-14,586083,116256,702339,99,3,102,0.834473
346110,ARK: Survival Evolved,2024-09-15,586187,116249,702436,104,-7,97,0.834506
346110,ARK: Survival Evolved,2024-09-16,586312,116252,702564,125,3,128,0.834532
346110,ARK: Survival Evolved,2024-09-17,586400,116258,702658,88,6,94,0.834545
346110,ARK: Survival Evolved,2024-09-18,586485,116262,702747,85,4,89,0.834561
346110,ARK: Survival Evolved,2024-09-19,586543,116263,702806,58,1,59,0.834573
346110,ARK: Survival Evolved,2024-09-20,586626,116265,702891,83,2,85,0.83459
346110,ARK: Survival Evolved,2024-09-21,586750,116271,703021,124,6,130,0.834612
346110,ARK: Survival Evolved,2024-09-22,586852,116282,703134,102,11,113,0.834623
346110,ARK: Survival Evolved,2024-09-23,586950,116287,703237,98,5,103,0.83464
346110,ARK: Survival Evolved,2024-09-24,587043,116291,703334,93,4,97,0.834658
346110,ARK: Survival Evolved,2024-09-25,587097,116291,703388,54,0,54,0.83467
346110,ARK: Survival Evolved,2024-09-26,587207,116293,703500,110,2,112,0.834694
346110,ARK: Survival Evolved,2024-09-27,587268,116298,703566,61,5,66,0.834702
346110,ARK: Survival Evolved,2024-09-28,587351,116305,703656,83,7,90,0.834713
346110,ARK: Survival Evolved,2024-09-29,587474,116317,703791,123,12,135,0.834728
346110,ARK: Survival Evolved,2024-09-30,587581,116314,703895,107,-3,104,0.834757
346110,ARK: Survival Evolved,2024-10-01,587669,116312,703981,88,-2,86,0.83478
346110,ARK: Survival Evolved,2024-10-02,587762,116309,704071,93,-3,90,0.834805
346110,ARK: Survival Evolved,2024-10-03,587847,116328,704175,85,19,104,0.834802
346110,ARK: Survival Evolved,2024-10-04,587954,116329,704283,107,1,108,0.834826
346110,ARK: Survival Evolved,2024-10-05,588038,116340,704378,84,11,95,0.834833
346110,ARK: Survival Evolved,2024-10-06,588146,116356,704502,108,16,124,0.834839
346110,ARK: Survival Evolved,2024-10-07,588248,116364,704612,102,8,110,0.834854
346110,ARK: Survival Evolved,2024-10-08,588311,116364,704675,63,0,63,0.834869
346110,ARK: Survival Evolved,2024-10-09,588390,116366,704756,79,2,81,0.834885
346110,ARK: Survival Evolved,2024-10-10,588466,116368,704834,76,2,78,0.8349
346110,ARK: Survival Evolved,2024-10-11,588539,116373,704912,73,5,78,0.834911
346110,ARK: Survival Evolved,2024-10-12,588625,116380,705005,86,7,93,0.834923
346110,ARK: Survival Evolved,2024-10-13,588710,116383,705093,85,3,88,0.83494
346110,ARK: Survival Evolved,2024-10-14,588803,116392,705195,93,9,102,0.834951
346110,ARK: Survival Evolved,2024-10-15,588872,116398,705270,69,6,75,0.83496
346110,ARK: Survival Evolved,2024-10-16,588948,116399,705347,76,1,77,0.834976
346110,ARK: Survival Evolved,2024-10-17,589026,116404,705430,78,5,83,0.834989
346110,ARK: Survival Evolved,2024-10-18,589081,116410,705491,55,6,61,0.834994
346110,ARK: Survival Evolved,2024-10-19,589181,116420,705601,100,10,110,0.835006
346110,ARK: Survival Evolved,2024-10-20,589309,116428,705737,128,8,136,0.835026
346110,ARK: Survival Evolved,2024-10-21,589394,116442,705836,85,14,99,0.83503
346110,ARK: Survival Evolved,2024-10-22,589460,116450,705910,66,8,74,0.835036
346110,ARK: Survival Evolved,2024-10-23,589504,116452,705956,44,2,46,0.835044
346110,ARK: Survival Evolved,2024-10-24,589582,116453,706035,78,1,79,0.835061
346110,ARK: Survival Evolved,2024-10-25,589667,116458,706125,85,5,90,0.835075
346110,ARK: Survival Evolved,2024-10-26,589746,116463,706209,79,5,84,0.835087
346110,ARK: Survival Evolved,2024-10-27,589886,116468,706354,140,5,145,0.835114
346110,ARK: Survival Evolved,2024-10-28,590009,116470,706479,123,2,125,0.83514
346110,ARK: Survival Evolved,2024-10-29,590076,116470,706546,67,0,67,0.835156
346110,ARK: Survival Evolved,2024-10-30,590160,116467,706627,84,-3,81,0.835179
346110,ARK: Survival Evolved,2024-10-31,590237,116475,706712,77,8,85,0.835187
346110,ARK: Survival Evolved,2024-11-01,590314,116478,706792,77,3,80,0.835202
346110,ARK: Survival Evolved,2024-11-02,590417,116478,706895,103,0,103,0.835226
346110,ARK: Survival Evolved,2024-11-03,590549,116488,707037,132,10,142,0.835245
346110,ARK: Survival Evolved,2024-11-04,590647,116495,707142,98,7,105,0.835259
346110,ARK: Survival Evolved,2024-11-05,590719,116497,707216,72,2,74,0.835274
346110,ARK: Survival Evolved,2024-11-06,590789,116495,707284,70,-2,68,0.835292
346110,ARK: Survival Evolved,2024-11-07,590843,116490,707333,54,-5,49,0.835311
346110,ARK: Survival Evolved,2024-11-08,590904,116489,707393,61,-1,60,0.835326
346110,ARK: Survival Evolved,2024-11-09,590980,116500,707480,76,11,87,0.835331
346110,ARK: Survival Evolved,2024-11-10,591101,116505,707606,121,5,126,0.835353
346110,ARK: Survival Evolved,2024-11-11,591212,116509,707721,111,4,115,0.835374
346110,ARK: Survival Evolved,2024-11-12,591304,116514,707818,92,5,97,0.83539
346110,ARK: Survival Evolved,2024-11-13,591370,116512,707882,66,-2,64,0.835408
346110,ARK: Survival Evolved,2024-11-14,591437,116516,707953,67,4,71,0.835418
346110,ARK: Survival Evolved,2024-11-15,591529,116520,708049,92,4,96,0.835435
346110,ARK: Survival Evolved,2024-11-16,591641,116520,708161,112,0,112,0.835461
346110,ARK: Survival Evolved,2024-11-17,591775,116530,708305,134,10,144,0.83548
346110,ARK: Survival Evolved,2024-11-18,591865,116533,708398,90,3,93,0.835498
346110,ARK: Survival Evolved,2024-11-19,591956,116539,708495,91,6,97,0.835512
346110,ARK: Survival Evolved,2024-11-20,592050,116542,708592,94,3,97,0.83553
346110,ARK: Survival Evolved,2024-11-21,592139,116551,708690,89,9,98,0.83554
346110,ARK: Survival Evolved,2024-11-22,592221,116552,708773,82,1,83,0.835558
346110,ARK: Survival Evolved,2024-11-23,592321,116555,708876,100,3,103,0.835578
346110,ARK: Survival Evolved,2024-11-24,592413,116562,708975,92,7,99,0.835591
346110,ARK: Survival Evolved,2024-11-25,592535,116571,709106,122,9,131,0.835608
346110,ARK: Survival Evolved,2024-11-26,592617,116577,709194,82,6,88,0.83562
346110,ARK: Survival Evolved,2024-11-27,592698,116585,709283,81,8,89,0.83563
346110,ARK: Survival Evolved,2024-11-28,592818,116593,709411,120,8,128,0.835648
346110,ARK: Survival Evolved,2024-11-29,592927,116596,709523,109,3,112,0.83567
346110,ARK: Survival Evolved,2024-11-30,593053,116599,709652,126,3,129,0.835696
346110,ARK: Survival Evolved,2024-12-01,593184,116601,709785,131,2,133,0.835723
346110,ARK: Survival Evolved,2024-12-02,593296,116603,709899,112,2,114,0.835747
346110,ARK: Survival Evolved,2024-12-03,593390,116608,709998,94,5,99,0.835763
346110,ARK: Survival Evolved,2024-12-04,593481,116613,710094,91,5,96,0.835778
346110,ARK: Survival Evolved,2024-12-05,593586,116618,710204,105,5,110,0.835796
346110,ARK: Survival Evolved,2024-12-06,593652,116623,710275,66,5,71,0.835806
346110,ARK: Survival Evolved,2024-12-07,593750,116627,710377,98,4,102,0.835824
346110,ARK: Survival Evolved,2024-12-08,593872,116627,710499,122,0,122,0.835852
346110,ARK: Survival Evolved,2024-12-09,593950,116631,710581,78,4,82,0.835865
346110,ARK: Survival Evolved,2024-12-10,594035,116631,710666,85,0,85,0.835885
346110,ARK: Survival Evolved,2024-12-11,594129,116633,710762,94,2,96,0.835904
346110,ARK: Survival Evolved,2024-12-12,594208,116641,710849,79,8,87,0.835913
346110,ARK: Survival Evolved,2024-12-13,594282,116643,710925,74,2,76,0.835928
346110,ARK: Survival Evolved,2024-12-14,594382,116657,711039,100,14,114,0.835934
346110,ARK: Survival Evolved,2024-12-15,594544,116668,711212,162,11,173,0.835959
346110,ARK: Survival Evolved,2024-12-16,594650,116676,711326,106,8,114,0.835974
346110,ARK: Survival Evolved,2024-12-17,594723,116679,711402,73,3,76,0.835987
346110,ARK: Survival Evolved,2024-12-18,594809,116687,711496,86,8,94,0.835998
346110,ARK: Survival Evolved,2024-12-19,594891,116694,711585,82,7,89,0.836008
346110,ARK: Survival Evolved,2024-12-20,594990,116703,711693,99,9,108,0.836021
346110,ARK: Survival Evolved,2024-12-21,595091,116706,711797,101,3,104,0.83604
346110,ARK: Survival Evolved,2024-12-22,595211,116713,711924,120,7,127,0.83606
346110,ARK: Survival Evolved,2024-12-23,595336,116729,712065,125,16,141,0.83607
346110,ARK: Survival Evolved,2024-12-24,595457,116731,712188,121,2,123,0.836095
346110,ARK: Survival Evolved,2024-12-25,595559,116738,712297,102,7,109,0.83611
346110,ARK: Survival Evolved,2024-12-26,595691,116742,712433,132,4,136,0.836136
346110,ARK: Survival Evolved,2024-12-27,595849,116751,712600,158,9,167,0.836162
346110,ARK: Survival Evolved,2024-12-28,596010,116759,712769,161,8,169,0.83619
346110,ARK: Survival Evolved,2024-12-29,596144,116776,712920,134,17,151,0.8362
346110,ARK: Survival Evolved,2024-12-30,596343,116794,713137,199,18,217,0.836225
346110,ARK: Survival Evolved,2024-12-31,596417,116794,713211,74,0,74,0.836242
346110,ARK: Survival Evolved,2025-01-01,596524,116799,713323,107,5,112,0.836261
346110,ARK: Survival Evolved,2025-01-02,596643,116817,713460,119,18,137,0.836267
346110,ARK: Survival Evolved,2025-01-03,596762,116819,713581,119,2,121,0.836292
346110,ARK: Survival Evolved,2025-01-04,596906,116830,713736,144,11,155,0.836312
346110,ARK: Survival Evolved,2025-01-05,597061,116847,713908,155,17,172,0.836328
346110,ARK: Survival Evolved,2025-01-06,597169,116851,714020,108,4,112,0.836348
346110,ARK: Survival Evolved,2025-01-07,597274,116857,714131,105,6,111,0.836365
346110,ARK: Survival Evolved,2025-01-08,597386,116867,714253,112,10,122,0.836379
346110,ARK: Survival Evolved,2025-01-09,597507,116870,714377,121,3,124,0.836403
346110,ARK: Survival Evolved,2025-01-10,597619,116879,714498,112,9,121,0.836418
346110,ARK: Survival Evolved,2025-01-11,597736,116884,714620,117,5,122,0.836439
346110,ARK: Survival Evolved,2025-01-12,597883,116902,714785,147,18,165,0.836452
346110,ARK: Survival Evolved,2025-01-13,597981,116906,714887,98,4,102,0.836469
346110,ARK: Survival Evolved,2025-01-14,598084,116915,714999,103,9,112,0.836482
346110,ARK: Survival Evolved,2025-01-15,598239,116924,715163,155,9,164,0.836507
346110,ARK: Survival Evolved,2025-01-16,598295,116925,715220,56,1,57,0.836519
346110,ARK: Survival Evolved,2025-01-17,598404,116934,715338,109,9,118,0.836533
346110,ARK: Survival Evolved,2025-01-18,598507,116956,715463,103,22,125,0.836531
346110,ARK: Survival Evolved,2025-01-19,598674,116969,715643,167,13,180,0.836554
346110,ARK: Survival Evolved,2025-01-20,598788,116975,715763,114,6,120,0.836573
346110,ARK: Survival Evolved,2025-01-21,598928,116979,715907,140,4,144,0.8366
346110,ARK: Survival Evolved,2025-01-22,599052,116993,716045,124,14,138,0.836612
346110,ARK: Survival Evolved,2025-01-23,599147,117003,716150,95,10,105,0.836622
346110,ARK: Survival Evolved,2025-01-24,599237,117018,716255,90,15,105,0.836625
346110,ARK: Survival Evolved,2025-01-25,599353,117019,716372,116,1,117,0.836651
346110,ARK: Survival Evolved,2025-01-26,599502,117024,716526,149,5,154,0.836679
346110,ARK: Survival Evolved,2025-01-27,599630,117042,716672,128,18,146,0.836687
346110,ARK: Survival Evolved,2025-01-28,599742,117050,716792,112,8,120,0.836703
346110,ARK: Survival Evolved,2025-01-29,599847,117048,716895,105,-2,103,0.836729
346110,ARK: Survival Evolved,2025-01-30,599957,117049,717006,110,1,111,0.836753
346110,ARK: Survival Evolved,2025-01-31,600033,117062,717095,76,13,89,0.836755
346110,ARK: Survival Evolved,2025-02-01,600141,117071,717212,108,9,117,0.836769
346110,ARK: Survival Evolved,2025-02-02,600298,117077,717375,157,6,163,0.836798
346110,ARK: Survival Evolved,2025-02-03,600425,117078,717503,127,1,128,0.836826
346110,ARK: Survival Evolved,2025-02-04,600522,117088,717610,97,10,107,0.836836
346110,ARK: Survival Evolved,2025-02-05,600648,117092,717740,126,4,130,0.83686
346110,ARK: Survival Evolved,2025-02-06,600720,117096,717816,72,4,76,0.836872
346110,ARK: Survival Evolved,2025-02-07,600836,117107,717943,116,11,127,0.836885
346110,ARK: Survival Evolved,2025-02-08,600966,117128,718094,130,21,151,0.83689
346110,ARK: Survival Evolved,2025-02-09,601141,117132,718273,175,4,179,0.836926
346110,ARK: Survival Evolved,2025-02-10,601299,117130,718429,158,-2,156,0.836964
346110,ARK: Survival Evolved,2025-02-11,601410,117127,718537,111,-3,108,0.836992
346110,ARK: Survival Evolved,2025-02-12,601478,117130,718608,68,3,71,0.837004
346110,ARK: Survival Evolved,2025-02-13,601532,117128,718660,54,-2,52,0.837019
346110,ARK: Survival Evolved,2025-02-14,601710,117139,718849,178,11,189,0.837046
346110,ARK: Survival Evolved,2025-02-15,601771,117151,718922,61,12,73,0.837046
346110,ARK: Survival Evolved,2025-02-16,601902,117154,719056,131,3,134,0.837072
346110,ARK: Survival Evolved,2025-02-17,602010,117170,719180,108,16,124,0.837078
346110,ARK: Survival Evolved,2025-02-18,602135,117176,719311,125,6,131,0.8371
346110,ARK: Survival Evolved,2025-02-19,602242,117182,719424,107,6,113,0.837117
346110,ARK: Survival Evolved,2025-02-20,602344,117192,719536,102,10,112,0.837128
346110,ARK: Survival Evolved,2025-02-21,602444,117202,719646,100,10,110,0.837139
346110,ARK: Survival Evolved,2025-02-22,602575,117211,719786,131,9,140,0.837159
346110,ARK: Survival Evolved,2025-02-23,602699,117221,719920,124,10,134,0.837175
346110,ARK: Survival Evolved,2025-02-24,602784,117225,720009,85,4,89,0.83719
346110,ARK: Survival Evolved,2025-02-25,602871,117234,720105,87,9,96,0.837199
346110,ARK: Survival Evolved,2025-02-26,602958,117234,720192,87,0,87,0.837218
346110,ARK: Survival Evolved,2025-02-27,603057,117237,720294,99,3,102,0.837237
346110,ARK: Survival Evolved,2025-02-28,603147,117244,720391,90,7,97,0.837249
346110,ARK: Survival Evolved,2025-03-01,603253,117249,720502,106,5,111,0.837268
346110,ARK: Survival Evolved,2025-03-02,603398,117249,720647,145,0,145,0.8373
346110,ARK: Survival Evolved,2025-03-03,603512,117258,720770,114,9,123,0.837316
346110,ARK: Survival Evolved,2025-03-04,603623,117265,720888,111,7,118,0.837333
346110,ARK: Survival Evolved,2025-03-05,603696,117271,720967,73,6,79,0.837342
346110,ARK: Survival Evolved,2025-03-06,603785,117282,721067,89,11,100,0.837349
346110,ARK: Survival Evolved,2025-03-07,603871,117286,721157,86,4,90,0.837364
346110,ARK: Survival Evolved,2025-03-08,604015,117299,721314,144,13,157,0.837382
346110,ARK: Survival Evolved,2025-03-09,604122,117308,721430,107,9,116,0.837395
346110,ARK: Survival Evolved,2025-03-10,604230,117328,721558,108,20,128,0.837396
346110,ARK: Survival Evolved,2025-03-11,604328,117338,721666,98,10,108,0.837407
346110,ARK: Survival Evolved,2025-03-12,604416,117342,721758,88,4,92,0.837422
346110,ARK: Survival Evolved,2025-03-13,604522,117350,721872,106,8,114,0.837437
346110,ARK: Survival Evolved,2025-03-14,604607,117349,721956,85,-1,84,0.837457
346110,ARK: Survival Evolved,2025-03-15,604735,117349,722084,128,0,128,0.837486
346110,ARK: Survival Evolved,2025-03-16,604869,117346,722215,134,-3,131,0.837519
346110,ARK: Survival Evolved,2025-03-17,604990,117365,722355,121,19,140,0.837524
346110,ARK: Survival Evolved,2025-03-18,605090,117372,722462,100,7,107,0.837539
346110,ARK: Survival Evolved,2025-03-19,605215,117386,722601,125,14,139,0.837551
346110,ARK: Survival Evolved,2025-03-20,605269,117427,722696,54,41,95,0.837515
346110,ARK: Survival Evolved,2025-03-21,605346,117464,722810,77,37,114,0.83749
346110,ARK: Survival Evolved,2025-03-22,605462,117479,722941,116,15,131,0.837498
346110,ARK: Survival Evolved,2025-03-23,605582,117494,723076,120,15,135,0.837508
346110,ARK: Survival Evolved,2025-03-24,605690,117506,723196,108,12,120,0.837518
346110,ARK: Survival Evolved,2025-03-25,605789,117522,723311,99,16,115,0.837522
346110,ARK: Survival Evolved,2025-03-26,605853,117536,723389,64,14,78,0.83752
346110,ARK: Survival Evolved,2025-03-27,605941,117545,723486,88,9,97,0.83753
346110,ARK: Survival Evolved,2025-03-28,606030,117561,723591,89,16,105,0.837531
346110,ARK: Survival Evolved,2025-03-29,606143,117559,723702,113,-2,111,0.837559
346110,ARK: Survival Evolved,2025-03-30,606330,117578,723908,187,19,206,0.837579
346110,ARK: Survival Evolved,2025-03-31,606366,117583,723949,36,5,41,0.837581
346110,ARK: Survival Evolved,2025-04-01,606431,117589,724020,65,6,71,0.837589
346110,ARK: Survival Evolved,2025-04-02,606513,117600,724113,82,11,93,0.837594
346110,ARK: Survival Evolved,2025-04-03,606610,117615,724225,97,15,112,0.837599
346110,ARK: Survival Evolved,2025-04-04,606679,117618,724297,69,3,72,0.837611
346110,ARK: Survival Evolved,2025-04-05,606776,117628,724404,97,10,107,0.837621
346110,ARK: Survival Evolved,2025-04-06,606849,117635,724484,73,7,80,0.837629
346110,ARK: Survival Evolved,2025-04-07,606944,117643,724587,95,8,103,0.837641
346110,ARK: Survival Evolved,2025-04-08,607006,117649,724655,62,6,68,0.837648
346110,ARK: Survival Evolved,2025-04-09,607124,117656,724780,118,7,125,0.837667
346110,ARK: Survival Evolved,2025-04-10,607151,117656,724807,27,0,27,0.837673
346110,ARK: Survival Evolved,2025-04-11,607233,117660,724893,82,4,86,0.837686
346110,ARK: Survival Evolved,2025-04-12,607314,117667,724981,81,7,88,0.837696
346110,ARK: Survival Evolved,2025-04-13,607416,117668,725084,102,1,103,0.837718
346110,ARK: Survival Evolved,2025-04-14,607516,117680,725196,100,12,112,0.837727
346110,ARK: Survival Evolved,2025-04-15,607639,117680,725319,123,0,123,0.837754
346110,ARK: Survival Evolved,2025-04-16,607669,117686,725355,30,6,36,0.837754
346110,ARK: Survival Evolved,2025-04-17,607747,117682,725429,78,-4,74,0.837776
346110,ARK: Survival Evolved,2025-04-18,607838,117696,725534,91,14,105,0.83778
346110,ARK: Survival Evolved,2025-04-19,607926,117704,725630,88,8,96,0.837791
346110,ARK: Survival Evolved,2025-04-20,608040,117705,725745,114,1,115,0.837815
346110,ARK: Survival Evolved,2025-04-21,608138,117709,725847,98,4,102,0.837832
346110,ARK: Survival Evolved,2025-04-22,608233,117714,725947,95,5,100,0.837848
346110,ARK: Survival Evolved,2025-04-23,608298,117719,726017,65,5,70,0.837856
346110,ARK: Survival Evolved,2025-04-24,608384,117723,726107,86,4,90,0.837871
346110,ARK: Survival Evolved,2025-04-25,608446,117736,726182,62,13,75,0.83787
346110,ARK: Survival Evolved,2025-04-26,608561,117738,726299,115,2,117,0.837893
346110,ARK: Survival Evolved,2025-04-27,608652,117751,726403,91,13,104,0.837899
346110,ARK: Survival Evolved,2025-04-28,608763,117768,726531,111,17,128,0.837904
346110,ARK: Survival Evolved,2025-04-29,608792,117770,726562,29,2,31,0.837908
346110,ARK: Survival Evolved,2025-04-30,608873,117771,726644,81,1,82,0.837925
346110,ARK: Survival Evolved,2025-05-01,608957,117769,726726,84,-2,82,0.837946
346110,ARK: Survival Evolved,2025-05-02,609047,117773,726820,90,4,94,0.837961
346110,ARK: Survival Evolved,2025-05-03,609138,117779,726917,91,6,97,0.837975
346110,ARK: Survival Evolved,2025-05-04,609233,117790,727023,95,11,106,0.837983
346110,ARK: Survival Evolved,2025-05-05,609346,117794,727140,113,4,117,0.838004
346110,ARK: Survival Evolved,2025-05-06,609460,117802,727262,114,8,122,0.83802
346110,ARK: Survival Evolved,2025-05-07,609491,117800,727291,31,-2,29,0.838029
346110,ARK: Survival Evolved,2025-05-08,609598,117804,727402,107,4,111,0.838048
346110,ARK: Survival Evolved,2025-05-09,609649,117809,727458,51,5,56,0.838054
346110,ARK: Survival Evolved,2025-05-10,609746,117815,727561,97,6,103,0.838069
346110,ARK: Survival Evolved,2025-05-11,609856,117830,727686,110,15,125,0.838076
346110,ARK: Survival Evolved,2025-05-12,609941,117831,727772,85,1,86,0.838094
346110,ARK: Survival Evolved,2025-05-13,610017,117834,727851,76,3,79,0.838107
346110,ARK: Survival Evolved,2025-05-14,610124,117843,727967,107,9,116,0.83812
346110,ARK: Survival Evolved,2025-05-15,610194,117850,728044,70,7,77,0.838128
346110,ARK: Survival Evolved,2025-05-16,610261,117851,728112,67,1,68,0.838142
346110,ARK: Survival Evolved,2025-05-17,610299,117855,728154,38,4,42,0.838146
346110,ARK: Survival Evolved,2025-05-18,610422,117861,728283,123,6,129,0.838166
346110,ARK: Survival Evolved,2025-05-19,610561,117878,728439,139,17,156,0.838177
346110,ARK: Survival Evolved,2025-05-20,610624,117893,728517,63,15,78,0.838174
346110,ARK: Survival Evolved,2025-05-21,610730,117895,728625,106,2,108,0.838195
346110,ARK: Survival Evolved,2025-05-22,610809,117890,728699,79,-5,74,0.838219
346110,ARK: Survival Evolved,2025-05-23,610916,117895,728811,107,5,112,0.838237
346110,ARK: Survival Evolved,2025-05-24,610956,117900,728856,40,5,45,0.83824
346110,ARK: Survival Evolved,2025-05-25,611132,117911,729043,176,11,187,0.838266
346110,ARK: Survival Evolved,2025-05-26,611188,117915,729103,56,4,60,0.838274
346110,ARK: Survival Evolved,2025-05-27,611285,117922,729207,97,7,104,0.838287
346110,ARK: Survival Evolved,2025-05-28,611405,117935,729340,120,13,133,0.838299
346110,ARK: Survival Evolved,2025-05-29,611512,117949,729461,107,14,121,0.838307
346110,ARK: Survival Evolved,2025-05-30,611579,117949,729528,67,0,67,0.838321
346110,ARK: Survival Evolved,2025-05-31,611719,117951,729670,140,2,142,0.83835
346110,ARK: Survival Evolved,2025-06-01,611780,117953,729733,61,2,63,0.838361
346110,ARK: Survival Evolved,2025-06-02,611941,117971,729912,161,18,179,0.838376
346110,ARK: Survival Evolved,2025-06-03,612009,117976,729985,68,5,73,0.838386
346110,ARK: Survival Evolved,2025-06-04,612081,117989,730070,72,13,85,0.838387
346110,ARK: Survival Evolved,2025-06-05,612177,117993,730170,96,4,100,0.838403
346110,ARK: Survival Evolved,2025-06-06,612275,118005,730280,98,12,110,0.838411
346110,ARK: Survival Evolved,2025-06-07,612463,118039,730502,188,34,222,0.838414
346110,ARK: Survival Evolved,2025-06-08,612723,118069,730792,260,30,290,0.838437
346110,ARK: Survival Evolved,2025-06-09,613020,118100,731120,297,31,328,0.838467
346110,ARK: Survival Evolved,2025-06-10,613366,118132,731498,346,32,378,0.838507
346110,ARK: Survival Evolved,2025-06-11,613681,118174,731855,315,42,357,0.838528
346110,ARK: Survival Evolved,2025-06-12,613839,118205,732044,158,31,189,0.838527
346110,ARK: Survival Evolved,2025-06-13,614181,118227,732408,342,22,364,0.838578
346110,ARK: Survival Evolved,2025-06-14,614296,118237,732533,115,10,125,0.838592
346110,ARK: Survival Evolved,2025-06-15,614598,118264,732862,302,27,329,0.838627
346110,ARK: Survival Evolved,2025-06-16,614836,118282,733118,238,18,256,0.838659
346110,ARK: Survival Evolved,2025-06-17,615003,118303,733306,167,21,188,0.838672
346110,ARK: Survival Evolved,2025-06-18,615156,118308,733464,153,5,158,0.8387
346110,ARK: Survival Evolved,2025-06-19,615369,118322,733691,213,14,227,0.83873
346110,ARK: Survival Evolved,2025-06-20,615624,118350,733974,255,28,283,0.838755
346110,ARK: Survival Evolved,2025-06-21,615823,118371,734194,199,21,220,0.838774
346110,ARK: Survival Evolved,2025-06-22,615943,118374,734317,120,3,123,0.838797
346110,ARK: Survival Evolved,2025-06-23,616195,118399,734594,252,25,277,0.838824
346110,ARK: Survival Evolved,2025-06-24,616264,118403,734667,69,4,73,0.838834
346110,ARK: Survival Evolved,2025-06-25,616399,118421,734820,135,18,153,0.838844
346110,ARK: Survival Evolved,2025-06-26,616589,118447,735036,190,26,216,0.838856
346110,ARK: Survival Evolved,2025-06-27,616652,118453,735105,63,6,69,0.838862
346110,ARK: Survival Evolved,2025-06-28,616786,118472,735258,134,19,153,0.83887
346110,ARK: Survival Evolved,2025-06-29,616925,118484,735409,139,12,151,0.838887
346110,ARK: Survival Evolved,2025-06-30,617055,118487,735542,130,3,133,0.838912
346110,ARK: Survival Evolved,2025-07-01,617178,118506,735684,123,19,142,0.838917
346110,ARK: Survival Evolved,2025-07-02,617295,118511,735806,117,5,122,0.838937
346110,ARK: Survival Evolved,2025-07-03,617544,118520,736064,249,9,258,0.838981
346110,ARK: Survival Evolved,2025-07-04,617591,118520,736111,47,0,47,0.838992
346110,ARK: Survival Evolved,2025-07-05,617723,118532,736255,132,12,144,0.839007
346110,ARK: Survival Evolved,2025-07-06,617841,118538,736379,118,6,124,0.839026
346110,ARK: Survival Evolved,2025-07-07,617957,118543,736500,116,5,121,0.839045
346110,ARK: Survival Evolved,2025-07-08,618045,118558,736603,88,15,103,0.839048
346110,ARK: Survival Evolved,2025-07-09,618224,118571,736795,179,13,192,0.839072
346110,ARK: Survival Evolved,2025-07-10,618262,118574,736836,38,3,41,0.839077
346110,ARK: Survival Evolved,2025-07-11,618389,118595,736984,127,21,148,0.839081
346110,ARK: Survival Evolved,2025-07-12,618444,118609,737053,55,14,69,0.839077
346110,ARK: Survival Evolved,2025-07-13,618546,118608,737154,102,-1,101,0.8391
346110,ARK: Survival Evolved,2025-07-14,618684,118617,737301,138,9,147,0.83912
346110,ARK: Survival Evolved,2025-07-15,618811,118631,737442,127,14,141,0.839132
346110,ARK: Survival Evolved,2025-07-16,618932,119832,738764,121,1201,1322,0.837794
346110,ARK: Survival Evolved,2025-07-17,619015,120206,739221,83,374,457,0.837388
346110,ARK: Survival Evolved,2025-07-18,619089,120445,739534,74,239,313,0.837134
346110,ARK: Survival Evolved,2025-07-19,619143,120552,739695,54,107,161,0.837025
346110,ARK: Survival Evolved,2025-07-20,619231,120708,739939,88,156,244,0.836868
346110,ARK: Survival Evolved,2025-07-21,619336,120824,740160,105,116,221,0.83676
346110,ARK: Survival Evolved,2025-07-22,619460,120935,740395,124,111,235,0.836662
346110,ARK: Survival Evolved,2025-07-23,619524,121000,740524,64,65,129,0.836602
346110,ARK: Survival Evolved,2025-07-24,619582,121112,740694,58,112,170,0.836488
346110,ARK: Survival Evolved,2025-07-25,619655,121209,740864,73,97,170,0.836395
346110,ARK: Survival Evolved,2025-07-26,619710,121317,741027,55,108,163,0.836285
346110,ARK: Survival Evolved,2025-07-27,619792,121514,741306,82,197,279,0.836081
346110,ARK: Survival Evolved,2025-07-28,619847,121771,741618,55,257,312,0.835804
346110,ARK: Survival Evolved,2025-07-29,619898,121919,741817,51,148,199,0.835648
346110,ARK: Survival Evolved,2025-07-30,619971,122063,742034,73,144,217,0.835502
346110,ARK: Survival Evolved,2025-07-31,620013,122113,742126,42,50,92,0.835455
346110,ARK: Survival Evolved,2025-08-01,620112,122170,742282,99,57,156,0.835413
346110,ARK: Survival Evolved,2025-08-02,620173,122208,742381,61,38,99,0.835384
346110,ARK: Survival Evolved,2025-08-03,620220,122240,742460,47,32,79,0.835358
346110,ARK: Survival Evolved,2025-08-04,620309,122290,742599,89,50,139,0.835322
346110,ARK: Survival Evolved,2025-08-05,620367,122332,742699,58,42,100,0.835287
346110,ARK: Survival Evolved,2025-08-06,620441,122379,742820,74,47,121,0.835251
346110,ARK: Survival Evolved,2025-08-07,620473,122398,742871,32,19,51,0.835237
346110,ARK: Survival Evolved,2025-08-08,620521,122417,742938,48,19,67,0.835226
346110,ARK: Survival Evolved,2025-08-09,620550,122435,742985,29,18,47,0.835212
346110,ARK: Survival Evolved,2025-08-10,620616,122476,743092,66,41,107,0.835181
346110,ARK: Survival Evolved,2025-08-11,620684,122520,743204,68,44,112,0.835146
346110,ARK: Survival Evolved,2025-08-12,620771,122572,743343,87,52,139,0.835107
346110,ARK: Survival Evolved,2025-08-13,620860,122672,743532,89,100,189,0.835014
346110,ARK: Survival Evolved,2025-08-14,620938,122750,743688,78,78,156,0.834944
346110,ARK: Survival Evolved,2025-08-15,621012,122894,743906,74,144,218,0.834799
346110,ARK: Survival Evolved,2025-08-16,621043,122936,743979,31,42,73,0.834759
346110,ARK: Survival Evolved,2025-08-17,621107,123057,744164,64,121,185,0.834637
346110,ARK: Survival Evolved,2025-08-18,621153,123106,744259,46,49,95,0.834593
346110,ARK: Survival Evolved,2025-08-19,621183,123137,744320,30,31,61,0.834564
346110,ARK: Survival Evolved,2025-08-20,621250,123189,744439,67,52,119,0.834521
346110,ARK: Survival Evolved,2025-08-21,621320,123251,744571,70,62,132,0.834467
346110,ARK: Survival Evolved,2025-08-22,621391,123286,744677,71,35,106,0.834444
346110,ARK: Survival Evolved,2025-08-23,621427,123319,744746,36,33,69,0.834415
346110,ARK: Survival Evolved,2025-08-24,621488,123347,744835,61,28,89,0.834397
346110,ARK: Survival Evolved,2025-08-25,621555,123385,744940,67,38,105,0.834369
346110,ARK: Survival Evolved,2025-08-26,621618,123404,745022,63,19,82,0.834362
346110,ARK: Survival Evolved,2025-08-27,621673,123430,745103,55,26,81,0.834345
346110,ARK: Survival Evolved,2025-08-28,621721,123446,745167,48,16,64,0.834338
346110,ARK: Survival Evolved,2025-08-29,621779,123478,745257,58,32,90,0.834315
346110,ARK: Survival Evolved,2025-08-30,621827,123501,745328,48,23,71,0.8343
346110,ARK: Survival Evolved,2025-08-31,621883,123531,745414,56,30,86,0.834279
346110,ARK: Survival Evolved,2025-09-01,621925,123564,745489,42,33,75,0.834251
346110,ARK: Survival Evolved,2025-09-02,621976,123593,745569,51,29,80,0.83423
346110,ARK: Survival Evolved,2025-09-03,622006,123623,745629,30,30,60,0.834203
346110,ARK: Survival Evolved,2025-09-04,622059,123650,745709,53,27,80,0.834185
346110,ARK: Survival Evolved,2025-09-05,622104,123665,745769,45,15,60,0.834178
346110,ARK: Survival Evolved,2025-09-06,622148,123690,745838,44,25,69,0.83416
346110,ARK: Survival Evolved,2025-09-07,622202,123721,745923,54,31,85,0.834137
346110,ARK: Survival Evolved,2025-09-08,622247,123751,745998,45,30,75,0.834113
346110,ARK: Survival Evolved,2025-09-09,622279,123768,746047,32,17,49,0.834102
346110,ARK: Survival Evolved,2025-09-10,622306,123784,746090,27,16,43,0.83409
346110,ARK: Survival Evolved,2025-09-11,622343,123797,746140,37,13,50,0.834083
346110,ARK: Survival Evolved,2025-09-12,622371,123809,746180,28,12,40,0.834076
346110,ARK: Survival Evolved,2025-09-13,622371,123809,746180,0,0,0,0.834076
346110,ARK: Survival Evolved,2025-09-14,622479,123853,746332,108,44,152,0.834051
346110,ARK: Survival Evolved,2025-09-15,622530,123869,746399,51,16,67,0.834045
346110,ARK: Survival Evolved,2025-09-16,622575,123885,746460,45,16,61,0.834037
346110,ARK: Survival Evolved,2025-09-17,622615,123898,746513,40,13,53,0.834031
346110,ARK: Survival Evolved,2025-09-18,622660,123922,746582,45,24,69,0.834014
346110,ARK: Survival Evolved,2025-09-19,622683,123937,746620,23,15,38,0.834003
346110,ARK: Survival Evolved,2025-09-20,622751,123960,746711,68,23,91,0.833992
346110,ARK: Survival Evolved,2025-09-21,622805,123975,746780,54,15,69,0.833987
346110,ARK: Survival Evolved,2025-09-22,622844,123997,746841,39,22,61,0.833971
346110,ARK: Survival Evolved,2025-09-23,622870,124011,746881,26,14,40,0.833962
346110,ARK: Survival Evolved,2025-09-24,622899,124030,746929,29,19,48,0.833947
346110,ARK: Survival Evolved,2025-09-25,622918,124041,746959,19,11,30,0.833939
346110,ARK: Survival Evolved,2025-09-26,622944,124060,747004,26,19,45,0.833923
346110,ARK: Survival Evolved,2025-09-27,622989,124079,747068,45,19,64,0.833912
346110,ARK: Survival Evolved,2025-09-28,623026,124108,747134,37,29,66,0.833888
346110,ARK: Survival Evolved,2025-09-29,623084,124127,747211,58,19,77,0.83388
346110,ARK: Survival Evolved,2025-09-30,623117,124140,747257,33,13,46,0.833872
346110,ARK: Survival Evolved,2025-10-01,623165,124170,747335,48,30,78,0.83385
346110,ARK: Survival Evolved,2025-10-02,623237,124189,747426,72,19,91,0.833844
346110,ARK: Survival Evolved,2025-10-03,623316,124220,747536,79,31,110,0.833827
346110,ARK: Survival Evolved,2025-10-04,623427,124256,747683,111,36,147,0.833812
346110,ARK: Survival Evolved,2025-10-05,623528,124299,747827,101,43,144,0.833786
346110,ARK: Survival Evolved,2025-10-06,623702,124336,748038,174,37,211,0.833784
346110,ARK: Survival Evolved,2025-10-07,623795,124366,748161,93,30,123,0.833771
346110,ARK: Survival Evolved,2025-10-08,623860,124387,748247,65,21,86,0.833762
346110,ARK: Survival Evolved,2025-10-09,623937,124414,748351,77,27,104,0.833749
346110,ARK: Survival Evolved,2025-10-10,624014,124431,748445,77,17,94,0.833747
346110,ARK: Survival Evolved,2025-10-11,624068,124460,748528,54,29,83,0.833727
346110,ARK: Survival Evolved,2025-10-12,624166,124484,748650,98,24,122,0.833722
346110,ARK: Survival Evolved,2025-10-13,624241,124522,748763,75,38,113,0.833696
346110,ARK: Survival Evolved,2025-10-14,624316,124527,748843,75,5,80,0.833707
346110,ARK: Survival Evolved,2025-10-15,624349,124535,748884,33,8,41,0.833706
346110,ARK: Survival Evolved,2025-10-16,624405,124546,748951,56,11,67,0.833706
346110,ARK: Survival Evolved,2025-10-17,624462,124571,749033,57,25,82,0.833691
346110,ARK: Survival Evolved,2025-10-18,624530,124586,749116,68,15,83,0.833689
346110,ARK: Survival Evolved,2025-10-19,624587,124610,749197,57,24,81,0.833675
346110,ARK: Survival Evolved,2025-10-20,624661,124626,749287,74,16,90,0.833674
346110,ARK: Survival Evolved,2025-10-21,624694,124629,749323,33,3,36,0.833678
346110,ARK: Survival Evolved,2025-10-22,624749,124644,749393,55,15,70,0.833673
346110,ARK: Survival Evolved,2025-10-23,624805,124667,749472,56,23,79,0.83366
346110,ARK: Survival Evolved,2025-10-24,624882,124683,749565,77,16,93,0.83366
346110,ARK: Survival Evolved,2025-10-25,624947,124692,749639,65,9,74,0.833664
346110,ARK: Survival Evolved,2025-10-26,625014,124712,749726,67,20,87,0.833657
346110,ARK: Survival Evolved,2025-10-27,625071,124729,749800,57,17,74,0.83365
346110,ARK: Survival Evolved,2025-10-28,625102,124742,749844,31,13,44,0.833643
346110,ARK: Survival Evolved,2025-10-29,625153,124757,749910,51,15,66,0.833637
346110,ARK: Survival Evolved,2025-10-30,625211,124764,749975,58,7,65,0.833642
346110,ARK: Survival Evolved,2025-10-31,625250,124774,750024,39,10,49,0.83364
346110,ARK: Survival Evolved,2025-11-01,625283,124776,750059,33,2,35,0.833645
346110,ARK: Survival Evolved,2025-11-02,625354,124787,750141,71,11,82,0.833649
346110,ARK: Survival Evolved,2025-11-03,625414,124802,750216,60,15,75,0.833645
346110,ARK: Survival Evolved,2025-11-04,625457,124811,750268,43,9,52,0.833645
346110,ARK: Survival Evolved,2025-11-05,625513,124818,750331,56,7,63,0.833649
346110,ARK: Survival Evolved,2025-11-06,625534,124834,750368,21,16,37,0.833636
346110,ARK: Survival Evolved,2025-11-07,625587,124844,750431,53,10,63,0.833637
346110,ARK: Survival Evolved,2025-11-08,625646,124864,750510,59,20,79,0.833628
346110,ARK: Survival Evolved,2025-11-09,625728,124887,750615,82,23,105,0.83362
346110,ARK: Survival Evolved,2025-11-10,625813,124902,750715,85,15,100,0.833623
346110,ARK: Survival Evolved,2025-11-11,625873,124921,750794,60,19,79,0.833615
346110,ARK: Survival Evolved,2025-11-12,625933,124938,750871,60,17,77,0.833609
346110,ARK: Survival Evolved,2025-11-13,625981,124952,750933,48,14,62,0.833604
346110,ARK: Survival Evolved,2025-11-14,626018,124974,750992,37,22,59,0.833588
346110,ARK: Survival Evolved,2025-11-15,626094,124988,751082,76,14,90,0.833589
346110,ARK: Survival Evolved,2025-11-16,626191,125011,751202,97,23,120,0.833585
346110,ARK: Survival Evolved,2025-11-17,626263,125028,751291,72,17,89,0.833582
346110,ARK: Survival Evolved,2025-11-18,626342,125044,751386,79,16,95,0.833582
346110,ARK: Survival Evolved,2025-11-19,626381,125059,751440,39,15,54,0.833574
346110,ARK: Survival Evolved,2025-11-20,626443,125071,751514,62,12,74,0.833575
346110,ARK: Survival Evolved,2025-11-21,626499,125095,751594,56,24,80,0.83356
346110,ARK: Survival Evolved,2025-11-22,626575,125113,751688,76,18,94,0.833557
346110,ARK: Survival Evolved,2025-11-23,626620,125138,751758,45,25,70,0.83354
346110,ARK: Survival Evolved,2025-11-24,626677,125156,751833,57,18,75,0.833532
346110,ARK: Survival Evolved,2025-11-25,626794,125176,751970,117,20,137,0.833536
346110,ARK: Survival Evolved,2025-11-26,626849,125190,752039,55,14,69,0.833533
346110,ARK: Survival Evolved,2025-11-27,626946,125211,752157,97,21,118,0.833531
346110,ARK: Survival Evolved,2025-11-28,626997,125226,752223,51,15,66,0.833525
346110,ARK: Survival Evolved,2025-11-29,627076,125242,752318,79,16,95,0.833525
346110,ARK: Survival Evolved,2025-11-30,627137,125270,752407,61,28,89,0.833508
346110,ARK: Survival Evolved,2025-12-01,627201,125301,752502,64,31,95,0.833487
346110,ARK: Survival Evolved,2025-12-02,627267,125301,752568,66,0,66,0.833502
346110,ARK: Survival Evolved,2025-12-03,627315,125311,752626,48,10,58,0.833502
346110,ARK: Survival Evolved,2025-12-04,627360,125325,752685,45,14,59,0.833496
346110,ARK: Survival Evolved,2025-12-05,627414,125331,752745,54,6,60,0.833501
346110,ARK: Survival Evolved,2025-12-06,627479,125352,752831,65,21,86,0.833493
346110,ARK: Survival Evolved,2025-12-07,627571,125356,752927,92,4,96,0.833508
346110,ARK: Survival Evolved,2025-12-08,627635,125374,753009,64,18,82,0.833503
346110,ARK: Survival Evolved,2025-12-09,627680,125395,753075,45,21,66,0.833489
346110,ARK: Survival Evolved,2025-12-10,627741,125418,753159,61,23,84,0.833477
346110,ARK: Survival Evolved,2025-12-11,627783,125432,753215,42,14,56,0.833471
346110,ARK: Survival Evolved,2025-12-12,627839,125437,753276,56,5,61,0.833478
346110,ARK: Survival Evolved,2025-12-13,627926,125454,753380,87,17,104,0.833478
346110,ARK: Survival Evolved,2025-12-14,627991,125480,753471,65,26,91,0.833464
346110,ARK: Survival Evolved,2025-12-15,628047,125503,753550,56,23,79,0.833451
346110,ARK: Survival Evolved,2025-12-16,628111,125515,753626,64,12,76,0.833452
346110,ARK: Survival Evolved,2025-12-17,628145,125519,753664,34,4,38,0.833455
346110,ARK: Survival Evolved,2025-12-18,628211,125536,753747,66,17,83,0.833451
346110,ARK: Survival Evolved,2025-12-19,628249,125546,753795,38,10,48,0.833448
346110,ARK: Survival Evolved,2025-12-20,628349,125566,753915,100,20,120,0.833448
346110,ARK: Survival Evolved,2025-12-21,628451,125591,754042,102,25,127,0.833443
346110,ARK: Survival Evolved,2025-12-22,628548,125620,754168,97,29,126,0.833432
346110,ARK: Survival Evolved,2025-12-23,628652,125639,754291,104,19,123,0.833434
346110,ARK: Survival Evolved,2025-12-24,628726,125660,754386,74,21,95,0.833427
346110,ARK: Survival Evolved,2025-12-25,628813,125675,754488,87,15,102,0.83343
346110,ARK: Survival Evolved,2025-12-26,628916,125702,754618,103,27,130,0.833423
346110,ARK: Survival Evolved,2025-12-27,629027,125727,754754,111,25,136,0.83342
346110,ARK: Survival Evolved,2025-12-28,629146,125752,754898,119,25,144,0.833419
346110,ARK: Survival Evolved,2025-12-29,629260,125781,755041,114,29,143,0.833412
346110,ARK: Survival Evolved,2025-12-30,629354,125816,755170,94,35,129,0.833394
346110,ARK: Survival Evolved,2025-12-31,629446,125847,755293,92,31,123,0.83338
346110,ARK: Survival Evolved,2026-01-01,629550,125857,755407,104,10,114,0.833392
346110,ARK: Survival Evolved,2026-01-02,629661,125877,755538,111,20,131,0.833394
346110,ARK: Survival Evolved,2026-01-03,629782,125908,755690,121,31,152,0.833387
346110,ARK: Survival Evolved,2026-01-04,629911,125941,755852,129,33,162,0.833379
346110,ARK: Survival Evolved,2026-01-05,630046,125960,756006,135,19,154,0.833388
346110,ARK: Survival Evolved,2026-01-06,630124,125966,756090,78,6,84,0.833398
346110,ARK: Survival Evolved,2026-01-07,630174,125988,756162,50,22,72,0.833385
346110,ARK: Survival Evolved,2026-01-08,630232,126003,756235,58,15,73,0.833381
346110,ARK: Survival Evolved,2026-01-09,630297,126024,756321,65,21,86,0.833372
346110,ARK: Survival Evolved,2026-01-10,630404,126043,756447,107,19,126,0.833375
346110,ARK: Survival Evolved,2026-01-11,630504,126071,756575,100,28,128,0.833366
346110,ARK: Survival Evolved,2026-01-12,630573,126091,756664,69,20,89,0.833359
346110,ARK: Survival Evolved,2026-01-13,630625,126099,756724,52,8,60,0.833362
346110,ARK: Survival Evolved,2026-01-14,630689,126116,756805,64,17,81,0.833357
346110,ARK: Survival Evolved,2026-01-15,630756,126121,756877,67,5,72,0.833367
346110,ARK: Survival Evolved,2026-01-16,630824,126143,756967,68,22,90,0.833357
346110,ARK: Survival Evolved,2026-01-17,630906,126162,757068,82,19,101,0.833354
346110,ARK: Survival Evolved,2026-01-18,631003,126186,757189,97,24,121,0.833349
346110,ARK: Survival Evolved,2026-01-19,631088,126213,757301,85,27,112,0.833338
346110,ARK: Survival Evolved,2026-01-20,631160,126223,757383,72,10,82,0.833343
346110,ARK: Survival Evolved,2026-01-21,631238,126243,757481,78,20,98,0.833338
346110,ARK: Survival Evolved,2026-01-22,631298,126267,757565,60,24,84,0.833325
346110,ARK: Survival Evolved,2026-01-23,631346,126285,757631,48,18,66,0.833316
346110,ARK: Survival Evolved,2026-01-24,631425,126303,757728,79,18,97,0.833314
346110,ARK: Survival Evolved,2026-01-25,631501,126344,757845,76,41,117,0.833285
346110,ARK: Survival Evolved,2026-01-26,631586,126365,757951,85,21,106,0.833281
346110,ARK: Survival Evolved,2026-01-27,631647,126375,758022,61,10,71,0.833283
346110,ARK: Survival Evolved,2026-01-28,631708,126400,758108,61,25,86,0.833269
346110,ARK: Survival Evolved,2026-01-29,631767,126412,758179,59,12,71,0.833269
346110,ARK: Survival Evolved,2026-01-30,631842,126421,758263,75,9,84,0.833276
346110,ARK: Survival Evolved,2026-01-31,631905,126436,758341,63,15,78,0.833273
346110,ARK: Survival Evolved,2026-02-01,631980,126467,758447,75,31,106,0.833255
346110,ARK: Survival Evolved,2026-02-02,632048,126480,758528,68,13,81,0.833256
346110,ARK: Survival Evolved,2026-02-03,632102,126499,758601,54,19,73,0.833247
346110,ARK: Survival Evolved,2026-02-04,632145,126505,758650,43,6,49,0.83325
346110,ARK: Survival Evolved,2026-02-05,632216,126518,758734,71,13,84,0.833251
346110,ARK: Survival Evolved,2026-02-06,632274,126525,758799,58,7,65,0.833256
346110,ARK: Survival Evolved,2026-02-07,632341,126546,758887,67,21,88,0.833248
346110,ARK: Survival Evolved,2026-02-08,632415,126560,758975,74,14,88,0.833249
346110,ARK: Survival Evolved,2026-02-09,632479,126587,759066,64,27,91,0.833233
346110,ARK: Survival Evolved,2026-02-10,632528,126610,759138,49,23,72,0.833219
346110,ARK: Survival Evolved,2026-02-11,632568,126612,759180,40,2,42,0.833225
346110,ARK: Survival Evolved,2026-02-12,632622,126630,759252,54,18,72,0.833217
346110,ARK: Survival Evolved,2026-02-13,632668,126642,759310,46,12,58,0.833214
346110,ARK: Survival Evolved,2026-02-14,632742,126652,759394,74,10,84,0.83322
346110,ARK: Survival Evolved,2026-02-15,632857,126665,759522,115,13,128,0.833231
346110,ARK: Survival Evolved,2026-02-16,632920,126673,759593,63,8,71,0.833236
346110,ARK: Survival Evolved,2026-02-17,632976,126684,759660,56,11,67,0.833236
346110,ARK: Survival Evolved,2026-02-18,633061,126702,759763,85,18,103,0.833235
346110,ARK: Survival Evolved,2026-02-19,633110,126706,759816,49,4,53,0.833241
346110,ARK: Survival Evolved,2026-02-20,633174,126718,759892,64,12,76,0.833242
346110,ARK: Survival Evolved,2026-02-21,633271,126736,760007,97,18,115,0.833244
346110,ARK: Survival Evolved,2026-02-22,633359,126757,760116,88,21,109,0.83324
346110,ARK: Survival Evolved,2026-02-23,633470,126784,760254,111,27,138,0.833235
346110,ARK: Survival Evolved,2026-02-24,633563,126794,760357,93,10,103,0.833244
346110,ARK: Survival Evolved,2026-02-25,633668,126806,760474,105,12,117,0.833254
346110,ARK: Survival Evolved,2026-02-26,633762,126827,760589,94,21,115,0.833252
346110,ARK: Survival Evolved,2026-02-27,633847,126828,760675,85,1,86,0.833269
346110,ARK: Survival Evolved,2026-02-28,633962,126857,760819,115,29,144,0.833263
346110,ARK: Survival Evolved,2026-03-01,634080,126878,760958,118,21,139,0.833265
346110,ARK: Survival Evolved,2026-03-02,634161,126891,761052,81,13,94,0.833269
346110,ARK: Survival Evolved,2026-03-03,634226,126906,761132,65,15,80,0.833267
346110,ARK: Survival Evolved,2026-03-04,634324,126935,761259,98,29,127,0.833256
227300,Euro Truck Simulator 2,2015-05-13,32384,599,32983,32384,599,32983,0.981839
227300,Euro Truck Simulator 2,2015-05-14,32399,599,32998,15,0,15,0.981847
227300,Euro Truck Simulator 2,2015-05-15,32453,600,33053,54,1,55,0.981847
227300,Euro Truck Simulator 2,2015-05-16,32522,606,33128,69,6,75,0.981707
227300,Euro Truck Simulator 2,2015-05-17,32570,607,33177,48,1,49,0.981704
227300,Euro Truck Simulator 2,2015-05-18,32639,607,33246,69,0,69,0.981742
227300,Euro Truck Simulator 2,2015-05-19,32702,611,33313,63,4,67,0.981659
227300,Euro Truck Simulator 2,2015-05-20,32758,611,33369,56,0,56,0.98169
227300,Euro Truck Simulator 2,2015-05-21,32810,612,33422,52,1,53,0.981689
227300,Euro Truck Simulator 2,2015-05-22,32853,613,33466,43,1,44,0.981683
227300,Euro Truck Simulator 2,2015-05-23,32906,615,33521,53,2,55,0.981653
227300,Euro Truck Simulator 2,2015-05-24,32966,618,33584,60,3,63,0.981598
227300,Euro Truck Simulator 2,2015-05-25,33012,623,33635,46,5,51,0.981478
227300,Euro Truck Simulator 2,2015-05-26,33050,624,33674,38,1,39,0.981469
227300,Euro Truck Simulator 2,2015-05-27,33117,625,33742,67,1,68,0.981477
227300,Euro Truck Simulator 2,2015-05-28,33166,626,33792,49,1,50,0.981475
227300,Euro Truck Simulator 2,2015-05-29,33213,626,33839,47,0,47,0.981501
227300,Euro Truck Simulator 2,2015-05-30,33246,629,33875,33,3,36,0.981432
227300,Euro Truck Simulator 2,2015-05-31,33293,630,33923,47,1,48,0.981429
227300,Euro Truck Simulator 2,2015-06-01,33293,630,33923,0,0,0,0.981429
227300,Euro Truck Simulator 2,2015-06-02,33388,631,34019,95,1,96,0.981452
227300,Euro Truck Simulator 2,2015-06-03,33443,632,34075,55,1,56,0.981453
227300,Euro Truck Simulator 2,2015-06-04,33499,632,34131,56,0,56,0.981483
227300,Euro Truck Simulator 2,2015-06-05,33552,632,34184,53,0,53,0.981512
227300,Euro Truck Simulator 2,2015-06-06,33602,632,34234,50,0,50,0.981539
227300,Euro Truck Simulator 2,2015-06-07,33654,634,34288,52,2,54,0.98151
227300,Euro Truck Simulator 2,2015-06-08,33701,634,34335,47,0,47,0.981535
227300,Euro Truck Simulator 2,2015-06-09,33757,635,34392,56,1,57,0.981536
227300,Euro Truck Simulator 2,2015-06-10,33804,636,34440,47,1,48,0.981533
227300,Euro Truck Simulator 2,2015-06-11,33864,641,34505,60,5,65,0.981423
227300,Euro Truck Simulator 2,2015-06-12,33924,643,34567,60,2,62,0.981398
227300,Euro Truck Simulator 2,2015-06-13,34033,645,34678,109,2,111,0.9814
227300,Euro Truck Simulator 2,2015-06-14,34139,647,34786,106,2,108,0.981401
227300,Euro Truck Simulator 2,2015-06-15,34250,650,34900,111,3,114,0.981375
227300,Euro Truck Simulator 2,2015-06-16,34360,651,35011,110,1,111,0.981406
227300,Euro Truck Simulator 2,2015-06-17,34455,655,35110,95,4,99,0.981344
227300,Euro Truck Simulator 2,2015-06-18,34648,662,35310,193,7,200,0.981252
227300,Euro Truck Simulator 2,2015-06-19,34916,674,35590,268,12,280,0.981062
227300,Euro Truck Simulator 2,2015-06-20,35126,683,35809,210,9,219,0.980927
227300,Euro Truck Simulator 2,2015-06-21,35309,687,35996,183,4,187,0.980915
227300,Euro Truck Simulator 2,2015-06-22,35537,697,36234,228,10,238,0.980764
227300,Euro Truck Simulator 2,2015-06-23,35693,699,36392,156,2,158,0.980792
227300,Euro Truck Simulator 2,2015-06-24,35796,705,36501,103,6,109,0.980685
227300,Euro Truck Simulator 2,2015-06-25,35883,713,36596,87,8,95,0.980517
227300,Euro Truck Simulator 2,2015-06-26,35988,712,36700,105,-1,104,0.980599
227300,Euro Truck Simulator 2,2015-06-27,36065,713,36778,77,1,78,0.980613
227300,Euro Truck Simulator 2,2015-06-28,36142,713,36855,77,0,77,0.980654
227300,Euro Truck Simulator 2,2015-06-29,36216,717,36933,74,4,78,0.980586
227300,Euro Truck Simulator 2,2015-06-30,36273,717,36990,57,0,57,0.980616
227300,Euro Truck Simulator 2,2015-07-01,36357,724,37081,84,7,91,0.980475
227300,Euro Truck Simulator 2,2015-07-02,36405,727,37132,48,3,51,0.980421
227300,Euro Truck Simulator 2,2015-07-03,36466,732,37198,61,5,66,0.980322
227300,Euro Truck Simulator 2,2015-07-04,36516,734,37250,50,2,52,0.980295
227300,Euro Truck Simulator 2,2015-07-05,36562,737,37299,46,3,49,0.980241
227300,Euro Truck Simulator 2,2015-07-06,36623,738,37361,61,1,62,0.980247
227300,Euro Truck Simulator 2,2015-07-07,36670,739,37409,47,1,48,0.980245
227300,Euro Truck Simulator 2,2015-07-08,36709,741,37450,39,2,41,0.980214
227300,Euro Truck Simulator 2,2015-07-09,36760,744,37504,51,3,54,0.980162
227300,Euro Truck Simulator 2,2015-07-10,36813,747,37560,53,3,56,0.980112
227300,Euro Truck Simulator 2,2015-07-11,36874,750,37624,61,3,64,0.980066
227300,Euro Truck Simulator 2,2015-07-12,36908,753,37661,34,3,37,0.980006
227300,Euro Truck Simulator 2,2015-07-13,36946,754,37700,38,1,39,0.98
227300,Euro Truck Simulator 2,2015-07-14,36997,755,37752,51,1,52,0.980001
227300,Euro Truck Simulator 2,2015-07-15,37065,757,37822,68,2,70,0.979985
227300,Euro Truck Simulator 2,2015-07-16,37101,758,37859,36,1,37,0.979978
227300,Euro Truck Simulator 2,2015-07-17,37146,759,37905,45,1,46,0.979976
227300,Euro Truck Simulator 2,2015-07-18,37182,759,37941,36,0,36,0.979995
227300,Euro Truck Simulator 2,2015-07-19,37225,761,37986,43,2,45,0.979966
227300,Euro Truck Simulator 2,2015-07-20,37276,760,38036,51,-1,50,0.980019
227300,Euro Truck Simulator 2,2015-07-21,37334,762,38096,58,2,60,0.979998
227300,Euro Truck Simulator 2,2015-07-22,37363,761,38124,29,-1,28,0.980039
227300,Euro Truck Simulator 2,2015-07-23,37403,765,38168,40,4,44,0.979957
227300,Euro Truck Simulator 2,2015-07-24,37471,769,38240,68,4,72,0.97989
227300,Euro Truck Simulator 2,2015-07-25,37516,767,38283,45,-2,43,0.979965
227300,Euro Truck Simulator 2,2015-07-26,37583,768,38351,67,1,68,0.979974
227300,Euro Truck Simulator 2,2015-07-27,37630,770,38400,47,2,49,0.979948
227300,Euro Truck Simulator 2,2015-07-28,37668,773,38441,38,3,41,0.979891
227300,Euro Truck Simulator 2,2015-07-29,37732,774,38506,64,1,65,0.979899
227300,Euro Truck Simulator 2,2015-07-30,37775,774,38549,43,0,43,0.979922
227300,Euro Truck Simulator 2,2015-07-31,37829,773,38602,54,-1,53,0.979975
227300,Euro Truck Simulator 2,2015-08-01,37897,777,38674,68,4,72,0.979909
227300,Euro Truck Simulator 2,2015-08-02,37967,782,38749,70,5,75,0.979819
227300,Euro Truck Simulator 2,2015-08-03,38055,781,38836,88,-1,87,0.97989
227300,Euro Truck Simulator 2,2015-08-04,38143,785,38928,88,4,92,0.979835
227300,Euro Truck Simulator 2,2015-08-05,38227,789,39016,84,4,88,0.979778
227300,Euro Truck Simulator 2,2015-08-06,38287,793,39080,60,4,64,0.979708
227300,Euro Truck Simulator 2,2015-08-07,38344,796,39140,57,3,60,0.979663
227300,Euro Truck Simulator 2,2015-08-08,38395,798,39193,51,2,53,0.979639
227300,Euro Truck Simulator 2,2015-08-09,38444,799,39243,49,1,50,0.97964
227300,Euro Truck Simulator 2,2015-08-10,38506,799,39305,62,0,62,0.979672
227300,Euro Truck Simulator 2,2015-08-11,38543,799,39342,37,0,37,0.979691
227300,Euro Truck Simulator 2,2015-08-12,38597,805,39402,54,6,60,0.97957
227300,Euro Truck Simulator 2,2015-08-13,38637,804,39441,40,-1,39,0.979615
227300,Euro Truck Simulator 2,2015-08-14,38682,806,39488,45,2,47,0.979589
227300,Euro Truck Simulator 2,2015-08-15,38732,807,39539,50,1,51,0.97959
227300,Euro Truck Simulator 2,2015-08-16,38767,806,39573,35,-1,34,0.979633
227300,Euro Truck Simulator 2,2015-08-17,38828,809,39637,61,3,64,0.97959
227300,Euro Truck Simulator 2,2015-08-18,38876,811,39687,48,2,50,0.979565
227300,Euro Truck Simulator 2,2015-08-19,38924,812,39736,48,1,49,0.979565
227300,Euro Truck Simulator 2,2015-08-20,38959,818,39777,35,6,41,0.979435
227300,Euro Truck Simulator 2,2015-08-21,38997,818,39815,38,0,38,0.979455
227300,Euro Truck Simulator 2,2015-08-22,39035,816,39851,38,-2,36,0.979524
227300,Euro Truck Simulator 2,2015-08-23,39074,816,39890,39,0,39,0.979544
227300,Euro Truck Simulator 2,2015-08-24,39128,815,39943,54,-1,53,0.979596
227300,Euro Truck Simulator 2,2015-08-25,39163,816,39979,35,1,36,0.979589
227300,Euro Truck Simulator 2,2015-08-26,39217,817,40034,54,1,55,0.979592
227300,Euro Truck Simulator 2,2015-08-27,39250,817,40067,33,0,33,0.979609
227300,Euro Truck Simulator 2,2015-08-28,39290,817,40107,40,0,40,0.979629
227300,Euro Truck Simulator 2,2015-08-29,39335,820,40155,45,3,48,0.979579
227300,Euro Truck Simulator 2,2015-08-30,39372,824,40196,37,4,41,0.9795
227300,Euro Truck Simulator 2,2015-08-31,39415,823,40238,43,-1,42,0.979547
227300,Euro Truck Simulator 2,2015-09-01,39473,825,40298,58,2,60,0.979528
227300,Euro Truck Simulator 2,2015-09-02,39544,827,40371,71,2,73,0.979515
227300,Euro Truck Simulator 2,2015-09-03,39578,828,40406,34,1,35,0.979508
227300,Euro Truck Simulator 2,2015-09-04,39615,829,40444,37,1,38,0.979503
227300,Euro Truck Simulator 2,2015-09-05,39652,829,40481,37,0,37,0.979521
227300,Euro Truck Simulator 2,2015-09-06,39698,829,40527,46,0,46,0.979545
227300,Euro Truck Simulator 2,2015-09-07,39757,830,40587,59,1,60,0.97955
227300,Euro Truck Simulator 2,2015-09-08,39807,831,40638,50,1,51,0.979551
227300,Euro Truck Simulator 2,2015-09-09,39848,831,40679,41,0,41,0.979572
227300,Euro Truck Simulator 2,2015-09-10,39876,831,40707,28,0,28,0.979586
227300,Euro Truck Simulator 2,2015-09-11,39913,832,40745,37,1,38,0.97958
227300,Euro Truck Simulator 2,2015-09-12,39954,834,40788,41,2,43,0.979553
227300,Euro Truck Simulator 2,2015-09-13,39997,836,40833,43,2,45,0.979526
227300,Euro Truck Simulator 2,2015-09-14,40046,837,40883,49,1,50,0.979527
227300,Euro Truck Simulator 2,2015-09-15,40083,838,40921,37,1,38,0.979522
227300,Euro Truck Simulator 2,2015-09-16,40125,839,40964,42,1,43,0.979519
227300,Euro Truck Simulator 2,2015-09-17,40165,841,41006,40,2,42,0.979491
227300,Euro Truck Simulator 2,2015-09-18,40199,844,41043,34,3,37,0.979436
227300,Euro Truck Simulator 2,2015-09-19,40234,845,41079,35,1,36,0.97943
227300,Euro Truck Simulator 2,2015-09-20,40267,845,41112,33,0,33,0.979446
227300,Euro Truck Simulator 2,2015-09-21,40309,845,41154,42,0,42,0.979467
227300,Euro Truck Simulator 2,2015-09-22,40347,846,41193,38,1,39,0.979463
227300,Euro Truck Simulator 2,2015-09-23,40390,846,41236,43,0,43,0.979484
227300,Euro Truck Simulator 2,2015-09-24,40433,849,41282,43,3,46,0.979434
227300,Euro Truck Simulator 2,2015-09-25,40461,850,41311,28,1,29,0.979424
227300,Euro Truck Simulator 2,2015-09-26,40503,852,41355,42,2,44,0.979398
227300,Euro Truck Simulator 2,2015-09-27,40565,854,41419,62,2,64,0.979381
227300,Euro Truck Simulator 2,2015-09-28,40632,858,41490,67,4,71,0.97932
227300,Euro Truck Simulator 2,2015-09-29,40674,857,41531,42,-1,41,0.979365
227300,Euro Truck Simulator 2,2015-09-30,40729,858,41587,55,1,56,0.979369
227300,Euro Truck Simulator 2,2015-10-01,40786,858,41644,57,0,57,0.979397
227300,Euro Truck Simulator 2,2015-10-02,40869,858,41727,83,0,83,0.979438
227300,Euro Truck Simulator 2,2015-10-03,40905,861,41766,36,3,39,0.979385
227300,Euro Truck Simulator 2,2015-10-04,40992,865,41857,87,4,91,0.979334
227300,Euro Truck Simulator 2,2015-10-05,41052,867,41919,60,2,62,0.979317
227300,Euro Truck Simulator 2,2015-10-06,41098,867,41965,46,0,46,0.97934
227300,Euro Truck Simulator 2,2015-10-07,41139,869,42008,41,2,43,0.979313
227300,Euro Truck Simulator 2,2015-10-08,41197,872,42069,58,3,61,0.979272
227300,Euro Truck Simulator 2,2015-10-09,41219,873,42092,22,1,23,0.97926
227300,Euro Truck Simulator 2,2015-10-10,41254,873,42127,35,0,35,0.979277
227300,Euro Truck Simulator 2,2015-10-11,41307,873,42180,53,0,53,0.979303
227300,Euro Truck Simulator 2,2015-10-12,41371,873,42244,64,0,64,0.979334
227300,Euro Truck Simulator 2,2015-10-13,41413,874,42287,42,1,43,0.979332
227300,Euro Truck Simulator 2,2015-10-14,41467,878,42345,54,4,58,0.979266
227300,Euro Truck Simulator 2,2015-10-15,41510,881,42391,43,3,46,0.979217
227300,Euro Truck Simulator 2,2015-10-16,41536,881,42417,26,0,26,0.97923
227300,Euro Truck Simulator 2,2015-10-17,41575,884,42459,39,3,42,0.97918
227300,Euro Truck Simulator 2,2015-10-18,41625,887,42512,50,3,53,0.979135
227300,Euro Truck Simulator 2,2015-10-19,41664,892,42556,39,5,44,0.979039
227300,Euro Truck Simulator 2,2015-10-20,41696,891,42587,32,-1,31,0.979078
227300,Euro Truck Simulator 2,2015-10-21,41727,891,42618,31,0,31,0.979093
227300,Euro Truck Simulator 2,2015-10-22,41771,893,42664,44,2,46,0.979069
227300,Euro Truck Simulator 2,2015-10-23,41798,895,42693,27,2,29,0.979036
227300,Euro Truck Simulator 2,2015-10-24,41844,896,42740,46,1,47,0.979036
227300,Euro Truck Simulator 2,2015-10-25,41908,897,42805,64,1,65,0.979045
227300,Euro Truck Simulator 2,2015-10-26,41957,899,42856,49,2,51,0.979023
227300,Euro Truck Simulator 2,2015-10-27,42019,900,42919,62,1,63,0.97903
227300,Euro Truck Simulator 2,2015-10-28,42108,900,43008,89,0,89,0.979074
227300,Euro Truck Simulator 2,2015-10-29,42182,902,43084,74,2,76,0.979064
227300,Euro Truck Simulator 2,2015-10-30,42261,905,43166,79,3,82,0.979034
227300,Euro Truck Simulator 2,2015-10-31,42364,907,43271,103,2,105,0.979039
227300,Euro Truck Simulator 2,2015-11-01,42464,910,43374,100,3,103,0.97902
227300,Euro Truck Simulator 2,2015-11-02,42538,912,43450,74,2,76,0.97901
227300,Euro Truck Simulator 2,2015-11-03,42616,915,43531,78,3,81,0.97898
227300,Euro Truck Simulator 2,2015-11-04,42676,918,43594,60,3,63,0.978942
227300,Euro Truck Simulator 2,2015-11-05,42734,920,43654,58,2,60,0.978925
227300,Euro Truck Simulator 2,2015-11-06,42807,923,43730,73,3,76,0.978893
227300,Euro Truck Simulator 2,2015-11-07,42875,926,43801,68,3,71,0.978859
227300,Euro Truck Simulator 2,2015-11-08,42958,928,43886,83,2,85,0.978854
227300,Euro Truck Simulator 2,2015-11-09,43047,932,43979,89,4,93,0.978808
227300,Euro Truck Simulator 2,2015-11-10,43106,934,44040,59,2,61,0.978792
227300,Euro Truck Simulator 2,2015-11-11,43162,933,44095,56,-1,55,0.978841
227300,Euro Truck Simulator 2,2015-11-12,43207,933,44140,45,0,45,0.978863
227300,Euro Truck Simulator 2,2015-11-13,43257,935,44192,50,2,52,0.978842
227300,Euro Truck Simulator 2,2015-11-14,43306,937,44243,49,2,51,0.978822
227300,Euro Truck Simulator 2,2015-11-15,43359,941,44300,53,4,57,0.978758
227300,Euro Truck Simulator 2,2015-11-16,43429,942,44371,70,1,71,0.97877
227300,Euro Truck Simulator 2,2015-11-17,43467,943,44410,38,1,39,0.978766
227300,Euro Truck Simulator 2,2015-11-18,43513,947,44460,46,4,50,0.9787
227300,Euro Truck Simulator 2,2015-11-19,43560,949,44509,47,2,49,0.978678
227300,Euro Truck Simulator 2,2015-11-20,43606,946,44552,46,-3,43,0.978766
227300,Euro Truck Simulator 2,2015-11-21,43655,947,44602,49,1,50,0.978768
227300,Euro Truck Simulator 2,2015-11-22,43711,949,44660,56,2,58,0.978751
227300,Euro Truck Simulator 2,2015-11-23,43761,952,44713,50,3,53,0.978709
227300,Euro Truck Simulator 2,2015-11-24,43819,954,44773,58,2,60,0.978693
227300,Euro Truck Simulator 2,2015-11-25,43866,956,44822,47,2,49,0.978671
227300,Euro Truck Simulator 2,2015-11-26,43916,959,44875,50,3,53,0.97863
227300,Euro Truck Simulator 2,2015-11-27,44058,963,45021,142,4,146,0.97861
227300,Euro Truck Simulator 2,2015-11-28,44223,967,45190,165,4,169,0.978601
227300,Euro Truck Simulator 2,2015-11-29,44438,972,45410,215,5,220,0.978595
227300,Euro Truck Simulator 2,2015-11-30,44613,977,45590,175,5,180,0.97857
227300,Euro Truck Simulator 2,2015-12-01,44824,980,45804,211,3,214,0.978604
227300,Euro Truck Simulator 2,2015-12-02,44972,983,45955,148,3,151,0.97861
227300,Euro Truck Simulator 2,2015-12-03,45089,986,46075,117,3,120,0.9786
227300,Euro Truck Simulator 2,2015-12-04,45195,993,46188,106,7,113,0.978501
227300,Euro Truck Simulator 2,2015-12-05,45283,997,46280,88,4,92,0.978457
227300,Euro Truck Simulator 2,2015-12-06,45406,1005,46411,123,8,131,0.978346
227300,Euro Truck Simulator 2,2015-12-07,45524,1004,46528,118,-1,117,0.978422
227300,Euro Truck Simulator 2,2015-12-08,45565,1005,46570,41,1,42,0.97842
227300,Euro Truck Simulator 2,2015-12-09,45635,1006,46641,70,1,71,0.978431
227300,Euro Truck Simulator 2,2015-12-10,45695,1008,46703,60,2,62,0.978417
227300,Euro Truck Simulator 2,2015-12-11,45762,1008,46770,67,0,67,0.978448
227300,Euro Truck Simulator 2,2015-12-12,45843,1010,46853,81,2,83,0.978443
227300,Euro Truck Simulator 2,2015-12-13,45943,1013,46956,100,3,103,0.978427
227300,Euro Truck Simulator 2,2015-12-14,46017,1016,47033,74,3,77,0.978398
227300,Euro Truck Simulator 2,2015-12-15,46084,1018,47102,67,2,69,0.978387
227300,Euro Truck Simulator 2,2015-12-16,46155,1020,47175,71,2,73,0.978378
227300,Euro Truck Simulator 2,2015-12-17,46241,1023,47264,86,3,89,0.978356
227300,Euro Truck Simulator 2,2015-12-18,46325,1024,47349,84,1,85,0.978373
227300,Euro Truck Simulator 2,2015-12-19,46386,1030,47416,61,6,67,0.978277
227300,Euro Truck Simulator 2,2015-12-20,46480,1030,47510,94,0,94,0.97832
227300,Euro Truck Simulator 2,2015-12-21,46559,1036,47595,79,6,85,0.978233
227300,Euro Truck Simulator 2,2015-12-22,46620,1039,47659,61,3,64,0.978199
227300,Euro Truck Simulator 2,2015-12-23,46764,1046,47810,144,7,151,0.978122
227300,Euro Truck Simulator 2,2015-12-24,46989,1053,48042,225,7,232,0.978082
227300,Euro Truck Simulator 2,2015-12-25,47224,1069,48293,235,16,251,0.977864
227300,Euro Truck Simulator 2,2015-12-26,47349,1076,48425,125,7,132,0.97778
227300,Euro Truck Simulator 2,2015-12-27,47701,1095,48796,352,19,371,0.97756
227300,Euro Truck Simulator 2,2015-12-28,47957,1108,49065,256,13,269,0.977418
227300,Euro Truck Simulator 2,2015-12-29,48188,1124,49312,231,16,247,0.977206
227300,Euro Truck Simulator 2,2015-12-30,48415,1132,49547,227,8,235,0.977153
227300,Euro Truck Simulator 2,2015-12-31,48637,1145,49782,222,13,235,0.977
227300,Euro Truck Simulator 2,2016-01-01,48637,1145,49782,0,0,0,0.977
227300,Euro Truck Simulator 2,2016-01-02,49106,1168,50274,469,23,492,0.976767
227300,Euro Truck Simulator 2,2016-01-03,49401,1179,50580,295,11,306,0.97669
227300,Euro Truck Simulator 2,2016-01-04,49690,1196,50886,289,17,306,0.976496
227300,Euro Truck Simulator 2,2016-01-05,49969,1200,51169,279,4,283,0.976548
227300,Euro Truck Simulator 2,2016-01-06,50180,1208,51388,211,8,219,0.976493
227300,Euro Truck Simulator 2,2016-01-07,50357,1213,51570,177,5,182,0.976479
227300,Euro Truck Simulator 2,2016-01-08,50473,1223,51696,116,10,126,0.976342
227300,Euro Truck Simulator 2,2016-01-09,50626,1232,51858,153,9,162,0.976243
227300,Euro Truck Simulator 2,2016-01-10,50774,1233,52007,148,1,149,0.976292
227300,Euro Truck Simulator 2,2016-01-11,50879,1234,52113,105,1,106,0.976321
227300,Euro Truck Simulator 2,2016-01-12,50966,1238,52204,87,4,91,0.976285
227300,Euro Truck Simulator 2,2016-01-13,51073,1240,52313,107,2,109,0.976297
227300,Euro Truck Simulator 2,2016-01-14,51145,1247,52392,72,7,79,0.976199
227300,Euro Truck Simulator 2,2016-01-15,51234,1250,52484,89,3,92,0.976183
227300,Euro Truck Simulator 2,2016-01-16,51302,1253,52555,68,3,71,0.976158
227300,Euro Truck Simulator 2,2016-01-17,51413,1255,52668,111,2,113,0.976171
227300,Euro Truck Simulator 2,2016-01-18,51512,1256,52768,99,1,100,0.976198
227300,Euro Truck Simulator 2,2016-01-19,51576,1259,52835,64,3,67,0.976171
227300,Euro Truck Simulator 2,2016-01-20,51649,1258,52907,73,-1,72,0.976222
227300,Euro Truck Simulator 2,2016-01-21,51705,1262,52967,56,4,60,0.976174
227300,Euro Truck Simulator 2,2016-01-22,51782,1266,53048,77,4,81,0.976135
227300,Euro Truck Simulator 2,2016-01-23,51867,1265,53132,85,-1,84,0.976191
227300,Euro Truck Simulator 2,2016-01-24,51961,1271,53232,94,6,100,0.976123
227300,Euro Truck Simulator 2,2016-01-25,52042,1273,53315,81,2,83,0.976123
227300,Euro Truck Simulator 2,2016-01-26,52117,1273,53390,75,0,75,0.976157
227300,Euro Truck Simulator 2,2016-01-27,52202,1277,53479,85,4,89,0.976121
227300,Euro Truck Simulator 2,2016-01-28,52270,1279,53549,68,2,70,0.976115
227300,Euro Truck Simulator 2,2016-01-29,52354,1282,53636,84,3,87,0.976098
227300,Euro Truck Simulator 2,2016-01-30,52436,1286,53722,82,4,86,0.976062
227300,Euro Truck Simulator 2,2016-01-31,52545,1289,53834,109,3,112,0.976056
227300,Euro Truck Simulator 2,2016-02-01,52651,1292,53943,106,3,109,0.976049
227300,Euro Truck Simulator 2,2016-02-02,52733,1296,54029,82,4,86,0.976013
227300,Euro Truck Simulator 2,2016-02-03,52848,1300,54148,115,4,119,0.975992
227300,Euro Truck Simulator 2,2016-02-04,52957,1300,54257,109,0,109,0.97604
227300,Euro Truck Simulator 2,2016-02-05,53037,1307,54344,80,7,87,0.97595
227300,Euro Truck Simulator 2,2016-02-06,53161,1311,54472,124,4,128,0.975933
227300,Euro Truck Simulator 2,2016-02-07,53282,1317,54599,121,6,127,0.975879
227300,Euro Truck Simulator 2,2016-02-08,53413,1326,54739,131,9,140,0.975776
227300,Euro Truck Simulator 2,2016-02-09,53547,1338,54885,134,12,146,0.975622
227300,Euro Truck Simulator 2,2016-02-10,53715,1341,55056,168,3,171,0.975643
227300,Euro Truck Simulator 2,2016-02-11,53831,1343,55174,116,2,118,0.975659
227300,Euro Truck Simulator 2,2016-02-12,53937,1342,55279,106,-1,105,0.975723
227300,Euro Truck Simulator 2,2016-02-13,54048,1340,55388,111,-2,109,0.975807
227300,Euro Truck Simulator 2,2016-02-14,54156,1343,55499,108,3,111,0.975801
227300,Euro Truck Simulator 2,2016-02-15,54238,1348,55586,82,5,87,0.975749
227300,Euro Truck Simulator 2,2016-02-16,54295,1348,55643,57,0,57,0.975774
227300,Euro Truck Simulator 2,2016-02-17,54355,1349,55704,60,1,61,0.975783
227300,Euro Truck Simulator 2,2016-02-18,54415,1353,55768,60,4,64,0.975739
227300,Euro Truck Simulator 2,2016-02-19,54470,1355,55825,55,2,57,0.975728
227300,Euro Truck Simulator 2,2016-02-20,54538,1356,55894,68,1,69,0.97574
227300,Euro Truck Simulator 2,2016-02-21,54623,1361,55984,85,5,90,0.975689
227300,Euro Truck Simulator 2,2016-02-22,54688,1365,56053,65,4,69,0.975648
227300,Euro Truck Simulator 2,2016-02-23,54758,1366,56124,70,1,71,0.975661
227300,Euro Truck Simulator 2,2016-02-24,54817,1373,56190,59,7,66,0.975565
227300,Euro Truck Simulator 2,2016-02-25,54877,1372,56249,60,-1,59,0.975608
227300,Euro Truck Simulator 2,2016-02-26,54957,1375,56332,80,3,83,0.975591
227300,Euro Truck Simulator 2,2016-02-27,55016,1375,56391,59,0,59,0.975617
227300,Euro Truck Simulator 2,2016-02-28,55093,1378,56471,77,3,80,0.975598
227300,Euro Truck Simulator 2,2016-02-29,55172,1379,56551,79,1,80,0.975615
227300,Euro Truck Simulator 2,2016-03-01,55222,1383,56605,50,4,54,0.975568
227300,Euro Truck Simulator 2,2016-03-02,55268,1384,56652,46,1,47,0.97557
227300,Euro Truck Simulator 2,2016-03-03,55311,1389,56700,43,5,48,0.975503
227300,Euro Truck Simulator 2,2016-03-04,55372,1393,56765,61,4,65,0.97546
227300,Euro Truck Simulator 2,2016-03-05,55433,1391,56824,61,-2,59,0.975521
227300,Euro Truck Simulator 2,2016-03-06,55481,1394,56875,48,3,51,0.97549
227300,Euro Truck Simulator 2,2016-03-07,55540,1397,56937,59,3,62,0.975464
227300,Euro Truck Simulator 2,2016-03-08,55595,1401,56996,55,4,59,0.975419
227300,Euro Truck Simulator 2,2016-03-09,55632,1405,57037,37,4,41,0.975367
227300,Euro Truck Simulator 2,2016-03-10,55670,1407,57077,38,2,40,0.975349
227300,Euro Truck Simulator 2,2016-03-11,55705,1412,57117,35,5,40,0.975279
227300,Euro Truck Simulator 2,2016-03-12,55751,1414,57165,46,2,48,0.975265
227300,Euro Truck Simulator 2,2016-03-13,55807,1416,57223,56,2,58,0.975255
227300,Euro Truck Simulator 2,2016-03-14,55861,1417,57278,54,1,55,0.975261
227300,Euro Truck Simulator 2,2016-03-15,55916,1417,57333,55,0,55,0.975285
227300,Euro Truck Simulator 2,2016-03-16,55955,1419,57374,39,2,41,0.975268
227300,Euro Truck Simulator 2,2016-03-17,55986,1423,57409,31,4,35,0.975213
227300,Euro Truck Simulator 2,2016-03-18,56020,1425,57445,34,2,36,0.975194
227300,Euro Truck Simulator 2,2016-03-19,56075,1422,57497,55,-3,52,0.975268
227300,Euro Truck Simulator 2,2016-03-20,56123,1425,57548,48,3,51,0.975238
227300,Euro Truck Simulator 2,2016-03-21,56181,1430,57611,58,5,63,0.975178
227300,Euro Truck Simulator 2,2016-03-22,56222,1432,57654,41,2,43,0.975162
227300,Euro Truck Simulator 2,2016-03-23,56262,1432,57694,40,0,40,0.975179
227300,Euro Truck Simulator 2,2016-03-24,56307,1433,57740,45,1,46,0.975182
227300,Euro Truck Simulator 2,2016-03-25,56361,1436,57797,54,3,57,0.975154
227300,Euro Truck Simulator 2,2016-03-26,56403,1438,57841,42,2,44,0.975139
227300,Euro Truck Simulator 2,2016-03-27,56467,1442,57909,64,4,68,0.975099
227300,Euro Truck Simulator 2,2016-03-28,56501,1446,57947,34,4,38,0.975046
227300,Euro Truck Simulator 2,2016-03-29,56544,1449,57993,43,3,46,0.975014
227300,Euro Truck Simulator 2,2016-03-30,56582,1452,58034,38,3,41,0.97498
227300,Euro Truck Simulator 2,2016-03-31,56615,1453,58068,33,1,34,0.974978
227300,Euro Truck Simulator 2,2016-04-01,56641,1455,58096,26,2,28,0.974955
227300,Euro Truck Simulator 2,2016-04-02,56669,1457,58126,28,2,30,0.974934
227300,Euro Truck Simulator 2,2016-04-03,56716,1458,58174,47,1,48,0.974937
227300,Euro Truck Simulator 2,2016-04-04,56766,1460,58226,50,2,52,0.974925
227300,Euro Truck Simulator 2,2016-04-05,56820,1462,58282,54,2,56,0.974915
227300,Euro Truck Simulator 2,2016-04-06,56843,1463,58306,23,1,24,0.974908
227300,Euro Truck Simulator 2,2016-04-07,56899,1462,58361,56,-1,55,0.974949
227300,Euro Truck Simulator 2,2016-04-08,56923,1465,58388,24,3,27,0.974909
227300,Euro Truck Simulator 2,2016-04-09,56956,1469,58425,33,4,37,0.974857
227300,Euro Truck Simulator 2,2016-04-10,56995,1471,58466,39,2,41,0.97484
227300,Euro Truck Simulator 2,2016-04-11,57022,1472,58494,27,1,28,0.974835
227300,Euro Truck Simulator 2,2016-04-12,57087,1476,58563,65,4,69,0.974796
227300,Euro Truck Simulator 2,2016-04-13,57140,1477,58617,53,1,54,0.974803
227300,Euro Truck Simulator 2,2016-04-14,57175,1477,58652,35,0,35,0.974818
227300,Euro Truck Simulator 2,2016-04-15,57218,1484,58702,43,7,50,0.97472
227300,Euro Truck Simulator 2,2016-04-16,57259,1488,58747,41,4,45,0.974671
227300,Euro Truck Simulator 2,2016-04-17,57306,1488,58794,47,0,47,0.974691
227300,Euro Truck Simulator 2,2016-04-18,57357,1494,58851,51,6,57,0.974614
227300,Euro Truck Simulator 2,2016-04-19,57404,1496,58900,47,2,49,0.974601
227300,Euro Truck Simulator 2,2016-04-20,57453,1501,58954,49,5,54,0.974539
227300,Euro Truck Simulator 2,2016-04-21,57489,1505,58994,36,4,40,0.974489
227300,Euro Truck Simulator 2,2016-04-22,57532,1508,59040,43,3,46,0.974458
227300,Euro Truck Simulator 2,2016-04-23,57576,1509,59085,44,1,45,0.974461
227300,Euro Truck Simulator 2,2016-04-24,57618,1511,59129,42,2,44,0.974446
227300,Euro Truck Simulator 2,2016-04-25,57683,1515,59198,65,4,69,0.974408
227300,Euro Truck Simulator 2,2016-04-26,57724,1519,59243,41,4,45,0.97436
227300,Euro Truck Simulator 2,2016-04-27,57761,1523,59284,37,4,41,0.97431
227300,Euro Truck Simulator 2,2016-04-28,57804,1525,59329,43,2,45,0.974296
227300,Euro Truck Simulator 2,2016-04-29,57839,1528,59367,35,3,38,0.974262
227300,Euro Truck Simulator 2,2016-04-30,57883,1531,59414,44,3,47,0.974232
227300,Euro Truck Simulator 2,2016-05-01,57924,1532,59456,41,1,42,0.974233
227300,Euro Truck Simulator 2,2016-05-02,57968,1533,59501,44,1,45,0.974236
227300,Euro Truck Simulator 2,2016-05-03,58017,1537,59554,49,4,53,0.974191
227300,Euro Truck Simulator 2,2016-05-04,58062,1539,59601,45,2,47,0.974178
227300,Euro Truck Simulator 2,2016-05-05,58119,1541,59660,57,2,59,0.97417
227300,Euro Truck Simulator 2,2016-05-06,58166,1545,59711,47,4,51,0.974125
227300,Euro Truck Simulator 2,2016-05-07,58220,1549,59769,54,4,58,0.974084
227300,Euro Truck Simulator 2,2016-05-08,58267,1552,59819,47,3,50,0.974055
227300,Euro Truck Simulator 2,2016-05-09,58331,1552,59883,64,0,64,0.974083
227300,Euro Truck Simulator 2,2016-05-10,58373,1554,59927,42,2,44,0.974068
227300,Euro Truck Simulator 2,2016-05-11,58427,1554,59981,54,0,54,0.974092
227300,Euro Truck Simulator 2,2016-05-12,58465,1558,60023,38,4,42,0.974043
227300,Euro Truck Simulator 2,2016-05-13,58500,1561,60061,35,3,38,0.97401
227300,Euro Truck Simulator 2,2016-05-14,58555,1562,60117,55,1,56,0.974017
227300,Euro Truck Simulator 2,2016-05-15,58602,1561,60163,47,-1,46,0.974054
227300,Euro Truck Simulator 2,2016-05-16,58633,1562,60195,31,1,32,0.974051
227300,Euro Truck Simulator 2,2016-05-17,58682,1561,60243,49,-1,48,0.974088
227300,Euro Truck Simulator 2,2016-05-18,58769,1564,60333,87,3,90,0.974077
227300,Euro Truck Simulator 2,2016-05-19,58835,1565,60400,66,1,67,0.974089
227300,Euro Truck Simulator 2,2016-05-20,58934,1569,60503,99,4,103,0.974067
227300,Euro Truck Simulator 2,2016-05-21,59007,1569,60576,73,0,73,0.974099
227300,Euro Truck Simulator 2,2016-05-22,59130,1575,60705,123,6,129,0.974055
227300,Euro Truck Simulator 2,2016-05-23,59219,1579,60798,89,4,93,0.974029
227300,Euro Truck Simulator 2,2016-05-24,59295,1585,60880,76,6,82,0.973965
227300,Euro Truck Simulator 2,2016-05-25,59347,1585,60932,52,0,52,0.973987
227300,Euro Truck Simulator 2,2016-05-26,59403,1587,60990,56,2,58,0.973979
227300,Euro Truck Simulator 2,2016-05-27,59456,1589,61045,53,2,55,0.97397
227300,Euro Truck Simulator 2,2016-05-28,59515,1589,61104,59,0,59,0.973995
227300,Euro Truck Simulator 2,2016-05-29,59564,1590,61154,49,1,50,0.974
227300,Euro Truck Simulator 2,2016-05-30,59603,1591,61194,39,1,40,0.974001
227300,Euro Truck Simulator 2,2016-05-31,59652,1592,61244,49,1,50,0.974006
227300,Euro Truck Simulator 2,2016-06-01,59699,1592,61291,47,0,47,0.974026
227300,Euro Truck Simulator 2,2016-06-02,59743,1594,61337,44,2,46,0.974012
227300,Euro Truck Simulator 2,2016-06-03,59772,1594,61366,29,0,29,0.974025
227300,Euro Truck Simulator 2,2016-06-04,59808,1597,61405,36,3,39,0.973992
227300,Euro Truck Simulator 2,2016-06-05,59852,1601,61453,44,4,48,0.973948
227300,Euro Truck Simulator 2,2016-06-06,59899,1603,61502,47,2,49,0.973936
227300,Euro Truck Simulator 2,2016-06-07,59943,1611,61554,44,8,52,0.973828
227300,Euro Truck Simulator 2,2016-06-08,60000,1612,61612,57,1,58,0.973836
227300,Euro Truck Simulator 2,2016-06-09,60051,1614,61665,51,2,53,0.973826
227300,Euro Truck Simulator 2,2016-06-10,60116,1618,61734,65,4,69,0.973791
227300,Euro Truck Simulator 2,2016-06-11,60170,1622,61792,54,4,58,0.973751
227300,Euro Truck Simulator 2,2016-06-12,60235,1625,61860,65,3,68,0.973731
227300,Euro Truck Simulator 2,2016-06-13,60272,1624,61896,37,-1,36,0.973762
227300,Euro Truck Simulator 2,2016-06-14,60309,1624,61933,37,0,37,0.973778
227300,Euro Truck Simulator 2,2016-06-15,60367,1626,61993,58,2,60,0.973771
227300,Euro Truck Simulator 2,2016-06-16,60393,1628,62021,26,2,28,0.973751
227300,Euro Truck Simulator 2,2016-06-17,60431,1631,62062,38,3,41,0.97372
227300,Euro Truck Simulator 2,2016-06-18,60472,1636,62108,41,5,46,0.973659
227300,Euro Truck Simulator 2,2016-06-19,60526,1636,62162,54,0,54,0.973682
227300,Euro Truck Simulator 2,2016-06-20,60578,1639,62217,52,3,55,0.973657
227300,Euro Truck Simulator 2,2016-06-21,60626,1643,62269,48,4,52,0.973614
227300,Euro Truck Simulator 2,2016-06-22,60666,1644,62310,40,1,41,0.973616
227300,Euro Truck Simulator 2,2016-06-23,60722,1643,62365,56,-1,55,0.973655
227300,Euro Truck Simulator 2,2016-06-24,60778,1644,62422,56,1,57,0.973663
227300,Euro Truck Simulator 2,2016-06-25,60945,1652,62597,167,8,175,0.973609
227300,Euro Truck Simulator 2,2016-06-26,61060,1660,62720,115,8,123,0.973533
227300,Euro Truck Simulator 2,2016-06-27,61180,1665,62845,120,5,125,0.973506
227300,Euro Truck Simulator 2,2016-06-28,61314,1666,62980,134,1,135,0.973547
227300,Euro Truck Simulator 2,2016-06-29,61477,1672,63149,163,6,169,0.973523
227300,Euro Truck Simulator 2,2016-06-30,61643,1683,63326,166,11,177,0.973423
227300,Euro Truck Simulator 2,2016-07-01,61787,1688,63475,144,5,149,0.973407
227300,Euro Truck Simulator 2,2016-07-02,61924,1695,63619,137,7,144,0.973357
227300,Euro Truck Simulator 2,2016-07-03,62057,1704,63761,133,9,142,0.973275
227300,Euro Truck Simulator 2,2016-07-04,62191,1705,63896,134,1,135,0.973316
227300,Euro Truck Simulator 2,2016-07-05,62328,1712,64040,137,7,144,0.973267
227300,Euro Truck Simulator 2,2016-07-06,62412,1717,64129,84,5,89,0.973226
227300,Euro Truck Simulator 2,2016-07-07,62506,1719,64225,94,2,96,0.973235
227300,Euro Truck Simulator 2,2016-07-08,62566,1723,64289,60,4,64,0.973199
227300,Euro Truck Simulator 2,2016-07-09,62632,1729,64361,66,6,72,0.973136
227300,Euro Truck Simulator 2,2016-07-10,62678,1732,64410,46,3,49,0.97311
227300,Euro Truck Simulator 2,2016-07-11,62743,1734,64477,65,2,67,0.973107
227300,Euro Truck Simulator 2,2016-07-12,62816,1742,64558,73,8,81,0.973017
227300,Euro Truck Simulator 2,2016-07-13,62872,1743,64615,56,1,57,0.973025
227300,Euro Truck Simulator 2,2016-07-14,62920,1747,64667,48,4,52,0.972985
227300,Euro Truck Simulator 2,2016-07-15,62998,1750,64748,78,3,81,0.972972
227300,Euro Truck Simulator 2,2016-07-16,63058,1753,64811,60,3,63,0.972952
227300,Euro Truck Simulator 2,2016-07-17,63104,1756,64860,46,3,49,0.972926
227300,Euro Truck Simulator 2,2016-07-18,63153,1756,64909,49,0,49,0.972947
227300,Euro Truck Simulator 2,2016-07-19,63211,1759,64970,58,3,61,0.972926
227300,Euro Truck Simulator 2,2016-07-20,63314,1766,65080,103,7,110,0.972864
227300,Euro Truck Simulator 2,2016-07-21,63371,1768,65139,57,2,59,0.972858
227300,Euro Truck Simulator 2,2016-07-22,63465,1769,65234,94,1,95,0.972882
227300,Euro Truck Simulator 2,2016-07-23,63532,1771,65303,67,2,69,0.97288
227300,Euro Truck Simulator 2,2016-07-24,63612,1774,65386,80,3,83,0.972869
227300,Euro Truck Simulator 2,2016-07-25,63706,1778,65484,94,4,98,0.972848
227300,Euro Truck Simulator 2,2016-07-26,63801,1779,65580,95,1,96,0.972873
227300,Euro Truck Simulator 2,2016-07-27,63868,1780,65648,67,1,68,0.972886
227300,Euro Truck Simulator 2,2016-07-28,63934,1784,65718,66,4,70,0.972854
227300,Euro Truck Simulator 2,2016-07-29,64024,1787,65811,90,3,93,0.972846
227300,Euro Truck Simulator 2,2016-07-30,64071,1788,65859,47,1,48,0.972851
227300,Euro Truck Simulator 2,2016-07-31,64123,1794,65917,52,6,58,0.972784
227300,Euro Truck Simulator 2,2016-08-01,64188,1795,65983,65,1,66,0.972796
227300,Euro Truck Simulator 2,2016-08-02,64245,1796,66041,57,1,58,0.972805
227300,Euro Truck Simulator 2,2016-08-03,64304,1794,66098,59,-2,57,0.972858
227300,Euro Truck Simulator 2,2016-08-04,64358,1796,66154,54,2,56,0.972851
227300,Euro Truck Simulator 2,2016-08-05,64393,1797,66190,35,1,36,0.972851
227300,Euro Truck Simulator 2,2016-08-06,64446,1797,66243,53,0,53,0.972873
227300,Euro Truck Simulator 2,2016-08-07,64481,1797,66278,35,0,35,0.972887
227300,Euro Truck Simulator 2,2016-08-08,64536,1798,66334,55,1,56,0.972895
227300,Euro Truck Simulator 2,2016-08-09,64566,1798,66364,30,0,30,0.972907
227300,Euro Truck Simulator 2,2016-08-10,64622,1803,66425,56,5,61,0.972857
227300,Euro Truck Simulator 2,2016-08-11,64669,1805,66474,47,2,49,0.972847
227300,Euro Truck Simulator 2,2016-08-12,64718,1807,66525,49,2,51,0.972837
227300,Euro Truck Simulator 2,2016-08-13,64759,1807,66566,41,0,41,0.972854
227300,Euro Truck Simulator 2,2016-08-14,64813,1810,66623,54,3,57,0.972832
227300,Euro Truck Simulator 2,2016-08-15,64862,1812,66674,49,2,51,0.972823
227300,Euro Truck Simulator 2,2016-08-16,64914,1814,66728,52,2,54,0.972815
227300,Euro Truck Simulator 2,2016-08-17,64963,1815,66778,49,1,50,0.97282
227300,Euro Truck Simulator 2,2016-08-18,64993,1818,66811,30,3,33,0.972789
227300,Euro Truck Simulator 2,2016-08-19,65032,1819,66851,39,1,40,0.97279
227300,Euro Truck Simulator 2,2016-08-20,65082,1822,66904,50,3,53,0.972767
227300,Euro Truck Simulator 2,2016-08-21,65112,1823,66935,30,1,31,0.972765
227300,Euro Truck Simulator 2,2016-08-22,65155,1822,66977,43,-1,42,0.972797
227300,Euro Truck Simulator 2,2016-08-23,65202,1820,67022,47,-2,45,0.972845
227300,Euro Truck Simulator 2,2016-08-24,65253,1821,67074,51,1,52,0.972851
227300,Euro Truck Simulator 2,2016-08-25,65282,1824,67106,29,3,32,0.972819
227300,Euro Truck Simulator 2,2016-08-26,65328,1826,67154,46,2,48,0.972809
227300,Euro Truck Simulator 2,2016-08-27,65376,1830,67206,48,4,52,0.97277
227300,Euro Truck Simulator 2,2016-08-28,65420,1832,67252,44,2,46,0.972759
227300,Euro Truck Simulator 2,2016-08-29,65479,1831,67310,59,-1,58,0.972798
227300,Euro Truck Simulator 2,2016-08-30,65531,1831,67362,52,0,52,0.972819
227300,Euro Truck Simulator 2,2016-08-31,65572,1831,67403,41,0,41,0.972835
227300,Euro Truck Simulator 2,2016-09-01,65608,1830,67438,36,-1,35,0.972864
227300,Euro Truck Simulator 2,2016-09-02,65649,1832,67481,41,2,43,0.972852
227300,Euro Truck Simulator 2,2016-09-03,65694,1834,67528,45,2,47,0.972841
227300,Euro Truck Simulator 2,2016-09-04,65740,1836,67576,46,2,48,0.972831
227300,Euro Truck Simulator 2,2016-09-05,65798,1838,67636,58,2,60,0.972825
227300,Euro Truck Simulator 2,2016-09-06,65841,1839,67680,43,1,44,0.972828
227300,Euro Truck Simulator 2,2016-09-07,65885,1844,67729,44,5,49,0.972774
227300,Euro Truck Simulator 2,2016-09-08,65936,1847,67783,51,3,54,0.972751
227300,Euro Truck Simulator 2,2016-09-09,65996,1848,67844,60,1,61,0.972761
227300,Euro Truck Simulator 2,2016-09-10,66036,1849,67885,40,1,41,0.972763
227300,Euro Truck Simulator 2,2016-09-11,66074,1848,67922,38,-1,37,0.972792
227300,Euro Truck Simulator 2,2016-09-12,66117,1849,67966,43,1,44,0.972795
227300,Euro Truck Simulator 2,2016-09-13,66141,1849,67990,24,0,24,0.972805
227300,Euro Truck Simulator 2,2016-09-14,66177,1849,68026,36,0,36,0.972819
227300,Euro Truck Simulator 2,2016-09-15,66171,1850,68021,-6,1,-5,0.972803
227300,Euro Truck Simulator 2,2016-09-16,66210,1851,68061,39,1,40,0.972804
227300,Euro Truck Simulator 2,2016-09-17,66283,1851,68134,73,0,73,0.972833
227300,Euro Truck Simulator 2,2016-09-18,66344,1856,68200,61,5,66,0.972786
227300,Euro Truck Simulator 2,2016-09-19,66401,1859,68260,57,3,60,0.972766
227300,Euro Truck Simulator 2,2016-09-20,66443,1863,68306,42,4,46,0.972726
227300,Euro Truck Simulator 2,2016-09-21,66487,1864,68351,44,1,45,0.972729
227300,Euro Truck Simulator 2,2016-09-22,66528,1862,68390,41,-2,39,0.972774
227300,Euro Truck Simulator 2,2016-09-23,66556,1861,68417,28,-1,27,0.972799
227300,Euro Truck Simulator 2,2016-09-24,66606,1861,68467,50,0,50,0.972819
227300,Euro Truck Simulator 2,2016-09-25,66654,1862,68516,48,1,49,0.972824
227300,Euro Truck Simulator 2,2016-09-26,66703,1866,68569,49,4,53,0.972787
227300,Euro Truck Simulator 2,2016-09-27,66735,1868,68603,32,2,34,0.972771
227300,Euro Truck Simulator 2,2016-09-28,66760,1873,68633,25,5,30,0.97271
227300,Euro Truck Simulator 2,2016-09-29,66788,1874,68662,28,1,29,0.972707
227300,Euro Truck Simulator 2,2016-09-30,66827,1874,68701,39,0,39,0.972722
227300,Euro Truck Simulator 2,2016-10-01,66853,1874,68727,26,0,26,0.972733
227300,Euro Truck Simulator 2,2016-10-02,66888,1875,68763,35,1,36,0.972732
227300,Euro Truck Simulator 2,2016-10-03,66940,1876,68816,52,1,53,0.972739
227300,Euro Truck Simulator 2,2016-10-04,66964,1879,68843,24,3,27,0.972706
227300,Euro Truck Simulator 2,2016-10-05,66983,1879,68862,19,0,19,0.972714
227300,Euro Truck Simulator 2,2016-10-06,67009,1877,68886,26,-2,24,0.972752
227300,Euro Truck Simulator 2,2016-10-07,67031,1879,68910,22,2,24,0.972733
227300,Euro Truck Simulator 2,2016-10-08,67059,1878,68937,28,-1,27,0.972758
227300,Euro Truck Simulator 2,2016-10-09,67111,1879,68990,52,1,53,0.972764
227300,Euro Truck Simulator 2,2016-10-10,67145,1881,69026,34,2,36,0.972749
227300,Euro Truck Simulator 2,2016-10-11,67186,1882,69068,41,1,42,0.972751
227300,Euro Truck Simulator 2,2016-10-12,67231,1880,69111,45,-2,43,0.972797
227300,Euro Truck Simulator 2,2016-10-13,67274,1881,69155,43,1,44,0.9728
227300,Euro Truck Simulator 2,2016-10-14,67338,1885,69223,64,4,68,0.972769
227300,Euro Truck Simulator 2,2016-10-15,67406,1887,69293,68,2,70,0.972768
227300,Euro Truck Simulator 2,2016-10-16,67479,1893,69372,73,6,79,0.972712
227300,Euro Truck Simulator 2,2016-10-17,67538,1897,69435,59,4,63,0.972679
227300,Euro Truck Simulator 2,2016-10-18,67601,1896,69497,63,-1,62,0.972718
227300,Euro Truck Simulator 2,2016-10-19,67636,1897,69533,35,1,36,0.972718
227300,Euro Truck Simulator 2,2016-10-20,67681,1897,69578,45,0,45,0.972736
227300,Euro Truck Simulator 2,2016-10-21,67720,1900,69620,39,3,42,0.972709
227300,Euro Truck Simulator 2,2016-10-22,67751,1901,69652,31,1,32,0.972707
227300,Euro Truck Simulator 2,2016-10-23,67790,1900,69690,39,-1,38,0.972736
227300,Euro Truck Simulator 2,2016-10-24,67840,1900,69740,50,0,50,0.972756
227300,Euro Truck Simulator 2,2016-10-25,67877,1904,69781,37,4,41,0.972715
227300,Euro Truck Simulator 2,2016-10-26,67919,1903,69822,42,-1,41,0.972745
227300,Euro Truck Simulator 2,2016-10-27,67962,1903,69865,43,0,43,0.972762
227300,Euro Truck Simulator 2,2016-10-28,67990,1905,69895,28,2,30,0.972745
227300,Euro Truck Simulator 2,2016-10-29,68046,1904,69950,56,-1,55,0.972781
227300,Euro Truck Simulator 2,2016-10-30,68134,1909,70043,88,5,93,0.972745
227300,Euro Truck Simulator 2,2016-10-31,68238,1911,70149,104,2,106,0.972758
227300,Euro Truck Simulator 2,2016-11-01,68311,1913,70224,73,2,75,0.972759
227300,Euro Truck Simulator 2,2016-11-02,68405,1922,70327,94,9,103,0.972671
227300,Euro Truck Simulator 2,2016-11-03,68461,1926,70387,56,4,60,0.972637
227300,Euro Truck Simulator 2,2016-11-04,68509,1928,70437,48,2,50,0.972628
227300,Euro Truck Simulator 2,2016-11-05,68554,1933,70487,45,5,50,0.972577
227300,Euro Truck Simulator 2,2016-11-06,68597,1934,70531,43,1,44,0.972579
227300,Euro Truck Simulator 2,2016-11-07,68632,1934,70566,35,0,35,0.972593
227300,Euro Truck Simulator 2,2016-11-08,68665,1936,70601,33,2,35,0.972578
227300,Euro Truck Simulator 2,2016-11-09,68715,1935,70650,50,-1,49,0.972611
227300,Euro Truck Simulator 2,2016-11-10,68753,1938,70691,38,3,41,0.972585
227300,Euro Truck Simulator 2,2016-11-11,68781,1937,70718,28,-1,27,0.97261
227300,Euro Truck Simulator 2,2016-11-12,68832,1938,70770,51,1,52,0.972616
227300,Euro Truck Simulator 2,2016-11-13,68886,1941,70827,54,3,57,0.972595
227300,Euro Truck Simulator 2,2016-11-14,68949,1943,70892,63,2,65,0.972592
227300,Euro Truck Simulator 2,2016-11-15,68987,1945,70932,38,2,40,0.972579
227300,Euro Truck Simulator 2,2016-11-16,69022,1946,70968,35,1,36,0.972579
227300,Euro Truck Simulator 2,2016-11-17,69051,1946,70997,29,0,29,0.97259
227300,Euro Truck Simulator 2,2016-11-18,69074,1948,71022,23,2,25,0.972572
227300,Euro Truck Simulator 2,2016-11-19,69112,1948,71060,38,0,38,0.972587
227300,Euro Truck Simulator 2,2016-11-20,69194,1948,71142,82,0,82,0.972618
227300,Euro Truck Simulator 2,2016-11-21,69235,1945,71180,41,-3,38,0.972675
227300,Euro Truck Simulator 2,2016-11-22,69261,1947,71208,26,2,28,0.972658
227300,Euro Truck Simulator 2,2016-11-23,69299,1949,71248,38,2,40,0.972645
227300,Euro Truck Simulator 2,2016-11-24,70178,1955,72133,879,6,885,0.972897
227300,Euro Truck Simulator 2,2016-11-25,71824,1965,73789,1646,10,1656,0.97337
227300,Euro Truck Simulator 2,2016-11-26,73028,1983,75011,1204,18,1222,0.973564
227300,Euro Truck Simulator 2,2016-11-27,74454,1998,76452,1426,15,1441,0.973866
227300,Euro Truck Simulator 2,2016-11-28,75342,2013,77355,888,15,903,0.973977
227300,Euro Truck Simulator 2,2016-11-29,75990,2017,78007,648,4,652,0.974143
227300,Euro Truck Simulator 2,2016-11-30,76401,2023,78424,411,6,417,0.974204
227300,Euro Truck Simulator 2,2016-12-01,76524,2026,78550,123,3,126,0.974208
227300,Euro Truck Simulator 2,2016-12-02,76605,2029,78634,81,3,84,0.974197
227300,Euro Truck Simulator 2,2016-12-03,76691,2031,78722,86,2,88,0.9742
227300,Euro Truck Simulator 2,2016-12-04,76788,2037,78825,97,6,103,0.974158
227300,Euro Truck Simulator 2,2016-12-05,76869,2036,78905,81,-1,80,0.974197
227300,Euro Truck Simulator 2,2016-12-06,76969,2044,79013,100,8,108,0.974131
227300,Euro Truck Simulator 2,2016-12-07,77065,2048,79113,96,4,100,0.974113
227300,Euro Truck Simulator 2,2016-12-08,77126,2055,79181,61,7,68,0.974047
227300,Euro Truck Simulator 2,2016-12-09,77189,2055,79244,63,0,63,0.974067
227300,Euro Truck Simulator 2,2016-12-10,77240,2059,79299,51,4,55,0.974035
227300,Euro Truck Simulator 2,2016-12-11,77306,2061,79367,66,2,68,0.974032
227300,Euro Truck Simulator 2,2016-12-12,77362,2064,79426,56,3,59,0.974014
227300,Euro Truck Simulator 2,2016-12-13,77428,2062,79490,66,-2,64,0.97406
227300,Euro Truck Simulator 2,2016-12-14,77484,2063,79547,56,1,57,0.974066
227300,Euro Truck Simulator 2,2016-12-15,77516,2063,79579,32,0,32,0.974076
227300,Euro Truck Simulator 2,2016-12-16,77543,2066,79609,27,3,30,0.974048
227300,Euro Truck Simulator 2,2016-12-17,77591,2071,79662,48,5,53,0.974003
227300,Euro Truck Simulator 2,2016-12-18,77675,2072,79747,84,1,85,0.974018
227300,Euro Truck Simulator 2,2016-12-19,77717,2076,79793,42,4,46,0.973983
227300,Euro Truck Simulator 2,2016-12-20,77756,2077,79833,39,1,40,0.973983
227300,Euro Truck Simulator 2,2016-12-21,77810,2084,79894,54,7,61,0.973915
227300,Euro Truck Simulator 2,2016-12-22,77865,2088,79953,55,4,59,0.973885
227300,Euro Truck Simulator 2,2016-12-23,77984,2086,80070,119,-2,117,0.973948
227300,Euro Truck Simulator 2,2016-12-24,78322,2091,80413,338,5,343,0.973997
227300,Euro Truck Simulator 2,2016-12-25,78746,2101,80847,424,10,434,0.974013
227300,Euro Truck Simulator 2,2016-12-26,79086,2111,81197,340,10,350,0.974002
227300,Euro Truck Simulator 2,2016-12-27,79347,2121,81468,261,10,271,0.973965
227300,Euro Truck Simulator 2,2016-12-28,79598,2128,81726,251,7,258,0.973962
227300,Euro Truck Simulator 2,2016-12-29,79852,2133,81985,254,5,259,0.973983
227300,Euro Truck Simulator 2,2016-12-30,80090,2139,82229,238,6,244,0.973987
227300,Euro Truck Simulator 2,2016-12-31,80384,2145,82529,294,6,300,0.974009
227300,Euro Truck Simulator 2,2017-01-01,80384,2145,82529,0,0,0,0.974009
227300,Euro Truck Simulator 2,2017-01-02,81062,2167,83229,678,22,700,0.973963
227300,Euro Truck Simulator 2,2017-01-03,81328,2182,83510,266,15,281,0.973871
227300,Euro Truck Simulator 2,2017-01-04,81505,2191,83696,177,9,186,0.973822
227300,Euro Truck Simulator 2,2017-01-05,81673,2200,83873,168,9,177,0.97377
227300,Euro Truck Simulator 2,2017-01-06,81796,2203,83999,123,3,126,0.973773
227300,Euro Truck Simulator 2,2017-01-07,81919,2209,84128,123,6,129,0.973742
227300,Euro Truck Simulator 2,2017-01-08,82085,2215,84300,166,6,172,0.973725
227300,Euro Truck Simulator 2,2017-01-09,82211,2221,84432,126,6,132,0.973695
227300,Euro Truck Simulator 2,2017-01-10,82308,2228,84536,97,7,104,0.973644
227300,Euro Truck Simulator 2,2017-01-11,82442,2226,84668,134,-2,132,0.973709
227300,Euro Truck Simulator 2,2017-01-12,82539,2234,84773,97,8,105,0.973647
227300,Euro Truck Simulator 2,2017-01-13,82626,2236,84862,87,2,89,0.973651
227300,Euro Truck Simulator 2,2017-01-14,82725,2237,84962,99,1,100,0.973671
227300,Euro Truck Simulator 2,2017-01-15,82845,2242,85087,120,5,125,0.97365
227300,Euro Truck Simulator 2,2017-01-16,82946,2243,85189,101,1,102,0.97367
227300,Euro Truck Simulator 2,2017-01-17,83018,2249,85267,72,6,78,0.973624
227300,Euro Truck Simulator 2,2017-01-18,83098,2250,85348,80,1,81,0.973637
227300,Euro Truck Simulator 2,2017-01-19,83204,2251,85455,106,1,107,0.973659
227300,Euro Truck Simulator 2,2017-01-20,83282,2252,85534,78,1,79,0.973671
227300,Euro Truck Simulator 2,2017-01-21,83386,2254,85640,104,2,106,0.973681
227300,Euro Truck Simulator 2,2017-01-22,83475,2262,85737,89,8,97,0.973617
227300,Euro Truck Simulator 2,2017-01-23,83561,2266,85827,86,4,90,0.973598
227300,Euro Truck Simulator 2,2017-01-24,83630,2268,85898,69,2,71,0.973597
227300,Euro Truck Simulator 2,2017-01-25,83706,2269,85975,76,1,77,0.973609
227300,Euro Truck Simulator 2,2017-01-26,83769,2270,86039,63,1,64,0.973617
227300,Euro Truck Simulator 2,2017-01-27,83814,2272,86086,45,2,47,0.973608
227300,Euro Truck Simulator 2,2017-01-28,83882,2272,86154,68,0,68,0.973629
227300,Euro Truck Simulator 2,2017-01-29,83939,2273,86212,57,1,58,0.973635
227300,Euro Truck Simulator 2,2017-01-30,84006,2275,86281,67,2,69,0.973633
227300,Euro Truck Simulator 2,2017-01-31,84092,2278,86370,86,3,89,0.973625
227300,Euro Truck Simulator 2,2017-02-01,84153,2281,86434,61,3,64,0.97361
227300,Euro Truck Simulator 2,2017-02-02,84212,2281,86493,59,0,59,0.973628
227300,Euro Truck Simulator 2,2017-02-03,84274,2284,86558,62,3,65,0.973613
227300,Euro Truck Simulator 2,2017-02-04,84355,2283,86638,81,-1,80,0.973649
227300,Euro Truck Simulator 2,2017-02-05,84440,2284,86724,85,1,86,0.973664
227300,Euro Truck Simulator 2,2017-02-06,84506,2289,86795,66,5,71,0.973628
227300,Euro Truck Simulator 2,2017-02-07,84560,2292,86852,54,3,57,0.97361
227300,Euro Truck Simulator 2,2017-02-08,84640,2296,86936,80,4,84,0.97359
227300,Euro Truck Simulator 2,2017-02-09,84672,2297,86969,32,1,33,0.973588
227300,Euro Truck Simulator 2,2017-02-10,84721,2296,87017,49,-1,48,0.973614
227300,Euro Truck Simulator 2,2017-02-11,84777,2302,87079,56,6,62,0.973564
227300,Euro Truck Simulator 2,2017-02-12,84855,2305,87160,78,3,81,0.973554
227300,Euro Truck Simulator 2,2017-02-13,84936,2304,87240,81,-1,80,0.97359
227300,Euro Truck Simulator 2,2017-02-14,84979,2305,87284,43,1,44,0.973592
227300,Euro Truck Simulator 2,2017-02-15,85032,2305,87337,53,0,53,0.973608
227300,Euro Truck Simulator 2,2017-02-16,85074,2307,87381,42,2,44,0.973598
227300,Euro Truck Simulator 2,2017-02-17,85125,2311,87436,51,4,55,0.973569
227300,Euro Truck Simulator 2,2017-02-18,85180,2312,87492,55,1,56,0.973575
227300,Euro Truck Simulator 2,2017-02-19,85265,2319,87584,85,7,92,0.973523
227300,Euro Truck Simulator 2,2017-02-20,85321,2321,87642,56,2,58,0.973517
227300,Euro Truck Simulator 2,2017-02-21,85391,2322,87713,70,1,71,0.973527
227300,Euro Truck Simulator 2,2017-02-22,85452,2325,87777,61,3,64,0.973512
227300,Euro Truck Simulator 2,2017-02-23,85502,2329,87831,50,4,54,0.973483
227300,Euro Truck Simulator 2,2017-02-24,85559,2334,87893,57,5,62,0.973445
227300,Euro Truck Simulator 2,2017-02-25,85612,2334,87946,53,0,53,0.973461
227300,Euro Truck Simulator 2,2017-02-26,85664,2338,88002,52,4,56,0.973432
227300,Euro Truck Simulator 2,2017-02-27,85713,2341,88054,49,3,52,0.973414
227300,Euro Truck Simulator 2,2017-02-28,85756,2347,88103,43,6,49,0.973361
227300,Euro Truck Simulator 2,2017-03-01,85807,2349,88156,51,2,53,0.973354
227300,Euro Truck Simulator 2,2017-03-02,85866,2352,88218,59,3,62,0.973339
227300,Euro Truck Simulator 2,2017-03-03,85905,2354,88259,39,2,41,0.973328
227300,Euro Truck Simulator 2,2017-03-04,85942,2358,88300,37,4,41,0.973296
227300,Euro Truck Simulator 2,2017-03-05,86005,2362,88367,63,4,67,0.973271
227300,Euro Truck Simulator 2,2017-03-06,86064,2370,88434,59,8,67,0.9732
227300,Euro Truck Simulator 2,2017-03-07,86110,2372,88482,46,2,48,0.973192
227300,Euro Truck Simulator 2,2017-03-08,86159,2373,88532,49,1,50,0.973196
227300,Euro Truck Simulator 2,2017-03-09,86200,2373,88573,41,0,41,0.973209
227300,Euro Truck Simulator 2,2017-03-10,86230,2371,88601,30,-2,28,0.97324
227300,Euro Truck Simulator 2,2017-03-11,86278,2371,88649,48,0,48,0.973254
227300,Euro Truck Simulator 2,2017-03-12,86336,2371,88707,58,0,58,0.973272
227300,Euro Truck Simulator 2,2017-03-13,86393,2373,88766,57,2,59,0.973267
227300,Euro Truck Simulator 2,2017-03-14,86465,2374,88839,72,1,73,0.973278
227300,Euro Truck Simulator 2,2017-03-15,86507,2376,88883,42,2,44,0.973268
227300,Euro Truck Simulator 2,2017-03-16,86551,2377,88928,44,1,45,0.973271
227300,Euro Truck Simulator 2,2017-03-17,86589,2379,88968,38,2,40,0.97326
227300,Euro Truck Simulator 2,2017-03-18,86647,2383,89030,58,4,62,0.973234
227300,Euro Truck Simulator 2,2017-03-19,86719,2385,89104,72,2,74,0.973234
227300,Euro Truck Simulator 2,2017-03-20,86797,2385,89182,78,0,78,0.973257
227300,Euro Truck Simulator 2,2017-03-21,86834,2387,89221,37,2,39,0.973246
227300,Euro Truck Simulator 2,2017-03-22,86898,2393,89291,64,6,70,0.9732
227300,Euro Truck Simulator 2,2017-03-23,86937,2396,89333,39,3,42,0.973179
227300,Euro Truck Simulator 2,2017-03-24,86981,2401,89382,44,5,49,0.973138
227300,Euro Truck Simulator 2,2017-03-25,87043,2408,89451,62,7,69,0.97308
227300,Euro Truck Simulator 2,2017-03-26,87111,2409,89520,68,1,69,0.97309
227300,Euro Truck Simulator 2,2017-03-27,87170,2410,89580,59,1,60,0.973097
227300,Euro Truck Simulator 2,2017-03-28,87239,2410,89649,69,0,69,0.973117
227300,Euro Truck Simulator 2,2017-03-29,87289,2415,89704,50,5,55,0.973078
227300,Euro Truck Simulator 2,2017-03-30,87337,2414,89751,48,-1,47,0.973103
227300,Euro Truck Simulator 2,2017-03-31,87373,2414,89787,36,0,36,0.973114
227300,Euro Truck Simulator 2,2017-04-01,87418,2415,89833,45,1,46,0.973117
227300,Euro Truck Simulator 2,2017-04-02,87467,2417,89884,49,2,51,0.97311
227300,Euro Truck Simulator 2,2017-04-03,87498,2419,89917,31,2,33,0.973097
227300,Euro Truck Simulator 2,2017-04-04,87567,2424,89991,69,5,74,0.973064
227300,Euro Truck Simulator 2,2017-04-05,87588,2423,90011,21,-1,20,0.973081
227300,Euro Truck Simulator 2,2017-04-06,87629,2423,90052,41,0,41,0.973093
227300,Euro Truck Simulator 2,2017-04-07,87680,2422,90102,51,-1,50,0.973119
227300,Euro Truck Simulator 2,2017-04-08,87705,2425,90130,25,3,28,0.973094
227300,Euro Truck Simulator 2,2017-04-09,87745,2427,90172,40,2,42,0.973085
227300,Euro Truck Simulator 2,2017-04-10,87804,2427,90231,59,0,59,0.973102
227300,Euro Truck Simulator 2,2017-04-11,87855,2423,90278,51,-4,47,0.973161
227300,Euro Truck Simulator 2,2017-04-12,87885,2426,90311,30,3,33,0.973137
227300,Euro Truck Simulator 2,2017-04-13,87918,2425,90343,33,-1,32,0.973158
227300,Euro Truck Simulator 2,2017-04-14,87964,2425,90389,46,0,46,0.973172
227300,Euro Truck Simulator 2,2017-04-15,88026,2427,90453,62,2,64,0.973168
227300,Euro Truck Simulator 2,2017-04-16,88074,2430,90504,48,3,51,0.97315
227300,Euro Truck Simulator 2,2017-04-17,88126,2429,90555,52,-1,51,0.973177
227300,Euro Truck Simulator 2,2017-04-18,88169,2432,90601,43,3,46,0.973157
227300,Euro Truck Simulator 2,2017-04-19,88207,2432,90639,38,0,38,0.973168
227300,Euro Truck Simulator 2,2017-04-20,88257,2435,90692,50,3,53,0.973151
227300,Euro Truck Simulator 2,2017-04-21,88303,2436,90739,46,1,47,0.973154
227300,Euro Truck Simulator 2,2017-04-22,88380,2437,90817,77,1,78,0.973166
227300,Euro Truck Simulator 2,2017-04-23,88443,2441,90884,63,4,67,0.973142
227300,Euro Truck Simulator 2,2017-04-24,88483,2447,90930,40,6,46,0.973089
227300,Euro Truck Simulator 2,2017-04-25,88533,2447,90980,50,0,50,0.973104
227300,Euro Truck Simulator 2,2017-04-26,88595,2450,91045,62,3,65,0.97309
227300,Euro Truck Simulator 2,2017-04-27,88645,2452,91097,50,2,52,0.973084
227300,Euro Truck Simulator 2,2017-04-28,88717,2452,91169,72,0,72,0.973105
227300,Euro Truck Simulator 2,2017-04-29,88905,2460,91365,188,8,196,0.973075
227300,Euro Truck Simulator 2,2017-04-30,89027,2465,91492,122,5,127,0.973058
227300,Euro Truck Simulator 2,2017-05-01,89131,2475,91606,104,10,114,0.972982
227300,Euro Truck Simulator 2,2017-05-02,89218,2478,91696,87,3,90,0.972976
227300,Euro Truck Simulator 2,2017-05-03,89296,2483,91779,78,5,83,0.972946
227300,Euro Truck Simulator 2,2017-05-04,89365,2486,91851,69,3,72,0.972934
227300,Euro Truck Simulator 2,2017-05-05,89435,2487,91922,70,1,71,0.972944
227300,Euro Truck Simulator 2,2017-05-06,89505,2491,91996,70,4,74,0.972923
227300,Euro Truck Simulator 2,2017-05-07,89584,2489,92073,79,-2,77,0.972967
227300,Euro Truck Simulator 2,2017-05-08,89656,2491,92147,72,2,74,0.972967
227300,Euro Truck Simulator 2,2017-05-09,89703,2494,92197,47,3,50,0.972949
227300,Euro Truck Simulator 2,2017-05-10,89771,2494,92265,68,0,68,0.972969
227300,Euro Truck Simulator 2,2017-05-11,89820,2496,92316,49,2,51,0.972962
227300,Euro Truck Simulator 2,2017-05-12,89930,2498,92428,110,2,112,0.972974
227300,Euro Truck Simulator 2,2017-05-13,90211,2518,92729,281,20,301,0.972846
227300,Euro Truck Simulator 2,2017-05-14,90543,2525,93068,332,7,339,0.972869
227300,Euro Truck Simulator 2,2017-05-15,90863,2540,93403,320,15,335,0.972806
227300,Euro Truck Simulator 2,2017-05-16,91168,2549,93717,305,9,314,0.972801
227300,Euro Truck Simulator 2,2017-05-17,91363,2558,93921,195,9,204,0.972764
227300,Euro Truck Simulator 2,2017-05-18,91500,2561,94061,137,3,140,0.972773
227300,Euro Truck Simulator 2,2017-05-19,91619,2563,94182,119,2,121,0.972787
227300,Euro Truck Simulator 2,2017-05-20,91744,2572,94316,125,9,134,0.97273
227300,Euro Truck Simulator 2,2017-05-21,91895,2574,94469,151,2,153,0.972753
227300,Euro Truck Simulator 2,2017-05-22,91999,2580,94579,104,6,110,0.972721
227300,Euro Truck Simulator 2,2017-05-23,92090,2581,94671,91,1,92,0.972737
227300,Euro Truck Simulator 2,2017-05-24,92179,2582,94761,89,1,90,0.972753
227300,Euro Truck Simulator 2,2017-05-25,92259,2587,94846,80,5,85,0.972724
227300,Euro Truck Simulator 2,2017-05-26,92336,2588,94924,77,1,78,0.972736
227300,Euro Truck Simulator 2,2017-05-27,92426,2594,95020,90,6,96,0.9727
227300,Euro Truck Simulator 2,2017-05-28,92514,2595,95109,88,1,89,0.972716
227300,Euro Truck Simulator 2,2017-05-29,92597,2598,95195,83,3,86,0.972709
227300,Euro Truck Simulator 2,2017-05-30,92673,2597,95270,76,-1,75,0.972741
227300,Euro Truck Simulator 2,2017-05-31,92750,2601,95351,77,4,81,0.972722
227300,Euro Truck Simulator 2,2017-06-01,92809,2606,95415,59,5,64,0.972688
227300,Euro Truck Simulator 2,2017-06-02,92903,2607,95510,94,1,95,0.972704
227300,Euro Truck Simulator 2,2017-06-03,92962,2614,95576,59,7,66,0.97265
227300,Euro Truck Simulator 2,2017-06-04,93042,2616,95658,80,2,82,0.972653
227300,Euro Truck Simulator 2,2017-06-05,93137,2618,95755,95,2,97,0.972659
227300,Euro Truck Simulator 2,2017-06-06,93215,2625,95840,78,7,85,0.972611
227300,Euro Truck Simulator 2,2017-06-07,93286,2629,95915,71,4,75,0.97259
227300,Euro Truck Simulator 2,2017-06-08,93357,2630,95987,71,1,72,0.9726
227300,Euro Truck Simulator 2,2017-06-09,93415,2633,96048,58,3,61,0.972587
227300,Euro Truck Simulator 2,2017-06-10,93483,2639,96122,68,6,74,0.972545
227300,Euro Truck Simulator 2,2017-06-11,93560,2641,96201,77,2,79,0.972547
227300,Euro Truck Simulator 2,2017-06-12,93657,2639,96296,97,-2,95,0.972595
227300,Euro Truck Simulator 2,2017-06-13,93722,2639,96361,65,0,65,0.972613
227300,Euro Truck Simulator 2,2017-06-14,93775,2642,96417,53,3,56,0.972598
227300,Euro Truck Simulator 2,2017-06-15,93834,2642,96476,59,0,59,0.972615
227300,Euro Truck Simulator 2,2017-06-16,93892,2642,96534,58,0,58,0.972631
227300,Euro Truck Simulator 2,2017-06-17,93989,2646,96635,97,4,101,0.972619
227300,Euro Truck Simulator 2,2017-06-18,94028,2651,96679,39,5,44,0.972579
227300,Euro Truck Simulator 2,2017-06-19,94108,2654,96762,80,3,83,0.972572
227300,Euro Truck Simulator 2,2017-06-20,94163,2656,96819,55,2,57,0.972567
227300,Euro Truck Simulator 2,2017-06-21,94237,2658,96895,74,2,76,0.972568
227300,Euro Truck Simulator 2,2017-06-22,94296,2659,96955,59,1,60,0.972575
227300,Euro Truck Simulator 2,2017-06-23,94425,2660,97085,129,1,130,0.972601
227300,Euro Truck Simulator 2,2017-06-24,94675,2668,97343,250,8,258,0.972592
227300,Euro Truck Simulator 2,2017-06-25,94919,2686,97605,244,18,262,0.972481
227300,Euro Truck Simulator 2,2017-06-26,95177,2691,97868,258,5,263,0.972504
227300,Euro Truck Simulator 2,2017-06-27,95378,2698,98076,201,7,208,0.972491
227300,Euro Truck Simulator 2,2017-06-28,95864,2713,98577,486,15,501,0.972478
227300,Euro Truck Simulator 2,2017-06-29,96212,2723,98935,348,10,358,0.972477
227300,Euro Truck Simulator 2,2017-06-30,96525,2727,99252,313,4,317,0.972524
227300,Euro Truck Simulator 2,2017-07-01,96821,2744,99565,296,17,313,0.97244
227300,Euro Truck Simulator 2,2017-07-02,97070,2755,99825,249,11,260,0.972402
227300,Euro Truck Simulator 2,2017-07-03,97397,2759,100156,327,4,331,0.972453
227300,Euro Truck Simulator 2,2017-07-04,97651,2774,100425,254,15,269,0.972377
227300,Euro Truck Simulator 2,2017-07-05,97935,2789,100724,284,15,299,0.97231
227300,Euro Truck Simulator 2,2017-07-06,98197,2808,101005,262,19,281,0.972199
227300,Euro Truck Simulator 2,2017-07-07,98322,2816,101138,125,8,133,0.972157
227300,Euro Truck Simulator 2,2017-07-08,98479,2815,101294,157,-1,156,0.97221
227300,Euro Truck Simulator 2,2017-07-09,98596,2821,101417,117,6,123,0.972184
227300,Euro Truck Simulator 2,2017-07-10,98725,2827,101552,129,6,135,0.972162
227300,Euro Truck Simulator 2,2017-07-11,98831,2831,101662,106,4,110,0.972153
227300,Euro Truck Simulator 2,2017-07-12,98943,2845,101788,112,14,126,0.97205
227300,Euro Truck Simulator 2,2017-07-13,99136,2849,101985,193,4,197,0.972065
227300,Euro Truck Simulator 2,2017-07-14,99297,2857,102154,161,8,169,0.972032
227300,Euro Truck Simulator 2,2017-07-15,99462,2864,102326,165,7,172,0.972011
227300,Euro Truck Simulator 2,2017-07-16,99609,2868,102477,147,4,151,0.972013
227300,Euro Truck Simulator 2,2017-07-17,99776,2875,102651,167,7,174,0.971992
227300,Euro Truck Simulator 2,2017-07-18,99928,2882,102810,152,7,159,0.971968
227300,Euro Truck Simulator 2,2017-07-19,100095,2888,102983,167,6,173,0.971957
227300,Euro Truck Simulator 2,2017-07-20,100250,2894,103144,155,6,161,0.971942
227300,Euro Truck Simulator 2,2017-07-21,100381,2896,103277,131,2,133,0.971959
227300,Euro Truck Simulator 2,2017-07-22,100499,2902,103401,118,6,124,0.971935
227300,Euro Truck Simulator 2,2017-07-23,100606,2909,103515,107,7,114,0.971898
227300,Euro Truck Simulator 2,2017-07-24,100700,2913,103613,94,4,98,0.971886
227300,Euro Truck Simulator 2,2017-07-25,100792,2919,103711,92,6,98,0.971854
227300,Euro Truck Simulator 2,2017-07-26,100862,2921,103783,70,2,72,0.971855
227300,Euro Truck Simulator 2,2017-07-27,100952,2926,103878,90,5,95,0.971832
227300,Euro Truck Simulator 2,2017-07-28,101055,2929,103984,103,3,106,0.971832
227300,Euro Truck Simulator 2,2017-07-29,101164,2939,104103,109,10,119,0.971768
227300,Euro Truck Simulator 2,2017-07-30,101246,2942,104188,82,3,85,0.971763
227300,Euro Truck Simulator 2,2017-07-31,101328,2944,104272,82,2,84,0.971766
227300,Euro Truck Simulator 2,2017-08-01,101407,2941,104348,79,-3,76,0.971815
227300,Euro Truck Simulator 2,2017-08-02,101474,2946,104420,67,5,72,0.971787
227300,Euro Truck Simulator 2,2017-08-03,101566,2946,104512,92,0,92,0.971812
227300,Euro Truck Simulator 2,2017-08-04,101656,2950,104606,90,4,94,0.971799
227300,Euro Truck Simulator 2,2017-08-05,101726,2951,104677,70,1,71,0.971809
227300,Euro Truck Simulator 2,2017-08-06,101726,2951,104677,0,0,0,0.971809
227300,Euro Truck Simulator 2,2017-08-07,101959,2955,104914,233,4,237,0.971834
227300,Euro Truck Simulator 2,2017-08-08,101957,2956,104913,-2,1,-1,0.971824
227300,Euro Truck Simulator 2,2017-08-09,102042,2957,104999,85,1,86,0.971838
227300,Euro Truck Simulator 2,2017-08-10,102110,2962,105072,68,5,73,0.97181
227300,Euro Truck Simulator 2,2017-08-11,102189,2969,105158,79,7,86,0.971766
227300,Euro Truck Simulator 2,2017-08-12,102269,2981,105250,80,12,92,0.971677
227300,Euro Truck Simulator 2,2017-08-13,102338,2982,105320,69,1,70,0.971686
227300,Euro Truck Simulator 2,2017-08-14,102422,2985,105407,84,3,87,0.971681
227300,Euro Truck Simulator 2,2017-08-15,102494,2987,105481,72,2,74,0.971682
227300,Euro Truck Simulator 2,2017-08-16,102575,2990,105565,81,3,84,0.971676
227300,Euro Truck Simulator 2,2017-08-17,102649,2998,105647,74,8,82,0.971622
227300,Euro Truck Simulator 2,2017-08-18,102734,3005,105739,85,7,92,0.971581
227300,Euro Truck Simulator 2,2017-08-19,102852,3009,105861,118,4,122,0.971576
227300,Euro Truck Simulator 2,2017-08-20,102985,3014,105999,133,5,138,0.971566
227300,Euro Truck Simulator 2,2017-08-21,103079,3017,106096,94,3,97,0.971563
227300,Euro Truck Simulator 2,2017-08-22,103152,3014,106166,73,-3,70,0.97161
227300,Euro Truck Simulator 2,2017-08-23,103248,3013,106261,96,-1,95,0.971645
227300,Euro Truck Simulator 2,2017-08-24,103334,3020,106354,86,7,93,0.971604
227300,Euro Truck Simulator 2,2017-08-25,103412,3025,106437,78,5,83,0.971579
227300,Euro Truck Simulator 2,2017-08-26,103462,3025,106487,50,0,50,0.971593
227300,Euro Truck Simulator 2,2017-08-27,103529,3025,106554,67,0,67,0.971611
227300,Euro Truck Simulator 2,2017-08-28,103685,3035,106720,156,10,166,0.971561
227300,Euro Truck Simulator 2,2017-08-29,103757,3036,106793,72,1,73,0.971571
227300,Euro Truck Simulator 2,2017-08-30,103852,3038,106890,95,2,97,0.971578
227300,Euro Truck Simulator 2,2017-08-31,103919,3042,106961,67,4,71,0.97156
227300,Euro Truck Simulator 2,2017-09-01,103919,3042,106961,0,0,0,0.97156
227300,Euro Truck Simulator 2,2017-09-02,104064,3041,107105,145,-1,144,0.971607
227300,Euro Truck Simulator 2,2017-09-03,104064,3041,107105,0,0,0,0.971607
227300,Euro Truck Simulator 2,2017-09-04,104178,3046,107224,114,5,119,0.971592
227300,Euro Truck Simulator 2,2017-09-05,104178,3046,107224,0,0,0,0.971592
227300,Euro Truck Simulator 2,2017-09-06,104343,3050,107393,165,4,169,0.9716
227300,Euro Truck Simulator 2,2017-09-07,104343,3050,107393,0,0,0,0.9716
227300,Euro Truck Simulator 2,2017-09-08,104468,3058,107526,125,8,133,0.97156
227300,Euro Truck Simulator 2,2017-09-09,104468,3058,107526,0,0,0,0.97156
227300,Euro Truck Simulator 2,2017-09-10,104640,3061,107701,172,3,175,0.971579
227300,Euro Truck Simulator 2,2017-09-11,104640,3061,107701,0,0,0,0.971579
227300,Euro Truck Simulator 2,2017-09-12,104640,3061,107701,0,0,0,0.971579
227300,Euro Truck Simulator 2,2017-09-13,104830,3063,107893,190,2,192,0.971611
227300,Euro Truck Simulator 2,2017-09-14,104870,3062,107932,40,-1,39,0.97163
227300,Euro Truck Simulator 2,2017-09-15,104897,3062,107959,27,0,27,0.971637
227300,Euro Truck Simulator 2,2017-09-16,104952,3065,108017,55,3,58,0.971625
227300,Euro Truck Simulator 2,2017-09-17,105023,3066,108089,71,1,72,0.971634
227300,Euro Truck Simulator 2,2017-09-18,105105,3072,108177,82,6,88,0.971602
227300,Euro Truck Simulator 2,2017-09-19,105169,3074,108243,64,2,66,0.971601
227300,Euro Truck Simulator 2,2017-09-20,105216,3078,108294,47,4,51,0.971577
227300,Euro Truck Simulator 2,2017-09-21,105272,3081,108353,56,3,59,0.971565
227300,Euro Truck Simulator 2,2017-09-22,105337,3084,108421,65,3,68,0.971555
227300,Euro Truck Simulator 2,2017-09-23,105382,3081,108463,45,-3,42,0.971594
227300,Euro Truck Simulator 2,2017-09-24,105476,3083,108559,94,2,96,0.971601
227300,Euro Truck Simulator 2,2017-09-25,105547,3085,108632,71,2,73,0.971601
227300,Euro Truck Simulator 2,2017-09-26,105602,3088,108690,55,3,58,0.971589
227300,Euro Truck Simulator 2,2017-09-27,105640,3091,108731,38,3,41,0.971572
227300,Euro Truck Simulator 2,2017-09-28,105699,3091,108790,59,0,59,0.971587
227300,Euro Truck Simulator 2,2017-09-29,105764,3087,108851,65,-4,61,0.97164
227300,Euro Truck Simulator 2,2017-09-30,105817,3087,108904,53,0,53,0.971654
227300,Euro Truck Simulator 2,2017-10-01,105898,3090,108988,81,3,84,0.971648
227300,Euro Truck Simulator 2,2017-10-02,105962,3091,109053,64,1,65,0.971656
227300,Euro Truck Simulator 2,2017-10-03,106002,3091,109093,40,0,40,0.971666
227300,Euro Truck Simulator 2,2017-10-04,106078,3095,109173,76,4,80,0.97165
227300,Euro Truck Simulator 2,2017-10-05,106127,3099,109226,49,4,53,0.971628
227300,Euro Truck Simulator 2,2017-10-06,106180,3100,109280,53,1,54,0.971633
227300,Euro Truck Simulator 2,2017-10-07,106222,3100,109322,42,0,42,0.971643
227300,Euro Truck Simulator 2,2017-10-08,106325,3103,109428,103,3,106,0.971643
227300,Euro Truck Simulator 2,2017-10-09,106396,3109,109505,71,6,77,0.971609
227300,Euro Truck Simulator 2,2017-10-10,106471,3113,109584,75,4,79,0.971593
227300,Euro Truck Simulator 2,2017-10-11,106506,3114,109620,35,1,36,0.971593
227300,Euro Truck Simulator 2,2017-10-12,106558,3117,109675,52,3,55,0.97158
227300,Euro Truck Simulator 2,2017-10-13,106631,3124,109755,73,7,80,0.971537
227300,Euro Truck Simulator 2,2017-10-14,106657,3126,109783,26,2,28,0.971526
227300,Euro Truck Simulator 2,2017-10-15,106726,3126,109852,69,0,69,0.971544
227300,Euro Truck Simulator 2,2017-10-16,106801,3126,109927,75,0,75,0.971563
227300,Euro Truck Simulator 2,2017-10-17,106835,3130,109965,34,4,38,0.971536
227300,Euro Truck Simulator 2,2017-10-18,106899,3133,110032,64,3,67,0.971526
227300,Euro Truck Simulator 2,2017-10-19,106952,3134,110086,53,1,54,0.971531
227300,Euro Truck Simulator 2,2017-10-20,107013,3138,110151,61,4,65,0.971512
227300,Euro Truck Simulator 2,2017-10-21,107061,3139,110200,48,1,49,0.971515
227300,Euro Truck Simulator 2,2017-10-22,107145,3141,110286,84,2,86,0.97152
227300,Euro Truck Simulator 2,2017-10-23,107213,3143,110356,68,2,70,0.971519
227300,Euro Truck Simulator 2,2017-10-24,107243,3144,110387,30,1,31,0.971518
227300,Euro Truck Simulator 2,2017-10-25,107281,3147,110428,38,3,41,0.971502
227300,Euro Truck Simulator 2,2017-10-26,107327,3149,110476,46,2,48,0.971496
227300,Euro Truck Simulator 2,2017-10-27,107404,3153,110557,77,4,81,0.971481
227300,Euro Truck Simulator 2,2017-10-28,107566,3159,110725,162,6,168,0.97147
227300,Euro Truck Simulator 2,2017-10-29,107784,3177,110961,218,18,236,0.971368
227300,Euro Truck Simulator 2,2017-10-30,107991,3189,111180,207,12,219,0.971317
227300,Euro Truck Simulator 2,2017-10-31,108172,3197,111369,181,8,189,0.971294
227300,Euro Truck Simulator 2,2017-11-01,108348,3203,111551,176,6,182,0.971287
227300,Euro Truck Simulator 2,2017-11-02,108526,3216,111742,178,13,191,0.971219
227300,Euro Truck Simulator 2,2017-11-03,108645,3220,111865,119,4,123,0.971215
227300,Euro Truck Simulator 2,2017-11-04,108753,3227,111980,108,7,115,0.971182
227300,Euro Truck Simulator 2,2017-11-05,108859,3231,112090,106,4,110,0.971175
227300,Euro Truck Simulator 2,2017-11-06,108992,3240,112232,133,9,142,0.971131
227300,Euro Truck Simulator 2,2017-11-07,109060,3244,112304,68,4,72,0.971114
227300,Euro Truck Simulator 2,2017-11-08,109140,3243,112383,80,-1,79,0.971143
227300,Euro Truck Simulator 2,2017-11-09,109218,3247,112465,78,4,82,0.971129
227300,Euro Truck Simulator 2,2017-11-10,109303,3248,112551,85,1,86,0.971142
227300,Euro Truck Simulator 2,2017-11-11,109375,3243,112618,72,-5,67,0.971204
227300,Euro Truck Simulator 2,2017-11-12,109460,3249,112709,85,6,91,0.971174
227300,Euro Truck Simulator 2,2017-11-13,109543,3248,112791,83,-1,82,0.971203
227300,Euro Truck Simulator 2,2017-11-14,109595,3252,112847,52,4,56,0.971182
227300,Euro Truck Simulator 2,2017-11-15,109667,3256,112923,72,4,76,0.971166
227300,Euro Truck Simulator 2,2017-11-16,109743,3257,113000,76,1,77,0.971177
227300,Euro Truck Simulator 2,2017-11-17,109810,3260,113070,67,3,70,0.971168
227300,Euro Truck Simulator 2,2017-11-18,109884,3261,113145,74,1,75,0.971179
227300,Euro Truck Simulator 2,2017-11-19,110008,3268,113276,124,7,131,0.97115
227300,Euro Truck Simulator 2,2017-11-20,110118,3272,113390,110,4,114,0.971144
227300,Euro Truck Simulator 2,2017-11-21,110190,3273,113463,72,1,73,0.971154
227300,Euro Truck Simulator 2,2017-11-22,110266,3273,113539,76,0,76,0.971173
227300,Euro Truck Simulator 2,2017-11-23,111401,3273,114674,1135,0,1135,0.971458
227300,Euro Truck Simulator 2,2017-11-24,114611,3290,117901,3210,17,3227,0.972095
227300,Euro Truck Simulator 2,2017-11-25,116864,3314,120178,2253,24,2277,0.972424
227300,Euro Truck Simulator 2,2017-11-26,117839,3321,121160,975,7,982,0.97259
227300,Euro Truck Simulator 2,2017-11-27,119504,3337,122841,1665,16,1681,0.972835
227300,Euro Truck Simulator 2,2017-11-28,119844,3350,123194,340,13,353,0.972807
227300,Euro Truck Simulator 2,2017-11-29,120606,3356,123962,762,6,768,0.972927
227300,Euro Truck Simulator 2,2017-11-30,120784,3360,124144,178,4,182,0.972935
227300,Euro Truck Simulator 2,2017-12-01,121203,3371,124574,419,11,430,0.97294
227300,Euro Truck Simulator 2,2017-12-02,121366,3388,124754,163,17,180,0.972843
227300,Euro Truck Simulator 2,2017-12-03,121540,3399,124939,174,11,185,0.972795
227300,Euro Truck Simulator 2,2017-12-04,121694,3409,125103,154,10,164,0.97275
227300,Euro Truck Simulator 2,2017-12-05,121553,3409,124962,-141,0,-141,0.97272
227300,Euro Truck Simulator 2,2017-12-06,121471,3414,124885,-82,5,-77,0.972663
227300,Euro Truck Simulator 2,2017-12-07,121603,3420,125023,132,6,138,0.972645
227300,Euro Truck Simulator 2,2017-12-08,121942,3422,125364,339,2,341,0.972703
227300,Euro Truck Simulator 2,2017-12-09,122035,3427,125462,93,5,98,0.972685
227300,Euro Truck Simulator 2,2017-12-10,122453,3438,125891,418,11,429,0.972691
227300,Euro Truck Simulator 2,2017-12-11,122582,3441,126023,129,3,132,0.972695
227300,Euro Truck Simulator 2,2017-12-12,122178,3442,125620,-404,1,-403,0.9726
227300,Euro Truck Simulator 2,2017-12-13,122468,3444,125912,290,2,292,0.972648
227300,Euro Truck Simulator 2,2017-12-14,122585,3449,126034,117,5,122,0.972634
227300,Euro Truck Simulator 2,2017-12-15,122732,3457,126189,147,8,155,0.972605
227300,Euro Truck Simulator 2,2017-12-16,122849,3460,126309,117,3,120,0.972607
227300,Euro Truck Simulator 2,2017-12-17,122943,3467,126410,94,7,101,0.972573
227300,Euro Truck Simulator 2,2017-12-18,123072,3467,126539,129,0,129,0.972601
227300,Euro Truck Simulator 2,2017-12-19,123170,3474,126644,98,7,105,0.972569
227300,Euro Truck Simulator 2,2017-12-20,123287,3479,126766,117,5,122,0.972556
227300,Euro Truck Simulator 2,2017-12-21,123363,3483,126846,76,4,80,0.972542
227300,Euro Truck Simulator 2,2017-12-22,123804,3489,127293,441,6,447,0.972591
227300,Euro Truck Simulator 2,2017-12-23,124065,3505,127570,261,16,277,0.972525
227300,Euro Truck Simulator 2,2017-12-24,124100,3510,127610,35,5,40,0.972494
227300,Euro Truck Simulator 2,2017-12-25,124319,3513,127832,219,3,222,0.972519
227300,Euro Truck Simulator 2,2017-12-26,124572,3523,128095,253,10,263,0.972497
227300,Euro Truck Simulator 2,2017-12-27,125119,3536,128655,547,13,560,0.972516
227300,Euro Truck Simulator 2,2017-12-28,125390,3539,128929,271,3,274,0.972551
227300,Euro Truck Simulator 2,2017-12-29,125207,3549,128756,-183,10,-173,0.972436
227300,Euro Truck Simulator 2,2017-12-30,125906,3562,129468,699,13,712,0.972487
227300,Euro Truck Simulator 2,2017-12-31,125904,3573,129477,-2,11,9,0.972404
227300,Euro Truck Simulator 2,2018-01-01,125904,3573,129477,0,0,0,0.972404
227300,Euro Truck Simulator 2,2018-01-02,126578,3595,130173,674,22,696,0.972383
227300,Euro Truck Simulator 2,2018-01-03,126339,3597,129936,-239,2,-237,0.972317
227300,Euro Truck Simulator 2,2018-01-04,126993,3606,130599,654,9,663,0.972389
227300,Euro Truck Simulator 2,2018-01-05,126944,3611,130555,-49,5,-44,0.972341
227300,Euro Truck Simulator 2,2018-01-06,127128,3618,130746,184,7,191,0.972328
227300,Euro Truck Simulator 2,2018-01-07,127118,3627,130745,-10,9,-1,0.972259
227300,Euro Truck Simulator 2,2018-01-08,127445,3633,131078,327,6,333,0.972284
227300,Euro Truck Simulator 2,2018-01-09,127573,3636,131209,128,3,131,0.972288
227300,Euro Truck Simulator 2,2018-01-10,127641,3644,131285,68,8,76,0.972244
227300,Euro Truck Simulator 2,2018-01-11,128010,3648,131658,369,4,373,0.972292
227300,Euro Truck Simulator 2,2018-01-12,127860,3649,131509,-150,1,-149,0.972253
227300,Euro Truck Simulator 2,2018-01-13,127740,3651,131391,-120,2,-118,0.972213
227300,Euro Truck Simulator 2,2018-01-14,128308,3659,131967,568,8,576,0.972273
227300,Euro Truck Simulator 2,2018-01-15,128148,3661,131809,-160,2,-158,0.972225
227300,Euro Truck Simulator 2,2018-01-16,128279,3667,131946,131,6,137,0.972208
227300,Euro Truck Simulator 2,2018-01-17,128700,3675,132375,421,8,429,0.972238
227300,Euro Truck Simulator 2,2018-01-18,128879,3689,132568,179,14,193,0.972173
227300,Euro Truck Simulator 2,2018-01-19,128786,3693,132479,-93,4,-89,0.972124
227300,Euro Truck Simulator 2,2018-01-20,128983,3705,132688,197,12,209,0.972077
227300,Euro Truck Simulator 2,2018-01-21,129415,3723,133138,432,18,450,0.972037
227300,Euro Truck Simulator 2,2018-01-22,129628,3730,133358,213,7,220,0.97203
227300,Euro Truck Simulator 2,2018-01-23,129393,3736,133129,-235,6,-229,0.971937
227300,Euro Truck Simulator 2,2018-01-24,129750,3737,133487,357,1,358,0.972005
227300,Euro Truck Simulator 2,2018-01-25,129872,3742,133614,122,5,127,0.971994
227300,Euro Truck Simulator 2,2018-01-26,129806,3746,133552,-66,4,-62,0.971951
227300,Euro Truck Simulator 2,2018-01-27,129905,3746,133651,99,0,99,0.971972
227300,Euro Truck Simulator 2,2018-01-28,130002,3753,133755,97,7,104,0.971941
227300,Euro Truck Simulator 2,2018-01-29,130293,3759,134052,291,6,297,0.971959
227300,Euro Truck Simulator 2,2018-01-30,130223,3763,133986,-70,4,-66,0.971915
227300,Euro Truck Simulator 2,2018-01-31,130318,3767,134085,95,4,99,0.971906
227300,Euro Truck Simulator 2,2018-02-01,130622,3770,134392,304,3,307,0.971948
227300,Euro Truck Simulator 2,2018-02-02,130649,3773,134422,27,3,30,0.971932
227300,Euro Truck Simulator 2,2018-02-03,130995,3778,134773,346,5,351,0.971968
227300,Euro Truck Simulator 2,2018-02-04,131096,3778,134874,101,0,101,0.971989
227300,Euro Truck Simulator 2,2018-02-05,130908,3782,134690,-188,4,-184,0.971921
227300,Euro Truck Simulator 2,2018-02-06,130821,3792,134613,-87,10,-77,0.97183
227300,Euro Truck Simulator 2,2018-02-07,130890,3792,134682,69,0,69,0.971845
227300,Euro Truck Simulator 2,2018-02-08,130964,3794,134758,74,2,76,0.971846
227300,Euro Truck Simulator 2,2018-02-09,131029,3802,134831,65,8,73,0.971802
227300,Euro Truck Simulator 2,2018-02-10,131534,3807,135341,505,5,510,0.971871
227300,Euro Truck Simulator 2,2018-02-11,131380,3809,135189,-154,2,-152,0.971825
227300,Euro Truck Simulator 2,2018-02-12,131260,3816,135076,-120,7,-113,0.971749
227300,Euro Truck Simulator 2,2018-02-13,131487,3818,135305,227,2,229,0.971782
227300,Euro Truck Simulator 2,2018-02-14,131830,3822,135652,343,4,347,0.971825
227300,Euro Truck Simulator 2,2018-02-15,131904,3831,135735,74,9,83,0.971776
227300,Euro Truck Simulator 2,2018-02-16,131728,3832,135560,-176,1,-175,0.971732
227300,Euro Truck Simulator 2,2018-02-17,131886,3840,135726,158,8,166,0.971708
227300,Euro Truck Simulator 2,2018-02-18,132277,3850,136127,391,10,401,0.971718
227300,Euro Truck Simulator 2,2018-02-19,132186,3857,136043,-91,7,-84,0.971649
227300,Euro Truck Simulator 2,2018-02-20,132391,3871,136262,205,14,219,0.971591
227300,Euro Truck Simulator 2,2018-02-21,132708,3873,136581,317,2,319,0.971643
227300,Euro Truck Simulator 2,2018-02-22,132373,3876,136249,-335,3,-332,0.971552
227300,Euro Truck Simulator 2,2018-02-23,132625,3876,136501,252,0,252,0.971605
227300,Euro Truck Simulator 2,2018-02-24,132709,3877,136586,84,1,85,0.971615
227300,Euro Truck Simulator 2,2018-02-25,132871,3884,136755,162,7,169,0.971599
227300,Euro Truck Simulator 2,2018-02-26,132762,3885,136647,-109,1,-108,0.971569
227300,Euro Truck Simulator 2,2018-02-27,132998,3889,136887,236,4,240,0.97159
227300,Euro Truck Simulator 2,2018-02-28,133072,3890,136962,74,1,75,0.971598
227300,Euro Truck Simulator 2,2018-03-01,133399,3890,137289,327,0,327,0.971666
227300,Euro Truck Simulator 2,2018-03-02,133210,3893,137103,-189,3,-186,0.971605
227300,Euro Truck Simulator 2,2018-03-03,133127,3897,137024,-83,4,-79,0.97156
227300,Euro Truck Simulator 2,2018-03-04,133650,3900,137550,523,3,526,0.971647
227300,Euro Truck Simulator 2,2018-03-05,133729,3901,137630,79,1,80,0.971656
227300,Euro Truck Simulator 2,2018-03-06,133537,3902,137439,-192,1,-191,0.971609
227300,Euro Truck Simulator 2,2018-03-07,133450,3903,137353,-87,1,-86,0.971584
227300,Euro Truck Simulator 2,2018-03-08,133918,3903,137821,468,0,468,0.971681
227300,Euro Truck Simulator 2,2018-03-09,133551,3912,137463,-367,9,-358,0.971541
227300,Euro Truck Simulator 2,2018-03-10,133623,3914,137537,72,2,74,0.971542
227300,Euro Truck Simulator 2,2018-03-11,133889,3919,137808,266,5,271,0.971562
227300,Euro Truck Simulator 2,2018-03-12,133923,3922,137845,34,3,37,0.971548
227300,Euro Truck Simulator 2,2018-03-13,133828,3923,137751,-95,1,-94,0.971521
227300,Euro Truck Simulator 2,2018-03-14,134291,3927,138218,463,4,467,0.971588
227300,Euro Truck Simulator 2,2018-03-15,134117,3928,138045,-174,1,-173,0.971546
227300,Euro Truck Simulator 2,2018-03-16,134111,3936,138047,-6,8,2,0.971488
227300,Euro Truck Simulator 2,2018-03-17,134215,3934,138149,104,-2,102,0.971523
227300,Euro Truck Simulator 2,2018-03-18,134498,3936,138434,283,2,285,0.971568
227300,Euro Truck Simulator 2,2018-03-19,134553,3935,138488,55,-1,54,0.971586
227300,Euro Truck Simulator 2,2018-03-20,134397,3939,138336,-156,4,-152,0.971526
227300,Euro Truck Simulator 2,2018-03-21,134397,3939,138336,0,0,0,0.971526
227300,Euro Truck Simulator 2,2018-03-22,134483,3940,138423,86,1,87,0.971537
227300,Euro Truck Simulator 2,2018-03-23,134340,3942,138282,-143,2,-141,0.971493
227300,Euro Truck Simulator 2,2018-03-24,134803,3949,138752,463,7,470,0.971539
227300,Euro Truck Simulator 2,2018-03-25,134874,3954,138828,71,5,76,0.971519
227300,Euro Truck Simulator 2,2018-03-26,134673,3957,138630,-201,3,-198,0.971456
227300,Euro Truck Simulator 2,2018-03-27,134731,3966,138697,58,9,67,0.971405
227300,Euro Truck Simulator 2,2018-03-28,134819,3973,138792,88,7,95,0.971374
227300,Euro Truck Simulator 2,2018-03-29,134690,3978,138668,-129,5,-124,0.971313
227300,Euro Truck Simulator 2,2018-03-30,135167,3982,139149,477,4,481,0.971383
227300,Euro Truck Simulator 2,2018-03-31,135028,3982,139010,-139,0,-139,0.971355
227300,Euro Truck Simulator 2,2018-04-01,135280,3984,139264,252,2,254,0.971392
227300,Euro Truck Simulator 2,2018-04-02,135331,3987,139318,51,3,54,0.971382
227300,Euro Truck Simulator 2,2018-04-03,135177,3994,139171,-154,7,-147,0.971301
227300,Euro Truck Simulator 2,2018-04-04,135025,3995,139020,-152,1,-151,0.971263
227300,Euro Truck Simulator 2,2018-04-05,135274,3998,139272,249,3,252,0.971294
227300,Euro Truck Simulator 2,2018-04-06,135269,3998,139267,-5,0,-5,0.971293
227300,Euro Truck Simulator 2,2018-04-07,135578,3999,139577,309,1,310,0.971349
227300,Euro Truck Simulator 2,2018-04-08,135355,4003,139358,-223,4,-219,0.971275
227300,Euro Truck Simulator 2,2018-04-09,135667,4009,139676,312,6,318,0.971298
227300,Euro Truck Simulator 2,2018-04-10,135287,4009,139296,-380,0,-380,0.97122
227300,Euro Truck Simulator 2,2018-04-11,135736,4010,139746,449,1,450,0.971305
227300,Euro Truck Simulator 2,2018-04-12,135560,4013,139573,-176,3,-173,0.971248
227300,Euro Truck Simulator 2,2018-04-13,135395,4014,139409,-165,1,-164,0.971207
227300,Euro Truck Simulator 2,2018-04-14,135432,4017,139449,37,3,40,0.971194
227300,Euro Truck Simulator 2,2018-04-15,135692,4019,139711,260,2,262,0.971233
227300,Euro Truck Simulator 2,2018-04-16,135539,4026,139565,-153,7,-146,0.971153
227300,Euro Truck Simulator 2,2018-04-17,136014,4029,140043,475,3,478,0.97123
227300,Euro Truck Simulator 2,2018-04-18,136053,4030,140083,39,1,40,0.971231
227300,Euro Truck Simulator 2,2018-04-19,135834,4032,139866,-219,2,-217,0.971172
227300,Euro Truck Simulator 2,2018-04-20,135865,4033,139898,31,1,32,0.971172
227300,Euro Truck Simulator 2,2018-04-21,135962,4037,139999,97,4,101,0.971164
227300,Euro Truck Simulator 2,2018-04-22,135963,4041,140004,1,4,5,0.971137
227300,Euro Truck Simulator 2,2018-04-23,135865,4045,139910,-98,4,-94,0.971089
227300,Euro Truck Simulator 2,2018-04-24,136326,4046,140372,461,1,462,0.971177
227300,Euro Truck Simulator 2,2018-04-25,136116,4049,140165,-210,3,-207,0.971113
227300,Euro Truck Simulator 2,2018-04-26,135995,4051,140046,-121,2,-119,0.971074
227300,Euro Truck Simulator 2,2018-04-27,136178,4054,140232,183,3,186,0.971091
227300,Euro Truck Simulator 2,2018-04-28,136480,4059,140539,302,5,307,0.971118
227300,Euro Truck Simulator 2,2018-04-29,136522,4057,140579,42,-2,40,0.971141
227300,Euro Truck Simulator 2,2018-04-30,136170,4058,140228,-352,1,-351,0.971061
227300,Euro Truck Simulator 2,2018-05-01,136199,4062,140261,29,4,33,0.97104
227300,Euro Truck Simulator 2,2018-05-02,136258,4067,140325,59,5,64,0.971017
227300,Euro Truck Simulator 2,2018-05-03,136460,4070,140530,202,3,205,0.971038
227300,Euro Truck Simulator 2,2018-05-04,136765,4077,140842,305,7,312,0.971053
227300,Euro Truck Simulator 2,2018-05-05,136556,4079,140635,-209,2,-207,0.970996
227300,Euro Truck Simulator 2,2018-05-06,136580,4082,140662,24,3,27,0.97098
227300,Euro Truck Simulator 2,2018-05-07,136877,4091,140968,297,9,306,0.970979
227300,Euro Truck Simulator 2,2018-05-08,136932,4095,141027,55,4,59,0.970963
227300,Euro Truck Simulator 2,2018-05-09,136957,4095,141052,25,0,25,0.970968
227300,Euro Truck Simulator 2,2018-05-10,136746,4096,140842,-211,1,-210,0.970918
227300,Euro Truck Simulator 2,2018-05-11,136630,4099,140729,-116,3,-113,0.970873
227300,Euro Truck Simulator 2,2018-05-12,137086,4099,141185,456,0,456,0.970967
227300,Euro Truck Simulator 2,2018-05-13,136921,4102,141023,-165,3,-162,0.970913
227300,Euro Truck Simulator 2,2018-05-14,137189,4105,141294,268,3,271,0.970947
227300,Euro Truck Simulator 2,2018-05-15,137281,4107,141388,92,2,94,0.970952
227300,Euro Truck Simulator 2,2018-05-16,137438,4118,141556,157,11,168,0.970909
227300,Euro Truck Simulator 2,2018-05-17,137586,4126,141712,148,8,156,0.970885
227300,Euro Truck Simulator 2,2018-05-18,137348,4136,141484,-238,10,-228,0.970767
227300,Euro Truck Simulator 2,2018-05-19,137504,4139,141643,156,3,159,0.970779
227300,Euro Truck Simulator 2,2018-05-20,137859,4148,142007,355,9,364,0.97079
227300,Euro Truck Simulator 2,2018-05-21,138116,4161,142277,257,13,270,0.970754
227300,Euro Truck Simulator 2,2018-05-22,138483,4175,142658,367,14,381,0.970734
227300,Euro Truck Simulator 2,2018-05-23,138197,4183,142380,-286,8,-278,0.970621
227300,Euro Truck Simulator 2,2018-05-24,138488,4190,142678,291,7,298,0.970633
227300,Euro Truck Simulator 2,2018-05-25,138815,4195,143010,327,5,332,0.970666
227300,Euro Truck Simulator 2,2018-05-26,138966,4202,143168,151,7,158,0.97065
227300,Euro Truck Simulator 2,2018-05-27,138845,4207,143052,-121,5,-116,0.970591
227300,Euro Truck Simulator 2,2018-05-28,139208,4212,143420,363,5,368,0.970632
227300,Euro Truck Simulator 2,2018-05-29,138909,4216,143125,-299,4,-295,0.970543
227300,Euro Truck Simulator 2,2018-05-30,139376,4220,143596,467,4,471,0.970612
227300,Euro Truck Simulator 2,2018-05-31,139021,4229,143250,-355,9,-346,0.970478
227300,Euro Truck Simulator 2,2018-06-01,139244,4231,143475,223,2,225,0.970511
227300,Euro Truck Simulator 2,2018-06-02,139172,4234,143406,-72,3,-69,0.970475
227300,Euro Truck Simulator 2,2018-06-03,139650,4242,143892,478,8,486,0.97052
227300,Euro Truck Simulator 2,2018-06-04,139474,4249,143723,-176,7,-169,0.970436
227300,Euro Truck Simulator 2,2018-06-05,139600,4254,143854,126,5,131,0.970428
227300,Euro Truck Simulator 2,2018-06-06,139637,4257,143894,37,3,40,0.970416
227300,Euro Truck Simulator 2,2018-06-07,139957,4261,144218,320,4,324,0.970454
227300,Euro Truck Simulator 2,2018-06-08,139814,4264,144078,-143,3,-140,0.970405
227300,Euro Truck Simulator 2,2018-06-09,139884,4271,144155,70,7,77,0.970372
227300,Euro Truck Simulator 2,2018-06-10,139924,4273,144197,40,2,42,0.970367
227300,Euro Truck Simulator 2,2018-06-11,140000,4280,144280,76,7,83,0.970335
227300,Euro Truck Simulator 2,2018-06-12,140067,4291,144358,67,11,78,0.970275
227300,Euro Truck Simulator 2,2018-06-13,139988,4291,144279,-79,0,-79,0.970259
227300,Euro Truck Simulator 2,2018-06-14,140193,4298,144491,205,7,212,0.970254
227300,Euro Truck Simulator 2,2018-06-15,140488,4303,144791,295,5,300,0.970281
227300,Euro Truck Simulator 2,2018-06-16,140335,4306,144641,-153,3,-150,0.97023
227300,Euro Truck Simulator 2,2018-06-17,140593,4309,144902,258,3,261,0.970263
227300,Euro Truck Simulator 2,2018-06-18,140656,4313,144969,63,4,67,0.970249
227300,Euro Truck Simulator 2,2018-06-19,140507,4316,144823,-149,3,-146,0.970198
227300,Euro Truck Simulator 2,2018-06-20,140527,4320,144847,20,4,24,0.970175
227300,Euro Truck Simulator 2,2018-06-21,140648,4326,144974,121,6,127,0.97016
227300,Euro Truck Simulator 2,2018-06-22,140701,4335,145036,53,9,62,0.970111
227300,Euro Truck Simulator 2,2018-06-23,141093,4342,145435,392,7,399,0.970145
227300,Euro Truck Simulator 2,2018-06-24,140887,4353,145240,-206,11,-195,0.970029
227300,Euro Truck Simulator 2,2018-06-25,141452,4366,145818,565,13,578,0.970059
227300,Euro Truck Simulator 2,2018-06-26,141373,4370,145743,-79,4,-75,0.970016
227300,Euro Truck Simulator 2,2018-06-27,141757,4385,146142,384,15,399,0.969995
227300,Euro Truck Simulator 2,2018-06-28,141506,4393,145899,-251,8,-243,0.96989
227300,Euro Truck Simulator 2,2018-06-29,141811,4404,146215,305,11,316,0.96988
227300,Euro Truck Simulator 2,2018-06-30,141941,4412,146353,130,8,138,0.969854
227300,Euro Truck Simulator 2,2018-07-01,141893,4423,146316,-48,11,-37,0.969771
227300,Euro Truck Simulator 2,2018-07-02,142411,4435,146846,518,12,530,0.969798
227300,Euro Truck Simulator 2,2018-07-03,142356,4442,146798,-55,7,-48,0.969741
227300,Euro Truck Simulator 2,2018-07-04,142676,4453,147129,320,11,331,0.969734
227300,Euro Truck Simulator 2,2018-07-05,142610,4460,147070,-66,7,-59,0.969674
227300,Euro Truck Simulator 2,2018-07-06,142750,4471,147221,140,11,151,0.969631
227300,Euro Truck Simulator 2,2018-07-07,142675,4481,147156,-75,10,-65,0.969549
227300,Euro Truck Simulator 2,2018-07-08,142923,4485,147408,248,4,252,0.969574
227300,Euro Truck Simulator 2,2018-07-09,142875,4489,147364,-48,4,-44,0.969538
227300,Euro Truck Simulator 2,2018-07-10,143337,4499,147836,462,10,472,0.969568
227300,Euro Truck Simulator 2,2018-07-11,143409,4501,147910,72,2,74,0.969569
227300,Euro Truck Simulator 2,2018-07-12,143293,4505,147798,-116,4,-112,0.969519
227300,Euro Truck Simulator 2,2018-07-13,143552,4512,148064,259,7,266,0.969527
227300,Euro Truck Simulator 2,2018-07-14,143596,4518,148114,44,6,50,0.969496
227300,Euro Truck Simulator 2,2018-07-15,143460,4520,147980,-136,2,-134,0.969455
227300,Euro Truck Simulator 2,2018-07-16,143744,4522,148266,284,2,286,0.969501
227300,Euro Truck Simulator 2,2018-07-17,143819,4529,148348,75,7,82,0.96947
227300,Euro Truck Simulator 2,2018-07-18,143733,4537,148270,-86,8,-78,0.9694
227300,Euro Truck Simulator 2,2018-07-19,143720,4549,148269,-13,12,-1,0.969319
227300,Euro Truck Simulator 2,2018-07-20,143972,4554,148526,252,5,257,0.969339
227300,Euro Truck Simulator 2,2018-07-21,144312,4562,148874,340,8,348,0.969357
227300,Euro Truck Simulator 2,2018-07-22,144185,4577,148762,-127,15,-112,0.969233
227300,Euro Truck Simulator 2,2018-07-23,144333,4577,148910,148,0,148,0.969263
227300,Euro Truck Simulator 2,2018-07-24,144688,4585,149273,355,8,363,0.969284
227300,Euro Truck Simulator 2,2018-07-25,144392,4596,148988,-296,11,-285,0.969152
227300,Euro Truck Simulator 2,2018-07-26,144857,4600,149457,465,4,469,0.969222
227300,Euro Truck Simulator 2,2018-07-27,144544,4605,149149,-313,5,-308,0.969125
227300,Euro Truck Simulator 2,2018-07-28,144604,4608,149212,60,3,63,0.969118
227300,Euro Truck Simulator 2,2018-07-29,145053,4618,149671,449,10,459,0.969146
227300,Euro Truck Simulator 2,2018-07-30,144873,4619,149492,-180,1,-179,0.969102
227300,Euro Truck Simulator 2,2018-07-31,144805,4620,149425,-68,1,-67,0.969081
227300,Euro Truck Simulator 2,2018-08-01,144865,4626,149491,60,6,66,0.969055
227300,Euro Truck Simulator 2,2018-08-02,144937,4623,149560,72,-3,69,0.969089
227300,Euro Truck Simulator 2,2018-08-03,145179,4624,149803,242,1,243,0.969133
227300,Euro Truck Simulator 2,2018-08-04,145040,4626,149666,-139,2,-137,0.969091
227300,Euro Truck Simulator 2,2018-08-05,145242,4627,149869,202,1,203,0.969126
227300,Euro Truck Simulator 2,2018-08-06,145327,4630,149957,85,3,88,0.969124
227300,Euro Truck Simulator 2,2018-08-07,145347,4632,149979,20,2,22,0.969116
227300,Euro Truck Simulator 2,2018-08-08,145654,4638,150292,307,6,313,0.96914
227300,Euro Truck Simulator 2,2018-08-09,145701,4643,150344,47,5,52,0.969117
227300,Euro Truck Simulator 2,2018-08-10,145403,4643,150046,-298,0,-298,0.969056
227300,Euro Truck Simulator 2,2018-08-11,145672,4648,150320,269,5,274,0.969079
227300,Euro Truck Simulator 2,2018-08-12,145917,4650,150567,245,2,247,0.969117
227300,Euro Truck Simulator 2,2018-08-13,146020,4649,150669,103,-1,102,0.969144
227300,Euro Truck Simulator 2,2018-08-14,145719,4649,150368,-301,0,-301,0.969083
227300,Euro Truck Simulator 2,2018-08-15,145927,4655,150582,208,6,214,0.969087
227300,Euro Truck Simulator 2,2018-08-16,146248,4657,150905,321,2,323,0.96914
227300,Euro Truck Simulator 2,2018-08-17,146109,4658,150767,-139,1,-138,0.969105
227300,Euro Truck Simulator 2,2018-08-18,145995,4664,150659,-114,6,-108,0.969043
227300,Euro Truck Simulator 2,2018-08-19,146237,4671,150908,242,7,249,0.969047
227300,Euro Truck Simulator 2,2018-08-20,146501,4677,151178,264,6,270,0.969063
227300,Euro Truck Simulator 2,2018-08-21,146188,4687,150875,-313,10,-303,0.968935
227300,Euro Truck Simulator 2,2018-08-22,146398,4696,151094,210,9,219,0.96892
227300,Euro Truck Simulator 2,2018-08-23,146333,4696,151029,-65,0,-65,0.968907
227300,Euro Truck Simulator 2,2018-08-24,146565,4703,151268,232,7,239,0.968909
227300,Euro Truck Simulator 2,2018-08-25,146826,4708,151534,261,5,266,0.968931
227300,Euro Truck Simulator 2,2018-08-26,146897,4717,151614,71,9,80,0.968888
227300,Euro Truck Simulator 2,2018-08-27,146973,4722,151695,76,5,81,0.968872
227300,Euro Truck Simulator 2,2018-08-28,146805,4727,151532,-168,5,-163,0.968805
227300,Euro Truck Simulator 2,2018-08-29,147106,4728,151834,301,1,302,0.968861
227300,Euro Truck Simulator 2,2018-08-30,147170,4728,151898,64,0,64,0.968874
227300,Euro Truck Simulator 2,2018-08-31,146849,4736,151585,-321,8,-313,0.968757
227300,Euro Truck Simulator 2,2018-09-01,147301,4742,152043,452,6,458,0.968811
227300,Euro Truck Simulator 2,2018-09-02,147375,4745,152120,74,3,77,0.968808
227300,Euro Truck Simulator 2,2018-09-03,147434,4752,152186,59,7,66,0.968775
227300,Euro Truck Simulator 2,2018-09-04,147486,4757,152243,52,5,57,0.968754
227300,Euro Truck Simulator 2,2018-09-05,147152,4761,151913,-334,4,-330,0.96866
227300,Euro Truck Simulator 2,2018-09-06,147205,4760,151965,53,-1,52,0.968677
227300,Euro Truck Simulator 2,2018-09-07,147644,4763,152407,439,3,442,0.968748
227300,Euro Truck Simulator 2,2018-09-08,147512,4764,152276,-132,1,-131,0.968715
227300,Euro Truck Simulator 2,2018-09-09,147753,4770,152523,241,6,247,0.968726
227300,Euro Truck Simulator 2,2018-09-10,147807,4775,152582,54,5,59,0.968705
227300,Euro Truck Simulator 2,2018-09-11,147860,4779,152639,53,4,57,0.968691
227300,Euro Truck Simulator 2,2018-09-12,147531,4785,152316,-329,6,-323,0.968585
227300,Euro Truck Simulator 2,2018-09-13,147767,4788,152555,236,3,239,0.968615
227300,Euro Truck Simulator 2,2018-09-14,148012,4789,152801,245,1,246,0.968659
227300,Euro Truck Simulator 2,2018-09-15,148063,4791,152854,51,2,53,0.968656
227300,Euro Truck Simulator 2,2018-09-16,147755,4794,152549,-308,3,-305,0.968574
227300,Euro Truck Simulator 2,2018-09-17,147950,4795,152745,195,1,196,0.968608
227300,Euro Truck Simulator 2,2018-09-18,148375,4802,153177,425,7,432,0.968651
227300,Euro Truck Simulator 2,2018-09-19,148185,4820,153005,-190,18,-172,0.968498
227300,Euro Truck Simulator 2,2018-09-20,148344,4835,153179,159,15,174,0.968436
227300,Euro Truck Simulator 2,2018-09-21,148455,4848,153303,111,13,124,0.968376
227300,Euro Truck Simulator 2,2018-09-22,148940,4858,153798,485,10,495,0.968413
227300,Euro Truck Simulator 2,2018-09-23,149094,4871,153965,154,13,167,0.968363
227300,Euro Truck Simulator 2,2018-09-24,149255,4877,154132,161,6,167,0.968358
227300,Euro Truck Simulator 2,2018-09-25,149147,4883,154030,-108,6,-102,0.968298
227300,Euro Truck Simulator 2,2018-09-26,149114,4888,154002,-33,5,-28,0.96826
227300,Euro Truck Simulator 2,2018-09-27,149553,4898,154451,439,10,449,0.968288
227300,Euro Truck Simulator 2,2018-09-28,149422,4898,154320,-131,0,-131,0.968261
227300,Euro Truck Simulator 2,2018-09-29,149310,4903,154213,-112,5,-107,0.968206
227300,Euro Truck Simulator 2,2018-09-30,149748,4909,154657,438,6,444,0.968259
227300,Euro Truck Simulator 2,2018-10-01,149825,4915,154740,77,6,83,0.968237
227300,Euro Truck Simulator 2,2018-10-02,149885,4923,154808,60,8,68,0.968199
227300,Euro Truck Simulator 2,2018-10-03,149938,4927,154865,53,4,57,0.968185
227300,Euro Truck Simulator 2,2018-10-04,149989,4931,154920,51,4,55,0.968171
227300,Euro Truck Simulator 2,2018-10-05,150063,4937,155000,74,6,80,0.968148
227300,Euro Truck Simulator 2,2018-10-06,150116,4941,155057,53,4,57,0.968134
227300,Euro Truck Simulator 2,2018-10-07,150189,4944,155133,73,3,76,0.968131
227300,Euro Truck Simulator 2,2018-10-08,150269,4946,155215,80,2,82,0.968135
227300,Euro Truck Simulator 2,2018-10-09,150334,4948,155282,65,2,67,0.968135
227300,Euro Truck Simulator 2,2018-10-10,150376,4950,155326,42,2,44,0.968132
227300,Euro Truck Simulator 2,2018-10-11,150422,4953,155375,46,3,49,0.968122
227300,Euro Truck Simulator 2,2018-10-12,150468,4958,155426,46,5,51,0.968101
227300,Euro Truck Simulator 2,2018-10-13,150528,4962,155490,60,4,64,0.968088
227300,Euro Truck Simulator 2,2018-10-14,150595,4967,155562,67,5,72,0.968071
227300,Euro Truck Simulator 2,2018-10-15,150642,4975,155617,47,8,55,0.96803
227300,Euro Truck Simulator 2,2018-10-16,150684,4977,155661,42,2,44,0.968027
227300,Euro Truck Simulator 2,2018-10-17,150720,4982,155702,36,5,41,0.968003
227300,Euro Truck Simulator 2,2018-10-18,150751,4992,155743,31,10,41,0.967947
227300,Euro Truck Simulator 2,2018-10-19,150787,4996,155783,36,4,40,0.96793
227300,Euro Truck Simulator 2,2018-10-20,150835,4997,155832,48,1,49,0.967933
227300,Euro Truck Simulator 2,2018-10-21,150880,5004,155884,45,7,52,0.967899
227300,Euro Truck Simulator 2,2018-10-22,150934,5007,155941,54,3,57,0.967892
227300,Euro Truck Simulator 2,2018-10-23,150976,5006,155982,42,-1,41,0.967907
227300,Euro Truck Simulator 2,2018-10-24,151018,5008,156026,42,2,44,0.967903
227300,Euro Truck Simulator 2,2018-10-25,151057,5011,156068,39,3,42,0.967892
227300,Euro Truck Simulator 2,2018-10-26,151102,5013,156115,45,2,47,0.967889
227300,Euro Truck Simulator 2,2018-10-27,151143,5010,156153,41,-3,38,0.967916
227300,Euro Truck Simulator 2,2018-10-28,151188,5011,156199,45,1,46,0.967919
227300,Euro Truck Simulator 2,2018-10-29,151228,5009,156237,40,-2,38,0.96794
227300,Euro Truck Simulator 2,2018-10-30,151290,5015,156305,62,6,68,0.967915
227300,Euro Truck Simulator 2,2018-10-31,151422,5017,156439,132,2,134,0.96793
227300,Euro Truck Simulator 2,2018-11-01,151523,5024,156547,101,7,108,0.967907
227300,Euro Truck Simulator 2,2018-11-02,151615,5035,156650,92,11,103,0.967858
227300,Euro Truck Simulator 2,2018-11-03,151696,5038,156734,81,3,84,0.967856
227300,Euro Truck Simulator 2,2018-11-04,151791,5044,156835,95,6,101,0.967839
227300,Euro Truck Simulator 2,2018-11-05,151859,5047,156906,68,3,71,0.967834
227300,Euro Truck Simulator 2,2018-11-06,151935,5053,156988,76,6,82,0.967813
227300,Euro Truck Simulator 2,2018-11-07,151973,5053,157026,38,0,38,0.967821
227300,Euro Truck Simulator 2,2018-11-08,152016,5055,157071,43,2,45,0.967817
227300,Euro Truck Simulator 2,2018-11-09,152072,5055,157127,56,0,56,0.967829
227300,Euro Truck Simulator 2,2018-11-10,152126,5060,157186,54,5,59,0.967809
227300,Euro Truck Simulator 2,2018-11-11,152193,5068,157261,67,8,75,0.967773
227300,Euro Truck Simulator 2,2018-11-12,152267,5069,157336,74,1,75,0.967782
227300,Euro Truck Simulator 2,2018-11-13,152312,5070,157382,45,1,46,0.967785
227300,Euro Truck Simulator 2,2018-11-14,152363,5073,157436,51,3,54,0.967777
227300,Euro Truck Simulator 2,2018-11-15,152398,5071,157469,35,-2,33,0.967797
227300,Euro Truck Simulator 2,2018-11-16,152447,5071,157518,49,0,49,0.967807
227300,Euro Truck Simulator 2,2018-11-17,152479,5074,157553,32,3,35,0.967795
227300,Euro Truck Simulator 2,2018-11-18,152544,5078,157622,65,4,69,0.967784
227300,Euro Truck Simulator 2,2018-11-19,152598,5077,157675,54,-1,53,0.967801
227300,Euro Truck Simulator 2,2018-11-20,152646,5085,157731,48,8,56,0.967762
227300,Euro Truck Simulator 2,2018-11-21,152700,5085,157785,54,0,54,0.967773
227300,Euro Truck Simulator 2,2018-11-22,154509,5091,159600,1809,6,1815,0.968102
227300,Euro Truck Simulator 2,2018-11-23,158729,5106,163835,4220,15,4235,0.968834
227300,Euro Truck Simulator 2,2018-11-24,161009,5125,166134,2280,19,2299,0.969151
227300,Euro Truck Simulator 2,2018-11-25,162541,5138,167679,1532,13,1545,0.969358
227300,Euro Truck Simulator 2,2018-11-26,163864,5158,169022,1323,20,1343,0.969483
227300,Euro Truck Simulator 2,2018-11-27,164736,5171,169907,872,13,885,0.969566
227300,Euro Truck Simulator 2,2018-11-28,165333,5187,170520,597,16,613,0.969581
227300,Euro Truck Simulator 2,2018-11-29,165434,5193,170627,101,6,107,0.969565
227300,Euro Truck Simulator 2,2018-11-30,165556,5198,170754,122,5,127,0.969559
227300,Euro Truck Simulator 2,2018-12-01,165736,5210,170946,180,12,192,0.969523
227300,Euro Truck Simulator 2,2018-12-02,165926,5230,171156,190,20,210,0.969443
227300,Euro Truck Simulator 2,2018-12-03,166099,5238,171337,173,8,181,0.969429
227300,Euro Truck Simulator 2,2018-12-04,166212,5245,171457,113,7,120,0.969409
227300,Euro Truck Simulator 2,2018-12-05,166309,5253,171562,97,8,105,0.969381
227300,Euro Truck Simulator 2,2018-12-06,166379,5261,171640,70,8,78,0.969349
227300,Euro Truck Simulator 2,2018-12-07,166432,5268,171700,53,7,60,0.969319
227300,Euro Truck Simulator 2,2018-12-08,166528,5278,171806,96,10,106,0.969279
227300,Euro Truck Simulator 2,2018-12-09,166611,5280,171891,83,2,85,0.969283
227300,Euro Truck Simulator 2,2018-12-10,166666,5282,171948,55,2,57,0.969281
227300,Euro Truck Simulator 2,2018-12-11,166719,5284,172003,53,2,55,0.96928
227300,Euro Truck Simulator 2,2018-12-12,166758,5292,172050,39,8,47,0.969241
227300,Euro Truck Simulator 2,2018-12-13,166787,5294,172081,29,2,31,0.969235
227300,Euro Truck Simulator 2,2018-12-14,166841,5299,172140,54,5,59,0.969217
227300,Euro Truck Simulator 2,2018-12-15,166880,5300,172180,39,1,40,0.969218
227300,Euro Truck Simulator 2,2018-12-16,166942,5308,172250,62,8,70,0.969184
227300,Euro Truck Simulator 2,2018-12-17,167010,5310,172320,68,2,70,0.969185
227300,Euro Truck Simulator 2,2018-12-18,167073,5307,172380,63,-3,60,0.969213
227300,Euro Truck Simulator 2,2018-12-19,167133,5311,172444,60,4,64,0.969202
227300,Euro Truck Simulator 2,2018-12-20,167196,5314,172510,63,3,66,0.969196
227300,Euro Truck Simulator 2,2018-12-21,167316,5319,172635,120,5,125,0.969189
227300,Euro Truck Simulator 2,2018-12-22,167458,5325,172783,142,6,148,0.969181
227300,Euro Truck Simulator 2,2018-12-23,167617,5333,172950,159,8,167,0.969164
227300,Euro Truck Simulator 2,2018-12-24,167789,5340,173129,172,7,179,0.969156
227300,Euro Truck Simulator 2,2018-12-25,167947,5349,173296,158,9,167,0.969134
227300,Euro Truck Simulator 2,2018-12-26,168124,5360,173484,177,11,188,0.969104
227300,Euro Truck Simulator 2,2018-12-27,168305,5367,173672,181,7,188,0.969097
227300,Euro Truck Simulator 2,2018-12-28,168475,5375,173850,170,8,178,0.969083
227300,Euro Truck Simulator 2,2018-12-29,168681,5383,174064,206,8,214,0.969075
227300,Euro Truck Simulator 2,2018-12-30,168828,5388,174216,147,5,152,0.969073
227300,Euro Truck Simulator 2,2018-12-31,169018,5390,174408,190,2,192,0.969095
227300,Euro Truck Simulator 2,2019-01-01,169018,5390,174408,0,0,0,0.969095
227300,Euro Truck Simulator 2,2019-01-02,169284,5394,174678,266,4,270,0.96912
227300,Euro Truck Simulator 2,2019-01-03,169458,5404,174862,174,10,184,0.969096
227300,Euro Truck Simulator 2,2019-01-04,169627,5406,175033,169,2,171,0.969114
227300,Euro Truck Simulator 2,2019-01-05,169733,5418,175151,106,12,118,0.969067
227300,Euro Truck Simulator 2,2019-01-06,169844,5428,175272,111,10,121,0.969031
227300,Euro Truck Simulator 2,2019-01-07,169921,5430,175351,77,2,79,0.969034
227300,Euro Truck Simulator 2,2019-01-08,169998,5435,175433,77,5,82,0.96902
227300,Euro Truck Simulator 2,2019-01-09,170074,5441,175515,76,6,82,0.969
227300,Euro Truck Simulator 2,2019-01-10,170128,5445,175573,54,4,58,0.968987
227300,Euro Truck Simulator 2,2019-01-11,170177,5453,175630,49,8,57,0.968952
227300,Euro Truck Simulator 2,2019-01-12,170222,5459,175681,45,6,51,0.968927
227300,Euro Truck Simulator 2,2019-01-13,170275,5470,175745,53,11,64,0.968875
227300,Euro Truck Simulator 2,2019-01-14,170369,5471,175840,94,1,95,0.968886
227300,Euro Truck Simulator 2,2019-01-15,170435,5474,175909,66,3,69,0.968882
227300,Euro Truck Simulator 2,2019-01-16,170533,5479,176012,98,5,103,0.968871
227300,Euro Truck Simulator 2,2019-01-17,170616,5488,176104,83,9,92,0.968837
227300,Euro Truck Simulator 2,2019-01-18,170703,5494,176197,87,6,93,0.968819
227300,Euro Truck Simulator 2,2019-01-19,170798,5497,176295,95,3,98,0.968819
227300,Euro Truck Simulator 2,2019-01-20,170923,5500,176423,125,3,128,0.968825
227300,Euro Truck Simulator 2,2019-01-21,171069,5507,176576,146,7,153,0.968812
227300,Euro Truck Simulator 2,2019-01-22,171192,5518,176710,123,11,134,0.968774
227300,Euro Truck Simulator 2,2019-01-23,171283,5525,176808,91,7,98,0.968751
227300,Euro Truck Simulator 2,2019-01-24,171382,5533,176915,99,8,107,0.968725
227300,Euro Truck Simulator 2,2019-01-25,171446,5538,176984,64,5,69,0.968709
227300,Euro Truck Simulator 2,2019-01-26,171502,5546,177048,56,8,64,0.968675
227300,Euro Truck Simulator 2,2019-01-27,171582,5547,177129,80,1,81,0.968684
227300,Euro Truck Simulator 2,2019-01-28,171650,5547,177197,68,0,68,0.968696
227300,Euro Truck Simulator 2,2019-01-29,171702,5552,177254,52,5,57,0.968678
227300,Euro Truck Simulator 2,2019-01-30,171739,5558,177297,37,6,43,0.968651
227300,Euro Truck Simulator 2,2019-01-31,171795,5561,177356,56,3,59,0.968645
227300,Euro Truck Simulator 2,2019-02-01,171856,5568,177424,61,7,68,0.968618
227300,Euro Truck Simulator 2,2019-02-02,171908,5573,177481,52,5,57,0.968599
227300,Euro Truck Simulator 2,2019-02-03,171970,5577,177547,62,4,66,0.968589
227300,Euro Truck Simulator 2,2019-02-04,172029,5582,177611,59,5,64,0.968572
227300,Euro Truck Simulator 2,2019-02-05,172085,5584,177669,56,2,58,0.968571
227300,Euro Truck Simulator 2,2019-02-06,172196,5594,177790,111,10,121,0.968536
227300,Euro Truck Simulator 2,2019-02-07,172306,5600,177906,110,6,116,0.968523
227300,Euro Truck Simulator 2,2019-02-08,172415,5602,178017,109,2,111,0.968531
227300,Euro Truck Simulator 2,2019-02-09,172552,5607,178159,137,5,142,0.968528
227300,Euro Truck Simulator 2,2019-02-10,172713,5619,178332,161,12,173,0.968491
227300,Euro Truck Simulator 2,2019-02-11,172833,5627,178460,120,8,128,0.968469
227300,Euro Truck Simulator 2,2019-02-12,172969,5634,178603,136,7,143,0.968455
227300,Euro Truck Simulator 2,2019-02-13,173060,5635,178695,91,1,92,0.968466
227300,Euro Truck Simulator 2,2019-02-14,173126,5638,178764,66,3,69,0.968461
227300,Euro Truck Simulator 2,2019-02-15,173194,5645,178839,68,7,75,0.968435
227300,Euro Truck Simulator 2,2019-02-16,173265,5647,178912,71,2,73,0.968437
227300,Euro Truck Simulator 2,2019-02-17,173344,5658,179002,79,11,90,0.968391
227300,Euro Truck Simulator 2,2019-02-18,173411,5663,179074,67,5,72,0.968376
227300,Euro Truck Simulator 2,2019-02-19,173468,5668,179136,57,5,62,0.968359
227300,Euro Truck Simulator 2,2019-02-20,173518,5671,179189,50,3,53,0.968352
227300,Euro Truck Simulator 2,2019-02-21,173545,5672,179217,27,1,28,0.968351
227300,Euro Truck Simulator 2,2019-02-22,173545,5672,179217,0,0,0,0.968351
227300,Euro Truck Simulator 2,2019-02-23,173667,5676,179343,122,4,126,0.968351
227300,Euro Truck Simulator 2,2019-02-24,173667,5676,179343,0,0,0,0.968351
227300,Euro Truck Simulator 2,2019-02-25,173667,5676,179343,0,0,0,0.968351
227300,Euro Truck Simulator 2,2019-02-26,173667,5676,179343,0,0,0,0.968351
227300,Euro Truck Simulator 2,2019-02-27,173667,5676,179343,0,0,0,0.968351
227300,Euro Truck Simulator 2,2019-02-28,173979,5700,179679,312,24,336,0.968277
227300,Euro Truck Simulator 2,2019-03-01,174018,5700,179718,39,0,39,0.968284
227300,Euro Truck Simulator 2,2019-03-02,174066,5700,179766,48,0,48,0.968292
227300,Euro Truck Simulator 2,2019-03-03,174120,5706,179826,54,6,60,0.968269
227300,Euro Truck Simulator 2,2019-03-04,174186,5706,179892,66,0,66,0.968281
227300,Euro Truck Simulator 2,2019-03-05,174235,5707,179942,49,1,50,0.968284
227300,Euro Truck Simulator 2,2019-03-06,174271,5707,179978,36,0,36,0.968291
227300,Euro Truck Simulator 2,2019-03-07,174300,5712,180012,29,5,34,0.968269
227300,Euro Truck Simulator 2,2019-03-08,174340,5712,180052,40,0,40,0.968276
227300,Euro Truck Simulator 2,2019-03-09,174372,5714,180086,32,2,34,0.968271
227300,Euro Truck Simulator 2,2019-03-10,174421,5720,180141,49,6,55,0.968247
227300,Euro Truck Simulator 2,2019-03-11,174464,5727,180191,43,7,50,0.968217
227300,Euro Truck Simulator 2,2019-03-12,174487,5727,180214,23,0,23,0.968221
227300,Euro Truck Simulator 2,2019-03-13,174519,5728,180247,32,1,33,0.968221
227300,Euro Truck Simulator 2,2019-03-14,174557,5732,180289,38,4,42,0.968207
227300,Euro Truck Simulator 2,2019-03-15,174598,5735,180333,41,3,44,0.968198
227300,Euro Truck Simulator 2,2019-03-16,174620,5737,180357,22,2,24,0.968191
227300,Euro Truck Simulator 2,2019-03-17,174665,5742,180407,45,5,50,0.968172
227300,Euro Truck Simulator 2,2019-03-18,174714,5742,180456,49,0,49,0.968181
227300,Euro Truck Simulator 2,2019-03-19,174767,5745,180512,53,3,56,0.968174
227300,Euro Truck Simulator 2,2019-03-20,174844,5746,180590,77,1,78,0.968182
227300,Euro Truck Simulator 2,2019-03-21,174913,5746,180659,69,0,69,0.968194
227300,Euro Truck Simulator 2,2019-03-22,174989,5750,180739,76,4,80,0.968186
227300,Euro Truck Simulator 2,2019-03-23,175045,5759,180804,56,9,65,0.968148
227300,Euro Truck Simulator 2,2019-03-24,175140,5761,180901,95,2,97,0.968154
227300,Euro Truck Simulator 2,2019-03-25,175269,5768,181037,129,7,136,0.968139
227300,Euro Truck Simulator 2,2019-03-26,175319,5777,181096,50,9,59,0.9681
227300,Euro Truck Simulator 2,2019-03-27,175392,5778,181170,73,1,74,0.968107
227300,Euro Truck Simulator 2,2019-03-28,175429,5784,181213,37,6,43,0.968082
227300,Euro Truck Simulator 2,2019-03-29,175495,5795,181290,66,11,77,0.968035
227300,Euro Truck Simulator 2,2019-03-30,175539,5794,181333,44,-1,43,0.968048
227300,Euro Truck Simulator 2,2019-03-31,175592,5798,181390,53,4,57,0.968036
227300,Euro Truck Simulator 2,2019-04-01,175645,5799,181444,53,1,54,0.96804
227300,Euro Truck Simulator 2,2019-04-02,175694,5799,181493,49,0,49,0.968048
227300,Euro Truck Simulator 2,2019-04-03,175734,5807,181541,40,8,48,0.968013
227300,Euro Truck Simulator 2,2019-04-04,175775,5802,181577,41,-5,36,0.968047
227300,Euro Truck Simulator 2,2019-04-05,175829,5800,181629,54,-2,52,0.968067
227300,Euro Truck Simulator 2,2019-04-06,175887,5799,181686,58,-1,57,0.968082
227300,Euro Truck Simulator 2,2019-04-07,175946,5800,181746,59,1,60,0.968087
227300,Euro Truck Simulator 2,2019-04-08,175995,5805,181800,49,5,54,0.968069
227300,Euro Truck Simulator 2,2019-04-09,176044,5803,181847,49,-2,47,0.968089
227300,Euro Truck Simulator 2,2019-04-10,176092,5807,181899,48,4,52,0.968076
227300,Euro Truck Simulator 2,2019-04-11,176117,5808,181925,25,1,26,0.968075
227300,Euro Truck Simulator 2,2019-04-12,176165,5809,181974,48,1,49,0.968078
227300,Euro Truck Simulator 2,2019-04-13,176208,5814,182022,43,5,48,0.968059
227300,Euro Truck Simulator 2,2019-04-14,176267,5814,182081,59,0,59,0.968069
227300,Euro Truck Simulator 2,2019-04-15,176312,5815,182127,45,1,46,0.968072
227300,Euro Truck Simulator 2,2019-04-16,176345,5815,182160,33,0,33,0.968078
227300,Euro Truck Simulator 2,2019-04-17,176390,5816,182206,45,1,46,0.96808
227300,Euro Truck Simulator 2,2019-04-18,176421,5820,182241,31,4,35,0.968064
227300,Euro Truck Simulator 2,2019-04-19,176460,5820,182280,39,0,39,0.968071
227300,Euro Truck Simulator 2,2019-04-20,176499,5819,182318,39,-1,38,0.968083
227300,Euro Truck Simulator 2,2019-04-21,176552,5823,182375,53,4,57,0.968071
227300,Euro Truck Simulator 2,2019-04-22,176603,5821,182424,51,-2,49,0.968091
227300,Euro Truck Simulator 2,2019-04-23,176640,5821,182461,37,0,37,0.968097
227300,Euro Truck Simulator 2,2019-04-24,176684,5822,182506,44,1,45,0.9681
227300,Euro Truck Simulator 2,2019-04-25,176724,5820,182544,40,-2,38,0.968117
227300,Euro Truck Simulator 2,2019-04-26,176769,5825,182594,45,5,50,0.968099
227300,Euro Truck Simulator 2,2019-04-27,176814,5830,182644,45,5,50,0.96808
227300,Euro Truck Simulator 2,2019-04-28,176856,5833,182689,42,3,45,0.968071
227300,Euro Truck Simulator 2,2019-04-29,176897,5837,182734,41,4,45,0.968057
227300,Euro Truck Simulator 2,2019-04-30,176938,5839,182777,41,2,43,0.968054
227300,Euro Truck Simulator 2,2019-05-01,176980,5839,182819,42,0,42,0.968061
227300,Euro Truck Simulator 2,2019-05-02,177011,5838,182849,31,-1,30,0.968072
227300,Euro Truck Simulator 2,2019-05-03,177061,5841,182902,50,3,53,0.968065
227300,Euro Truck Simulator 2,2019-05-04,177103,5846,182949,42,5,47,0.968046
227300,Euro Truck Simulator 2,2019-05-05,177142,5851,182993,39,5,44,0.968026
227300,Euro Truck Simulator 2,2019-05-06,177213,5854,183067,71,3,74,0.968023
227300,Euro Truck Simulator 2,2019-05-07,177244,5856,183100,31,2,33,0.968017
227300,Euro Truck Simulator 2,2019-05-08,177292,5859,183151,48,3,51,0.96801
227300,Euro Truck Simulator 2,2019-05-09,177315,5859,183174,23,0,23,0.968014
227300,Euro Truck Simulator 2,2019-05-10,177346,5863,183209,31,4,35,0.967998
227300,Euro Truck Simulator 2,2019-05-11,177384,5865,183249,38,2,40,0.967994
227300,Euro Truck Simulator 2,2019-05-12,177435,5875,183310,51,10,61,0.96795
227300,Euro Truck Simulator 2,2019-05-13,177501,5879,183380,66,4,70,0.967941
227300,Euro Truck Simulator 2,2019-05-14,177559,5883,183442,58,4,62,0.96793
227300,Euro Truck Simulator 2,2019-05-15,177593,5882,183475,34,-1,33,0.967941
227300,Euro Truck Simulator 2,2019-05-16,177593,5882,183475,0,0,0,0.967941
227300,Euro Truck Simulator 2,2019-05-17,177593,5882,183475,0,0,0,0.967941
227300,Euro Truck Simulator 2,2019-05-18,177593,5882,183475,0,0,0,0.967941
227300,Euro Truck Simulator 2,2019-05-19,177593,5882,183475,0,0,0,0.967941
227300,Euro Truck Simulator 2,2019-05-20,177593,5882,183475,0,0,0,0.967941
227300,Euro Truck Simulator 2,2019-05-21,177593,5882,183475,0,0,0,0.967941
227300,Euro Truck Simulator 2,2019-05-22,177593,5882,183475,0,0,0,0.967941
227300,Euro Truck Simulator 2,2019-05-23,177593,5882,183475,0,0,0,0.967941
227300,Euro Truck Simulator 2,2019-05-24,177593,5882,183475,0,0,0,0.967941
227300,Euro Truck Simulator 2,2019-05-25,177593,5882,183475,0,0,0,0.967941
227300,Euro Truck Simulator 2,2019-05-26,177593,5882,183475,0,0,0,0.967941
227300,Euro Truck Simulator 2,2019-05-27,177593,5882,183475,0,0,0,0.967941
227300,Euro Truck Simulator 2,2019-05-28,177593,5882,183475,0,0,0,0.967941
227300,Euro Truck Simulator 2,2019-05-29,178664,5929,184593,1071,47,1118,0.967881
227300,Euro Truck Simulator 2,2019-05-30,178714,5932,184646,50,3,53,0.967874
227300,Euro Truck Simulator 2,2019-05-31,178767,5935,184702,53,3,56,0.967867
227300,Euro Truck Simulator 2,2019-06-01,178812,5941,184753,45,6,51,0.967844
227300,Euro Truck Simulator 2,2019-06-02,178883,5941,184824,71,0,71,0.967856
227300,Euro Truck Simulator 2,2019-06-03,178931,5940,184871,48,-1,47,0.967869
227300,Euro Truck Simulator 2,2019-06-04,178959,5946,184905,28,6,34,0.967843
227300,Euro Truck Simulator 2,2019-06-05,179003,5946,184949,44,0,44,0.967851
227300,Euro Truck Simulator 2,2019-06-06,179079,5952,185031,76,6,82,0.967832
227300,Euro Truck Simulator 2,2019-06-07,179157,5958,185115,78,6,84,0.967815
227300,Euro Truck Simulator 2,2019-06-08,179220,5961,185181,63,3,66,0.96781
227300,Euro Truck Simulator 2,2019-06-09,179281,5969,185250,61,8,69,0.967779
227300,Euro Truck Simulator 2,2019-06-10,179337,5972,185309,56,3,59,0.967773
227300,Euro Truck Simulator 2,2019-06-11,179380,5976,185356,43,4,47,0.967759
227300,Euro Truck Simulator 2,2019-06-12,179445,5978,185423,65,2,67,0.96776
227300,Euro Truck Simulator 2,2019-06-13,179565,5984,185549,120,6,126,0.96775
227300,Euro Truck Simulator 2,2019-06-14,179659,5992,185651,94,8,102,0.967724
227300,Euro Truck Simulator 2,2019-06-15,179729,5995,185724,70,3,73,0.967721
227300,Euro Truck Simulator 2,2019-06-16,179798,6007,185805,69,12,81,0.96767
227300,Euro Truck Simulator 2,2019-06-17,179863,6008,185871,65,1,66,0.967677
227300,Euro Truck Simulator 2,2019-06-18,179917,6014,185931,54,6,60,0.967655
227300,Euro Truck Simulator 2,2019-06-19,179964,6014,185978,47,0,47,0.967663
227300,Euro Truck Simulator 2,2019-06-20,179999,6019,186018,35,5,40,0.967643
227300,Euro Truck Simulator 2,2019-06-21,180050,6020,186070,51,1,52,0.967647
227300,Euro Truck Simulator 2,2019-06-22,180110,6023,186133,60,3,63,0.967641
227300,Euro Truck Simulator 2,2019-06-23,180179,6023,186202,69,0,69,0.967653
227300,Euro Truck Simulator 2,2019-06-24,180214,6028,186242,35,5,40,0.967634
227300,Euro Truck Simulator 2,2019-06-25,180261,6028,186289,47,0,47,0.967642
227300,Euro Truck Simulator 2,2019-06-26,180334,6027,186361,73,-1,72,0.96766
227300,Euro Truck Simulator 2,2019-06-27,180512,6033,186545,178,6,184,0.967659
227300,Euro Truck Simulator 2,2019-06-28,180618,6037,186655,106,4,110,0.967657
227300,Euro Truck Simulator 2,2019-06-29,180723,6037,186760,105,0,105,0.967675
227300,Euro Truck Simulator 2,2019-06-30,184615,6069,190684,3892,32,3924,0.968172
227300,Euro Truck Simulator 2,2019-07-01,187149,6090,193239,2534,21,2555,0.968485
227300,Euro Truck Simulator 2,2019-07-02,188984,6115,195099,1835,25,1860,0.968657
227300,Euro Truck Simulator 2,2019-07-03,190554,6130,196684,1570,15,1585,0.968833
227300,Euro Truck Simulator 2,2019-07-04,191807,6150,197957,1253,20,1273,0.968933
227300,Euro Truck Simulator 2,2019-07-05,192772,6163,198935,965,13,978,0.96902
227300,Euro Truck Simulator 2,2019-07-06,193632,6173,199805,860,10,870,0.969105
227300,Euro Truck Simulator 2,2019-07-07,194532,6186,200718,900,13,913,0.969181
227300,Euro Truck Simulator 2,2019-07-08,195057,6193,201250,525,7,532,0.969227
227300,Euro Truck Simulator 2,2019-07-09,195157,6202,201359,100,9,109,0.969199
227300,Euro Truck Simulator 2,2019-07-10,195269,6204,201473,112,2,114,0.969207
227300,Euro Truck Simulator 2,2019-07-11,195354,6207,201561,85,3,88,0.969205
227300,Euro Truck Simulator 2,2019-07-12,195438,6206,201644,84,-1,83,0.969223
227300,Euro Truck Simulator 2,2019-07-13,195495,6209,201704,57,3,60,0.969217
227300,Euro Truck Simulator 2,2019-07-14,195554,6213,201767,59,4,63,0.969207
227300,Euro Truck Simulator 2,2019-07-15,195617,6214,201831,63,1,64,0.969212
227300,Euro Truck Simulator 2,2019-07-16,195673,6219,201892,56,5,61,0.969196
227300,Euro Truck Simulator 2,2019-07-17,195760,6225,201985,87,6,93,0.969181
227300,Euro Truck Simulator 2,2019-07-18,195884,6227,202111,124,2,126,0.96919
227300,Euro Truck Simulator 2,2019-07-19,195963,6236,202199,79,9,88,0.969159
227300,Euro Truck Simulator 2,2019-07-20,196057,6241,202298,94,5,99,0.969149
227300,Euro Truck Simulator 2,2019-07-21,196139,6245,202384,82,4,86,0.969143
227300,Euro Truck Simulator 2,2019-07-22,196222,6247,202469,83,2,85,0.969146
227300,Euro Truck Simulator 2,2019-07-23,196287,6251,202538,65,4,69,0.969137
227300,Euro Truck Simulator 2,2019-07-24,196354,6260,202614,67,9,76,0.969104
227300,Euro Truck Simulator 2,2019-07-25,196403,6267,202670,49,7,56,0.969078
227300,Euro Truck Simulator 2,2019-07-26,196466,6269,202735,63,2,65,0.969078
227300,Euro Truck Simulator 2,2019-07-27,196505,6271,202776,39,2,41,0.969074
227300,Euro Truck Simulator 2,2019-07-28,196570,6271,202841,65,0,65,0.969084
227300,Euro Truck Simulator 2,2019-07-29,196605,6274,202879,35,3,38,0.969075
227300,Euro Truck Simulator 2,2019-07-30,196650,6274,202924,45,0,45,0.969082
227300,Euro Truck Simulator 2,2019-07-31,196691,6278,202969,41,4,45,0.969069
227300,Euro Truck Simulator 2,2019-08-01,196776,6282,203058,85,4,89,0.969063
227300,Euro Truck Simulator 2,2019-08-02,196861,6295,203156,85,13,98,0.969014
227300,Euro Truck Simulator 2,2019-08-03,196943,6296,203239,82,1,83,0.969022
227300,Euro Truck Simulator 2,2019-08-04,197001,6297,203298,58,1,59,0.969026
227300,Euro Truck Simulator 2,2019-08-05,197055,6296,203351,54,-1,53,0.969039
227300,Euro Truck Simulator 2,2019-08-06,197098,6300,203398,43,4,47,0.969026
227300,Euro Truck Simulator 2,2019-08-07,197143,6299,203442,45,-1,44,0.969038
227300,Euro Truck Simulator 2,2019-08-08,197192,6299,203491,49,0,49,0.969045
227300,Euro Truck Simulator 2,2019-08-09,197242,6301,203543,50,2,52,0.969043
227300,Euro Truck Simulator 2,2019-08-10,197299,6307,203606,57,6,63,0.969024
227300,Euro Truck Simulator 2,2019-08-11,197343,6308,203651,44,1,45,0.969025
227300,Euro Truck Simulator 2,2019-08-12,197383,6311,203694,40,3,43,0.969017
227300,Euro Truck Simulator 2,2019-08-13,197414,6314,203728,31,3,34,0.969008
227300,Euro Truck Simulator 2,2019-08-14,197467,6317,203784,53,3,56,0.969001
227300,Euro Truck Simulator 2,2019-08-15,197495,6316,203811,28,-1,27,0.969011
227300,Euro Truck Simulator 2,2019-08-16,197532,6318,203850,37,2,39,0.969007
227300,Euro Truck Simulator 2,2019-08-17,197583,6321,203904,51,3,54,0.969
227300,Euro Truck Simulator 2,2019-08-18,197639,6323,203962,56,2,58,0.968999
227300,Euro Truck Simulator 2,2019-08-19,197686,6327,204013,47,4,51,0.968987
227300,Euro Truck Simulator 2,2019-08-20,197719,6330,204049,33,3,36,0.968978
227300,Euro Truck Simulator 2,2019-08-21,197741,6334,204075,22,4,26,0.968962
227300,Euro Truck Simulator 2,2019-08-22,197786,6339,204125,45,5,50,0.968945
227300,Euro Truck Simulator 2,2019-08-23,197813,6338,204151,27,-1,26,0.968954
227300,Euro Truck Simulator 2,2019-08-24,197840,6338,204178,27,0,27,0.968958
227300,Euro Truck Simulator 2,2019-08-25,197876,6340,204216,36,2,38,0.968954
227300,Euro Truck Simulator 2,2019-08-26,197912,6340,204252,36,0,36,0.96896
227300,Euro Truck Simulator 2,2019-08-27,197929,6341,204270,17,1,18,0.968958
227300,Euro Truck Simulator 2,2019-08-28,197964,6341,204305,35,0,35,0.968963
227300,Euro Truck Simulator 2,2019-08-29,197984,6343,204327,20,2,22,0.968957
227300,Euro Truck Simulator 2,2019-08-30,198012,6343,204355,28,0,28,0.968961
227300,Euro Truck Simulator 2,2019-08-31,198057,6347,204404,45,4,49,0.968949
227300,Euro Truck Simulator 2,2019-09-01,198093,6351,204444,36,4,40,0.968935
227300,Euro Truck Simulator 2,2019-09-02,198134,6353,204487,41,2,43,0.968932
227300,Euro Truck Simulator 2,2019-09-03,198160,6357,204517,26,4,30,0.968917
227300,Euro Truck Simulator 2,2019-09-04,198208,6360,204568,48,3,51,0.96891
227300,Euro Truck Simulator 2,2019-09-05,198250,6363,204613,42,3,45,0.968902
227300,Euro Truck Simulator 2,2019-09-06,198293,6370,204663,43,7,50,0.968876
227300,Euro Truck Simulator 2,2019-09-07,198342,6377,204719,49,7,56,0.96885
227300,Euro Truck Simulator 2,2019-09-08,198354,6376,204730,12,-1,11,0.968857
227300,Euro Truck Simulator 2,2019-09-09,198393,6377,204770,39,1,40,0.968858
227300,Euro Truck Simulator 2,2019-09-10,198428,6381,204809,35,4,39,0.968844
227300,Euro Truck Simulator 2,2019-09-11,198503,6389,204892,75,8,83,0.968818
227300,Euro Truck Simulator 2,2019-09-12,198539,6392,204931,36,3,39,0.968809
227300,Euro Truck Simulator 2,2019-09-13,198611,6395,205006,72,3,75,0.968806
227300,Euro Truck Simulator 2,2019-09-14,198665,6404,205069,54,9,63,0.968771
227300,Euro Truck Simulator 2,2019-09-15,198738,6411,205149,73,7,80,0.96875
227300,Euro Truck Simulator 2,2019-09-16,198855,6413,205268,117,2,119,0.968758
227300,Euro Truck Simulator 2,2019-09-17,198921,6416,205337,66,3,69,0.968754
227300,Euro Truck Simulator 2,2019-09-18,198978,6419,205397,57,3,60,0.968748
227300,Euro Truck Simulator 2,2019-09-19,199041,6425,205466,63,6,69,0.96873
227300,Euro Truck Simulator 2,2019-09-20,199066,6425,205491,25,0,25,0.968733
227300,Euro Truck Simulator 2,2019-09-21,199127,6426,205553,61,1,62,0.968738
227300,Euro Truck Simulator 2,2019-09-22,199184,6431,205615,57,5,62,0.968723
227300,Euro Truck Simulator 2,2019-09-23,199184,6431,205615,0,0,0,0.968723
227300,Euro Truck Simulator 2,2019-09-24,199226,6432,205658,42,1,43,0.968725
227300,Euro Truck Simulator 2,2019-09-25,199266,6433,205699,40,1,41,0.968726
227300,Euro Truck Simulator 2,2019-09-26,199339,6438,205777,73,5,78,0.968714
227300,Euro Truck Simulator 2,2019-09-27,199376,6440,205816,37,2,39,0.96871
227300,Euro Truck Simulator 2,2019-09-28,199417,6440,205857,41,0,41,0.968716
227300,Euro Truck Simulator 2,2019-09-29,199459,6440,205899,42,0,42,0.968723
227300,Euro Truck Simulator 2,2019-09-30,199506,6442,205948,47,2,49,0.96872
227300,Euro Truck Simulator 2,2019-10-01,199541,6441,205982,35,-1,34,0.96873
227300,Euro Truck Simulator 2,2019-10-02,199592,6440,206032,51,-1,50,0.968743
227300,Euro Truck Simulator 2,2019-10-03,199592,6440,206032,0,0,0,0.968743
227300,Euro Truck Simulator 2,2019-10-04,199654,6446,206100,62,6,68,0.968724
227300,Euro Truck Simulator 2,2019-10-05,199677,6447,206124,23,1,24,0.968723
227300,Euro Truck Simulator 2,2019-10-06,199765,6449,206214,88,2,90,0.968727
227300,Euro Truck Simulator 2,2019-10-07,199790,6449,206239,25,0,25,0.96873
227300,Euro Truck Simulator 2,2019-10-08,199821,6451,206272,31,2,33,0.968726
227300,Euro Truck Simulator 2,2019-10-09,199846,6454,206300,25,3,28,0.968715
227300,Euro Truck Simulator 2,2019-10-10,199878,6456,206334,32,2,34,0.968711
227300,Euro Truck Simulator 2,2019-10-11,199928,6462,206390,50,6,56,0.96869
227300,Euro Truck Simulator 2,2019-10-12,199943,6464,206407,15,2,17,0.968683
227300,Euro Truck Simulator 2,2019-10-13,199981,6467,206448,38,3,41,0.968675
227300,Euro Truck Simulator 2,2019-10-14,200017,6473,206490,36,6,42,0.968652
227300,Euro Truck Simulator 2,2019-10-15,200056,6483,206539,39,10,49,0.968611
227300,Euro Truck Simulator 2,2019-10-16,200076,6479,206555,20,-4,16,0.968633
227300,Euro Truck Simulator 2,2019-10-17,200105,6480,206585,29,1,30,0.968633
227300,Euro Truck Simulator 2,2019-10-18,200142,6481,206623,37,1,38,0.968634
227300,Euro Truck Simulator 2,2019-10-19,200196,6484,206680,54,3,57,0.968628
227300,Euro Truck Simulator 2,2019-10-20,200227,6486,206713,31,2,33,0.968623
227300,Euro Truck Simulator 2,2019-10-21,200265,6488,206753,38,2,40,0.96862
227300,Euro Truck Simulator 2,2019-10-22,200303,6496,206799,38,8,46,0.968588
227300,Euro Truck Simulator 2,2019-10-23,200365,6500,206865,62,4,66,0.968579
227300,Euro Truck Simulator 2,2019-10-24,200398,6499,206897,33,-1,32,0.968588
227300,Euro Truck Simulator 2,2019-10-25,200398,6499,206897,0,0,0,0.968588
227300,Euro Truck Simulator 2,2019-10-26,200653,6503,207156,255,4,259,0.968608
227300,Euro Truck Simulator 2,2019-10-27,200802,6506,207308,149,3,152,0.968617
227300,Euro Truck Simulator 2,2019-10-28,200937,6510,207447,135,4,139,0.968618
227300,Euro Truck Simulator 2,2019-10-29,200937,6510,207447,0,0,0,0.968618
227300,Euro Truck Simulator 2,2019-10-30,201087,6511,207598,150,1,151,0.968636
227300,Euro Truck Simulator 2,2019-10-31,202744,6508,209252,1657,-3,1654,0.968899
227300,Euro Truck Simulator 2,2019-11-01,202744,6508,209252,0,0,0,0.968899
227300,Euro Truck Simulator 2,2019-11-02,204029,6519,210548,1285,11,1296,0.969038
227300,Euro Truck Simulator 2,2019-11-03,206103,6528,212631,2074,9,2083,0.969299
227300,Euro Truck Simulator 2,2019-11-04,206653,6534,213187,550,6,556,0.969351
227300,Euro Truck Simulator 2,2019-11-05,206653,6534,213187,0,0,0,0.969351
227300,Euro Truck Simulator 2,2019-11-06,207242,6544,213786,589,10,599,0.96939
227300,Euro Truck Simulator 2,2019-11-07,207730,6556,214286,488,12,500,0.969405
227300,Euro Truck Simulator 2,2019-11-08,208208,6562,214770,478,6,484,0.969446
227300,Euro Truck Simulator 2,2019-11-09,208691,6571,215262,483,9,492,0.969474
227300,Euro Truck Simulator 2,2019-11-10,209363,6579,215942,672,8,680,0.969533
227300,Euro Truck Simulator 2,2019-11-11,210049,6588,216637,686,9,695,0.96959
227300,Euro Truck Simulator 2,2019-11-12,211028,6597,217625,979,9,988,0.969686
227300,Euro Truck Simulator 2,2019-11-13,211028,6597,217625,0,0,0,0.969686
227300,Euro Truck Simulator 2,2019-11-14,211515,6595,218110,487,-2,485,0.969763
227300,Euro Truck Simulator 2,2019-11-15,211916,6600,218516,401,5,406,0.969796
227300,Euro Truck Simulator 2,2019-11-16,212440,6601,219041,524,1,525,0.969864
227300,Euro Truck Simulator 2,2019-11-17,213039,6604,219643,599,3,602,0.969933
227300,Euro Truck Simulator 2,2019-11-18,213618,6612,220230,579,8,587,0.969977
227300,Euro Truck Simulator 2,2019-11-19,214012,6615,220627,394,3,397,0.970017
227300,Euro Truck Simulator 2,2019-11-20,214362,6618,220980,350,3,353,0.970052
227300,Euro Truck Simulator 2,2019-11-21,214362,6618,220980,0,0,0,0.970052
227300,Euro Truck Simulator 2,2019-11-22,214362,6618,220980,0,0,0,0.970052
227300,Euro Truck Simulator 2,2019-11-23,215473,6630,222103,1111,12,1123,0.970149
227300,Euro Truck Simulator 2,2019-11-24,215921,6630,222551,448,0,448,0.970209
227300,Euro Truck Simulator 2,2019-11-25,216378,6635,223013,457,5,462,0.970248
227300,Euro Truck Simulator 2,2019-11-26,216665,6635,223300,287,0,287,0.970287
227300,Euro Truck Simulator 2,2019-11-27,218087,6647,224734,1422,12,1434,0.970423
227300,Euro Truck Simulator 2,2019-11-28,219575,6657,226232,1488,10,1498,0.970574
227300,Euro Truck Simulator 2,2019-11-29,220763,6668,227431,1188,11,1199,0.970681
227300,Euro Truck Simulator 2,2019-11-30,221905,6675,228580,1142,7,1149,0.970798
227300,Euro Truck Simulator 2,2019-12-01,223209,6687,229896,1304,12,1316,0.970913
227300,Euro Truck Simulator 2,2019-12-02,224949,6699,231648,1740,12,1752,0.971081
227300,Euro Truck Simulator 2,2019-12-03,225575,6707,232282,626,8,634,0.971126
227300,Euro Truck Simulator 2,2019-12-04,226608,6728,233336,1033,21,1054,0.971166
227300,Euro Truck Simulator 2,2019-12-05,227324,6743,234067,716,15,731,0.971192
227300,Euro Truck Simulator 2,2019-12-06,228320,6763,235083,996,20,1016,0.971231
227300,Euro Truck Simulator 2,2019-12-07,229373,6792,236165,1053,29,1082,0.97124
227300,Euro Truck Simulator 2,2019-12-08,230418,6819,237237,1045,27,1072,0.971257
227300,Euro Truck Simulator 2,2019-12-09,231229,6840,238069,811,21,832,0.971269
227300,Euro Truck Simulator 2,2019-12-10,231805,6855,238660,576,15,591,0.971277
227300,Euro Truck Simulator 2,2019-12-11,232358,6868,239226,553,13,566,0.971291
227300,Euro Truck Simulator 2,2019-12-12,232887,6873,239760,529,5,534,0.971334
227300,Euro Truck Simulator 2,2019-12-13,233361,6882,240243,474,9,483,0.971354
227300,Euro Truck Simulator 2,2019-12-14,234080,6898,240978,719,16,735,0.971375
227300,Euro Truck Simulator 2,2019-12-15,234816,6910,241726,736,12,748,0.971414
227300,Euro Truck Simulator 2,2019-12-16,235753,6931,242684,937,21,958,0.97144
227300,Euro Truck Simulator 2,2019-12-17,236215,6934,243149,462,3,465,0.971483
227300,Euro Truck Simulator 2,2019-12-18,236613,6941,243554,398,7,405,0.971501
227300,Euro Truck Simulator 2,2019-12-19,236991,6945,243936,378,4,382,0.971529
227300,Euro Truck Simulator 2,2019-12-20,237436,6945,244381,445,0,445,0.971581
227300,Euro Truck Simulator 2,2019-12-21,238081,6948,245029,645,3,648,0.971644
227300,Euro Truck Simulator 2,2019-12-22,238651,6962,245613,570,14,584,0.971655
227300,Euro Truck Simulator 2,2019-12-23,239307,6973,246280,656,11,667,0.971687
227300,Euro Truck Simulator 2,2019-12-24,239905,6983,246888,598,10,608,0.971716
227300,Euro Truck Simulator 2,2019-12-25,240417,6988,247405,512,5,517,0.971755
227300,Euro Truck Simulator 2,2019-12-26,240964,6993,247957,547,5,552,0.971798
227300,Euro Truck Simulator 2,2019-12-27,242074,7005,249079,1110,12,1122,0.971876
227300,Euro Truck Simulator 2,2019-12-28,242735,7011,249746,661,6,667,0.971927
227300,Euro Truck Simulator 2,2019-12-29,243348,7018,250366,613,7,620,0.971969
227300,Euro Truck Simulator 2,2019-12-30,243857,7024,250881,509,6,515,0.972003
227300,Euro Truck Simulator 2,2019-12-31,244391,7029,251420,534,5,539,0.972043
227300,Euro Truck Simulator 2,2020-01-01,244391,7029,251420,0,0,0,0.972043
227300,Euro Truck Simulator 2,2020-01-02,245384,7045,252429,993,16,1009,0.972091
227300,Euro Truck Simulator 2,2020-01-03,245972,7048,253020,588,3,591,0.972144
227300,Euro Truck Simulator 2,2020-01-04,246473,7059,253532,501,11,512,0.972157
227300,Euro Truck Simulator 2,2020-01-05,246966,7063,254029,493,4,497,0.972196
227300,Euro Truck Simulator 2,2020-01-06,246966,7063,254029,0,0,0,0.972196
227300,Euro Truck Simulator 2,2020-01-07,247724,7081,254805,758,18,776,0.97221
227300,Euro Truck Simulator 2,2020-01-08,248037,7085,255122,313,4,317,0.972229
227300,Euro Truck Simulator 2,2020-01-09,248351,7090,255441,314,5,319,0.972244
227300,Euro Truck Simulator 2,2020-01-10,248609,7094,255703,258,4,262,0.972257
227300,Euro Truck Simulator 2,2020-01-11,248609,7094,255703,0,0,0,0.972257
227300,Euro Truck Simulator 2,2020-01-12,249340,7110,256450,731,16,747,0.972275
227300,Euro Truck Simulator 2,2020-01-13,249707,7115,256822,367,5,372,0.972296
227300,Euro Truck Simulator 2,2020-01-14,249925,7117,257042,218,2,220,0.972312
227300,Euro Truck Simulator 2,2020-01-15,250226,7121,257347,301,4,305,0.972329
227300,Euro Truck Simulator 2,2020-01-16,250525,7128,257653,299,7,306,0.972335
227300,Euro Truck Simulator 2,2020-01-17,250913,7135,258048,388,7,395,0.97235
227300,Euro Truck Simulator 2,2020-01-18,251450,7149,258599,537,14,551,0.972355
227300,Euro Truck Simulator 2,2020-01-19,251825,7157,258982,375,8,383,0.972365
227300,Euro Truck Simulator 2,2020-01-20,252129,7160,259289,304,3,307,0.972386
227300,Euro Truck Simulator 2,2020-01-21,252374,7169,259543,245,9,254,0.972378
227300,Euro Truck Simulator 2,2020-01-22,252631,7166,259797,257,-3,254,0.972417
227300,Euro Truck Simulator 2,2020-01-23,252867,7164,260031,236,-2,234,0.972449
227300,Euro Truck Simulator 2,2020-01-24,253331,7175,260506,464,11,475,0.972457
227300,Euro Truck Simulator 2,2020-01-25,253905,7192,261097,574,17,591,0.972455
227300,Euro Truck Simulator 2,2020-01-26,253905,7192,261097,0,0,0,0.972455
227300,Euro Truck Simulator 2,2020-01-27,254392,7201,261593,487,9,496,0.972473
227300,Euro Truck Simulator 2,2020-01-28,254850,7208,262058,458,7,465,0.972495
227300,Euro Truck Simulator 2,2020-01-29,255215,7210,262425,365,2,367,0.972525
227300,Euro Truck Simulator 2,2020-01-30,255542,7215,262757,327,5,332,0.972541
227300,Euro Truck Simulator 2,2020-01-31,256030,7227,263257,488,12,500,0.972548
227300,Euro Truck Simulator 2,2020-02-01,256413,7237,263650,383,10,393,0.972551
227300,Euro Truck Simulator 2,2020-02-02,256759,7239,263998,346,2,348,0.972579
227300,Euro Truck Simulator 2,2020-02-03,256970,7246,264216,211,7,218,0.972575
227300,Euro Truck Simulator 2,2020-02-04,257248,7250,264498,278,4,282,0.97259
227300,Euro Truck Simulator 2,2020-02-05,257411,7254,264665,163,4,167,0.972592
227300,Euro Truck Simulator 2,2020-02-06,257584,7255,264839,173,1,174,0.972606
227300,Euro Truck Simulator 2,2020-02-07,257807,7258,265065,223,3,226,0.972618
227300,Euro Truck Simulator 2,2020-02-08,258061,7265,265326,254,7,261,0.972619
227300,Euro Truck Simulator 2,2020-02-09,258673,7280,265953,612,15,627,0.972627
227300,Euro Truck Simulator 2,2020-02-10,258855,7284,266139,182,4,186,0.972631
227300,Euro Truck Simulator 2,2020-02-11,259062,7288,266350,207,4,211,0.972638
227300,Euro Truck Simulator 2,2020-02-12,259395,7300,266695,333,12,345,0.972628
227300,Euro Truck Simulator 2,2020-02-13,259730,7312,267042,335,12,347,0.972619
227300,Euro Truck Simulator 2,2020-02-14,260437,7325,267762,707,13,720,0.972644
227300,Euro Truck Simulator 2,2020-02-15,260803,7336,268139,366,11,377,0.972641
227300,Euro Truck Simulator 2,2020-02-16,261189,7347,268536,386,11,397,0.972641
227300,Euro Truck Simulator 2,2020-02-17,261627,7362,268989,438,15,453,0.972631
227300,Euro Truck Simulator 2,2020-02-18,261975,7368,269343,348,6,354,0.972645
227300,Euro Truck Simulator 2,2020-02-19,262333,7386,269719,358,18,376,0.972616
227300,Euro Truck Simulator 2,2020-02-20,262875,7402,270277,542,16,558,0.972613
227300,Euro Truck Simulator 2,2020-02-21,263075,7408,270483,200,6,206,0.972612
227300,Euro Truck Simulator 2,2020-02-22,263322,7416,270738,247,8,255,0.972608
227300,Euro Truck Simulator 2,2020-02-23,263634,7421,271055,312,5,317,0.972622
227300,Euro Truck Simulator 2,2020-02-24,263956,7432,271388,322,11,333,0.972615
227300,Euro Truck Simulator 2,2020-02-25,264242,7439,271681,286,7,293,0.972619
227300,Euro Truck Simulator 2,2020-02-26,264478,7444,271922,236,5,241,0.972625
227300,Euro Truck Simulator 2,2020-02-27,264882,7454,272336,404,10,414,0.972629
227300,Euro Truck Simulator 2,2020-02-28,265080,7455,272535,198,1,199,0.972646
227300,Euro Truck Simulator 2,2020-02-29,265375,7463,272838,295,8,303,0.972647
227300,Euro Truck Simulator 2,2020-03-01,265685,7467,273152,310,4,314,0.972664
227300,Euro Truck Simulator 2,2020-03-02,265911,7475,273386,226,8,234,0.972658
227300,Euro Truck Simulator 2,2020-03-03,266123,7470,273593,212,-5,207,0.972697
227300,Euro Truck Simulator 2,2020-03-04,266323,7474,273797,200,4,204,0.972702
227300,Euro Truck Simulator 2,2020-03-05,266512,7478,273990,189,4,193,0.972707
227300,Euro Truck Simulator 2,2020-03-06,266707,7478,274185,195,0,195,0.972726
227300,Euro Truck Simulator 2,2020-03-07,267187,7483,274670,480,5,485,0.972756
227300,Euro Truck Simulator 2,2020-03-08,267434,7486,274920,247,3,250,0.97277
227300,Euro Truck Simulator 2,2020-03-09,267600,7490,275090,166,4,170,0.972773
227300,Euro Truck Simulator 2,2020-03-10,267785,7493,275278,185,3,188,0.97278
227300,Euro Truck Simulator 2,2020-03-11,267981,7493,275474,196,0,196,0.9728
227300,Euro Truck Simulator 2,2020-03-12,268163,7499,275662,182,6,188,0.972796
227300,Euro Truck Simulator 2,2020-03-13,268393,7505,275898,230,6,236,0.972798
227300,Euro Truck Simulator 2,2020-03-14,268659,7515,276174,266,10,276,0.972789
227300,Euro Truck Simulator 2,2020-03-15,268921,7521,276442,262,6,268,0.972794
227300,Euro Truck Simulator 2,2020-03-16,269474,7535,277009,553,14,567,0.972799
227300,Euro Truck Simulator 2,2020-03-17,269753,7537,277290,279,2,281,0.972819
227300,Euro Truck Simulator 2,2020-03-18,269975,7543,277518,222,6,228,0.97282
227300,Euro Truck Simulator 2,2020-03-19,270218,7547,277765,243,4,247,0.97283
227300,Euro Truck Simulator 2,2020-03-20,270713,7555,278268,495,8,503,0.97285
227300,Euro Truck Simulator 2,2020-03-21,271163,7566,278729,450,11,461,0.972855
227300,Euro Truck Simulator 2,2020-03-22,271647,7571,279218,484,5,489,0.972885
227300,Euro Truck Simulator 2,2020-03-23,272048,7581,279629,401,10,411,0.972889
227300,Euro Truck Simulator 2,2020-03-24,272415,7578,279993,367,-3,364,0.972935
227300,Euro Truck Simulator 2,2020-03-25,272792,7586,280378,377,8,385,0.972944
227300,Euro Truck Simulator 2,2020-03-26,273136,7593,280729,344,7,351,0.972953
227300,Euro Truck Simulator 2,2020-03-27,273529,7599,281128,393,6,399,0.97297
227300,Euro Truck Simulator 2,2020-03-28,273834,7604,281438,305,5,310,0.972982
227300,Euro Truck Simulator 2,2020-03-29,274179,7607,281786,345,3,348,0.973004
227300,Euro Truck Simulator 2,2020-03-30,274523,7616,282139,344,9,353,0.973006
227300,Euro Truck Simulator 2,2020-03-31,274948,7624,282572,425,8,433,0.973019
227300,Euro Truck Simulator 2,2020-04-01,276134,7646,283780,1186,22,1208,0.973057
227300,Euro Truck Simulator 2,2020-04-02,276805,7662,284467,671,16,687,0.973065
227300,Euro Truck Simulator 2,2020-04-03,277450,7680,285130,645,18,663,0.973065
227300,Euro Truck Simulator 2,2020-04-04,278112,7702,285814,662,22,684,0.973052
227300,Euro Truck Simulator 2,2020-04-05,278699,7712,286411,587,10,597,0.973074
227300,Euro Truck Simulator 2,2020-04-06,279407,7719,287126,708,7,715,0.973116
227300,Euro Truck Simulator 2,2020-04-07,279987,7728,287715,580,9,589,0.97314
227300,Euro Truck Simulator 2,2020-04-08,280579,7733,288312,592,5,597,0.973178
227300,Euro Truck Simulator 2,2020-04-09,281161,7737,288898,582,4,586,0.973219
227300,Euro Truck Simulator 2,2020-04-10,281683,7747,289430,522,10,532,0.973234
227300,Euro Truck Simulator 2,2020-04-11,282204,7757,289961,521,10,531,0.973248
227300,Euro Truck Simulator 2,2020-04-12,282654,7761,290415,450,4,454,0.973276
227300,Euro Truck Simulator 2,2020-04-13,283138,7768,290906,484,7,491,0.973297
227300,Euro Truck Simulator 2,2020-04-14,283594,7774,291368,456,6,462,0.973319
227300,Euro Truck Simulator 2,2020-04-15,284006,7783,291789,412,9,421,0.973327
227300,Euro Truck Simulator 2,2020-04-16,284458,7786,292244,452,3,455,0.973358
227300,Euro Truck Simulator 2,2020-04-17,284807,7797,292604,349,11,360,0.973353
227300,Euro Truck Simulator 2,2020-04-18,285181,7810,292991,374,13,387,0.973344
227300,Euro Truck Simulator 2,2020-04-19,285555,7815,293370,374,5,379,0.973361
227300,Euro Truck Simulator 2,2020-04-20,285949,7821,293770,394,6,400,0.973377
227300,Euro Truck Simulator 2,2020-04-21,286348,7826,294174,399,5,404,0.973397
227300,Euro Truck Simulator 2,2020-04-22,286714,7833,294547,366,7,373,0.973407
227300,Euro Truck Simulator 2,2020-04-23,287090,7836,294926,376,3,379,0.973431
227300,Euro Truck Simulator 2,2020-04-24,287444,7844,295288,354,8,362,0.973436
227300,Euro Truck Simulator 2,2020-04-25,287778,7851,295629,334,7,341,0.973443
227300,Euro Truck Simulator 2,2020-04-26,288132,7856,295988,354,5,359,0.973458
227300,Euro Truck Simulator 2,2020-04-27,288729,7876,296605,597,20,617,0.973446
227300,Euro Truck Simulator 2,2020-04-28,288729,7876,296605,0,0,0,0.973446
227300,Euro Truck Simulator 2,2020-04-29,289435,7889,297324,706,13,719,0.973467
227300,Euro Truck Simulator 2,2020-04-30,289699,7891,297590,264,2,266,0.973484
227300,Euro Truck Simulator 2,2020-05-01,289958,7900,297858,259,9,268,0.973477
227300,Euro Truck Simulator 2,2020-05-02,290210,7902,298112,252,2,254,0.973493
227300,Euro Truck Simulator 2,2020-05-03,290526,7906,298432,316,4,320,0.973508
227300,Euro Truck Simulator 2,2020-05-04,290901,7910,298811,375,4,379,0.973528
227300,Euro Truck Simulator 2,2020-05-05,291230,7918,299148,329,8,337,0.973531
227300,Euro Truck Simulator 2,2020-05-06,291848,7941,299789,618,23,641,0.973511
227300,Euro Truck Simulator 2,2020-05-07,292251,7956,300207,403,15,418,0.973498
227300,Euro Truck Simulator 2,2020-05-08,292676,7963,300639,425,7,432,0.973513
227300,Euro Truck Simulator 2,2020-05-09,293032,7974,301006,356,11,367,0.973509
227300,Euro Truck Simulator 2,2020-05-10,293342,7981,301323,310,7,317,0.973513
227300,Euro Truck Simulator 2,2020-05-11,293342,7981,301323,0,0,0,0.973513
227300,Euro Truck Simulator 2,2020-05-12,293941,7998,301939,599,17,616,0.973511
227300,Euro Truck Simulator 2,2020-05-13,294186,8007,302193,245,9,254,0.973504
227300,Euro Truck Simulator 2,2020-05-14,294720,8019,302739,534,12,546,0.973512
227300,Euro Truck Simulator 2,2020-05-15,295017,8022,303039,297,3,300,0.973528
227300,Euro Truck Simulator 2,2020-05-16,295265,8026,303291,248,4,252,0.973537
227300,Euro Truck Simulator 2,2020-05-17,295265,8026,303291,0,0,0,0.973537
227300,Euro Truck Simulator 2,2020-05-18,295776,8034,303810,511,8,519,0.973556
227300,Euro Truck Simulator 2,2020-05-19,295949,8037,303986,173,3,176,0.973561
227300,Euro Truck Simulator 2,2020-05-20,296202,8044,304246,253,7,260,0.973561
227300,Euro Truck Simulator 2,2020-05-21,296402,8044,304446,200,0,200,0.973578
227300,Euro Truck Simulator 2,2020-05-22,296646,8050,304696,244,6,250,0.97358
227300,Euro Truck Simulator 2,2020-05-23,296877,8055,304932,231,5,236,0.973584
227300,Euro Truck Simulator 2,2020-05-24,297202,8064,305266,325,9,334,0.973584
227300,Euro Truck Simulator 2,2020-05-25,297202,8064,305266,0,0,0,0.973584
227300,Euro Truck Simulator 2,2020-05-26,297670,8084,305754,468,20,488,0.97356
227300,Euro Truck Simulator 2,2020-05-27,298182,8098,306280,512,14,526,0.97356
227300,Euro Truck Simulator 2,2020-05-28,298604,8106,306710,422,8,430,0.973571
227300,Euro Truck Simulator 2,2020-05-29,299057,8123,307180,453,17,470,0.973556
227300,Euro Truck Simulator 2,2020-05-30,299560,8137,307697,503,14,517,0.973555
227300,Euro Truck Simulator 2,2020-05-31,299985,8146,308131,425,9,434,0.973563
227300,Euro Truck Simulator 2,2020-06-01,300461,8165,308626,476,19,495,0.973544
227300,Euro Truck Simulator 2,2020-06-02,300834,8169,309003,373,4,377,0.973563
227300,Euro Truck Simulator 2,2020-06-03,301301,8177,309478,467,8,475,0.973578
227300,Euro Truck Simulator 2,2020-06-04,301640,8186,309826,339,9,348,0.973579
227300,Euro Truck Simulator 2,2020-06-05,302002,8209,310211,362,23,385,0.973537
227300,Euro Truck Simulator 2,2020-06-06,302284,8224,310508,282,15,297,0.973514
227300,Euro Truck Simulator 2,2020-06-07,302573,8238,310811,289,14,303,0.973495
227300,Euro Truck Simulator 2,2020-06-08,302903,8242,311145,330,4,334,0.973511
227300,Euro Truck Simulator 2,2020-06-09,303190,8248,311438,287,6,293,0.973516
227300,Euro Truck Simulator 2,2020-06-10,303473,8260,311733,283,12,295,0.973503
227300,Euro Truck Simulator 2,2020-06-11,303721,8267,311988,248,7,255,0.973502
227300,Euro Truck Simulator 2,2020-06-12,303937,8270,312207,216,3,219,0.973511
227300,Euro Truck Simulator 2,2020-06-13,304166,8278,312444,229,8,237,0.973506
227300,Euro Truck Simulator 2,2020-06-14,304383,8282,312665,217,4,221,0.973512
227300,Euro Truck Simulator 2,2020-06-15,304644,8290,312934,261,8,269,0.973509
227300,Euro Truck Simulator 2,2020-06-16,304890,8287,313177,246,-3,243,0.973539
227300,Euro Truck Simulator 2,2020-06-17,305170,8293,313463,280,6,286,0.973544
227300,Euro Truck Simulator 2,2020-06-18,305412,8309,313721,242,16,258,0.973515
227300,Euro Truck Simulator 2,2020-06-19,305639,8311,313950,227,2,229,0.973528
227300,Euro Truck Simulator 2,2020-06-20,305846,8318,314164,207,7,214,0.973523
227300,Euro Truck Simulator 2,2020-06-21,306068,8322,314390,222,4,226,0.97353
227300,Euro Truck Simulator 2,2020-06-22,306068,8322,314390,0,0,0,0.97353
227300,Euro Truck Simulator 2,2020-06-23,306350,8328,314678,282,6,288,0.973535
227300,Euro Truck Simulator 2,2020-06-24,306557,8342,314899,207,14,221,0.973509
227300,Euro Truck Simulator 2,2020-06-25,306763,8346,315109,206,4,210,0.973514
227300,Euro Truck Simulator 2,2020-06-26,307047,8344,315391,284,-2,282,0.973544
227300,Euro Truck Simulator 2,2020-06-27,307538,8348,315886,491,4,495,0.973573
227300,Euro Truck Simulator 2,2020-06-28,308475,8366,316841,937,18,955,0.973596
227300,Euro Truck Simulator 2,2020-06-29,308475,8366,316841,0,0,0,0.973596
227300,Euro Truck Simulator 2,2020-06-30,309095,8367,317462,620,1,621,0.973644
227300,Euro Truck Simulator 2,2020-07-01,309870,8374,318244,775,7,782,0.973687
227300,Euro Truck Simulator 2,2020-07-02,310226,8389,318615,356,15,371,0.97367
227300,Euro Truck Simulator 2,2020-07-03,310559,8395,318954,333,6,339,0.97368
227300,Euro Truck Simulator 2,2020-07-04,310856,8399,319255,297,4,301,0.973692
227300,Euro Truck Simulator 2,2020-07-05,311188,8404,319592,332,5,337,0.973704
227300,Euro Truck Simulator 2,2020-07-06,311628,8410,320038,440,6,446,0.973722
227300,Euro Truck Simulator 2,2020-07-07,312002,8422,320424,374,12,386,0.973716
227300,Euro Truck Simulator 2,2020-07-08,312415,8426,320841,413,4,417,0.973738
227300,Euro Truck Simulator 2,2020-07-09,312809,8430,321239,394,4,398,0.973758
227300,Euro Truck Simulator 2,2020-07-10,313150,8440,321590,341,10,351,0.973755
227300,Euro Truck Simulator 2,2020-07-11,313480,8453,321933,330,13,343,0.973743
227300,Euro Truck Simulator 2,2020-07-12,313812,8454,322266,332,1,333,0.973767
227300,Euro Truck Simulator 2,2020-07-13,314071,8462,322533,259,8,267,0.973764
227300,Euro Truck Simulator 2,2020-07-14,314329,8466,322795,258,4,262,0.973773
227300,Euro Truck Simulator 2,2020-07-15,314560,8478,323038,231,12,243,0.973755
227300,Euro Truck Simulator 2,2020-07-16,314804,8486,323290,244,8,252,0.973751
227300,Euro Truck Simulator 2,2020-07-17,315046,8499,323545,242,13,255,0.973732
227300,Euro Truck Simulator 2,2020-07-18,315358,8507,323865,312,8,320,0.973733
227300,Euro Truck Simulator 2,2020-07-19,315742,8504,324246,384,-3,381,0.973773
227300,Euro Truck Simulator 2,2020-07-20,316123,8507,324630,381,3,384,0.973795
227300,Euro Truck Simulator 2,2020-07-21,316515,8515,325030,392,8,400,0.973802
227300,Euro Truck Simulator 2,2020-07-22,317267,8526,325793,752,11,763,0.97383
227300,Euro Truck Simulator 2,2020-07-23,317644,8539,326183,377,13,390,0.973821
227300,Euro Truck Simulator 2,2020-07-24,318057,8547,326604,413,8,421,0.973831
227300,Euro Truck Simulator 2,2020-07-25,318057,8547,326604,0,0,0,0.973831
227300,Euro Truck Simulator 2,2020-07-26,318803,8585,327388,746,38,784,0.973777
227300,Euro Truck Simulator 2,2020-07-27,319246,8598,327844,443,13,456,0.973774
227300,Euro Truck Simulator 2,2020-07-28,319581,8608,328189,335,10,345,0.973771
227300,Euro Truck Simulator 2,2020-07-29,319832,8612,328444,251,4,255,0.973779
227300,Euro Truck Simulator 2,2020-07-30,320087,8619,328706,255,7,262,0.973779
227300,Euro Truck Simulator 2,2020-07-31,320305,8620,328925,218,1,219,0.973793
227300,Euro Truck Simulator 2,2020-08-01,320504,8627,329131,199,7,206,0.973789
227300,Euro Truck Simulator 2,2020-08-02,320799,8626,329425,295,-1,294,0.973815
227300,Euro Truck Simulator 2,2020-08-03,321059,8638,329697,260,12,272,0.9738
227300,Euro Truck Simulator 2,2020-08-04,321262,8642,329904,203,4,207,0.973805
227300,Euro Truck Simulator 2,2020-08-05,321465,8648,330113,203,6,209,0.973803
227300,Euro Truck Simulator 2,2020-08-06,321645,8650,330295,180,2,182,0.973811
227300,Euro Truck Simulator 2,2020-08-07,321839,8658,330497,194,8,202,0.973803
227300,Euro Truck Simulator 2,2020-08-08,322013,8662,330675,174,4,178,0.973805
227300,Euro Truck Simulator 2,2020-08-09,322188,8659,330847,175,-3,172,0.973828
227300,Euro Truck Simulator 2,2020-08-10,322417,8667,331084,229,8,237,0.973822
227300,Euro Truck Simulator 2,2020-08-11,322568,8669,331237,151,2,153,0.973828
227300,Euro Truck Simulator 2,2020-08-12,322733,8675,331408,165,6,171,0.973824
227300,Euro Truck Simulator 2,2020-08-13,322888,8677,331565,155,2,157,0.97383
227300,Euro Truck Simulator 2,2020-08-14,323325,8678,332003,437,1,438,0.973862
227300,Euro Truck Simulator 2,2020-08-15,323325,8678,332003,0,0,0,0.973862
227300,Euro Truck Simulator 2,2020-08-16,323325,8678,332003,0,0,0,0.973862
227300,Euro Truck Simulator 2,2020-08-17,323784,8683,332467,459,5,464,0.973883
227300,Euro Truck Simulator 2,2020-08-18,324001,8689,332690,217,6,223,0.973883
227300,Euro Truck Simulator 2,2020-08-19,324320,8693,333013,319,4,323,0.973896
227300,Euro Truck Simulator 2,2020-08-20,324595,8695,333290,275,2,277,0.973912
227300,Euro Truck Simulator 2,2020-08-21,324941,8700,333641,346,5,351,0.973924
227300,Euro Truck Simulator 2,2020-08-22,325262,8712,333974,321,12,333,0.973914
227300,Euro Truck Simulator 2,2020-08-23,325642,8724,334366,380,12,392,0.973909
227300,Euro Truck Simulator 2,2020-08-24,326100,8740,334840,458,16,474,0.973898
227300,Euro Truck Simulator 2,2020-08-25,326442,8744,335186,342,4,346,0.973913
227300,Euro Truck Simulator 2,2020-08-26,326717,8752,335469,275,8,283,0.973911
227300,Euro Truck Simulator 2,2020-08-27,326977,8763,335740,260,11,271,0.973899
227300,Euro Truck Simulator 2,2020-08-28,327227,8765,335992,250,2,252,0.973913
227300,Euro Truck Simulator 2,2020-08-29,327445,8771,336216,218,6,224,0.973913
227300,Euro Truck Simulator 2,2020-08-30,327693,8778,336471,248,7,255,0.973912
227300,Euro Truck Simulator 2,2020-08-31,328009,8790,336799,316,12,328,0.973901
227300,Euro Truck Simulator 2,2020-09-01,328200,8795,336995,191,5,196,0.973902
227300,Euro Truck Simulator 2,2020-09-02,328386,8800,337186,186,5,191,0.973902
227300,Euro Truck Simulator 2,2020-09-03,328584,8806,337390,198,6,204,0.9739
227300,Euro Truck Simulator 2,2020-09-04,328762,8815,337577,178,9,187,0.973887
227300,Euro Truck Simulator 2,2020-09-05,328976,8817,337793,214,2,216,0.973898
227300,Euro Truck Simulator 2,2020-09-06,329175,8821,337996,199,4,203,0.973902
227300,Euro Truck Simulator 2,2020-09-07,329433,8825,338258,258,4,262,0.97391
227300,Euro Truck Simulator 2,2020-09-08,329621,8831,338452,188,6,194,0.973908
227300,Euro Truck Simulator 2,2020-09-09,329809,8838,338647,188,7,195,0.973902
227300,Euro Truck Simulator 2,2020-09-10,329974,8843,338817,165,5,170,0.9739
227300,Euro Truck Simulator 2,2020-09-11,330115,8848,338963,141,5,146,0.973897
227300,Euro Truck Simulator 2,2020-09-12,330262,8850,339112,147,2,149,0.973902
227300,Euro Truck Simulator 2,2020-09-13,330493,8854,339347,231,4,235,0.973909
227300,Euro Truck Simulator 2,2020-09-14,330748,8864,339612,255,10,265,0.9739
227300,Euro Truck Simulator 2,2020-09-15,330948,8868,339816,200,4,204,0.973904
227300,Euro Truck Simulator 2,2020-09-16,331195,8873,340068,247,5,252,0.973908
227300,Euro Truck Simulator 2,2020-09-17,331413,8877,340290,218,4,222,0.973913
227300,Euro Truck Simulator 2,2020-09-18,331635,8880,340515,222,3,225,0.973922
227300,Euro Truck Simulator 2,2020-09-19,331835,8883,340718,200,3,203,0.973929
227300,Euro Truck Simulator 2,2020-09-20,332022,8890,340912,187,7,194,0.973923
227300,Euro Truck Simulator 2,2020-09-21,332233,8892,341125,211,2,213,0.973933
227300,Euro Truck Simulator 2,2020-09-22,332450,8892,341342,217,0,217,0.97395
227300,Euro Truck Simulator 2,2020-09-23,332625,8895,341520,175,3,178,0.973955
227300,Euro Truck Simulator 2,2020-09-24,332763,8898,341661,138,3,141,0.973957
227300,Euro Truck Simulator 2,2020-09-25,332888,8898,341786,125,0,125,0.973966
227300,Euro Truck Simulator 2,2020-09-26,333040,8897,341937,152,-1,151,0.973981
227300,Euro Truck Simulator 2,2020-09-27,333220,8905,342125,180,8,188,0.973972
227300,Euro Truck Simulator 2,2020-09-28,333369,8912,342281,149,7,156,0.973963
227300,Euro Truck Simulator 2,2020-09-29,333504,8920,342424,135,8,143,0.97395
227300,Euro Truck Simulator 2,2020-09-30,333655,8923,342578,151,3,154,0.973953
227300,Euro Truck Simulator 2,2020-10-01,333804,8928,342732,149,5,154,0.97395
227300,Euro Truck Simulator 2,2020-10-02,333945,8933,342878,141,5,146,0.973947
227300,Euro Truck Simulator 2,2020-10-03,334098,8934,343032,153,1,154,0.973956
227300,Euro Truck Simulator 2,2020-10-04,334275,8941,343216,177,7,184,0.973949
227300,Euro Truck Simulator 2,2020-10-05,334493,8943,343436,218,2,220,0.97396
227300,Euro Truck Simulator 2,2020-10-06,334708,8946,343654,215,3,218,0.973968
227300,Euro Truck Simulator 2,2020-10-07,335035,8952,343987,327,6,333,0.973976
227300,Euro Truck Simulator 2,2020-10-08,335360,8958,344318,325,6,331,0.973983
227300,Euro Truck Simulator 2,2020-10-09,335747,8964,344711,387,6,393,0.973996
227300,Euro Truck Simulator 2,2020-10-10,336099,8976,345075,352,12,364,0.973988
227300,Euro Truck Simulator 2,2020-10-11,336530,8980,345510,431,4,435,0.974009
227300,Euro Truck Simulator 2,2020-10-12,336530,8980,345510,0,0,0,0.974009
227300,Euro Truck Simulator 2,2020-10-13,337254,9000,346254,724,20,744,0.974008
227300,Euro Truck Simulator 2,2020-10-14,337529,9005,346534,275,5,280,0.974014
227300,Euro Truck Simulator 2,2020-10-15,337798,9014,346812,269,9,278,0.974009
227300,Euro Truck Simulator 2,2020-10-16,338073,9019,347092,275,5,280,0.974016
227300,Euro Truck Simulator 2,2020-10-17,338330,9021,347351,257,2,259,0.974029
227300,Euro Truck Simulator 2,2020-10-18,338625,9020,347645,295,-1,294,0.974054
227300,Euro Truck Simulator 2,2020-10-19,338625,9020,347645,0,0,0,0.974054
227300,Euro Truck Simulator 2,2020-10-20,339144,9036,348180,519,16,535,0.974048
227300,Euro Truck Simulator 2,2020-10-21,339376,9041,348417,232,5,237,0.974051
227300,Euro Truck Simulator 2,2020-10-22,339572,9044,348616,196,3,199,0.974057
227300,Euro Truck Simulator 2,2020-10-23,339792,9042,348834,220,-2,218,0.974079
227300,Euro Truck Simulator 2,2020-10-24,340002,9040,349042,210,-2,208,0.974101
227300,Euro Truck Simulator 2,2020-10-25,340254,9041,349295,252,1,253,0.974116
227300,Euro Truck Simulator 2,2020-10-26,340492,9046,349538,238,5,243,0.97412
227300,Euro Truck Simulator 2,2020-10-27,340738,9047,349785,246,1,247,0.974136
227300,Euro Truck Simulator 2,2020-10-28,341054,9048,350102,316,1,317,0.974156
227300,Euro Truck Simulator 2,2020-10-29,341363,9047,350410,309,-1,308,0.974182
227300,Euro Truck Simulator 2,2020-10-30,341740,9054,350794,377,7,384,0.97419
227300,Euro Truck Simulator 2,2020-10-31,342086,9070,351156,346,16,362,0.974171
227300,Euro Truck Simulator 2,2020-11-01,342455,9067,351522,369,-3,366,0.974206
227300,Euro Truck Simulator 2,2020-11-02,342876,9071,351947,421,4,425,0.974226
227300,Euro Truck Simulator 2,2020-11-03,343255,9072,352327,379,1,380,0.974251
227300,Euro Truck Simulator 2,2020-11-04,343917,9078,352995,662,6,668,0.974283
227300,Euro Truck Simulator 2,2020-11-05,344278,9086,353364,361,8,369,0.974287
227300,Euro Truck Simulator 2,2020-11-06,344574,9095,353669,296,9,305,0.974284
227300,Euro Truck Simulator 2,2020-11-07,344852,9100,353952,278,5,283,0.97429
227300,Euro Truck Simulator 2,2020-11-08,345131,9102,354233,279,2,281,0.974305
227300,Euro Truck Simulator 2,2020-11-09,345428,9100,354528,297,-2,295,0.974332
227300,Euro Truck Simulator 2,2020-11-10,345657,9104,354761,229,4,233,0.974338
227300,Euro Truck Simulator 2,2020-11-11,345947,9110,355057,290,6,296,0.974342
227300,Euro Truck Simulator 2,2020-11-12,346148,9116,355264,201,6,207,0.97434
227300,Euro Truck Simulator 2,2020-11-13,346352,9124,355476,204,8,212,0.974333
227300,Euro Truck Simulator 2,2020-11-14,346565,9132,355697,213,8,221,0.974326
227300,Euro Truck Simulator 2,2020-11-15,346786,9138,355924,221,6,227,0.974326
227300,Euro Truck Simulator 2,2020-11-16,347033,9148,356181,247,10,257,0.974316
227300,Euro Truck Simulator 2,2020-11-17,347214,9151,356365,181,3,184,0.974321
227300,Euro Truck Simulator 2,2020-11-18,347425,9154,356579,211,3,214,0.974328
227300,Euro Truck Simulator 2,2020-11-19,347591,9161,356752,166,7,173,0.974321
227300,Euro Truck Simulator 2,2020-11-20,347777,9163,356940,186,2,188,0.974329
227300,Euro Truck Simulator 2,2020-11-21,347952,9168,357120,175,5,180,0.974328
227300,Euro Truck Simulator 2,2020-11-22,348156,9173,357329,204,5,209,0.974329
227300,Euro Truck Simulator 2,2020-11-23,348569,9185,357754,413,12,425,0.974326
227300,Euro Truck Simulator 2,2020-11-24,348860,9185,358045,291,0,291,0.974347
227300,Euro Truck Simulator 2,2020-11-25,349071,9185,358256,211,0,211,0.974362
227300,Euro Truck Simulator 2,2020-11-26,351309,9187,360496,2238,2,2240,0.974516
227300,Euro Truck Simulator 2,2020-11-27,351309,9187,360496,0,0,0,0.974516
227300,Euro Truck Simulator 2,2020-11-28,354154,9202,363356,2845,15,2860,0.974675
227300,Euro Truck Simulator 2,2020-11-29,355194,9214,364408,1040,12,1052,0.974715
227300,Euro Truck Simulator 2,2020-11-30,356986,9222,366208,1792,8,1800,0.974818
227300,Euro Truck Simulator 2,2020-12-01,357886,9236,367122,900,14,914,0.974842
227300,Euro Truck Simulator 2,2020-12-02,358242,9242,367484,356,6,362,0.974851
227300,Euro Truck Simulator 2,2020-12-03,358583,9246,367829,341,4,345,0.974863
227300,Euro Truck Simulator 2,2020-12-04,358861,9254,368115,278,8,286,0.974861
227300,Euro Truck Simulator 2,2020-12-05,359172,9267,368439,311,13,324,0.974848
227300,Euro Truck Simulator 2,2020-12-06,359700,9286,368986,528,19,547,0.974834
227300,Euro Truck Simulator 2,2020-12-07,360058,9293,369351,358,7,365,0.97484
227300,Euro Truck Simulator 2,2020-12-08,360278,9309,369587,220,16,236,0.974812
227300,Euro Truck Simulator 2,2020-12-09,360499,9316,369815,221,7,228,0.974809
227300,Euro Truck Simulator 2,2020-12-10,360730,9320,370050,231,4,235,0.974814
227300,Euro Truck Simulator 2,2020-12-11,360997,9325,370322,267,5,272,0.974819
227300,Euro Truck Simulator 2,2020-12-12,361223,9335,370558,226,10,236,0.974808
227300,Euro Truck Simulator 2,2020-12-13,361532,9343,370875,309,8,317,0.974808
227300,Euro Truck Simulator 2,2020-12-14,361532,9343,370875,0,0,0,0.974808
227300,Euro Truck Simulator 2,2020-12-15,361786,9354,371140,254,11,265,0.974797
227300,Euro Truck Simulator 2,2020-12-16,362138,9361,371499,352,7,359,0.974802
227300,Euro Truck Simulator 2,2020-12-17,363089,9375,372464,951,14,965,0.97483
227300,Euro Truck Simulator 2,2020-12-18,363481,9380,372861,392,5,397,0.974843
227300,Euro Truck Simulator 2,2020-12-19,363826,9383,373209,345,3,348,0.974859
227300,Euro Truck Simulator 2,2020-12-20,364260,9396,373656,434,13,447,0.974854
227300,Euro Truck Simulator 2,2020-12-21,364786,9406,374192,526,10,536,0.974863
227300,Euro Truck Simulator 2,2020-12-22,365231,9416,374647,445,10,455,0.974867
227300,Euro Truck Simulator 2,2020-12-23,365648,9411,375059,417,-5,412,0.974908
227300,Euro Truck Simulator 2,2020-12-24,366078,9419,375497,430,8,438,0.974916
227300,Euro Truck Simulator 2,2020-12-25,366453,9428,375881,375,9,384,0.974918
227300,Euro Truck Simulator 2,2020-12-26,366958,9440,376398,505,12,517,0.97492
227300,Euro Truck Simulator 2,2020-12-27,367472,9443,376915,514,3,517,0.974947
227300,Euro Truck Simulator 2,2020-12-28,367999,9446,377445,527,3,530,0.974974
227300,Euro Truck Simulator 2,2020-12-29,368502,9461,377963,503,15,518,0.974968
227300,Euro Truck Simulator 2,2020-12-30,368997,9471,378468,495,10,505,0.974975
227300,Euro Truck Simulator 2,2020-12-31,369499,9483,378982,502,12,514,0.974978
227300,Euro Truck Simulator 2,2021-01-01,369499,9483,378982,0,0,0,0.974978
227300,Euro Truck Simulator 2,2021-01-02,370384,9488,379872,885,5,890,0.975023
227300,Euro Truck Simulator 2,2021-01-03,370913,9502,380415,529,14,543,0.975022
227300,Euro Truck Simulator 2,2021-01-04,371345,9517,380862,432,15,447,0.975012
227300,Euro Truck Simulator 2,2021-01-05,371848,9524,381372,503,7,510,0.975027
227300,Euro Truck Simulator 2,2021-01-06,372320,9540,381860,472,16,488,0.975017
227300,Euro Truck Simulator 2,2021-01-07,372889,9549,382438,569,9,578,0.975031
227300,Euro Truck Simulator 2,2021-01-08,373233,9563,382796,344,14,358,0.975018
227300,Euro Truck Simulator 2,2021-01-09,373873,9583,383456,640,20,660,0.975009
227300,Euro Truck Simulator 2,2021-01-10,374097,9586,383683,224,3,227,0.975016
227300,Euro Truck Simulator 2,2021-01-11,374441,9590,384031,344,4,348,0.975028
227300,Euro Truck Simulator 2,2021-01-12,374699,9601,384300,258,11,269,0.975017
227300,Euro Truck Simulator 2,2021-01-13,374949,9605,384554,250,4,254,0.975023
227300,Euro Truck Simulator 2,2021-01-14,375170,9610,384780,221,5,226,0.975025
227300,Euro Truck Simulator 2,2021-01-15,375421,9613,385034,251,3,254,0.975033
227300,Euro Truck Simulator 2,2021-01-16,375644,9622,385266,223,9,232,0.975025
227300,Euro Truck Simulator 2,2021-01-17,376119,9629,385748,475,7,482,0.975038
227300,Euro Truck Simulator 2,2021-01-18,376452,9632,386084,333,3,336,0.975052
227300,Euro Truck Simulator 2,2021-01-19,376677,9633,386310,225,1,226,0.975064
227300,Euro Truck Simulator 2,2021-01-20,376905,9638,386543,228,5,233,0.975066
227300,Euro Truck Simulator 2,2021-01-21,377156,9641,386797,251,3,254,0.975075
227300,Euro Truck Simulator 2,2021-01-22,377472,9647,387119,316,6,322,0.97508
227300,Euro Truck Simulator 2,2021-01-23,377707,9659,387366,235,12,247,0.975065
227300,Euro Truck Simulator 2,2021-01-24,378010,9664,387674,303,5,308,0.975072
227300,Euro Truck Simulator 2,2021-01-25,378305,9674,387979,295,10,305,0.975066
227300,Euro Truck Simulator 2,2021-01-26,378595,9681,388276,290,7,297,0.975067
227300,Euro Truck Simulator 2,2021-01-27,378947,9690,388637,352,9,361,0.975067
227300,Euro Truck Simulator 2,2021-01-28,379168,9692,388860,221,2,223,0.975076
227300,Euro Truck Simulator 2,2021-01-29,379404,9706,389110,236,14,250,0.975056
227300,Euro Truck Simulator 2,2021-01-30,379636,9705,389341,232,-1,231,0.975073
227300,Euro Truck Simulator 2,2021-01-31,379867,9708,389575,231,3,234,0.975081
227300,Euro Truck Simulator 2,2021-02-01,379867,9708,389575,0,0,0,0.975081
227300,Euro Truck Simulator 2,2021-02-02,380430,9710,390140,563,2,565,0.975111
227300,Euro Truck Simulator 2,2021-02-03,380838,9720,390558,408,10,418,0.975113
227300,Euro Truck Simulator 2,2021-02-04,381653,9737,391390,815,17,832,0.975122
227300,Euro Truck Simulator 2,2021-02-05,382051,9737,391788,398,0,398,0.975147
227300,Euro Truck Simulator 2,2021-02-06,382464,9749,392213,413,12,425,0.975144
227300,Euro Truck Simulator 2,2021-02-07,382915,9765,392680,451,16,467,0.975132
227300,Euro Truck Simulator 2,2021-02-08,383422,9769,393191,507,4,511,0.975155
227300,Euro Truck Simulator 2,2021-02-09,383814,9778,393592,392,9,401,0.975157
227300,Euro Truck Simulator 2,2021-02-10,384146,9780,393926,332,2,334,0.975173
227300,Euro Truck Simulator 2,2021-02-11,384549,9784,394333,403,4,407,0.975188
227300,Euro Truck Simulator 2,2021-02-12,384549,9784,394333,0,0,0,0.975188
227300,Euro Truck Simulator 2,2021-02-13,385552,9797,395349,1003,13,1016,0.975219
227300,Euro Truck Simulator 2,2021-02-14,385552,9797,395349,0,0,0,0.975219
227300,Euro Truck Simulator 2,2021-02-15,385552,9797,395349,0,0,0,0.975219
227300,Euro Truck Simulator 2,2021-02-16,386616,9812,396428,1064,15,1079,0.975249
227300,Euro Truck Simulator 2,2021-02-17,386616,9812,396428,0,0,0,0.975249
227300,Euro Truck Simulator 2,2021-02-18,386616,9812,396428,0,0,0,0.975249
227300,Euro Truck Simulator 2,2021-02-19,387642,9835,397477,1026,23,1049,0.975256
227300,Euro Truck Simulator 2,2021-02-20,388047,9834,397881,405,-1,404,0.975284
227300,Euro Truck Simulator 2,2021-02-21,388047,9834,397881,0,0,0,0.975284
227300,Euro Truck Simulator 2,2021-02-22,388454,9847,398301,407,13,420,0.975277
227300,Euro Truck Simulator 2,2021-02-23,388779,9852,398631,325,5,330,0.975285
227300,Euro Truck Simulator 2,2021-02-24,388955,9851,398806,176,-1,175,0.975299
227300,Euro Truck Simulator 2,2021-02-25,389120,9850,398970,165,-1,164,0.975311
227300,Euro Truck Simulator 2,2021-02-26,389335,9854,399189,215,4,219,0.975315
227300,Euro Truck Simulator 2,2021-02-27,389537,9862,399399,202,8,210,0.975308
227300,Euro Truck Simulator 2,2021-02-28,389958,9875,399833,421,13,434,0.975302
227300,Euro Truck Simulator 2,2021-03-01,390153,9881,400034,195,6,201,0.9753
227300,Euro Truck Simulator 2,2021-03-02,390330,9886,400216,177,5,182,0.975298
227300,Euro Truck Simulator 2,2021-03-03,390502,9887,400389,172,1,173,0.975307
227300,Euro Truck Simulator 2,2021-03-04,390673,9889,400562,171,2,173,0.975312
227300,Euro Truck Simulator 2,2021-03-05,390874,9893,400767,201,4,205,0.975315
227300,Euro Truck Simulator 2,2021-03-06,391309,9909,401218,435,16,451,0.975303
227300,Euro Truck Simulator 2,2021-03-07,391534,9917,401451,225,8,233,0.975297
227300,Euro Truck Simulator 2,2021-03-08,391770,9918,401688,236,1,237,0.975309
227300,Euro Truck Simulator 2,2021-03-09,391982,9920,401902,212,2,214,0.975317
227300,Euro Truck Simulator 2,2021-03-10,391982,9920,401902,0,0,0,0.975317
227300,Euro Truck Simulator 2,2021-03-11,392272,9926,402198,290,6,296,0.975321
227300,Euro Truck Simulator 2,2021-03-12,392527,9924,402451,255,-2,253,0.975341
227300,Euro Truck Simulator 2,2021-03-13,392678,9931,402609,151,7,158,0.975333
227300,Euro Truck Simulator 2,2021-03-14,393011,9937,402948,333,6,339,0.975339
227300,Euro Truck Simulator 2,2021-03-15,393175,9942,403117,164,5,169,0.975337
227300,Euro Truck Simulator 2,2021-03-16,393367,9942,403309,192,0,192,0.975349
227300,Euro Truck Simulator 2,2021-03-17,393631,9944,403575,264,2,266,0.97536
227300,Euro Truck Simulator 2,2021-03-18,393782,9943,403725,151,-1,150,0.975372
227300,Euro Truck Simulator 2,2021-03-19,394099,9950,404049,317,7,324,0.975374
227300,Euro Truck Simulator 2,2021-03-20,394254,9950,404204,155,0,155,0.975384
227300,Euro Truck Simulator 2,2021-03-21,394443,9955,404398,189,5,194,0.975383
227300,Euro Truck Simulator 2,2021-03-22,394707,9959,404666,264,4,268,0.97539
227300,Euro Truck Simulator 2,2021-03-23,394927,9956,404883,220,-3,217,0.97541
227300,Euro Truck Simulator 2,2021-03-24,395597,9966,405563,670,10,680,0.975427
227300,Euro Truck Simulator 2,2021-03-25,396215,9985,406200,618,19,637,0.975419
227300,Euro Truck Simulator 2,2021-03-26,396950,10008,406958,735,23,758,0.975408
227300,Euro Truck Simulator 2,2021-03-27,397339,10012,407351,389,4,393,0.975422
227300,Euro Truck Simulator 2,2021-03-28,398114,10029,408143,775,17,792,0.975428
227300,Euro Truck Simulator 2,2021-03-29,398438,10032,408470,324,3,327,0.97544
227300,Euro Truck Simulator 2,2021-03-30,399216,10051,409267,778,19,797,0.975441
227300,Euro Truck Simulator 2,2021-03-31,399449,10061,409510,233,10,243,0.975432
227300,Euro Truck Simulator 2,2021-04-01,399783,10067,409850,334,6,340,0.975437
227300,Euro Truck Simulator 2,2021-04-02,400140,10073,410213,357,6,363,0.975444
227300,Euro Truck Simulator 2,2021-04-03,400425,10076,410501,285,3,288,0.975454
227300,Euro Truck Simulator 2,2021-04-04,400814,10080,410894,389,4,393,0.975468
227300,Euro Truck Simulator 2,2021-04-05,401080,10091,411171,266,11,277,0.975458
227300,Euro Truck Simulator 2,2021-04-06,401457,10091,411548,377,0,377,0.97548
227300,Euro Truck Simulator 2,2021-04-07,401824,10092,411916,367,1,368,0.9755
227300,Euro Truck Simulator 2,2021-04-08,402241,10099,412340,417,7,424,0.975508
227300,Euro Truck Simulator 2,2021-04-09,402649,10102,412751,408,3,411,0.975525
227300,Euro Truck Simulator 2,2021-04-10,403309,10118,413427,660,16,676,0.975527
227300,Euro Truck Simulator 2,2021-04-11,403691,10131,413822,382,13,395,0.975518
227300,Euro Truck Simulator 2,2021-04-12,404436,10152,414588,745,21,766,0.975513
227300,Euro Truck Simulator 2,2021-04-13,404795,10156,414951,359,4,363,0.975525
227300,Euro Truck Simulator 2,2021-04-14,405455,10164,415619,660,8,668,0.975545
227300,Euro Truck Simulator 2,2021-04-15,405700,10167,415867,245,3,248,0.975552
227300,Euro Truck Simulator 2,2021-04-16,405996,10174,416170,296,7,303,0.975553
227300,Euro Truck Simulator 2,2021-04-17,406402,10195,416597,406,21,427,0.975528
227300,Euro Truck Simulator 2,2021-04-18,406668,10202,416870,266,7,273,0.975527
227300,Euro Truck Simulator 2,2021-04-19,407096,10219,417315,428,17,445,0.975513
227300,Euro Truck Simulator 2,2021-04-20,407265,10227,417492,169,8,177,0.975504
227300,Euro Truck Simulator 2,2021-04-21,407474,10233,417707,209,6,215,0.975502
227300,Euro Truck Simulator 2,2021-04-22,407779,10247,418026,305,14,319,0.975487
227300,Euro Truck Simulator 2,2021-04-23,407968,10245,418213,189,-2,187,0.975503
227300,Euro Truck Simulator 2,2021-04-24,408354,10251,418605,386,6,392,0.975512
227300,Euro Truck Simulator 2,2021-04-25,408514,10254,418768,160,3,163,0.975514
227300,Euro Truck Simulator 2,2021-04-26,408693,10262,418955,179,8,187,0.975506
227300,Euro Truck Simulator 2,2021-04-27,408979,10273,419252,286,11,297,0.975497
227300,Euro Truck Simulator 2,2021-04-28,409257,10279,419536,278,6,284,0.975499
227300,Euro Truck Simulator 2,2021-04-29,409653,10285,419938,396,6,402,0.975508
227300,Euro Truck Simulator 2,2021-04-30,409842,10286,420128,189,1,190,0.975517
227300,Euro Truck Simulator 2,2021-05-01,410039,10294,420333,197,8,205,0.97551
227300,Euro Truck Simulator 2,2021-05-02,410337,10301,420638,298,7,305,0.975511
227300,Euro Truck Simulator 2,2021-05-03,410544,10309,420853,207,8,215,0.975505
227300,Euro Truck Simulator 2,2021-05-04,410939,10324,421263,395,15,410,0.975493
227300,Euro Truck Simulator 2,2021-05-05,411121,10331,421452,182,7,189,0.975487
227300,Euro Truck Simulator 2,2021-05-06,411461,10332,421793,340,1,341,0.975505
227300,Euro Truck Simulator 2,2021-05-07,411608,10336,421944,147,4,151,0.975504
227300,Euro Truck Simulator 2,2021-05-08,411781,10341,422122,173,5,178,0.975502
227300,Euro Truck Simulator 2,2021-05-09,412055,10347,422402,274,6,280,0.975504
227300,Euro Truck Simulator 2,2021-05-10,412254,10354,422608,199,7,206,0.9755
227300,Euro Truck Simulator 2,2021-05-11,412610,10366,422976,356,12,368,0.975493
227300,Euro Truck Simulator 2,2021-05-12,412981,10368,423349,371,2,373,0.97551
227300,Euro Truck Simulator 2,2021-05-13,413572,10375,423947,591,7,598,0.975528
227300,Euro Truck Simulator 2,2021-05-14,413991,10382,424373,419,7,426,0.975536
227300,Euro Truck Simulator 2,2021-05-15,414582,10397,424979,591,15,606,0.975535
227300,Euro Truck Simulator 2,2021-05-16,414944,10413,425357,362,16,378,0.975519
227300,Euro Truck Simulator 2,2021-05-17,415541,10429,425970,597,16,613,0.975517
227300,Euro Truck Simulator 2,2021-05-18,415887,10428,426315,346,-1,345,0.975539
227300,Euro Truck Simulator 2,2021-05-19,416313,10436,426749,426,8,434,0.975545
227300,Euro Truck Simulator 2,2021-05-20,416548,10445,426993,235,9,244,0.975538
227300,Euro Truck Simulator 2,2021-05-21,416870,10450,427320,322,5,327,0.975545
227300,Euro Truck Simulator 2,2021-05-22,417028,10450,427478,158,0,158,0.975554
227300,Euro Truck Simulator 2,2021-05-23,417400,10464,427864,372,14,386,0.975544
227300,Euro Truck Simulator 2,2021-05-24,417527,10466,427993,127,2,129,0.975546
227300,Euro Truck Simulator 2,2021-05-25,417716,10464,428180,189,-2,187,0.975562
227300,Euro Truck Simulator 2,2021-05-26,417969,10470,428439,253,6,259,0.975562
227300,Euro Truck Simulator 2,2021-05-27,418116,10482,428598,147,12,159,0.975544
227300,Euro Truck Simulator 2,2021-05-28,418432,10484,428916,316,2,318,0.975557
227300,Euro Truck Simulator 2,2021-05-29,418677,10486,429163,245,2,247,0.975566
227300,Euro Truck Simulator 2,2021-05-30,419310,10489,429799,633,3,636,0.975596
227300,Euro Truck Simulator 2,2021-05-31,419575,10497,430072,265,8,273,0.975592
227300,Euro Truck Simulator 2,2021-06-01,419910,10501,430411,335,4,339,0.975602
227300,Euro Truck Simulator 2,2021-06-02,420510,10517,431027,600,16,616,0.9756
227300,Euro Truck Simulator 2,2021-06-03,420717,10521,431238,207,4,211,0.975603
227300,Euro Truck Simulator 2,2021-06-04,421125,10526,431651,408,5,413,0.975615
227300,Euro Truck Simulator 2,2021-06-05,421309,10530,431839,184,4,188,0.975616
227300,Euro Truck Simulator 2,2021-06-06,421574,10532,432106,265,2,267,0.975626
227300,Euro Truck Simulator 2,2021-06-07,421900,10537,432437,326,5,331,0.975633
227300,Euro Truck Simulator 2,2021-06-08,422091,10544,432635,191,7,198,0.975628
227300,Euro Truck Simulator 2,2021-06-09,422296,10542,432838,205,-2,203,0.975644
227300,Euro Truck Simulator 2,2021-06-10,422555,10549,433104,259,7,266,0.975643
227300,Euro Truck Simulator 2,2021-06-11,422858,10558,433416,303,9,312,0.97564
227300,Euro Truck Simulator 2,2021-06-12,423258,10569,433827,400,11,411,0.975638
227300,Euro Truck Simulator 2,2021-06-13,423465,10573,434038,207,4,211,0.97564
227300,Euro Truck Simulator 2,2021-06-14,423872,10577,434449,407,4,411,0.975654
227300,Euro Truck Simulator 2,2021-06-15,424087,10580,434667,215,3,218,0.97566
227300,Euro Truck Simulator 2,2021-06-16,424324,10581,434905,237,1,238,0.975671
227300,Euro Truck Simulator 2,2021-06-17,424657,10585,435242,333,4,337,0.97568
227300,Euro Truck Simulator 2,2021-06-18,424847,10593,435440,190,8,198,0.975673
227300,Euro Truck Simulator 2,2021-06-19,425192,10600,435792,345,7,352,0.975676
227300,Euro Truck Simulator 2,2021-06-20,425407,10604,436011,215,4,219,0.97568
227300,Euro Truck Simulator 2,2021-06-21,425660,10613,436273,253,9,262,0.975673
227300,Euro Truck Simulator 2,2021-06-22,425934,10616,436550,274,3,277,0.975682
227300,Euro Truck Simulator 2,2021-06-23,426117,10620,436737,183,4,187,0.975683
227300,Euro Truck Simulator 2,2021-06-24,426472,10634,437106,355,14,369,0.975672
227300,Euro Truck Simulator 2,2021-06-25,426666,10641,437307,194,7,201,0.975667
227300,Euro Truck Simulator 2,2021-06-26,426989,10650,437639,323,9,332,0.975665
227300,Euro Truck Simulator 2,2021-06-27,427573,10651,438224,584,1,585,0.975695
227300,Euro Truck Simulator 2,2021-06-28,427862,10655,438517,289,4,293,0.975702
227300,Euro Truck Simulator 2,2021-06-29,428237,10672,438909,375,17,392,0.975685
227300,Euro Truck Simulator 2,2021-06-30,428807,10680,439487,570,8,578,0.975699
227300,Euro Truck Simulator 2,2021-07-01,429171,10692,439863,364,12,376,0.975692
227300,Euro Truck Simulator 2,2021-07-02,429875,10712,440587,704,20,724,0.975687
227300,Euro Truck Simulator 2,2021-07-03,430163,10714,440877,288,2,290,0.975698
227300,Euro Truck Simulator 2,2021-07-04,430559,10726,441285,396,12,408,0.975694
227300,Euro Truck Simulator 2,2021-07-05,431093,10736,441829,534,10,544,0.975701
227300,Euro Truck Simulator 2,2021-07-06,431417,10745,442162,324,9,333,0.975699
227300,Euro Truck Simulator 2,2021-07-07,431924,10757,442681,507,12,519,0.9757
227300,Euro Truck Simulator 2,2021-07-08,432213,10762,442975,289,5,294,0.975705
227300,Euro Truck Simulator 2,2021-07-09,432996,10779,443775,783,17,800,0.975711
227300,Euro Truck Simulator 2,2021-07-10,433235,10783,444018,239,4,243,0.975715
227300,Euro Truck Simulator 2,2021-07-11,433537,10789,444326,302,6,308,0.975718
227300,Euro Truck Simulator 2,2021-07-12,433948,10796,444744,411,7,418,0.975725
227300,Euro Truck Simulator 2,2021-07-13,434207,10799,445006,259,3,262,0.975733
227300,Euro Truck Simulator 2,2021-07-14,434745,10821,445566,538,22,560,0.975714
227300,Euro Truck Simulator 2,2021-07-15,434994,10825,445819,249,4,253,0.975719
227300,Euro Truck Simulator 2,2021-07-16,435693,10832,446525,699,7,706,0.975742
227300,Euro Truck Simulator 2,2021-07-17,436352,10855,447207,659,23,682,0.975727
227300,Euro Truck Simulator 2,2021-07-18,436685,10869,447554,333,14,347,0.975715
227300,Euro Truck Simulator 2,2021-07-19,437330,10888,448218,645,19,664,0.975708
227300,Euro Truck Simulator 2,2021-07-20,437619,10890,448509,289,2,291,0.97572
227300,Euro Truck Simulator 2,2021-07-21,438351,10899,449250,732,9,741,0.97574
227300,Euro Truck Simulator 2,2021-07-22,438549,10902,449451,198,3,201,0.975744
227300,Euro Truck Simulator 2,2021-07-23,438925,10920,449845,376,18,394,0.975725
227300,Euro Truck Simulator 2,2021-07-24,439098,10924,450022,173,4,177,0.975726
227300,Euro Truck Simulator 2,2021-07-25,439344,10927,450271,246,3,249,0.975732
227300,Euro Truck Simulator 2,2021-07-26,439671,10937,450608,327,10,337,0.975728
227300,Euro Truck Simulator 2,2021-07-27,439899,10941,450840,228,4,232,0.975732
227300,Euro Truck Simulator 2,2021-07-28,440268,10950,451218,369,9,378,0.975732
227300,Euro Truck Simulator 2,2021-07-29,440530,10958,451488,262,8,270,0.975729
227300,Euro Truck Simulator 2,2021-07-30,440861,10964,451825,331,6,337,0.975734
227300,Euro Truck Simulator 2,2021-07-31,441016,10973,451989,155,9,164,0.975723
227300,Euro Truck Simulator 2,2021-08-01,441206,10977,452183,190,4,194,0.975724
227300,Euro Truck Simulator 2,2021-08-02,441540,10979,452519,334,2,336,0.975738
227300,Euro Truck Simulator 2,2021-08-03,441727,10981,452708,187,2,189,0.975744
227300,Euro Truck Simulator 2,2021-08-04,442033,10985,453018,306,4,310,0.975752
227300,Euro Truck Simulator 2,2021-08-05,442166,10985,453151,133,0,133,0.975759
227300,Euro Truck Simulator 2,2021-08-06,442368,10988,453356,202,3,205,0.975763
227300,Euro Truck Simulator 2,2021-08-07,442641,10996,453637,273,8,281,0.97576
227300,Euro Truck Simulator 2,2021-08-08,442828,11003,453831,187,7,194,0.975755
227300,Euro Truck Simulator 2,2021-08-09,443150,11012,454162,322,9,331,0.975753
227300,Euro Truck Simulator 2,2021-08-10,443292,11014,454306,142,2,144,0.975756
227300,Euro Truck Simulator 2,2021-08-11,443482,11011,454493,190,-3,187,0.975773
227300,Euro Truck Simulator 2,2021-08-12,443745,11010,454755,263,-1,262,0.975789
227300,Euro Truck Simulator 2,2021-08-13,443890,11005,454895,145,-5,140,0.975808
227300,Euro Truck Simulator 2,2021-08-14,444079,11008,455087,189,3,192,0.975811
227300,Euro Truck Simulator 2,2021-08-15,444376,11010,455386,297,2,299,0.975823
227300,Euro Truck Simulator 2,2021-08-16,444534,11014,455548,158,4,162,0.975823
227300,Euro Truck Simulator 2,2021-08-17,445001,11022,456023,467,8,475,0.97583
227300,Euro Truck Simulator 2,2021-08-18,445228,11031,456259,227,9,236,0.975823
227300,Euro Truck Simulator 2,2021-08-19,445439,11031,456470,211,0,211,0.975834
227300,Euro Truck Simulator 2,2021-08-20,445640,11039,456679,201,8,209,0.975828
227300,Euro Truck Simulator 2,2021-08-21,446015,11051,457066,375,12,387,0.975822
227300,Euro Truck Simulator 2,2021-08-22,446211,11048,457259,196,-3,193,0.975839
227300,Euro Truck Simulator 2,2021-08-23,446396,11049,457445,185,1,186,0.975846
227300,Euro Truck Simulator 2,2021-08-24,446579,11050,457629,183,1,184,0.975854
227300,Euro Truck Simulator 2,2021-08-25,446757,11050,457807,178,0,178,0.975863
227300,Euro Truck Simulator 2,2021-08-26,447111,11065,458176,354,15,369,0.97585
227300,Euro Truck Simulator 2,2021-08-27,447254,11069,458323,143,4,147,0.975849
227300,Euro Truck Simulator 2,2021-08-28,447412,11076,458488,158,7,165,0.975842
227300,Euro Truck Simulator 2,2021-08-29,447631,11080,458711,219,4,223,0.975845
227300,Euro Truck Simulator 2,2021-08-30,447882,11092,458974,251,12,263,0.975833
227300,Euro Truck Simulator 2,2021-08-31,448071,11096,459167,189,4,193,0.975835
227300,Euro Truck Simulator 2,2021-09-01,448439,11105,459544,368,9,377,0.975835
227300,Euro Truck Simulator 2,2021-09-02,448676,11107,459783,237,2,239,0.975843
227300,Euro Truck Simulator 2,2021-09-03,448871,11110,459981,195,3,198,0.975847
227300,Euro Truck Simulator 2,2021-09-04,449253,11121,460374,382,11,393,0.975844
227300,Euro Truck Simulator 2,2021-09-05,449456,11119,460575,203,-2,201,0.975858
227300,Euro Truck Simulator 2,2021-09-06,449606,11120,460726,150,1,151,0.975864
227300,Euro Truck Simulator 2,2021-09-07,449776,11128,460904,170,8,178,0.975856
227300,Euro Truck Simulator 2,2021-09-08,450103,11137,461240,327,9,336,0.975854
227300,Euro Truck Simulator 2,2021-09-09,450411,11142,461553,308,5,313,0.97586
227300,Euro Truck Simulator 2,2021-09-10,451051,11157,462208,640,15,655,0.975862
227300,Euro Truck Simulator 2,2021-09-11,451419,11160,462579,368,3,371,0.975874
227300,Euro Truck Simulator 2,2021-09-12,451788,11174,462962,369,14,383,0.975864
227300,Euro Truck Simulator 2,2021-09-13,452125,11182,463307,337,8,345,0.975865
227300,Euro Truck Simulator 2,2021-09-14,452436,11189,463625,311,7,318,0.975866
227300,Euro Truck Simulator 2,2021-09-15,452757,11195,463952,321,6,327,0.97587
227300,Euro Truck Simulator 2,2021-09-16,453042,11197,464239,285,2,287,0.975881
227300,Euro Truck Simulator 2,2021-09-17,453559,11200,464759,517,3,520,0.975901
227300,Euro Truck Simulator 2,2021-09-18,453861,11208,465069,302,8,310,0.9759
227300,Euro Truck Simulator 2,2021-09-19,454152,11213,465365,291,5,296,0.975905
227300,Euro Truck Simulator 2,2021-09-20,454359,11217,465576,207,4,211,0.975907
227300,Euro Truck Simulator 2,2021-09-21,454569,11220,465789,210,3,213,0.975912
227300,Euro Truck Simulator 2,2021-09-22,454764,11220,465984,195,0,195,0.975922
227300,Euro Truck Simulator 2,2021-09-23,454952,11227,466179,188,7,195,0.975917
227300,Euro Truck Simulator 2,2021-09-24,455353,11240,466593,401,13,414,0.97591
227300,Euro Truck Simulator 2,2021-09-25,455680,11248,466928,327,8,335,0.975911
227300,Euro Truck Simulator 2,2021-09-26,455959,11258,467217,279,10,289,0.975904
227300,Euro Truck Simulator 2,2021-09-27,456417,11266,467683,458,8,466,0.975911
227300,Euro Truck Simulator 2,2021-09-28,456593,11268,467861,176,2,178,0.975916
227300,Euro Truck Simulator 2,2021-09-29,456776,11270,468046,183,2,185,0.975921
227300,Euro Truck Simulator 2,2021-09-30,456968,11268,468236,192,-2,190,0.975935
227300,Euro Truck Simulator 2,2021-10-01,457164,11272,468436,196,4,200,0.975937
227300,Euro Truck Simulator 2,2021-10-02,457409,11277,468686,245,5,250,0.975939
227300,Euro Truck Simulator 2,2021-10-03,457709,11283,468992,300,6,306,0.975942
227300,Euro Truck Simulator 2,2021-10-04,458208,11289,469497,499,6,505,0.975955
227300,Euro Truck Simulator 2,2021-10-05,458423,11295,469718,215,6,221,0.975954
227300,Euro Truck Simulator 2,2021-10-06,458634,11296,469930,211,1,212,0.975962
227300,Euro Truck Simulator 2,2021-10-07,458804,11298,470102,170,2,172,0.975967
227300,Euro Truck Simulator 2,2021-10-08,458970,11303,470273,166,5,171,0.975965
227300,Euro Truck Simulator 2,2021-10-09,459170,11309,470479,200,6,206,0.975963
227300,Euro Truck Simulator 2,2021-10-10,459418,11313,470731,248,4,252,0.975967
227300,Euro Truck Simulator 2,2021-10-11,459641,11317,470958,223,4,227,0.97597
227300,Euro Truck Simulator 2,2021-10-12,459943,11323,471266,302,6,308,0.975973
227300,Euro Truck Simulator 2,2021-10-13,460094,11330,471424,151,7,158,0.975966
227300,Euro Truck Simulator 2,2021-10-14,460353,11331,471684,259,1,260,0.975978
227300,Euro Truck Simulator 2,2021-10-15,460479,11335,471814,126,4,130,0.975976
227300,Euro Truck Simulator 2,2021-10-16,460655,11343,471998,176,8,184,0.975968
227300,Euro Truck Simulator 2,2021-10-17,460852,11348,472200,197,5,202,0.975968
227300,Euro Truck Simulator 2,2021-10-18,461039,11354,472393,187,6,193,0.975965
227300,Euro Truck Simulator 2,2021-10-19,461171,11356,472527,132,2,134,0.975968
227300,Euro Truck Simulator 2,2021-10-20,461323,11357,472680,152,1,153,0.975973
227300,Euro Truck Simulator 2,2021-10-21,461735,11366,473101,412,9,421,0.975976
227300,Euro Truck Simulator 2,2021-10-22,461918,11372,473290,183,6,189,0.975972
227300,Euro Truck Simulator 2,2021-10-23,462139,11383,473522,221,11,232,0.975961
227300,Euro Truck Simulator 2,2021-10-24,462421,11388,473809,282,5,287,0.975965
227300,Euro Truck Simulator 2,2021-10-25,462673,11397,474070,252,9,261,0.975959
227300,Euro Truck Simulator 2,2021-10-26,462952,11409,474361,279,12,291,0.975949
227300,Euro Truck Simulator 2,2021-10-27,463151,11413,474564,199,4,203,0.975951
227300,Euro Truck Simulator 2,2021-10-28,463430,11422,474852,279,9,288,0.975946
227300,Euro Truck Simulator 2,2021-10-29,463650,11428,475078,220,6,226,0.975945
227300,Euro Truck Simulator 2,2021-10-30,463981,11428,475409,331,0,331,0.975962
227300,Euro Truck Simulator 2,2021-10-31,464359,11436,475795,378,8,386,0.975964
227300,Euro Truck Simulator 2,2021-11-01,464790,11440,476230,431,4,435,0.975978
227300,Euro Truck Simulator 2,2021-11-02,465213,11447,476660,423,7,430,0.975985
227300,Euro Truck Simulator 2,2021-11-03,465587,11458,477045,374,11,385,0.975981
227300,Euro Truck Simulator 2,2021-11-04,466195,11456,477651,608,-2,606,0.976016
227300,Euro Truck Simulator 2,2021-11-05,466987,11466,478453,792,10,802,0.976035
227300,Euro Truck Simulator 2,2021-11-06,467394,11476,478870,407,10,417,0.976035
227300,Euro Truck Simulator 2,2021-11-07,467821,11487,479308,427,11,438,0.976034
227300,Euro Truck Simulator 2,2021-11-08,468118,11490,479608,297,3,300,0.976043
227300,Euro Truck Simulator 2,2021-11-09,468383,11495,479878,265,5,270,0.976046
227300,Euro Truck Simulator 2,2021-11-10,468652,11506,480158,269,11,280,0.976037
227300,Euro Truck Simulator 2,2021-11-11,468888,11512,480400,236,6,242,0.976037
227300,Euro Truck Simulator 2,2021-11-12,469143,11515,480658,255,3,258,0.976043
227300,Euro Truck Simulator 2,2021-11-13,469670,11523,481193,527,8,535,0.976053
227300,Euro Truck Simulator 2,2021-11-14,469899,11531,481430,229,8,237,0.976048
227300,Euro Truck Simulator 2,2021-11-15,470104,11533,481637,205,2,207,0.976055
227300,Euro Truck Simulator 2,2021-11-16,470322,11536,481858,218,3,221,0.976059
227300,Euro Truck Simulator 2,2021-11-17,470553,11534,482087,231,-2,229,0.976075
227300,Euro Truck Simulator 2,2021-11-18,470846,11539,482385,293,5,298,0.976079
227300,Euro Truck Simulator 2,2021-11-19,471348,11547,482895,502,8,510,0.976088
227300,Euro Truck Simulator 2,2021-11-20,471756,11549,483305,408,2,410,0.976104
227300,Euro Truck Simulator 2,2021-11-21,472248,11564,483812,492,15,507,0.976098
227300,Euro Truck Simulator 2,2021-11-22,472586,11568,484154,338,4,342,0.976107
227300,Euro Truck Simulator 2,2021-11-23,472878,11572,484450,292,4,296,0.976113
227300,Euro Truck Simulator 2,2021-11-24,473080,11575,484655,202,3,205,0.976117
227300,Euro Truck Simulator 2,2021-11-25,474976,11583,486559,1896,8,1904,0.976194
227300,Euro Truck Simulator 2,2021-11-26,476754,11588,488342,1778,5,1783,0.976271
227300,Euro Truck Simulator 2,2021-11-27,478056,11603,489659,1302,15,1317,0.976304
227300,Euro Truck Simulator 2,2021-11-28,479303,11606,490909,1247,3,1250,0.976358
227300,Euro Truck Simulator 2,2021-11-29,480356,11611,491967,1053,5,1058,0.976399
227300,Euro Truck Simulator 2,2021-11-30,481877,11621,493498,1521,10,1531,0.976452
227300,Euro Truck Simulator 2,2021-12-01,482426,11623,494049,549,2,551,0.976474
227300,Euro Truck Simulator 2,2021-12-02,482676,11626,494302,250,3,253,0.97648
227300,Euro Truck Simulator 2,2021-12-03,482892,11628,494520,216,2,218,0.976486
227300,Euro Truck Simulator 2,2021-12-04,483148,11634,494782,256,6,262,0.976487
227300,Euro Truck Simulator 2,2021-12-05,483453,11634,495087,305,0,305,0.976501
227300,Euro Truck Simulator 2,2021-12-06,483728,11638,495366,275,4,279,0.976506
227300,Euro Truck Simulator 2,2021-12-07,483926,11641,495567,198,3,201,0.97651
227300,Euro Truck Simulator 2,2021-12-08,484434,11646,496080,508,5,513,0.976524
227300,Euro Truck Simulator 2,2021-12-09,484757,11656,496413,323,10,333,0.97652
227300,Euro Truck Simulator 2,2021-12-10,485012,11664,496676,255,8,263,0.976516
227300,Euro Truck Simulator 2,2021-12-11,485333,11665,496998,321,1,322,0.976529
227300,Euro Truck Simulator 2,2021-12-12,485672,11671,497343,339,6,345,0.976533
227300,Euro Truck Simulator 2,2021-12-13,485931,11677,497608,259,6,265,0.976534
227300,Euro Truck Simulator 2,2021-12-14,486160,11684,497844,229,7,236,0.976531
227300,Euro Truck Simulator 2,2021-12-15,486582,11712,498294,422,28,450,0.976496
227300,Euro Truck Simulator 2,2021-12-16,486844,11718,498562,262,6,268,0.976496
227300,Euro Truck Simulator 2,2021-12-17,487070,11717,498787,226,-1,225,0.976509
227300,Euro Truck Simulator 2,2021-12-18,487313,11723,499036,243,6,249,0.976509
227300,Euro Truck Simulator 2,2021-12-19,487569,11732,499301,256,9,265,0.976503
227300,Euro Truck Simulator 2,2021-12-20,487775,11732,499507,206,0,206,0.976513
227300,Euro Truck Simulator 2,2021-12-21,487979,11737,499716,204,5,209,0.976513
227300,Euro Truck Simulator 2,2021-12-22,488180,11740,499920,201,3,204,0.976516
227300,Euro Truck Simulator 2,2021-12-23,488443,11748,500191,263,8,271,0.976513
227300,Euro Truck Simulator 2,2021-12-24,489125,11774,500899,682,26,708,0.976494
227300,Euro Truck Simulator 2,2021-12-25,489475,11775,501250,350,1,351,0.976509
227300,Euro Truck Simulator 2,2021-12-26,489938,11785,501723,463,10,473,0.976511
227300,Euro Truck Simulator 2,2021-12-27,490401,11794,502195,463,9,472,0.976515
227300,Euro Truck Simulator 2,2021-12-28,490401,11794,502195,0,0,0,0.976515
227300,Euro Truck Simulator 2,2021-12-29,490856,11805,502661,455,11,466,0.976515
227300,Euro Truck Simulator 2,2021-12-30,491282,11813,503095,426,8,434,0.976519
227300,Euro Truck Simulator 2,2021-12-31,491707,11816,503523,425,3,428,0.976533
227300,Euro Truck Simulator 2,2022-01-01,491707,11816,503523,0,0,0,0.976533
227300,Euro Truck Simulator 2,2022-01-02,492476,11835,504311,769,19,788,0.976532
227300,Euro Truck Simulator 2,2022-01-03,492907,11847,504754,431,12,443,0.976529
227300,Euro Truck Simulator 2,2022-01-04,493309,11851,505160,402,4,406,0.97654
227300,Euro Truck Simulator 2,2022-01-05,493706,11858,505564,397,7,404,0.976545
227300,Euro Truck Simulator 2,2022-01-06,494104,11855,505959,398,-3,395,0.976569
227300,Euro Truck Simulator 2,2022-01-07,494418,11869,506287,314,14,328,0.976557
227300,Euro Truck Simulator 2,2022-01-08,495075,11876,506951,657,7,664,0.976574
227300,Euro Truck Simulator 2,2022-01-09,495365,11878,507243,290,2,292,0.976583
227300,Euro Truck Simulator 2,2022-01-10,495558,11883,507441,193,5,198,0.976582
227300,Euro Truck Simulator 2,2022-01-11,495765,11887,507652,207,4,211,0.976584
227300,Euro Truck Simulator 2,2022-01-12,496017,11890,507907,252,3,255,0.97659
227300,Euro Truck Simulator 2,2022-01-13,496248,11897,508145,231,7,238,0.976587
227300,Euro Truck Simulator 2,2022-01-14,496437,11897,508334,189,0,189,0.976596
227300,Euro Truck Simulator 2,2022-01-15,496689,11902,508591,252,5,257,0.976598
227300,Euro Truck Simulator 2,2022-01-16,497007,11908,508915,318,6,324,0.976601
227300,Euro Truck Simulator 2,2022-01-17,497300,11920,509220,293,12,305,0.976592
227300,Euro Truck Simulator 2,2022-01-18,497527,11919,509446,227,-1,226,0.976604
227300,Euro Truck Simulator 2,2022-01-19,497842,11931,509773,315,12,327,0.976595
227300,Euro Truck Simulator 2,2022-01-20,498182,11943,510125,340,12,352,0.976588
227300,Euro Truck Simulator 2,2022-01-21,499170,11963,511133,988,20,1008,0.976595
227300,Euro Truck Simulator 2,2022-01-22,499619,11961,511580,449,-2,447,0.976619
227300,Euro Truck Simulator 2,2022-01-23,500074,11973,512047,455,12,467,0.976617
227300,Euro Truck Simulator 2,2022-01-24,500575,11987,512562,501,14,515,0.976614
227300,Euro Truck Simulator 2,2022-01-25,500940,12000,512940,365,13,378,0.976605
227300,Euro Truck Simulator 2,2022-01-26,501265,12004,513269,325,4,329,0.976613
227300,Euro Truck Simulator 2,2022-01-27,501597,12017,513614,332,13,345,0.976603
227300,Euro Truck Simulator 2,2022-01-28,501926,12019,513945,329,2,331,0.976614
227300,Euro Truck Simulator 2,2022-01-29,502368,12027,514395,442,8,450,0.976619
227300,Euro Truck Simulator 2,2022-01-30,502974,12044,515018,606,17,623,0.976614
227300,Euro Truck Simulator 2,2022-01-31,502974,12044,515018,0,0,0,0.976614
227300,Euro Truck Simulator 2,2022-02-01,503528,12046,515574,554,2,556,0.976636
227300,Euro Truck Simulator 2,2022-02-02,503977,12053,516030,449,7,456,0.976643
227300,Euro Truck Simulator 2,2022-02-03,504433,12061,516494,456,8,464,0.976648
227300,Euro Truck Simulator 2,2022-02-04,505207,12082,517289,774,21,795,0.976644
227300,Euro Truck Simulator 2,2022-02-05,505564,12089,517653,357,7,364,0.976647
227300,Euro Truck Simulator 2,2022-02-06,505911,12094,518005,347,5,352,0.976653
227300,Euro Truck Simulator 2,2022-02-07,506196,12104,518300,285,10,295,0.976647
227300,Euro Truck Simulator 2,2022-02-08,506503,12111,518614,307,7,314,0.976647
227300,Euro Truck Simulator 2,2022-02-09,506852,12116,518968,349,5,354,0.976654
227300,Euro Truck Simulator 2,2022-02-10,507264,12120,519384,412,4,416,0.976665
227300,Euro Truck Simulator 2,2022-02-11,507567,12130,519697,303,10,313,0.976659
227300,Euro Truck Simulator 2,2022-02-12,507817,12132,519949,250,2,252,0.976667
227300,Euro Truck Simulator 2,2022-02-13,508103,12145,520248,286,13,299,0.976655
227300,Euro Truck Simulator 2,2022-02-14,508345,12157,520502,242,12,254,0.976644
227300,Euro Truck Simulator 2,2022-02-15,508558,12159,520717,213,2,215,0.97665
227300,Euro Truck Simulator 2,2022-02-16,508760,12166,520926,202,7,209,0.976645
227300,Euro Truck Simulator 2,2022-02-17,508972,12170,521142,212,4,216,0.976647
227300,Euro Truck Simulator 2,2022-02-18,509166,12170,521336,194,0,194,0.976656
227300,Euro Truck Simulator 2,2022-02-19,509602,12181,521783,436,11,447,0.976655
227300,Euro Truck Simulator 2,2022-02-20,509872,12182,522054,270,1,271,0.976665
227300,Euro Truck Simulator 2,2022-02-21,510056,12187,522243,184,5,189,0.976664
227300,Euro Truck Simulator 2,2022-02-22,510242,12193,522435,186,6,192,0.976661
227300,Euro Truck Simulator 2,2022-02-23,510242,12193,522435,0,0,0,0.976661
227300,Euro Truck Simulator 2,2022-02-24,510466,12195,522661,224,2,226,0.976667
227300,Euro Truck Simulator 2,2022-02-25,510718,12209,522927,252,14,266,0.976653
227300,Euro Truck Simulator 2,2022-02-26,510975,12214,523189,257,5,262,0.976655
227300,Euro Truck Simulator 2,2022-02-27,511496,12221,523717,521,7,528,0.976665
227300,Euro Truck Simulator 2,2022-02-28,511658,12230,523888,162,9,171,0.976655
227300,Euro Truck Simulator 2,2022-03-01,511802,12583,524385,144,353,497,0.976004
227300,Euro Truck Simulator 2,2022-03-02,512069,12843,524912,267,260,527,0.975533
227300,Euro Truck Simulator 2,2022-03-03,512320,13021,525341,251,178,429,0.975214
227300,Euro Truck Simulator 2,2022-03-04,512561,13098,525659,241,77,318,0.975083
227300,Euro Truck Simulator 2,2022-03-05,513020,13217,526237,459,119,578,0.974884
227300,Euro Truck Simulator 2,2022-03-06,513482,13296,526778,462,79,541,0.97476
227300,Euro Truck Simulator 2,2022-03-07,513901,13370,527271,419,74,493,0.974643
227300,Euro Truck Simulator 2,2022-03-08,514240,13414,527654,339,44,383,0.974578
227300,Euro Truck Simulator 2,2022-03-09,514550,13438,527988,310,24,334,0.974549
227300,Euro Truck Simulator 2,2022-03-10,514821,13464,528285,271,26,297,0.974514
227300,Euro Truck Simulator 2,2022-03-11,515081,13473,528554,260,9,269,0.97451
227300,Euro Truck Simulator 2,2022-03-12,515339,13487,528826,258,14,272,0.974496
227300,Euro Truck Simulator 2,2022-03-13,515658,13482,529140,319,-5,314,0.974521
227300,Euro Truck Simulator 2,2022-03-14,515900,13484,529384,242,2,244,0.974529
227300,Euro Truck Simulator 2,2022-03-15,516249,13532,529781,349,48,397,0.974457
227300,Euro Truck Simulator 2,2022-03-16,516403,13545,529948,154,13,167,0.974441
227300,Euro Truck Simulator 2,2022-03-17,516558,13561,530119,155,16,171,0.974419
227300,Euro Truck Simulator 2,2022-03-18,516706,13573,530279,148,12,160,0.974404
227300,Euro Truck Simulator 2,2022-03-19,516930,13579,530509,224,6,230,0.974404
227300,Euro Truck Simulator 2,2022-03-20,517140,13591,530731,210,12,222,0.974392
227300,Euro Truck Simulator 2,2022-03-21,517323,13595,530918,183,4,187,0.974393
227300,Euro Truck Simulator 2,2022-03-22,517458,13598,531056,135,3,138,0.974394
227300,Euro Truck Simulator 2,2022-03-23,517714,13611,531325,256,13,269,0.974383
227300,Euro Truck Simulator 2,2022-03-24,517910,13625,531535,196,14,210,0.974367
227300,Euro Truck Simulator 2,2022-03-25,518045,13627,531672,135,2,137,0.97437
227300,Euro Truck Simulator 2,2022-03-26,518231,13628,531859,186,1,187,0.974377
227300,Euro Truck Simulator 2,2022-03-27,518474,13634,532108,243,6,249,0.974377
227300,Euro Truck Simulator 2,2022-03-28,518672,13640,532312,198,6,204,0.974376
227300,Euro Truck Simulator 2,2022-03-29,518849,13646,532495,177,6,183,0.974373
227300,Euro Truck Simulator 2,2022-03-30,519094,13656,532750,245,10,255,0.974367
227300,Euro Truck Simulator 2,2022-03-31,519619,13676,533295,525,20,545,0.974356
227300,Euro Truck Simulator 2,2022-04-01,519894,13678,533572,275,2,277,0.974365
227300,Euro Truck Simulator 2,2022-04-02,520163,13691,533854,269,13,282,0.974354
227300,Euro Truck Simulator 2,2022-04-03,520565,13706,534271,402,15,417,0.974346
227300,Euro Truck Simulator 2,2022-04-04,520898,13716,534614,333,10,343,0.974344
227300,Euro Truck Simulator 2,2022-04-05,521140,13720,534860,242,4,246,0.974348
227300,Euro Truck Simulator 2,2022-04-06,521357,13719,535076,217,-1,216,0.974361
227300,Euro Truck Simulator 2,2022-04-07,521549,13729,535278,192,10,202,0.974352
227300,Euro Truck Simulator 2,2022-04-08,521755,13743,535498,206,14,220,0.974336
227300,Euro Truck Simulator 2,2022-04-09,522023,13754,535777,268,11,279,0.974329
227300,Euro Truck Simulator 2,2022-04-10,522265,13760,536025,242,6,248,0.97433
227300,Euro Truck Simulator 2,2022-04-11,522532,13758,536290,267,-2,265,0.974346
227300,Euro Truck Simulator 2,2022-04-12,522757,13762,536519,225,4,229,0.974349
227300,Euro Truck Simulator 2,2022-04-13,522976,13769,536745,219,7,226,0.974347
227300,Euro Truck Simulator 2,2022-04-14,523150,13772,536922,174,3,177,0.97435
227300,Euro Truck Simulator 2,2022-04-15,523518,13789,537307,368,17,385,0.974337
227300,Euro Truck Simulator 2,2022-04-16,523740,13805,537545,222,16,238,0.974318
227300,Euro Truck Simulator 2,2022-04-17,523964,13813,537777,224,8,232,0.974315
227300,Euro Truck Simulator 2,2022-04-18,524164,13813,537977,200,0,200,0.974324
227300,Euro Truck Simulator 2,2022-04-19,524352,13820,538172,188,7,195,0.97432
227300,Euro Truck Simulator 2,2022-04-20,524528,13819,538347,176,-1,175,0.974331
227300,Euro Truck Simulator 2,2022-04-21,524721,13827,538548,193,8,201,0.974325
227300,Euro Truck Simulator 2,2022-04-22,524945,13831,538776,224,4,228,0.974329
227300,Euro Truck Simulator 2,2022-04-23,525147,13830,538977,202,-1,201,0.97434
227300,Euro Truck Simulator 2,2022-04-24,525401,13836,539237,254,6,260,0.974342
227300,Euro Truck Simulator 2,2022-04-25,525648,13844,539492,247,8,255,0.974339
227300,Euro Truck Simulator 2,2022-04-26,525841,13852,539693,193,8,201,0.974334
227300,Euro Truck Simulator 2,2022-04-27,526188,13864,540052,347,12,359,0.974328
227300,Euro Truck Simulator 2,2022-04-28,526334,13870,540204,146,6,152,0.974325
227300,Euro Truck Simulator 2,2022-04-29,526500,13872,540372,166,2,168,0.974329
227300,Euro Truck Simulator 2,2022-04-30,526673,13883,540556,173,11,184,0.974317
227300,Euro Truck Simulator 2,2022-05-01,526865,13889,540754,192,6,198,0.974315
227300,Euro Truck Simulator 2,2022-05-02,527057,13894,540951,192,5,197,0.974316
227300,Euro Truck Simulator 2,2022-05-03,527219,13900,541119,162,6,168,0.974312
227300,Euro Truck Simulator 2,2022-05-04,527466,13911,541377,247,11,258,0.974304
227300,Euro Truck Simulator 2,2022-05-05,527713,13910,541623,247,-1,246,0.974318
227300,Euro Truck Simulator 2,2022-05-06,527969,13916,541885,256,6,262,0.974319
227300,Euro Truck Simulator 2,2022-05-07,528263,13918,542181,294,2,296,0.97433
227300,Euro Truck Simulator 2,2022-05-08,528908,13946,542854,645,28,673,0.97431
227300,Euro Truck Simulator 2,2022-05-09,529118,13952,543070,210,6,216,0.974309
227300,Euro Truck Simulator 2,2022-05-10,529382,13964,543346,264,12,276,0.9743
227300,Euro Truck Simulator 2,2022-05-11,529585,13969,543554,203,5,208,0.974301
227300,Euro Truck Simulator 2,2022-05-12,529881,13969,543850,296,0,296,0.974315
227300,Euro Truck Simulator 2,2022-05-13,530286,13980,544266,405,11,416,0.974314
227300,Euro Truck Simulator 2,2022-05-14,530618,13989,544607,332,9,341,0.974314
227300,Euro Truck Simulator 2,2022-05-15,530922,13999,544921,304,10,314,0.97431
227300,Euro Truck Simulator 2,2022-05-16,531151,14003,545154,229,4,233,0.974314
227300,Euro Truck Simulator 2,2022-05-17,531357,14012,545369,206,9,215,0.974307
227300,Euro Truck Simulator 2,2022-05-18,531523,14017,545540,166,5,171,0.974306
227300,Euro Truck Simulator 2,2022-05-19,531766,14092,545858,243,75,318,0.974184
227300,Euro Truck Simulator 2,2022-05-20,532164,14249,546413,398,157,555,0.973923
227300,Euro Truck Simulator 2,2022-05-21,532418,14310,546728,254,61,315,0.973826
227300,Euro Truck Simulator 2,2022-05-22,532701,14342,547043,283,32,315,0.973783
227300,Euro Truck Simulator 2,2022-05-23,532954,14364,547318,253,22,275,0.973756
227300,Euro Truck Simulator 2,2022-05-24,533117,14384,547501,163,20,183,0.973728
227300,Euro Truck Simulator 2,2022-05-25,533273,14398,547671,156,14,170,0.97371
227300,Euro Truck Simulator 2,2022-05-26,533508,14421,547929,235,23,258,0.973681
227300,Euro Truck Simulator 2,2022-05-27,533738,14435,548173,230,14,244,0.973667
227300,Euro Truck Simulator 2,2022-05-28,533931,14449,548380,193,14,207,0.973651
227300,Euro Truck Simulator 2,2022-05-29,534147,14459,548606,216,10,226,0.973644
227300,Euro Truck Simulator 2,2022-05-30,534375,14463,548838,228,4,232,0.973648
227300,Euro Truck Simulator 2,2022-05-31,534721,14569,549290,346,106,452,0.973477
227300,Euro Truck Simulator 2,2022-06-01,534886,14620,549506,165,51,216,0.973394
227300,Euro Truck Simulator 2,2022-06-02,535062,14639,549701,176,19,195,0.973369
227300,Euro Truck Simulator 2,2022-06-03,535209,14654,549863,147,15,162,0.97335
227300,Euro Truck Simulator 2,2022-06-04,535423,14673,550096,214,19,233,0.973326
227300,Euro Truck Simulator 2,2022-06-05,535625,14686,550311,202,13,215,0.973313
227300,Euro Truck Simulator 2,2022-06-06,535796,14705,550501,171,19,190,0.973288
227300,Euro Truck Simulator 2,2022-06-07,535938,14732,550670,142,27,169,0.973247
227300,Euro Truck Simulator 2,2022-06-08,536128,14735,550863,190,3,193,0.973251
227300,Euro Truck Simulator 2,2022-06-09,536389,14747,551136,261,12,273,0.973243
227300,Euro Truck Simulator 2,2022-06-10,536539,14750,551289,150,3,153,0.973245
227300,Euro Truck Simulator 2,2022-06-11,536717,14750,551467,178,0,178,0.973253
227300,Euro Truck Simulator 2,2022-06-12,536866,14765,551631,149,15,164,0.973234
227300,Euro Truck Simulator 2,2022-06-13,537062,14775,551837,196,10,206,0.973226
227300,Euro Truck Simulator 2,2022-06-14,537229,14786,552015,167,11,178,0.973214
227300,Euro Truck Simulator 2,2022-06-15,537382,14791,552173,153,5,158,0.973213
227300,Euro Truck Simulator 2,2022-06-16,537541,14792,552333,159,1,160,0.973219
227300,Euro Truck Simulator 2,2022-06-17,537704,14800,552504,163,8,171,0.973213
227300,Euro Truck Simulator 2,2022-06-18,538198,14835,553033,494,35,529,0.973175
227300,Euro Truck Simulator 2,2022-06-19,538516,14850,553366,318,15,333,0.973164
227300,Euro Truck Simulator 2,2022-06-20,538768,14868,553636,252,18,270,0.973145
227300,Euro Truck Simulator 2,2022-06-21,539049,14881,553930,281,13,294,0.973136
227300,Euro Truck Simulator 2,2022-06-22,539334,14885,554219,285,4,289,0.973142
227300,Euro Truck Simulator 2,2022-06-23,539546,14902,554448,212,17,229,0.973123
227300,Euro Truck Simulator 2,2022-06-24,539793,14898,554691,247,-4,243,0.973142
227300,Euro Truck Simulator 2,2022-06-25,540076,14908,554984,283,10,293,0.973138
227300,Euro Truck Simulator 2,2022-06-26,540434,14914,555348,358,6,364,0.973145
227300,Euro Truck Simulator 2,2022-06-27,540759,14924,555683,325,10,335,0.973143
227300,Euro Truck Simulator 2,2022-06-28,541025,14937,555962,266,13,279,0.973133
227300,Euro Truck Simulator 2,2022-06-29,541354,14942,556296,329,5,334,0.97314
227300,Euro Truck Simulator 2,2022-06-30,541667,14953,556620,313,11,324,0.973136
227300,Euro Truck Simulator 2,2022-07-01,541939,14967,556906,272,14,286,0.973125
227300,Euro Truck Simulator 2,2022-07-02,542286,14987,557273,347,20,367,0.973107
227300,Euro Truck Simulator 2,2022-07-03,542604,14994,557598,318,7,325,0.97311
227300,Euro Truck Simulator 2,2022-07-04,542969,14997,557966,365,3,368,0.973122
227300,Euro Truck Simulator 2,2022-07-05,543285,15004,558289,316,7,323,0.973125
227300,Euro Truck Simulator 2,2022-07-06,543583,15012,558595,298,8,306,0.973125
227300,Euro Truck Simulator 2,2022-07-07,543914,15021,558935,331,9,340,0.973126
227300,Euro Truck Simulator 2,2022-07-08,544193,15032,559225,279,11,290,0.97312
227300,Euro Truck Simulator 2,2022-07-09,544464,15046,559510,271,14,285,0.973109
227300,Euro Truck Simulator 2,2022-07-10,544720,15046,559766,256,0,256,0.973121
227300,Euro Truck Simulator 2,2022-07-11,544957,15051,560008,237,5,242,0.973124
227300,Euro Truck Simulator 2,2022-07-12,545183,15049,560232,226,-2,224,0.973138
227300,Euro Truck Simulator 2,2022-07-13,545396,15051,560447,213,2,215,0.973145
227300,Euro Truck Simulator 2,2022-07-14,545610,15056,560666,214,5,219,0.973146
227300,Euro Truck Simulator 2,2022-07-15,545827,15060,560887,217,4,221,0.97315
227300,Euro Truck Simulator 2,2022-07-16,545991,15061,561052,164,1,165,0.973156
227300,Euro Truck Simulator 2,2022-07-17,546209,15065,561274,218,4,222,0.973159
227300,Euro Truck Simulator 2,2022-07-18,546415,15065,561480,206,0,206,0.973169
227300,Euro Truck Simulator 2,2022-07-19,546576,15068,561644,161,3,164,0.973172
227300,Euro Truck Simulator 2,2022-07-20,546748,15074,561822,172,6,178,0.973169
227300,Euro Truck Simulator 2,2022-07-21,546930,15080,562010,182,6,188,0.973168
227300,Euro Truck Simulator 2,2022-07-22,547096,15084,562180,166,4,170,0.973169
227300,Euro Truck Simulator 2,2022-07-23,547273,15086,562359,177,2,179,0.973174
227300,Euro Truck Simulator 2,2022-07-24,547454,15097,562551,181,11,192,0.973163
227300,Euro Truck Simulator 2,2022-07-25,547664,15107,562771,210,10,220,0.973156
227300,Euro Truck Simulator 2,2022-07-26,547839,15105,562944,175,-2,173,0.973168
227300,Euro Truck Simulator 2,2022-07-27,548047,15109,563156,208,4,212,0.973171
227300,Euro Truck Simulator 2,2022-07-28,548210,15113,563323,163,4,167,0.973172
227300,Euro Truck Simulator 2,2022-07-29,548648,15122,563770,438,9,447,0.973177
227300,Euro Truck Simulator 2,2022-07-30,548854,15127,563981,206,5,211,0.973178
227300,Euro Truck Simulator 2,2022-07-31,549077,15136,564213,223,9,232,0.973173
227300,Euro Truck Simulator 2,2022-08-01,549257,15143,564400,180,7,187,0.97317
227300,Euro Truck Simulator 2,2022-08-02,549459,15150,564609,202,7,209,0.973167
227300,Euro Truck Simulator 2,2022-08-03,549642,15159,564801,183,9,192,0.97316
227300,Euro Truck Simulator 2,2022-08-04,549837,15160,564997,195,1,196,0.973168
227300,Euro Truck Simulator 2,2022-08-05,550047,15165,565212,210,5,215,0.973169
227300,Euro Truck Simulator 2,2022-08-06,550289,15175,565464,242,10,252,0.973164
227300,Euro Truck Simulator 2,2022-08-07,550580,15186,565766,291,11,302,0.973159
227300,Euro Truck Simulator 2,2022-08-08,550917,15194,566111,337,8,345,0.973161
227300,Euro Truck Simulator 2,2022-08-09,551255,15201,566456,338,7,345,0.973165
227300,Euro Truck Simulator 2,2022-08-10,551523,15206,566729,268,5,273,0.973169
227300,Euro Truck Simulator 2,2022-08-11,551825,15217,567042,302,11,313,0.973164
227300,Euro Truck Simulator 2,2022-08-12,552248,15229,567477,423,12,435,0.973164
227300,Euro Truck Simulator 2,2022-08-13,552514,15235,567749,266,6,272,0.973166
227300,Euro Truck Simulator 2,2022-08-14,552758,15243,568001,244,8,252,0.973164
227300,Euro Truck Simulator 2,2022-08-15,553006,15241,568247,248,-2,246,0.973179
227300,Euro Truck Simulator 2,2022-08-16,553218,15251,568469,212,10,222,0.973172
227300,Euro Truck Simulator 2,2022-08-17,553413,15254,568667,195,3,198,0.973176
227300,Euro Truck Simulator 2,2022-08-18,553592,15260,568852,179,6,185,0.973174
227300,Euro Truck Simulator 2,2022-08-19,553745,15264,569009,153,4,157,0.973174
227300,Euro Truck Simulator 2,2022-08-20,553935,15270,569205,190,6,196,0.973173
227300,Euro Truck Simulator 2,2022-08-21,554137,15275,569412,202,5,207,0.973174
227300,Euro Truck Simulator 2,2022-08-22,554373,15276,569649,236,1,237,0.973183
227300,Euro Truck Simulator 2,2022-08-23,554566,15284,569850,193,8,201,0.973179
227300,Euro Truck Simulator 2,2022-08-24,554752,15288,570040,186,4,190,0.973181
227300,Euro Truck Simulator 2,2022-08-25,554955,15293,570248,203,5,208,0.973182
227300,Euro Truck Simulator 2,2022-08-26,555139,15297,570436,184,4,188,0.973184
227300,Euro Truck Simulator 2,2022-08-27,555333,15301,570634,194,4,198,0.973186
227300,Euro Truck Simulator 2,2022-08-28,555584,15303,570887,251,2,253,0.973194
227300,Euro Truck Simulator 2,2022-08-29,555809,15304,571113,225,1,226,0.973203
227300,Euro Truck Simulator 2,2022-08-30,555809,15304,571113,0,0,0,0.973203
227300,Euro Truck Simulator 2,2022-08-31,556015,15303,571318,206,-1,205,0.973215
227300,Euro Truck Simulator 2,2022-09-01,556183,15309,571492,168,6,174,0.973212
227300,Euro Truck Simulator 2,2022-09-02,556533,15315,571848,350,6,356,0.973218
227300,Euro Truck Simulator 2,2022-09-03,556767,15324,572091,234,9,243,0.973214
227300,Euro Truck Simulator 2,2022-09-04,557032,15326,572358,265,2,267,0.973223
227300,Euro Truck Simulator 2,2022-09-05,557263,15330,572593,231,4,235,0.973227
227300,Euro Truck Simulator 2,2022-09-06,557467,15333,572800,204,3,207,0.973231
227300,Euro Truck Simulator 2,2022-09-07,557681,15338,573019,214,5,219,0.973233
227300,Euro Truck Simulator 2,2022-09-08,557969,15344,573313,288,6,294,0.973236
227300,Euro Truck Simulator 2,2022-09-09,558253,15352,573605,284,8,292,0.973236
227300,Euro Truck Simulator 2,2022-09-10,558546,15365,573911,293,13,306,0.973228
227300,Euro Truck Simulator 2,2022-09-11,558923,15371,574294,377,6,383,0.973235
227300,Euro Truck Simulator 2,2022-09-12,559339,15381,574720,416,10,426,0.973237
227300,Euro Truck Simulator 2,2022-09-13,559647,15386,575033,308,5,313,0.973243
227300,Euro Truck Simulator 2,2022-09-14,559647,15386,575033,0,0,0,0.973243
227300,Euro Truck Simulator 2,2022-09-15,560177,15402,575579,530,16,546,0.973241
227300,Euro Truck Simulator 2,2022-09-16,560412,15414,575826,235,12,247,0.973231
227300,Euro Truck Simulator 2,2022-09-17,560676,15420,576096,264,6,270,0.973234
227300,Euro Truck Simulator 2,2022-09-18,560978,15427,576405,302,7,309,0.973236
227300,Euro Truck Simulator 2,2022-09-19,561260,15429,576689,282,2,284,0.973246
227300,Euro Truck Simulator 2,2022-09-20,561455,15432,576887,195,3,198,0.97325
227300,Euro Truck Simulator 2,2022-09-21,561642,15430,577072,187,-2,185,0.973262
227300,Euro Truck Simulator 2,2022-09-22,561792,15433,577225,150,3,153,0.973263
227300,Euro Truck Simulator 2,2022-09-23,561947,15438,577385,155,5,160,0.973262
227300,Euro Truck Simulator 2,2022-09-24,562206,15449,577655,259,11,270,0.973256
227300,Euro Truck Simulator 2,2022-09-25,562444,15456,577900,238,7,245,0.973255
227300,Euro Truck Simulator 2,2022-09-26,562670,15459,578129,226,3,229,0.97326
227300,Euro Truck Simulator 2,2022-09-27,562998,15459,578457,328,0,328,0.973275
227300,Euro Truck Simulator 2,2022-09-28,563185,15464,578649,187,5,192,0.973276
227300,Euro Truck Simulator 2,2022-09-29,563375,15472,578847,190,8,198,0.973271
227300,Euro Truck Simulator 2,2022-09-30,563525,15474,578999,150,2,152,0.973275
227300,Euro Truck Simulator 2,2022-10-01,563762,15484,579246,237,10,247,0.973269
227300,Euro Truck Simulator 2,2022-10-02,564005,15489,579494,243,5,248,0.973272
227300,Euro Truck Simulator 2,2022-10-03,564194,15487,579681,189,-2,187,0.973284
227300,Euro Truck Simulator 2,2022-10-04,564381,15483,579864,187,-4,183,0.973299
227300,Euro Truck Simulator 2,2022-10-05,564527,15485,580012,146,2,148,0.973302
227300,Euro Truck Simulator 2,2022-10-06,564675,15493,580168,148,8,156,0.973296
227300,Euro Truck Simulator 2,2022-10-07,564857,15501,580358,182,8,190,0.973291
227300,Euro Truck Simulator 2,2022-10-08,564857,15501,580358,0,0,0,0.973291
227300,Euro Truck Simulator 2,2022-10-09,565105,15502,580607,248,1,249,0.9733
227300,Euro Truck Simulator 2,2022-10-10,565292,15502,580794,187,0,187,0.973309
227300,Euro Truck Simulator 2,2022-10-11,565460,15508,580968,168,6,174,0.973307
227300,Euro Truck Simulator 2,2022-10-12,565699,15512,581211,239,4,243,0.973311
227300,Euro Truck Simulator 2,2022-10-13,565972,15511,581483,273,-1,272,0.973325
227300,Euro Truck Simulator 2,2022-10-14,566282,15517,581799,310,6,316,0.973329
227300,Euro Truck Simulator 2,2022-10-15,566628,15522,582150,346,5,351,0.973337
227300,Euro Truck Simulator 2,2022-10-16,567043,15527,582570,415,5,420,0.973347
227300,Euro Truck Simulator 2,2022-10-17,567396,15532,582928,353,5,358,0.973355
227300,Euro Truck Simulator 2,2022-10-18,567846,15540,583386,450,8,458,0.973362
227300,Euro Truck Simulator 2,2022-10-19,568307,15546,583853,461,6,467,0.973373
227300,Euro Truck Simulator 2,2022-10-20,568561,15547,584108,254,1,255,0.973383
227300,Euro Truck Simulator 2,2022-10-21,568823,15552,584375,262,5,267,0.973387
227300,Euro Truck Simulator 2,2022-10-22,569073,15559,584632,250,7,257,0.973387
227300,Euro Truck Simulator 2,2022-10-23,569073,15559,584632,0,0,0,0.973387
227300,Euro Truck Simulator 2,2022-10-24,569323,15564,584887,250,5,255,0.97339
227300,Euro Truck Simulator 2,2022-10-25,569499,15567,585066,176,3,179,0.973393
227300,Euro Truck Simulator 2,2022-10-26,569856,15575,585431,357,8,365,0.973396
227300,Euro Truck Simulator 2,2022-10-27,570098,15575,585673,242,0,242,0.973407
227300,Euro Truck Simulator 2,2022-10-28,570302,15585,585887,204,10,214,0.973399
227300,Euro Truck Simulator 2,2022-10-29,570499,15588,586087,197,3,200,0.973403
227300,Euro Truck Simulator 2,2022-10-30,570758,15593,586351,259,5,264,0.973407
227300,Euro Truck Simulator 2,2022-10-31,570982,15598,586580,224,5,229,0.973409
227300,Euro Truck Simulator 2,2022-11-01,571201,15603,586804,219,5,224,0.97341
227300,Euro Truck Simulator 2,2022-11-02,571411,15604,587015,210,1,211,0.973418
227300,Euro Truck Simulator 2,2022-11-03,571584,15611,587195,173,7,180,0.973414
227300,Euro Truck Simulator 2,2022-11-04,571856,15617,587473,272,6,278,0.973417
227300,Euro Truck Simulator 2,2022-11-05,571856,15617,587473,0,0,0,0.973417
227300,Euro Truck Simulator 2,2022-11-06,572142,15618,587760,286,1,287,0.973428
227300,Euro Truck Simulator 2,2022-11-07,572365,15615,587980,223,-3,220,0.973443
227300,Euro Truck Simulator 2,2022-11-08,572601,15624,588225,236,9,245,0.973439
227300,Euro Truck Simulator 2,2022-11-09,572800,15626,588426,199,2,201,0.973444
227300,Euro Truck Simulator 2,2022-11-10,573034,15626,588660,234,0,234,0.973455
227300,Euro Truck Simulator 2,2022-11-11,573329,15642,588971,295,16,311,0.973442
227300,Euro Truck Simulator 2,2022-11-12,573642,15651,589293,313,9,322,0.973441
227300,Euro Truck Simulator 2,2022-11-13,573642,15651,589293,0,0,0,0.973441
227300,Euro Truck Simulator 2,2022-11-14,573642,15651,589293,0,0,0,0.973441
227300,Euro Truck Simulator 2,2022-11-15,574091,15660,589751,449,9,458,0.973446
227300,Euro Truck Simulator 2,2022-11-16,574363,15663,590026,272,3,275,0.973454
227300,Euro Truck Simulator 2,2022-11-17,574595,15667,590262,232,4,236,0.973458
227300,Euro Truck Simulator 2,2022-11-18,574865,15677,590542,270,10,280,0.973453
227300,Euro Truck Simulator 2,2022-11-19,575128,15686,590814,263,9,272,0.97345
227300,Euro Truck Simulator 2,2022-11-20,575473,15696,591169,345,10,355,0.973449
227300,Euro Truck Simulator 2,2022-11-21,575847,15701,591548,374,5,379,0.973458
227300,Euro Truck Simulator 2,2022-11-22,576148,15705,591853,301,4,305,0.973465
227300,Euro Truck Simulator 2,2022-11-23,577501,15715,593216,1353,10,1363,0.973509
227300,Euro Truck Simulator 2,2022-11-24,579129,15732,594861,1628,17,1645,0.973553
227300,Euro Truck Simulator 2,2022-11-25,580247,15735,595982,1118,3,1121,0.973598
227300,Euro Truck Simulator 2,2022-11-26,581331,15739,597070,1084,4,1088,0.97364
227300,Euro Truck Simulator 2,2022-11-27,582456,15752,598208,1125,13,1138,0.973668
227300,Euro Truck Simulator 2,2022-11-28,583303,15761,599064,847,9,856,0.973691
227300,Euro Truck Simulator 2,2022-11-29,584083,15776,599859,780,15,795,0.9737
227300,Euro Truck Simulator 2,2022-11-30,584466,15780,600246,383,4,387,0.973711
227300,Euro Truck Simulator 2,2022-12-01,584921,15788,600709,455,8,463,0.973718
227300,Euro Truck Simulator 2,2022-12-02,585253,15800,601053,332,12,344,0.973713
227300,Euro Truck Simulator 2,2022-12-03,585558,15812,601370,305,12,317,0.973707
227300,Euro Truck Simulator 2,2022-12-04,585848,15816,601664,290,4,294,0.973713
227300,Euro Truck Simulator 2,2022-12-05,586045,15817,601862,197,1,198,0.97372
227300,Euro Truck Simulator 2,2022-12-06,586045,15817,601862,0,0,0,0.97372
227300,Euro Truck Simulator 2,2022-12-07,586045,15817,601862,0,0,0,0.97372
227300,Euro Truck Simulator 2,2022-12-08,586423,15825,602248,378,8,386,0.973723
227300,Euro Truck Simulator 2,2022-12-09,586714,15832,602546,291,7,298,0.973725
227300,Euro Truck Simulator 2,2022-12-10,586971,15835,602806,257,3,260,0.973731
227300,Euro Truck Simulator 2,2022-12-11,587234,15840,603074,263,5,268,0.973735
227300,Euro Truck Simulator 2,2022-12-12,587480,15841,603321,246,1,247,0.973744
227300,Euro Truck Simulator 2,2022-12-13,587648,15849,603497,168,8,176,0.973738
227300,Euro Truck Simulator 2,2022-12-14,587835,15859,603694,187,10,197,0.97373
227300,Euro Truck Simulator 2,2022-12-15,588093,15866,603959,258,7,265,0.97373
227300,Euro Truck Simulator 2,2022-12-16,588350,15868,604218,257,2,259,0.973738
227300,Euro Truck Simulator 2,2022-12-17,588625,15872,604497,275,4,279,0.973743
227300,Euro Truck Simulator 2,2022-12-18,588625,15872,604497,0,0,0,0.973743
227300,Euro Truck Simulator 2,2022-12-19,588837,15879,604716,212,7,219,0.973741
227300,Euro Truck Simulator 2,2022-12-20,588992,15883,604875,155,4,159,0.973742
227300,Euro Truck Simulator 2,2022-12-21,589175,15884,605059,183,1,184,0.973748
227300,Euro Truck Simulator 2,2022-12-22,589354,15894,605248,179,10,189,0.97374
227300,Euro Truck Simulator 2,2022-12-23,589767,15903,605670,413,9,422,0.973743
227300,Euro Truck Simulator 2,2022-12-24,590223,15918,606141,456,15,471,0.973739
227300,Euro Truck Simulator 2,2022-12-25,590691,15920,606611,468,2,470,0.973756
227300,Euro Truck Simulator 2,2022-12-26,590691,15920,606611,0,0,0,0.973756
227300,Euro Truck Simulator 2,2022-12-27,591173,15927,607100,482,7,489,0.973765
227300,Euro Truck Simulator 2,2022-12-28,591583,15939,607522,410,12,422,0.973764
227300,Euro Truck Simulator 2,2022-12-29,592011,15946,607957,428,7,435,0.973771
227300,Euro Truck Simulator 2,2022-12-30,592510,15956,608466,499,10,509,0.973777
227300,Euro Truck Simulator 2,2022-12-31,593026,15972,608998,516,16,532,0.973773
227300,Euro Truck Simulator 2,2023-01-01,593026,15972,608998,0,0,0,0.973773
227300,Euro Truck Simulator 2,2023-01-02,593026,15972,608998,0,0,0,0.973773
227300,Euro Truck Simulator 2,2023-01-03,593971,15987,609958,945,15,960,0.97379
227300,Euro Truck Simulator 2,2023-01-04,594378,15996,610374,407,9,416,0.973793
227300,Euro Truck Simulator 2,2023-01-05,594805,15994,610799,427,-2,425,0.973815
227300,Euro Truck Simulator 2,2023-01-06,595216,16005,611221,411,11,422,0.973815
227300,Euro Truck Simulator 2,2023-01-07,595560,16012,611572,344,7,351,0.973818
227300,Euro Truck Simulator 2,2023-01-08,595981,16021,612002,421,9,430,0.973822
227300,Euro Truck Simulator 2,2023-01-09,596314,16028,612342,333,7,340,0.973825
227300,Euro Truck Simulator 2,2023-01-10,596637,16035,612672,323,7,330,0.973828
227300,Euro Truck Simulator 2,2023-01-11,596637,16035,612672,0,0,0,0.973828
227300,Euro Truck Simulator 2,2023-01-12,596997,16041,613038,360,6,366,0.973834
227300,Euro Truck Simulator 2,2023-01-13,597329,16049,613378,332,8,340,0.973835
227300,Euro Truck Simulator 2,2023-01-14,597707,16058,613765,378,9,387,0.973837
227300,Euro Truck Simulator 2,2023-01-15,598195,16064,614259,488,6,494,0.973848
227300,Euro Truck Simulator 2,2023-01-16,598707,16060,614767,512,-4,508,0.973876
227300,Euro Truck Simulator 2,2023-01-17,599085,16061,615146,378,1,379,0.973891
227300,Euro Truck Simulator 2,2023-01-18,599422,16071,615493,337,10,347,0.973889
227300,Euro Truck Simulator 2,2023-01-19,599734,16075,615809,312,4,316,0.973896
227300,Euro Truck Simulator 2,2023-01-20,600018,16079,616097,284,4,288,0.973902
227300,Euro Truck Simulator 2,2023-01-21,600363,16081,616444,345,2,347,0.973913
227300,Euro Truck Simulator 2,2023-01-22,600725,16092,616817,362,11,373,0.973911
227300,Euro Truck Simulator 2,2023-01-23,600725,16092,616817,0,0,0,0.973911
227300,Euro Truck Simulator 2,2023-01-24,601000,16099,617099,275,7,282,0.973912
227300,Euro Truck Simulator 2,2023-01-25,601267,16107,617374,267,8,275,0.97391
227300,Euro Truck Simulator 2,2023-01-26,601267,16107,617374,0,0,0,0.97391
227300,Euro Truck Simulator 2,2023-01-27,601694,16116,617810,427,9,436,0.973914
227300,Euro Truck Simulator 2,2023-01-28,601973,16123,618096,279,7,286,0.973915
227300,Euro Truck Simulator 2,2023-01-29,602350,16124,618474,377,1,378,0.973929
227300,Euro Truck Simulator 2,2023-01-30,602594,16133,618727,244,9,253,0.973925
227300,Euro Truck Simulator 2,2023-01-31,602838,16135,618973,244,2,246,0.973933
227300,Euro Truck Simulator 2,2023-02-01,602838,16135,618973,0,0,0,0.973933
227300,Euro Truck Simulator 2,2023-02-02,603053,16139,619192,215,4,219,0.973935
227300,Euro Truck Simulator 2,2023-02-03,603258,16148,619406,205,9,214,0.97393
227300,Euro Truck Simulator 2,2023-02-04,603482,16155,619637,224,7,231,0.973928
227300,Euro Truck Simulator 2,2023-02-05,603752,16156,619908,270,1,271,0.973938
227300,Euro Truck Simulator 2,2023-02-06,604013,16159,620172,261,3,264,0.973944
227300,Euro Truck Simulator 2,2023-02-07,604262,16162,620424,249,3,252,0.97395
227300,Euro Truck Simulator 2,2023-02-08,604556,16166,620722,294,4,298,0.973956
227300,Euro Truck Simulator 2,2023-02-09,604782,16172,620954,226,6,232,0.973956
227300,Euro Truck Simulator 2,2023-02-10,604782,16172,620954,0,0,0,0.973956
227300,Euro Truck Simulator 2,2023-02-11,605018,16175,621193,236,3,239,0.973961
227300,Euro Truck Simulator 2,2023-02-12,605279,16181,621460,261,6,267,0.973963
227300,Euro Truck Simulator 2,2023-02-13,605513,16177,621690,234,-4,230,0.973979
227300,Euro Truck Simulator 2,2023-02-14,605719,16183,621902,206,6,212,0.973978
227300,Euro Truck Simulator 2,2023-02-15,605936,16180,622116,217,-3,214,0.973992
227300,Euro Truck Simulator 2,2023-02-16,606162,16181,622343,226,1,227,0.974
227300,Euro Truck Simulator 2,2023-02-17,606162,16181,622343,0,0,0,0.974
227300,Euro Truck Simulator 2,2023-02-18,606350,16180,622530,188,-1,187,0.974009
227300,Euro Truck Simulator 2,2023-02-19,606610,16190,622800,260,10,270,0.974004
227300,Euro Truck Simulator 2,2023-02-20,606979,16200,623179,369,10,379,0.974004
227300,Euro Truck Simulator 2,2023-02-21,606979,16200,623179,0,0,0,0.974004
227300,Euro Truck Simulator 2,2023-02-22,607239,16204,623443,260,4,264,0.974009
227300,Euro Truck Simulator 2,2023-02-23,607550,16213,623763,311,9,320,0.974008
227300,Euro Truck Simulator 2,2023-02-24,607892,16223,624115,342,10,352,0.974006
227300,Euro Truck Simulator 2,2023-02-25,608320,16238,624558,428,15,443,0.974001
227300,Euro Truck Simulator 2,2023-02-26,608795,16248,625043,475,10,485,0.974005
227300,Euro Truck Simulator 2,2023-02-27,609153,16255,625408,358,7,365,0.974009
227300,Euro Truck Simulator 2,2023-02-28,609492,16264,625756,339,9,348,0.974009
227300,Euro Truck Simulator 2,2023-03-01,609492,16264,625756,0,0,0,0.974009
227300,Euro Truck Simulator 2,2023-03-02,609744,16268,626012,252,4,256,0.974013
227300,Euro Truck Simulator 2,2023-03-03,609971,16270,626241,227,2,229,0.97402
227300,Euro Truck Simulator 2,2023-03-04,610240,16275,626515,269,5,274,0.974023
227300,Euro Truck Simulator 2,2023-03-05,610567,16274,626841,327,-1,326,0.974038
227300,Euro Truck Simulator 2,2023-03-06,610857,16280,627137,290,6,296,0.974041
227300,Euro Truck Simulator 2,2023-03-07,611132,16285,627417,275,5,280,0.974044
227300,Euro Truck Simulator 2,2023-03-08,611472,16299,627771,340,14,354,0.974037
227300,Euro Truck Simulator 2,2023-03-09,611673,16305,627978,201,6,207,0.974036
227300,Euro Truck Simulator 2,2023-03-10,611673,16305,627978,0,0,0,0.974036
227300,Euro Truck Simulator 2,2023-03-11,611918,16308,628226,245,3,248,0.974041
227300,Euro Truck Simulator 2,2023-03-12,612184,16310,628494,266,2,268,0.974049
227300,Euro Truck Simulator 2,2023-03-13,612412,16315,628727,228,5,233,0.974051
227300,Euro Truck Simulator 2,2023-03-14,612593,16320,628913,181,5,186,0.97405
227300,Euro Truck Simulator 2,2023-03-15,612772,16317,629089,179,-3,176,0.974062
227300,Euro Truck Simulator 2,2023-03-16,612981,16321,629302,209,4,213,0.974065
227300,Euro Truck Simulator 2,2023-03-17,613304,16333,629637,323,12,335,0.97406
227300,Euro Truck Simulator 2,2023-03-18,613304,16333,629637,0,0,0,0.97406
227300,Euro Truck Simulator 2,2023-03-19,613740,16340,630080,436,7,443,0.974067
227300,Euro Truck Simulator 2,2023-03-20,614172,16346,630518,432,6,438,0.974075
227300,Euro Truck Simulator 2,2023-03-21,614551,16348,630899,379,2,381,0.974088
227300,Euro Truck Simulator 2,2023-03-22,615033,16355,631388,482,7,489,0.974097
227300,Euro Truck Simulator 2,2023-03-23,615445,16364,631809,412,9,421,0.9741
227300,Euro Truck Simulator 2,2023-03-24,615445,16364,631809,0,0,0,0.9741
227300,Euro Truck Simulator 2,2023-03-25,615813,16380,632193,368,16,384,0.97409
227300,Euro Truck Simulator 2,2023-03-26,616181,16381,632562,368,1,369,0.974104
227300,Euro Truck Simulator 2,2023-03-27,616516,16389,632905,335,8,343,0.974105
227300,Euro Truck Simulator 2,2023-03-28,616795,16397,633192,279,8,287,0.974104
227300,Euro Truck Simulator 2,2023-03-29,617090,16403,633493,295,6,301,0.974107
227300,Euro Truck Simulator 2,2023-03-30,617090,16403,633493,0,0,0,0.974107
227300,Euro Truck Simulator 2,2023-03-31,617281,16405,633686,191,2,193,0.974112
227300,Euro Truck Simulator 2,2023-04-01,617498,16405,633903,217,0,217,0.974121
227300,Euro Truck Simulator 2,2023-04-02,617780,16415,634195,282,10,292,0.974117
227300,Euro Truck Simulator 2,2023-04-03,618031,16421,634452,251,6,257,0.974118
227300,Euro Truck Simulator 2,2023-04-04,618311,16428,634739,280,7,287,0.974118
227300,Euro Truck Simulator 2,2023-04-05,618311,16428,634739,0,0,0,0.974118
227300,Euro Truck Simulator 2,2023-04-06,618649,16435,635084,338,7,345,0.974122
227300,Euro Truck Simulator 2,2023-04-07,618983,16445,635428,334,10,344,0.97412
227300,Euro Truck Simulator 2,2023-04-08,619454,16465,635919,471,20,491,0.974108
227300,Euro Truck Simulator 2,2023-04-09,619982,16486,636468,528,21,549,0.974098
227300,Euro Truck Simulator 2,2023-04-10,620506,16494,637000,524,8,532,0.974107
227300,Euro Truck Simulator 2,2023-04-11,620506,16494,637000,0,0,0,0.974107
227300,Euro Truck Simulator 2,2023-04-12,620908,16503,637411,402,9,411,0.974109
227300,Euro Truck Simulator 2,2023-04-13,621205,16509,637714,297,6,303,0.974112
227300,Euro Truck Simulator 2,2023-04-14,621881,16522,638403,676,13,689,0.97412
227300,Euro Truck Simulator 2,2023-04-15,622368,16537,638905,487,15,502,0.974117
227300,Euro Truck Simulator 2,2023-04-16,622826,16547,639373,458,10,468,0.97412
227300,Euro Truck Simulator 2,2023-04-17,623147,16554,639701,321,7,328,0.974122
227300,Euro Truck Simulator 2,2023-04-18,623147,16554,639701,0,0,0,0.974122
227300,Euro Truck Simulator 2,2023-04-19,623393,16564,639957,246,10,256,0.974117
227300,Euro Truck Simulator 2,2023-04-20,623568,16573,640141,175,9,184,0.97411
227300,Euro Truck Simulator 2,2023-04-21,623791,16580,640371,223,7,230,0.974109
227300,Euro Truck Simulator 2,2023-04-22,624034,16591,640625,243,11,254,0.974102
227300,Euro Truck Simulator 2,2023-04-23,624332,16594,640926,298,3,301,0.974109
227300,Euro Truck Simulator 2,2023-04-24,624520,16604,641124,188,10,198,0.974102
227300,Euro Truck Simulator 2,2023-04-25,624520,16604,641124,0,0,0,0.974102
227300,Euro Truck Simulator 2,2023-04-26,624706,16615,641321,186,11,197,0.974093
227300,Euro Truck Simulator 2,2023-04-27,624896,16618,641514,190,3,193,0.974096
227300,Euro Truck Simulator 2,2023-04-28,625063,16624,641687,167,6,173,0.974093
227300,Euro Truck Simulator 2,2023-04-29,625238,16637,641875,175,13,188,0.974081
227300,Euro Truck Simulator 2,2023-04-30,625550,16645,642195,312,8,320,0.974081
227300,Euro Truck Simulator 2,2023-05-01,625550,16645,642195,0,0,0,0.974081
227300,Euro Truck Simulator 2,2023-05-02,625805,16655,642460,255,10,265,0.974076
227300,Euro Truck Simulator 2,2023-05-03,626016,16658,642674,211,3,214,0.97408
227300,Euro Truck Simulator 2,2023-05-04,626174,16661,642835,158,3,161,0.974082
227300,Euro Truck Simulator 2,2023-05-05,626345,16661,643006,171,0,171,0.974089
227300,Euro Truck Simulator 2,2023-05-06,626557,16665,643222,212,4,216,0.974091
227300,Euro Truck Simulator 2,2023-05-07,626770,16677,643447,213,12,225,0.974082
227300,Euro Truck Simulator 2,2023-05-08,626770,16677,643447,0,0,0,0.974082
227300,Euro Truck Simulator 2,2023-05-09,626937,16682,643619,167,5,172,0.974081
227300,Euro Truck Simulator 2,2023-05-10,627082,16682,643764,145,0,145,0.974087
227300,Euro Truck Simulator 2,2023-05-11,627211,16685,643896,129,3,132,0.974087
227300,Euro Truck Simulator 2,2023-05-12,627389,16687,644076,178,2,180,0.974092
227300,Euro Truck Simulator 2,2023-05-13,627596,16691,644287,207,4,211,0.974094
227300,Euro Truck Simulator 2,2023-05-14,627596,16691,644287,0,0,0,0.974094
227300,Euro Truck Simulator 2,2023-05-15,627809,16699,644508,213,8,221,0.97409
227300,Euro Truck Simulator 2,2023-05-16,627995,16696,644691,186,-3,183,0.974102
227300,Euro Truck Simulator 2,2023-05-17,628411,16708,645119,416,12,428,0.974101
227300,Euro Truck Simulator 2,2023-05-18,628871,16705,645576,460,-3,457,0.974124
227300,Euro Truck Simulator 2,2023-05-19,629359,16705,646064,488,0,488,0.974143
227300,Euro Truck Simulator 2,2023-05-20,629359,16705,646064,0,0,0,0.974143
227300,Euro Truck Simulator 2,2023-05-21,629857,16715,646572,498,10,508,0.974148
227300,Euro Truck Simulator 2,2023-05-22,630312,16724,647036,455,9,464,0.974153
227300,Euro Truck Simulator 2,2023-05-23,630665,16733,647398,353,9,362,0.974153
227300,Euro Truck Simulator 2,2023-05-24,630989,16749,647738,324,16,340,0.974142
227300,Euro Truck Simulator 2,2023-05-25,631423,16756,648179,434,7,441,0.974149
227300,Euro Truck Simulator 2,2023-05-26,631423,16756,648179,0,0,0,0.974149
227300,Euro Truck Simulator 2,2023-05-27,631423,16756,648179,0,0,0,0.974149
227300,Euro Truck Simulator 2,2023-05-28,632153,16784,648937,730,28,758,0.974136
227300,Euro Truck Simulator 2,2023-05-29,632452,16791,649243,299,7,306,0.974138
227300,Euro Truck Simulator 2,2023-05-30,632708,16791,649499,256,0,256,0.974148
227300,Euro Truck Simulator 2,2023-05-31,632960,16796,649756,252,5,257,0.97415
227300,Euro Truck Simulator 2,2023-06-01,632960,16796,649756,0,0,0,0.97415
227300,Euro Truck Simulator 2,2023-06-02,633163,16802,649965,203,6,209,0.974149
227300,Euro Truck Simulator 2,2023-06-03,633362,16809,650171,199,7,206,0.974147
227300,Euro Truck Simulator 2,2023-06-04,633668,16819,650487,306,10,316,0.974144
227300,Euro Truck Simulator 2,2023-06-05,633919,16824,650743,251,5,256,0.974146
227300,Euro Truck Simulator 2,2023-06-06,634139,16829,650968,220,5,225,0.974148
227300,Euro Truck Simulator 2,2023-06-07,634139,16829,650968,0,0,0,0.974148
227300,Euro Truck Simulator 2,2023-06-08,634349,16830,651179,210,1,211,0.974155
227300,Euro Truck Simulator 2,2023-06-09,634581,16838,651419,232,8,240,0.974152
227300,Euro Truck Simulator 2,2023-06-10,634809,16849,651658,228,11,239,0.974144
227300,Euro Truck Simulator 2,2023-06-11,635068,16852,651920,259,3,262,0.97415
227300,Euro Truck Simulator 2,2023-06-12,635307,16859,652166,239,7,246,0.974149
227300,Euro Truck Simulator 2,2023-06-13,635307,16859,652166,0,0,0,0.974149
227300,Euro Truck Simulator 2,2023-06-14,635544,16865,652409,237,6,243,0.97415
227300,Euro Truck Simulator 2,2023-06-15,635718,16868,652586,174,3,177,0.974152
227300,Euro Truck Simulator 2,2023-06-16,635948,16876,652824,230,8,238,0.974149
227300,Euro Truck Simulator 2,2023-06-17,636231,16886,653117,283,10,293,0.974146
227300,Euro Truck Simulator 2,2023-06-18,636470,16894,653364,239,8,247,0.974143
227300,Euro Truck Simulator 2,2023-06-19,636470,16894,653364,0,0,0,0.974143
227300,Euro Truck Simulator 2,2023-06-20,636681,16895,653576,211,1,212,0.97415
227300,Euro Truck Simulator 2,2023-06-21,636879,16902,653781,198,7,205,0.974147
227300,Euro Truck Simulator 2,2023-06-22,637117,16909,654026,238,7,245,0.974146
227300,Euro Truck Simulator 2,2023-06-23,637366,16920,654286,249,11,260,0.97414
227300,Euro Truck Simulator 2,2023-06-24,637366,16920,654286,0,0,0,0.97414
227300,Euro Truck Simulator 2,2023-06-25,637598,16928,654526,232,8,240,0.974137
227300,Euro Truck Simulator 2,2023-06-26,637801,16940,654741,203,12,215,0.974127
227300,Euro Truck Simulator 2,2023-06-27,638042,16945,654987,241,5,246,0.974129
227300,Euro Truck Simulator 2,2023-06-28,638293,16949,655242,251,4,255,0.974133
227300,Euro Truck Simulator 2,2023-06-29,638293,16949,655242,0,0,0,0.974133
227300,Euro Truck Simulator 2,2023-06-30,638574,16960,655534,281,11,292,0.974128
227300,Euro Truck Simulator 2,2023-07-01,639005,16970,655975,431,10,441,0.97413
227300,Euro Truck Simulator 2,2023-07-02,639652,16981,656633,647,11,658,0.974139
227300,Euro Truck Simulator 2,2023-07-03,639652,16981,656633,0,0,0,0.974139
227300,Euro Truck Simulator 2,2023-07-04,640132,16991,657123,480,10,490,0.974143
227300,Euro Truck Simulator 2,2023-07-05,640619,16996,657615,487,5,492,0.974155
227300,Euro Truck Simulator 2,2023-07-06,641181,17009,658190,562,13,575,0.974158
227300,Euro Truck Simulator 2,2023-07-07,641181,17009,658190,0,0,0,0.974158
227300,Euro Truck Simulator 2,2023-07-08,641721,17015,658736,540,6,546,0.97417
227300,Euro Truck Simulator 2,2023-07-09,642157,17022,659179,436,7,443,0.974177
227300,Euro Truck Simulator 2,2023-07-10,642766,17039,659805,609,17,626,0.974176
227300,Euro Truck Simulator 2,2023-07-11,642766,17039,659805,0,0,0,0.974176
227300,Euro Truck Simulator 2,2023-07-12,643349,17049,660398,583,10,593,0.974184
227300,Euro Truck Simulator 2,2023-07-13,643870,17061,660931,521,12,533,0.974186
227300,Euro Truck Simulator 2,2023-07-14,644446,17076,661522,576,15,591,0.974187
227300,Euro Truck Simulator 2,2023-07-15,644446,17076,661522,0,0,0,0.974187
227300,Euro Truck Simulator 2,2023-07-16,644922,17083,662005,476,7,483,0.974195
227300,Euro Truck Simulator 2,2023-07-17,645383,17092,662475,461,9,470,0.9742
227300,Euro Truck Simulator 2,2023-07-18,646130,17109,663239,747,17,764,0.974204
227300,Euro Truck Simulator 2,2023-07-19,646130,17109,663239,0,0,0,0.974204
227300,Euro Truck Simulator 2,2023-07-20,646487,17119,663606,357,10,367,0.974203
227300,Euro Truck Simulator 2,2023-07-21,646753,17129,663882,266,10,276,0.974199
227300,Euro Truck Simulator 2,2023-07-22,647097,17145,664242,344,16,360,0.974189
227300,Euro Truck Simulator 2,2023-07-23,647097,17145,664242,0,0,0,0.974189
227300,Euro Truck Simulator 2,2023-07-24,647418,17151,664569,321,6,327,0.974192
227300,Euro Truck Simulator 2,2023-07-25,647689,17157,664846,271,6,277,0.974194
227300,Euro Truck Simulator 2,2023-07-26,647689,17157,664846,0,0,0,0.974194
227300,Euro Truck Simulator 2,2023-07-27,648310,17180,665490,621,23,644,0.974184
227300,Euro Truck Simulator 2,2023-07-28,648310,17180,665490,0,0,0,0.974184
227300,Euro Truck Simulator 2,2023-07-29,648564,17182,665746,254,2,256,0.974191
227300,Euro Truck Simulator 2,2023-07-30,648863,17189,666052,299,7,306,0.974193
227300,Euro Truck Simulator 2,2023-07-31,649170,17194,666364,307,5,312,0.974197
227300,Euro Truck Simulator 2,2023-08-01,649170,17194,666364,0,0,0,0.974197
227300,Euro Truck Simulator 2,2023-08-02,649456,17206,666662,286,12,298,0.974191
227300,Euro Truck Simulator 2,2023-08-03,649809,17217,667026,353,11,364,0.974188
227300,Euro Truck Simulator 2,2023-08-04,649809,17217,667026,0,0,0,0.974188
227300,Euro Truck Simulator 2,2023-08-05,649809,17217,667026,0,0,0,0.974188
227300,Euro Truck Simulator 2,2023-08-06,650798,17235,668033,989,18,1007,0.9742
227300,Euro Truck Simulator 2,2023-08-07,651312,17240,668552,514,5,519,0.974213
227300,Euro Truck Simulator 2,2023-08-08,652334,17269,669603,1022,29,1051,0.97421
227300,Euro Truck Simulator 2,2023-08-09,653031,17278,670309,697,9,706,0.974224
227300,Euro Truck Simulator 2,2023-08-10,653031,17278,670309,0,0,0,0.974224
227300,Euro Truck Simulator 2,2023-08-11,653763,17302,671065,732,24,756,0.974217
227300,Euro Truck Simulator 2,2023-08-12,654321,17338,671659,558,36,594,0.974186
227300,Euro Truck Simulator 2,2023-08-13,654882,17374,672256,561,36,597,0.974156
227300,Euro Truck Simulator 2,2023-08-14,654882,17374,672256,0,0,0,0.974156
227300,Euro Truck Simulator 2,2023-08-15,655264,17380,672644,382,6,388,0.974162
227300,Euro Truck Simulator 2,2023-08-16,655625,17389,673014,361,9,370,0.974162
227300,Euro Truck Simulator 2,2023-08-17,656170,17410,673580,545,21,566,0.974153
227300,Euro Truck Simulator 2,2023-08-18,656170,17410,673580,0,0,0,0.974153
227300,Euro Truck Simulator 2,2023-08-19,656572,17428,674000,402,18,420,0.974142
227300,Euro Truck Simulator 2,2023-08-20,656904,17444,674348,332,16,348,0.974132
227300,Euro Truck Simulator 2,2023-08-21,657272,17456,674728,368,12,380,0.974129
227300,Euro Truck Simulator 2,2023-08-22,657272,17456,674728,0,0,0,0.974129
227300,Euro Truck Simulator 2,2023-08-23,657533,17463,674996,261,7,268,0.974129
227300,Euro Truck Simulator 2,2023-08-24,657802,17477,675279,269,14,283,0.974119
227300,Euro Truck Simulator 2,2023-08-25,658105,17492,675597,303,15,318,0.974109
227300,Euro Truck Simulator 2,2023-08-26,658105,17492,675597,0,0,0,0.974109
227300,Euro Truck Simulator 2,2023-08-27,658400,17509,675909,295,17,312,0.974096
227300,Euro Truck Simulator 2,2023-08-28,658692,17509,676201,292,0,292,0.974107
227300,Euro Truck Simulator 2,2023-08-29,659026,17527,676553,334,18,352,0.974094
227300,Euro Truck Simulator 2,2023-08-30,659026,17527,676553,0,0,0,0.974094
227300,Euro Truck Simulator 2,2023-08-31,659298,17533,676831,272,6,278,0.974095
227300,Euro Truck Simulator 2,2023-09-01,659547,17542,677089,249,9,258,0.974092
227300,Euro Truck Simulator 2,2023-09-02,659826,17553,677379,279,11,290,0.974087
227300,Euro Truck Simulator 2,2023-09-03,659826,17553,677379,0,0,0,0.974087
227300,Euro Truck Simulator 2,2023-09-04,660124,17563,677687,298,10,308,0.974084
227300,Euro Truck Simulator 2,2023-09-05,660324,17569,677893,200,6,206,0.974083
227300,Euro Truck Simulator 2,2023-09-06,660548,17573,678121,224,4,228,0.974086
227300,Euro Truck Simulator 2,2023-09-07,660806,17580,678386,258,7,265,0.974086
227300,Euro Truck Simulator 2,2023-09-08,660806,17580,678386,0,0,0,0.974086
227300,Euro Truck Simulator 2,2023-09-09,661026,17583,678609,220,3,223,0.97409
227300,Euro Truck Simulator 2,2023-09-10,661309,17586,678895,283,3,286,0.974096
227300,Euro Truck Simulator 2,2023-09-11,661705,17601,679306,396,15,411,0.97409
227300,Euro Truck Simulator 2,2023-09-12,661705,17601,679306,0,0,0,0.97409
227300,Euro Truck Simulator 2,2023-09-13,662034,17608,679642,329,7,336,0.974092
227300,Euro Truck Simulator 2,2023-09-14,662389,17608,679997,355,0,355,0.974106
227300,Euro Truck Simulator 2,2023-09-15,662829,17620,680449,440,12,452,0.974105
227300,Euro Truck Simulator 2,2023-09-16,662829,17620,680449,0,0,0,0.974105
227300,Euro Truck Simulator 2,2023-09-17,663330,17637,680967,501,17,518,0.9741
227300,Euro Truck Simulator 2,2023-09-18,663822,17642,681464,492,5,497,0.974112
227300,Euro Truck Simulator 2,2023-09-19,664307,17654,681961,485,12,497,0.974113
227300,Euro Truck Simulator 2,2023-09-20,664307,17654,681961,0,0,0,0.974113
227300,Euro Truck Simulator 2,2023-09-21,664666,17670,682336,359,16,375,0.974104
227300,Euro Truck Simulator 2,2023-09-22,664921,17745,682666,255,75,330,0.974006
227300,Euro Truck Simulator 2,2023-09-23,665345,17763,683108,424,18,442,0.973997
227300,Euro Truck Simulator 2,2023-09-24,665345,17763,683108,0,0,0,0.973997
227300,Euro Truck Simulator 2,2023-09-25,665655,17777,683432,310,14,324,0.973989
227300,Euro Truck Simulator 2,2023-09-26,665853,17782,683635,198,5,203,0.973989
227300,Euro Truck Simulator 2,2023-09-27,666119,17788,683907,266,6,272,0.973991
227300,Euro Truck Simulator 2,2023-09-28,666119,17788,683907,0,0,0,0.973991
227300,Euro Truck Simulator 2,2023-09-29,666295,17790,684085,176,2,178,0.973994
227300,Euro Truck Simulator 2,2023-09-30,666532,17804,684336,237,14,251,0.973984
227300,Euro Truck Simulator 2,2023-10-01,666874,17818,684692,342,14,356,0.973977
227300,Euro Truck Simulator 2,2023-10-02,666874,17818,684692,0,0,0,0.973977
227300,Euro Truck Simulator 2,2023-10-03,667094,17824,684918,220,6,226,0.973976
227300,Euro Truck Simulator 2,2023-10-04,667279,17828,685107,185,4,189,0.973978
227300,Euro Truck Simulator 2,2023-10-05,667550,17830,685380,271,2,273,0.973985
227300,Euro Truck Simulator 2,2023-10-06,667550,17830,685380,0,0,0,0.973985
227300,Euro Truck Simulator 2,2023-10-07,667774,17835,685609,224,5,229,0.973987
227300,Euro Truck Simulator 2,2023-10-08,668067,17846,685913,293,11,304,0.973982
227300,Euro Truck Simulator 2,2023-10-09,668381,17853,686234,314,7,321,0.973984
227300,Euro Truck Simulator 2,2023-10-10,668381,17853,686234,0,0,0,0.973984
227300,Euro Truck Simulator 2,2023-10-11,668550,17859,686409,169,6,175,0.973982
227300,Euro Truck Simulator 2,2023-10-12,668898,17874,686772,348,15,363,0.973974
227300,Euro Truck Simulator 2,2023-10-13,669439,17901,687340,541,27,568,0.973956
227300,Euro Truck Simulator 2,2023-10-14,669439,17901,687340,0,0,0,0.973956
227300,Euro Truck Simulator 2,2023-10-15,669761,17910,687671,322,9,331,0.973956
227300,Euro Truck Simulator 2,2023-10-16,670066,17916,687982,305,6,311,0.973959
227300,Euro Truck Simulator 2,2023-10-17,670066,17916,687982,0,0,0,0.973959
227300,Euro Truck Simulator 2,2023-10-18,670376,17932,688308,310,16,326,0.973948
227300,Euro Truck Simulator 2,2023-10-19,670633,17942,688575,257,10,267,0.973943
227300,Euro Truck Simulator 2,2023-10-20,671200,17958,689158,567,16,583,0.973942
227300,Euro Truck Simulator 2,2023-10-21,671200,17958,689158,0,0,0,0.973942
227300,Euro Truck Simulator 2,2023-10-22,671825,17975,689800,625,17,642,0.973942
227300,Euro Truck Simulator 2,2023-10-23,672375,17986,690361,550,11,561,0.973947
227300,Euro Truck Simulator 2,2023-10-24,673117,18006,691123,742,20,762,0.973947
227300,Euro Truck Simulator 2,2023-10-25,673117,18006,691123,0,0,0,0.973947
227300,Euro Truck Simulator 2,2023-10-26,673720,18019,691739,603,13,616,0.973951
227300,Euro Truck Simulator 2,2023-10-27,674200,18039,692239,480,20,500,0.973941
227300,Euro Truck Simulator 2,2023-10-28,674885,18058,692943,685,19,704,0.97394
227300,Euro Truck Simulator 2,2023-10-29,675767,18079,693846,882,21,903,0.973944
227300,Euro Truck Simulator 2,2023-10-30,675767,18079,693846,0,0,0,0.973944
227300,Euro Truck Simulator 2,2023-10-31,676484,18089,694573,717,10,727,0.973957
227300,Euro Truck Simulator 2,2023-11-01,677177,18114,695291,693,25,718,0.973948
227300,Euro Truck Simulator 2,2023-11-02,677981,18148,696129,804,34,838,0.97393
227300,Euro Truck Simulator 2,2023-11-03,677981,18148,696129,0,0,0,0.97393
227300,Euro Truck Simulator 2,2023-11-04,678401,18167,696568,420,19,439,0.973919
227300,Euro Truck Simulator 2,2023-11-05,678966,18186,697152,565,19,584,0.973914
227300,Euro Truck Simulator 2,2023-11-06,678966,18186,697152,0,0,0,0.973914
227300,Euro Truck Simulator 2,2023-11-07,679368,18196,697564,402,10,412,0.973915
227300,Euro Truck Simulator 2,2023-11-08,679670,18196,697866,302,0,302,0.973926
227300,Euro Truck Simulator 2,2023-11-09,679987,18214,698201,317,18,335,0.973913
227300,Euro Truck Simulator 2,2023-11-10,679987,18214,698201,0,0,0,0.973913
227300,Euro Truck Simulator 2,2023-11-11,680286,18220,698506,299,6,305,0.973916
227300,Euro Truck Simulator 2,2023-11-12,680751,18232,698983,465,12,477,0.973916
227300,Euro Truck Simulator 2,2023-11-13,680751,18232,698983,0,0,0,0.973916
227300,Euro Truck Simulator 2,2023-11-14,681008,18244,699252,257,12,269,0.973909
227300,Euro Truck Simulator 2,2023-11-15,681301,18251,699552,293,7,300,0.97391
227300,Euro Truck Simulator 2,2023-11-16,681301,18251,699552,0,0,0,0.97391
227300,Euro Truck Simulator 2,2023-11-17,681620,18252,699872,319,1,320,0.973921
227300,Euro Truck Simulator 2,2023-11-18,681910,18265,700175,290,13,303,0.973914
227300,Euro Truck Simulator 2,2023-11-19,681910,18265,700175,0,0,0,0.973914
227300,Euro Truck Simulator 2,2023-11-20,682381,18278,700659,471,13,484,0.973913
227300,Euro Truck Simulator 2,2023-11-21,683139,18280,701419,758,2,760,0.973939
227300,Euro Truck Simulator 2,2023-11-22,683139,18280,701419,0,0,0,0.973939
227300,Euro Truck Simulator 2,2023-11-23,688112,18298,706410,4973,18,4991,0.974097
227300,Euro Truck Simulator 2,2023-11-24,690844,18317,709161,2732,19,2751,0.974171
227300,Euro Truck Simulator 2,2023-11-25,690844,18317,709161,0,0,0,0.974171
227300,Euro Truck Simulator 2,2023-11-26,692887,18338,711225,2043,21,2064,0.974216
227300,Euro Truck Simulator 2,2023-11-27,694875,18362,713237,1988,24,2012,0.974255
227300,Euro Truck Simulator 2,2023-11-28,694875,18362,713237,0,0,0,0.974255
227300,Euro Truck Simulator 2,2023-11-29,696161,18389,714550,1286,27,1313,0.974265
227300,Euro Truck Simulator 2,2023-11-30,696741,18410,715151,580,21,601,0.974257
227300,Euro Truck Simulator 2,2023-12-01,696741,18410,715151,0,0,0,0.974257
227300,Euro Truck Simulator 2,2023-12-02,697139,18415,715554,398,5,403,0.974265
227300,Euro Truck Simulator 2,2023-12-03,697803,18438,716241,664,23,687,0.974257
227300,Euro Truck Simulator 2,2023-12-04,697803,18438,716241,0,0,0,0.974257
227300,Euro Truck Simulator 2,2023-12-05,698168,18444,716612,365,6,371,0.974262
227300,Euro Truck Simulator 2,2023-12-06,698612,18463,717075,444,19,463,0.974252
227300,Euro Truck Simulator 2,2023-12-07,698612,18463,717075,0,0,0,0.974252
227300,Euro Truck Simulator 2,2023-12-08,699200,18471,717671,588,8,596,0.974263
227300,Euro Truck Simulator 2,2023-12-09,699885,18486,718371,685,15,700,0.974267
227300,Euro Truck Simulator 2,2023-12-10,699885,18486,718371,0,0,0,0.974267
227300,Euro Truck Simulator 2,2023-12-11,700403,18498,718901,518,12,530,0.974269
227300,Euro Truck Simulator 2,2023-12-12,700851,18506,719357,448,8,456,0.974274
227300,Euro Truck Simulator 2,2023-12-13,700851,18506,719357,0,0,0,0.974274
227300,Euro Truck Simulator 2,2023-12-14,701136,18508,719644,285,2,287,0.974282
227300,Euro Truck Simulator 2,2023-12-15,701751,18522,720273,615,14,629,0.974285
227300,Euro Truck Simulator 2,2023-12-16,701751,18522,720273,0,0,0,0.974285
227300,Euro Truck Simulator 2,2023-12-17,702239,18541,720780,488,19,507,0.974276
227300,Euro Truck Simulator 2,2023-12-18,702630,18545,721175,391,4,395,0.974285
227300,Euro Truck Simulator 2,2023-12-19,702630,18545,721175,0,0,0,0.974285
227300,Euro Truck Simulator 2,2023-12-20,702923,18543,721466,293,-2,291,0.974298
227300,Euro Truck Simulator 2,2023-12-21,703203,18558,721761,280,15,295,0.974288
227300,Euro Truck Simulator 2,2023-12-22,703203,18558,721761,0,0,0,0.974288
227300,Euro Truck Simulator 2,2023-12-23,703633,18566,722199,430,8,438,0.974292
227300,Euro Truck Simulator 2,2023-12-24,704254,18589,722843,621,23,644,0.974283
227300,Euro Truck Simulator 2,2023-12-25,704254,18589,722843,0,0,0,0.974283
227300,Euro Truck Simulator 2,2023-12-26,704778,18604,723382,524,15,539,0.974282
227300,Euro Truck Simulator 2,2023-12-27,705505,18620,724125,727,16,743,0.974286
227300,Euro Truck Simulator 2,2023-12-28,705505,18620,724125,0,0,0,0.974286
227300,Euro Truck Simulator 2,2023-12-29,706058,18627,724685,553,7,560,0.974296
227300,Euro Truck Simulator 2,2023-12-30,706058,18627,724685,0,0,0,0.974296
227300,Euro Truck Simulator 2,2023-12-31,706770,18642,725412,712,15,727,0.974302
227300,Euro Truck Simulator 2,2024-01-01,707357,18658,726015,587,16,603,0.974301
227300,Euro Truck Simulator 2,2024-01-02,707357,18658,726015,0,0,0,0.974301
227300,Euro Truck Simulator 2,2024-01-03,707944,18678,726622,587,20,607,0.974295
227300,Euro Truck Simulator 2,2024-01-04,708522,18689,727211,578,11,589,0.9743
227300,Euro Truck Simulator 2,2024-01-05,708522,18689,727211,0,0,0,0.9743
227300,Euro Truck Simulator 2,2024-01-06,708972,18695,727667,450,6,456,0.974308
227300,Euro Truck Simulator 2,2024-01-07,709564,18705,728269,592,10,602,0.974316
227300,Euro Truck Simulator 2,2024-01-08,709564,18705,728269,0,0,0,0.974316
227300,Euro Truck Simulator 2,2024-01-09,709864,18718,728582,300,13,313,0.974309
227300,Euro Truck Simulator 2,2024-01-10,710206,18727,728933,342,9,351,0.974309
227300,Euro Truck Simulator 2,2024-01-11,710206,18727,728933,0,0,0,0.974309
227300,Euro Truck Simulator 2,2024-01-12,710532,18731,729263,326,4,330,0.974315
227300,Euro Truck Simulator 2,2024-01-13,710872,18734,729606,340,3,343,0.974323
227300,Euro Truck Simulator 2,2024-01-14,710872,18734,729606,0,0,0,0.974323
227300,Euro Truck Simulator 2,2024-01-15,711333,18753,730086,461,19,480,0.974314
227300,Euro Truck Simulator 2,2024-01-16,711733,18761,730494,400,8,408,0.974317
227300,Euro Truck Simulator 2,2024-01-17,711733,18761,730494,0,0,0,0.974317
227300,Euro Truck Simulator 2,2024-01-18,712173,18771,730944,440,10,450,0.97432
227300,Euro Truck Simulator 2,2024-01-19,712728,18782,731510,555,11,566,0.974324
227300,Euro Truck Simulator 2,2024-01-20,712728,18782,731510,0,0,0,0.974324
227300,Euro Truck Simulator 2,2024-01-21,713259,18801,732060,531,19,550,0.974318
227300,Euro Truck Simulator 2,2024-01-22,713259,18801,732060,0,0,0,0.974318
227300,Euro Truck Simulator 2,2024-01-23,713836,18810,732646,577,9,586,0.974326
227300,Euro Truck Simulator 2,2024-01-24,714253,18809,733062,417,-1,416,0.974342
227300,Euro Truck Simulator 2,2024-01-25,714253,18809,733062,0,0,0,0.974342
227300,Euro Truck Simulator 2,2024-01-26,714664,18824,733488,411,15,426,0.974336
227300,Euro Truck Simulator 2,2024-01-27,715040,18837,733877,376,13,389,0.974332
227300,Euro Truck Simulator 2,2024-01-28,715040,18837,733877,0,0,0,0.974332
227300,Euro Truck Simulator 2,2024-01-29,715577,18850,734427,537,13,550,0.974334
227300,Euro Truck Simulator 2,2024-01-30,715577,18850,734427,0,0,0,0.974334
227300,Euro Truck Simulator 2,2024-01-31,715871,18852,734723,294,2,296,0.974341
227300,Euro Truck Simulator 2,2024-02-01,716168,18860,735028,297,8,305,0.974341
227300,Euro Truck Simulator 2,2024-02-02,716168,18860,735028,0,0,0,0.974341
227300,Euro Truck Simulator 2,2024-02-03,716488,18869,735357,320,9,329,0.97434
227300,Euro Truck Simulator 2,2024-02-04,716920,18884,735804,432,15,447,0.974336
227300,Euro Truck Simulator 2,2024-02-05,716920,18884,735804,0,0,0,0.974336
227300,Euro Truck Simulator 2,2024-02-06,717211,18894,736105,291,10,301,0.974332
227300,Euro Truck Simulator 2,2024-02-07,717723,18911,736634,512,17,529,0.974328
227300,Euro Truck Simulator 2,2024-02-08,717723,18911,736634,0,0,0,0.974328
227300,Euro Truck Simulator 2,2024-02-09,717989,18917,736906,266,6,272,0.974329
227300,Euro Truck Simulator 2,2024-02-10,718405,18925,737330,416,8,424,0.974333
227300,Euro Truck Simulator 2,2024-02-11,718405,18925,737330,0,0,0,0.974333
227300,Euro Truck Simulator 2,2024-02-12,718789,18930,737719,384,5,389,0.97434
227300,Euro Truck Simulator 2,2024-02-13,718789,18930,737719,0,0,0,0.97434
227300,Euro Truck Simulator 2,2024-02-14,719144,18932,738076,355,2,357,0.97435
227300,Euro Truck Simulator 2,2024-02-15,719144,18932,738076,0,0,0,0.97435
227300,Euro Truck Simulator 2,2024-02-16,719456,18940,738396,312,8,320,0.97435
227300,Euro Truck Simulator 2,2024-02-17,719808,18953,738761,352,13,365,0.974345
227300,Euro Truck Simulator 2,2024-02-18,719808,18953,738761,0,0,0,0.974345
227300,Euro Truck Simulator 2,2024-02-19,720108,18960,739068,300,7,307,0.974346
227300,Euro Truck Simulator 2,2024-02-20,720108,18960,739068,0,0,0,0.974346
227300,Euro Truck Simulator 2,2024-02-21,720432,18977,739409,324,17,341,0.974335
227300,Euro Truck Simulator 2,2024-02-22,720649,18984,739633,217,7,224,0.974333
227300,Euro Truck Simulator 2,2024-02-23,720649,18984,739633,0,0,0,0.974333
227300,Euro Truck Simulator 2,2024-02-24,720981,18998,739979,332,14,346,0.974326
227300,Euro Truck Simulator 2,2024-02-25,720981,18998,739979,0,0,0,0.974326
227300,Euro Truck Simulator 2,2024-02-26,721388,19007,740395,407,9,416,0.974329
227300,Euro Truck Simulator 2,2024-02-27,721659,19019,740678,271,12,283,0.974322
227300,Euro Truck Simulator 2,2024-02-28,721659,19019,740678,0,0,0,0.974322
227300,Euro Truck Simulator 2,2024-02-29,722022,19030,741052,363,11,374,0.97432
227300,Euro Truck Simulator 2,2024-03-01,722440,19039,741479,418,9,427,0.974323
227300,Euro Truck Simulator 2,2024-03-02,722440,19039,741479,0,0,0,0.974323
227300,Euro Truck Simulator 2,2024-03-03,723269,19056,742325,829,17,846,0.974329
227300,Euro Truck Simulator 2,2024-03-04,723269,19056,742325,0,0,0,0.974329
227300,Euro Truck Simulator 2,2024-03-05,723800,19074,742874,531,18,549,0.974324
227300,Euro Truck Simulator 2,2024-03-06,723800,19074,742874,0,0,0,0.974324
227300,Euro Truck Simulator 2,2024-03-07,724123,19078,743201,323,4,327,0.97433
227300,Euro Truck Simulator 2,2024-03-08,724123,19078,743201,0,0,0,0.97433
227300,Euro Truck Simulator 2,2024-03-09,724658,19096,743754,535,18,553,0.974325
227300,Euro Truck Simulator 2,2024-03-10,724658,19096,743754,0,0,0,0.974325
227300,Euro Truck Simulator 2,2024-03-11,725079,19111,744190,421,15,436,0.97432
227300,Euro Truck Simulator 2,2024-03-12,725079,19111,744190,0,0,0,0.97432
227300,Euro Truck Simulator 2,2024-03-13,725395,19123,744518,316,12,328,0.974315
227300,Euro Truck Simulator 2,2024-03-14,725668,19127,744795,273,4,277,0.974319
227300,Euro Truck Simulator 2,2024-03-15,725668,19127,744795,0,0,0,0.974319
227300,Euro Truck Simulator 2,2024-03-16,726081,19137,745218,413,10,423,0.97432
227300,Euro Truck Simulator 2,2024-03-17,726081,19137,745218,0,0,0,0.97432
227300,Euro Truck Simulator 2,2024-03-18,726681,19151,745832,600,14,614,0.974323
227300,Euro Truck Simulator 2,2024-03-19,727109,19156,746265,428,5,433,0.974331
227300,Euro Truck Simulator 2,2024-03-20,727109,19156,746265,0,0,0,0.974331
227300,Euro Truck Simulator 2,2024-03-21,727473,19171,746644,364,15,379,0.974324
227300,Euro Truck Simulator 2,2024-03-22,727937,19190,747127,464,19,483,0.974315
227300,Euro Truck Simulator 2,2024-03-23,727937,19190,747127,0,0,0,0.974315
227300,Euro Truck Simulator 2,2024-03-24,728371,19205,747576,434,15,449,0.97431
227300,Euro Truck Simulator 2,2024-03-25,728371,19205,747576,0,0,0,0.97431
227300,Euro Truck Simulator 2,2024-03-26,728808,19219,748027,437,14,451,0.974307
227300,Euro Truck Simulator 2,2024-03-27,729052,19222,748274,244,3,247,0.974312
227300,Euro Truck Simulator 2,2024-03-28,729052,19222,748274,0,0,0,0.974312
227300,Euro Truck Simulator 2,2024-03-29,729413,19227,748640,361,5,366,0.974317
227300,Euro Truck Simulator 2,2024-03-30,729795,19229,749024,382,2,384,0.974328
227300,Euro Truck Simulator 2,2024-03-31,729795,19229,749024,0,0,0,0.974328
227300,Euro Truck Simulator 2,2024-04-01,730214,19238,749452,419,9,428,0.974331
227300,Euro Truck Simulator 2,2024-04-02,730499,19241,749740,285,3,288,0.974336
227300,Euro Truck Simulator 2,2024-04-03,730674,19247,749921,175,6,181,0.974335
227300,Euro Truck Simulator 2,2024-04-04,730674,19247,749921,0,0,0,0.974335
227300,Euro Truck Simulator 2,2024-04-05,731044,19250,750294,370,3,373,0.974343
227300,Euro Truck Simulator 2,2024-04-06,731044,19250,750294,0,0,0,0.974343
227300,Euro Truck Simulator 2,2024-04-07,731348,19263,750611,304,13,317,0.974337
227300,Euro Truck Simulator 2,2024-04-08,731662,19272,750934,314,9,323,0.974336
227300,Euro Truck Simulator 2,2024-04-09,731777,19273,751050,115,1,116,0.974339
227300,Euro Truck Simulator 2,2024-04-10,731972,19289,751261,195,16,211,0.974325
227300,Euro Truck Simulator 2,2024-04-11,732340,19301,751641,368,12,380,0.974322
227300,Euro Truck Simulator 2,2024-04-12,732528,19308,751836,188,7,195,0.974319
227300,Euro Truck Simulator 2,2024-04-13,732820,19322,752142,292,14,306,0.974311
227300,Euro Truck Simulator 2,2024-04-14,733174,19330,752504,354,8,362,0.974312
227300,Euro Truck Simulator 2,2024-04-15,733648,19341,752989,474,11,485,0.974314
227300,Euro Truck Simulator 2,2024-04-16,733941,19347,753288,293,6,299,0.974317
227300,Euro Truck Simulator 2,2024-04-17,734096,19348,753444,155,1,156,0.974321
227300,Euro Truck Simulator 2,2024-04-18,734340,19360,753700,244,12,256,0.974313
227300,Euro Truck Simulator 2,2024-04-19,734578,19360,753938,238,0,238,0.974321
227300,Euro Truck Simulator 2,2024-04-20,734801,19366,754167,223,6,229,0.974321
227300,Euro Truck Simulator 2,2024-04-21,735121,19369,754490,320,3,323,0.974328
227300,Euro Truck Simulator 2,2024-04-22,735348,19379,754727,227,10,237,0.974323
227300,Euro Truck Simulator 2,2024-04-23,735671,19385,755056,323,6,329,0.974326
227300,Euro Truck Simulator 2,2024-04-24,735879,19393,755272,208,8,216,0.974323
227300,Euro Truck Simulator 2,2024-04-25,735931,19390,755321,52,-3,49,0.974329
227300,Euro Truck Simulator 2,2024-04-26,736172,19405,755577,241,15,256,0.974318
227300,Euro Truck Simulator 2,2024-04-27,736288,19405,755693,116,0,116,0.974322
227300,Euro Truck Simulator 2,2024-04-28,736488,19411,755899,200,6,206,0.974321
227300,Euro Truck Simulator 2,2024-04-29,736706,19409,756115,218,-2,216,0.974331
227300,Euro Truck Simulator 2,2024-04-30,736975,19415,756390,269,6,275,0.974332
227300,Euro Truck Simulator 2,2024-05-01,737060,19419,756479,85,4,89,0.97433
227300,Euro Truck Simulator 2,2024-05-02,737351,19433,756784,291,14,305,0.974322
227300,Euro Truck Simulator 2,2024-05-03,737410,19435,756845,59,2,61,0.974321
227300,Euro Truck Simulator 2,2024-05-04,737580,19438,757018,170,3,173,0.974323
227300,Euro Truck Simulator 2,2024-05-05,737774,19446,757220,194,8,202,0.974319
227300,Euro Truck Simulator 2,2024-05-06,737946,19448,757394,172,2,174,0.974322
227300,Euro Truck Simulator 2,2024-05-07,738124,19447,757571,178,-1,177,0.97433
227300,Euro Truck Simulator 2,2024-05-08,738258,19453,757711,134,6,140,0.974327
227300,Euro Truck Simulator 2,2024-05-09,738430,19450,757880,172,-3,169,0.974336
227300,Euro Truck Simulator 2,2024-05-10,738708,19451,758159,278,1,279,0.974344
227300,Euro Truck Simulator 2,2024-05-11,738782,19454,758236,74,3,77,0.974343
227300,Euro Truck Simulator 2,2024-05-12,738998,19454,758452,216,0,216,0.97435
227300,Euro Truck Simulator 2,2024-05-13,739224,19456,758680,226,2,228,0.974355
227300,Euro Truck Simulator 2,2024-05-14,739335,19455,758790,111,-1,110,0.97436
227300,Euro Truck Simulator 2,2024-05-15,739800,19508,759308,465,53,518,0.974308
227300,Euro Truck Simulator 2,2024-05-16,740154,19546,759700,354,38,392,0.974271
227300,Euro Truck Simulator 2,2024-05-17,740318,19572,759890,164,26,190,0.974244
227300,Euro Truck Simulator 2,2024-05-18,740885,19610,760495,567,38,605,0.974214
227300,Euro Truck Simulator 2,2024-05-19,741253,19639,760892,368,29,397,0.97419
227300,Euro Truck Simulator 2,2024-05-20,741600,19652,761252,347,13,360,0.974185
227300,Euro Truck Simulator 2,2024-05-21,741900,19670,761570,300,18,318,0.974172
227300,Euro Truck Simulator 2,2024-05-22,742135,19688,761823,235,18,253,0.974157
227300,Euro Truck Simulator 2,2024-05-23,742332,19695,762027,197,7,204,0.974154
227300,Euro Truck Simulator 2,2024-05-24,742588,19708,762296,256,13,269,0.974147
227300,Euro Truck Simulator 2,2024-05-25,743184,19735,762919,596,27,623,0.974132
227300,Euro Truck Simulator 2,2024-05-26,743332,19741,763073,148,6,154,0.97413
227300,Euro Truck Simulator 2,2024-05-27,743641,19765,763406,309,24,333,0.974109
227300,Euro Truck Simulator 2,2024-05-28,744081,19781,763862,440,16,456,0.974104
227300,Euro Truck Simulator 2,2024-05-29,744356,19794,764150,275,13,288,0.974097
227300,Euro Truck Simulator 2,2024-05-30,744583,19802,764385,227,8,235,0.974094
227300,Euro Truck Simulator 2,2024-05-31,744854,19811,764665,271,9,280,0.974092
227300,Euro Truck Simulator 2,2024-06-01,745170,19831,765001,316,20,336,0.974077
227300,Euro Truck Simulator 2,2024-06-02,745480,19850,765330,310,19,329,0.974063
227300,Euro Truck Simulator 2,2024-06-03,745736,19863,765599,256,13,269,0.974056
227300,Euro Truck Simulator 2,2024-06-04,745930,19874,765804,194,11,205,0.974048
227300,Euro Truck Simulator 2,2024-06-05,746176,19888,766064,246,14,260,0.974039
227300,Euro Truck Simulator 2,2024-06-06,746308,19893,766201,132,5,137,0.974037
227300,Euro Truck Simulator 2,2024-06-07,746516,19898,766414,208,5,213,0.974038
227300,Euro Truck Simulator 2,2024-06-08,746706,19908,766614,190,10,200,0.974031
227300,Euro Truck Simulator 2,2024-06-09,746917,19916,766833,211,8,219,0.974028
227300,Euro Truck Simulator 2,2024-06-10,747107,19924,767031,190,8,198,0.974025
227300,Euro Truck Simulator 2,2024-06-11,747286,19934,767220,179,10,189,0.974018
227300,Euro Truck Simulator 2,2024-06-12,747462,19940,767402,176,6,182,0.974016
227300,Euro Truck Simulator 2,2024-06-13,747625,19950,767575,163,10,173,0.974009
227300,Euro Truck Simulator 2,2024-06-14,747793,19951,767744,168,1,169,0.974013
227300,Euro Truck Simulator 2,2024-06-15,747955,19960,767915,162,9,171,0.974008
227300,Euro Truck Simulator 2,2024-06-16,748121,19961,768082,166,1,167,0.974012
227300,Euro Truck Simulator 2,2024-06-17,748307,19965,768272,186,4,190,0.974013
227300,Euro Truck Simulator 2,2024-06-18,748439,19970,768409,132,5,137,0.974011
227300,Euro Truck Simulator 2,2024-06-19,748620,19975,768595,181,5,186,0.974011
227300,Euro Truck Simulator 2,2024-06-20,748835,19982,768817,215,7,222,0.974009
227300,Euro Truck Simulator 2,2024-06-21,748911,19989,768900,76,7,83,0.974003
227300,Euro Truck Simulator 2,2024-06-22,749037,19997,769034,126,8,134,0.973997
227300,Euro Truck Simulator 2,2024-06-23,749176,20000,769176,139,3,142,0.973998
227300,Euro Truck Simulator 2,2024-06-24,749352,20007,769359,176,7,183,0.973995
227300,Euro Truck Simulator 2,2024-06-25,749517,20013,769530,165,6,171,0.973993
227300,Euro Truck Simulator 2,2024-06-26,749698,20019,769717,181,6,187,0.973992
227300,Euro Truck Simulator 2,2024-06-27,749854,20019,769873,156,0,156,0.973997
227300,Euro Truck Simulator 2,2024-06-28,750022,20026,770048,168,7,175,0.973994
227300,Euro Truck Simulator 2,2024-06-29,750387,20046,770433,365,20,385,0.973981
227300,Euro Truck Simulator 2,2024-06-30,750906,20068,770974,519,22,541,0.973971
227300,Euro Truck Simulator 2,2024-07-01,751807,20098,771905,901,30,931,0.973963
227300,Euro Truck Simulator 2,2024-07-02,752374,20115,772489,567,17,584,0.973961
227300,Euro Truck Simulator 2,2024-07-03,752923,20129,773052,549,14,563,0.973962
227300,Euro Truck Simulator 2,2024-07-04,753856,20165,774021,933,36,969,0.973948
227300,Euro Truck Simulator 2,2024-07-05,754147,20172,774319,291,7,298,0.973949
227300,Euro Truck Simulator 2,2024-07-06,754815,20196,775011,668,24,692,0.973941
227300,Euro Truck Simulator 2,2024-07-07,755435,20218,775653,620,22,642,0.973934
227300,Euro Truck Simulator 2,2024-07-08,756329,20256,776585,894,38,932,0.973917
227300,Euro Truck Simulator 2,2024-07-09,756609,20263,776872,280,7,287,0.973917
227300,Euro Truck Simulator 2,2024-07-10,757214,20276,777490,605,13,618,0.973921
227300,Euro Truck Simulator 2,2024-07-11,758242,20307,778549,1028,31,1059,0.973917
227300,Euro Truck Simulator 2,2024-07-12,758864,20327,779191,622,20,642,0.973913
227300,Euro Truck Simulator 2,2024-07-13,759208,20340,779548,344,13,357,0.973908
227300,Euro Truck Simulator 2,2024-07-14,759624,20354,779978,416,14,430,0.973904
227300,Euro Truck Simulator 2,2024-07-15,760068,20368,780436,444,14,458,0.973902
227300,Euro Truck Simulator 2,2024-07-16,760471,20383,780854,403,15,418,0.973897
227300,Euro Truck Simulator 2,2024-07-17,760907,20400,781307,436,17,453,0.97389
227300,Euro Truck Simulator 2,2024-07-18,761207,20398,781605,300,-2,298,0.973902
227300,Euro Truck Simulator 2,2024-07-19,761568,20414,781982,361,16,377,0.973895
227300,Euro Truck Simulator 2,2024-07-20,761702,20417,782119,134,3,137,0.973895
227300,Euro Truck Simulator 2,2024-07-21,762209,20432,782641,507,15,522,0.973894
227300,Euro Truck Simulator 2,2024-07-22,762651,20444,783095,442,12,454,0.973893
227300,Euro Truck Simulator 2,2024-07-23,762818,20452,783270,167,8,175,0.973889
227300,Euro Truck Simulator 2,2024-07-24,763390,20471,783861,572,19,591,0.973884
227300,Euro Truck Simulator 2,2024-07-25,763603,20477,784080,213,6,219,0.973884
227300,Euro Truck Simulator 2,2024-07-26,763916,20484,784400,313,7,320,0.973886
227300,Euro Truck Simulator 2,2024-07-27,764296,20498,784794,380,14,394,0.973881
227300,Euro Truck Simulator 2,2024-07-28,764648,20511,785159,352,13,365,0.973877
227300,Euro Truck Simulator 2,2024-07-29,765211,20524,785735,563,13,576,0.973879
227300,Euro Truck Simulator 2,2024-07-30,765599,20527,786126,388,3,391,0.973888
227300,Euro Truck Simulator 2,2024-07-31,765914,20545,786459,315,18,333,0.973877
227300,Euro Truck Simulator 2,2024-08-01,766182,20553,786735,268,8,276,0.973876
227300,Euro Truck Simulator 2,2024-08-02,766405,20560,786965,223,7,230,0.973874
227300,Euro Truck Simulator 2,2024-08-03,766613,20565,787178,208,5,213,0.973875
227300,Euro Truck Simulator 2,2024-08-04,766858,20572,787430,245,7,252,0.973875
227300,Euro Truck Simulator 2,2024-08-05,767338,20582,787920,480,10,490,0.973878
227300,Euro Truck Simulator 2,2024-08-06,767451,20588,788039,113,6,119,0.973874
227300,Euro Truck Simulator 2,2024-08-07,767771,20597,788368,320,9,329,0.973874
227300,Euro Truck Simulator 2,2024-08-08,768033,20604,788637,262,7,269,0.973874
227300,Euro Truck Simulator 2,2024-08-09,768149,20608,788757,116,4,120,0.973873
227300,Euro Truck Simulator 2,2024-08-10,768401,20614,789015,252,6,258,0.973874
227300,Euro Truck Simulator 2,2024-08-11,768846,20628,789474,445,14,459,0.973871
227300,Euro Truck Simulator 2,2024-08-12,768972,20633,789605,126,5,131,0.973869
227300,Euro Truck Simulator 2,2024-08-13,769209,20639,789848,237,6,243,0.97387
227300,Euro Truck Simulator 2,2024-08-14,769372,20640,790012,163,1,164,0.973874
227300,Euro Truck Simulator 2,2024-08-15,769689,20650,790339,317,10,327,0.973872
227300,Euro Truck Simulator 2,2024-08-16,769909,20658,790567,220,8,228,0.973869
227300,Euro Truck Simulator 2,2024-08-17,770000,20662,790662,91,4,95,0.973867
227300,Euro Truck Simulator 2,2024-08-18,770224,20668,790892,224,6,230,0.973867
227300,Euro Truck Simulator 2,2024-08-19,770562,20673,791235,338,5,343,0.973872
227300,Euro Truck Simulator 2,2024-08-20,770724,20682,791406,162,9,171,0.973867
227300,Euro Truck Simulator 2,2024-08-21,771019,20690,791709,295,8,303,0.973867
227300,Euro Truck Simulator 2,2024-08-22,771229,20702,791931,210,12,222,0.973859
227300,Euro Truck Simulator 2,2024-08-23,771340,20709,792049,111,7,118,0.973854
227300,Euro Truck Simulator 2,2024-08-24,771575,20716,792291,235,7,242,0.973853
227300,Euro Truck Simulator 2,2024-08-25,771823,20721,792544,248,5,253,0.973855
227300,Euro Truck Simulator 2,2024-08-26,772083,20733,792816,260,12,272,0.973849
227300,Euro Truck Simulator 2,2024-08-27,772288,20734,793022,205,1,206,0.973854
227300,Euro Truck Simulator 2,2024-08-28,772521,20735,793256,233,1,234,0.973861
227300,Euro Truck Simulator 2,2024-08-29,772619,20737,793356,98,2,100,0.973862
227300,Euro Truck Simulator 2,2024-08-30,772884,20747,793631,265,10,275,0.973858
227300,Euro Truck Simulator 2,2024-08-31,773036,20753,793789,152,6,158,0.973856
227300,Euro Truck Simulator 2,2024-09-01,773266,20755,794021,230,2,232,0.973861
227300,Euro Truck Simulator 2,2024-09-02,773569,20765,794334,303,10,313,0.973859
227300,Euro Truck Simulator 2,2024-09-03,773733,20768,794501,164,3,167,0.97386
227300,Euro Truck Simulator 2,2024-09-04,773810,20769,794579,77,1,78,0.973862
227300,Euro Truck Simulator 2,2024-09-05,774027,20766,794793,217,-3,214,0.973872
227300,Euro Truck Simulator 2,2024-09-06,774254,20779,795033,227,13,240,0.973864
227300,Euro Truck Simulator 2,2024-09-07,774396,20781,795177,142,2,144,0.973866
227300,Euro Truck Simulator 2,2024-09-08,774622,20789,795411,226,8,234,0.973864
227300,Euro Truck Simulator 2,2024-09-09,774803,20794,795597,181,5,186,0.973864
227300,Euro Truck Simulator 2,2024-09-10,774967,20802,795769,164,8,172,0.973859
227300,Euro Truck Simulator 2,2024-09-11,775203,20811,796014,236,9,245,0.973856
227300,Euro Truck Simulator 2,2024-09-12,775538,20838,796376,335,27,362,0.973834
227300,Euro Truck Simulator 2,2024-09-13,775814,20864,796678,276,26,302,0.973811
227300,Euro Truck Simulator 2,2024-09-14,775976,20881,796857,162,17,179,0.973796
227300,Euro Truck Simulator 2,2024-09-15,776245,20907,797152,269,26,295,0.973773
227300,Euro Truck Simulator 2,2024-09-16,776591,20923,797514,346,16,362,0.973765
227300,Euro Truck Simulator 2,2024-09-17,776797,20935,797732,206,12,218,0.973757
227300,Euro Truck Simulator 2,2024-09-18,777269,20957,798226,472,22,494,0.973746
227300,Euro Truck Simulator 2,2024-09-19,777507,20969,798476,238,12,250,0.973739
227300,Euro Truck Simulator 2,2024-09-20,777767,20979,798746,260,10,270,0.973735
227300,Euro Truck Simulator 2,2024-09-21,778138,21002,799140,371,23,394,0.973719
227300,Euro Truck Simulator 2,2024-09-22,778560,21026,799586,422,24,446,0.973704
227300,Euro Truck Simulator 2,2024-09-23,779049,21041,800090,489,15,504,0.973702
227300,Euro Truck Simulator 2,2024-09-24,779268,21052,800320,219,11,230,0.973696
227300,Euro Truck Simulator 2,2024-09-25,779616,21062,800678,348,10,358,0.973695
227300,Euro Truck Simulator 2,2024-09-26,779872,21072,800944,256,10,266,0.973691
227300,Euro Truck Simulator 2,2024-09-27,779986,21076,801062,114,4,118,0.97369
227300,Euro Truck Simulator 2,2024-09-28,780281,21087,801368,295,11,306,0.973686
227300,Euro Truck Simulator 2,2024-09-29,780726,21103,801829,445,16,461,0.973681
227300,Euro Truck Simulator 2,2024-09-30,780813,21107,801920,87,4,91,0.973679
227300,Euro Truck Simulator 2,2024-10-01,781058,21120,802178,245,13,258,0.973672
227300,Euro Truck Simulator 2,2024-10-02,781218,21121,802339,160,1,161,0.973676
227300,Euro Truck Simulator 2,2024-10-03,781271,21125,802396,53,4,57,0.973673
227300,Euro Truck Simulator 2,2024-10-04,781515,21140,802655,244,15,259,0.973662
227300,Euro Truck Simulator 2,2024-10-05,781678,21143,802821,163,3,166,0.973664
227300,Euro Truck Simulator 2,2024-10-06,781905,21153,803058,227,10,237,0.973659
227300,Euro Truck Simulator 2,2024-10-07,782086,21162,803248,181,9,190,0.973654
227300,Euro Truck Simulator 2,2024-10-08,782243,21168,803411,157,6,163,0.973652
227300,Euro Truck Simulator 2,2024-10-09,782404,21174,803578,161,6,167,0.97365
227300,Euro Truck Simulator 2,2024-10-10,782553,21179,803732,149,5,154,0.973649
227300,Euro Truck Simulator 2,2024-10-11,782638,21179,803817,85,0,85,0.973652
227300,Euro Truck Simulator 2,2024-10-12,782797,21181,803978,159,2,161,0.973655
227300,Euro Truck Simulator 2,2024-10-13,783033,21199,804232,236,18,254,0.973641
227300,Euro Truck Simulator 2,2024-10-14,783296,21207,804503,263,8,271,0.97364
227300,Euro Truck Simulator 2,2024-10-15,783393,21212,804605,97,5,102,0.973637
227300,Euro Truck Simulator 2,2024-10-16,783588,21219,804807,195,7,202,0.973635
227300,Euro Truck Simulator 2,2024-10-17,783792,21224,805016,204,5,209,0.973635
227300,Euro Truck Simulator 2,2024-10-18,783994,21224,805218,202,0,202,0.973642
227300,Euro Truck Simulator 2,2024-10-19,784192,21229,805421,198,5,203,0.973642
227300,Euro Truck Simulator 2,2024-10-20,784438,21234,805672,246,5,251,0.973644
227300,Euro Truck Simulator 2,2024-10-21,784624,21244,805868,186,10,196,0.973638
227300,Euro Truck Simulator 2,2024-10-22,784787,21240,806027,163,-4,159,0.973649
227300,Euro Truck Simulator 2,2024-10-23,784992,21257,806249,205,17,222,0.973635
227300,Euro Truck Simulator 2,2024-10-24,785177,21262,806439,185,5,190,0.973635
227300,Euro Truck Simulator 2,2024-10-25,785468,21272,806740,291,10,301,0.973632
227300,Euro Truck Simulator 2,2024-10-26,785612,21278,806890,144,6,150,0.97363
227300,Euro Truck Simulator 2,2024-10-27,785953,21296,807249,341,18,359,0.973619
227300,Euro Truck Simulator 2,2024-10-28,786336,21303,807639,383,7,390,0.973623
227300,Euro Truck Simulator 2,2024-10-29,786682,21310,807992,346,7,353,0.973626
227300,Euro Truck Simulator 2,2024-10-30,787089,21328,808417,407,18,425,0.973618
227300,Euro Truck Simulator 2,2024-10-31,787328,21336,808664,239,8,247,0.973616
227300,Euro Truck Simulator 2,2024-11-01,787574,21343,808917,246,7,253,0.973615
227300,Euro Truck Simulator 2,2024-11-02,787849,21348,809197,275,5,280,0.973618
227300,Euro Truck Simulator 2,2024-11-03,788370,21365,809735,521,17,538,0.973615
227300,Euro Truck Simulator 2,2024-11-04,788623,21375,809998,253,10,263,0.973611
227300,Euro Truck Simulator 2,2024-11-05,788817,21376,810193,194,1,195,0.973616
227300,Euro Truck Simulator 2,2024-11-06,789033,21381,810414,216,5,221,0.973617
227300,Euro Truck Simulator 2,2024-11-07,789312,21384,810696,279,3,282,0.973623
227300,Euro Truck Simulator 2,2024-11-08,789581,21393,810974,269,9,278,0.973621
227300,Euro Truck Simulator 2,2024-11-09,789672,21398,811070,91,5,96,0.973618
227300,Euro Truck Simulator 2,2024-11-10,789962,21405,811367,290,7,297,0.973619
227300,Euro Truck Simulator 2,2024-11-11,790295,21417,811712,333,12,345,0.973615
227300,Euro Truck Simulator 2,2024-11-12,790475,21423,811898,180,6,186,0.973614
227300,Euro Truck Simulator 2,2024-11-13,790607,21432,812039,132,9,141,0.973607
227300,Euro Truck Simulator 2,2024-11-14,790870,21438,812308,263,6,269,0.973609
227300,Euro Truck Simulator 2,2024-11-15,791067,21444,812511,197,6,203,0.973608
227300,Euro Truck Simulator 2,2024-11-16,791223,21448,812671,156,4,160,0.973608
227300,Euro Truck Simulator 2,2024-11-17,791481,21453,812934,258,5,263,0.97361
227300,Euro Truck Simulator 2,2024-11-18,791707,21458,813165,226,5,231,0.973612
227300,Euro Truck Simulator 2,2024-11-19,791946,21459,813405,239,1,240,0.973618
227300,Euro Truck Simulator 2,2024-11-20,792025,21460,813485,79,1,80,0.97362
227300,Euro Truck Simulator 2,2024-11-21,792207,21472,813679,182,12,194,0.973611
227300,Euro Truck Simulator 2,2024-11-22,792400,21484,813884,193,12,205,0.973603
227300,Euro Truck Simulator 2,2024-11-23,792490,21489,813979,90,5,95,0.9736
227300,Euro Truck Simulator 2,2024-11-24,792717,21491,814208,227,2,229,0.973605
227300,Euro Truck Simulator 2,2024-11-25,792992,21499,814491,275,8,283,0.973604
227300,Euro Truck Simulator 2,2024-11-26,793285,21509,814794,293,10,303,0.973602
227300,Euro Truck Simulator 2,2024-11-27,793723,21514,815237,438,5,443,0.97361
227300,Euro Truck Simulator 2,2024-11-28,794321,21518,815839,598,4,602,0.973625
227300,Euro Truck Simulator 2,2024-11-29,794496,21521,816017,175,3,178,0.973627
227300,Euro Truck Simulator 2,2024-11-30,794967,21533,816500,471,12,483,0.973628
227300,Euro Truck Simulator 2,2024-12-01,795489,21547,817036,522,14,536,0.973628
227300,Euro Truck Simulator 2,2024-12-02,796186,21562,817748,697,15,712,0.973632
227300,Euro Truck Simulator 2,2024-12-03,796340,21565,817905,154,3,157,0.973634
227300,Euro Truck Simulator 2,2024-12-04,797103,21580,818683,763,15,778,0.973641
227300,Euro Truck Simulator 2,2024-12-05,797543,21588,819131,440,8,448,0.973645
227300,Euro Truck Simulator 2,2024-12-06,797766,21596,819362,223,8,231,0.973643
227300,Euro Truck Simulator 2,2024-12-07,798059,21605,819664,293,9,302,0.973642
227300,Euro Truck Simulator 2,2024-12-08,798530,21616,820146,471,11,482,0.973644
227300,Euro Truck Simulator 2,2024-12-09,799068,21631,820699,538,15,553,0.973643
227300,Euro Truck Simulator 2,2024-12-10,799293,21636,820929,225,5,230,0.973644
227300,Euro Truck Simulator 2,2024-12-11,799662,21639,821301,369,3,372,0.973653
227300,Euro Truck Simulator 2,2024-12-12,800216,21652,821868,554,13,567,0.973655
227300,Euro Truck Simulator 2,2024-12-13,800497,21660,822157,281,8,289,0.973655
227300,Euro Truck Simulator 2,2024-12-14,800592,21665,822257,95,5,100,0.973652
227300,Euro Truck Simulator 2,2024-12-15,800932,21675,822607,340,10,350,0.973651
227300,Euro Truck Simulator 2,2024-12-16,801432,21681,823113,500,6,506,0.97366
227300,Euro Truck Simulator 2,2024-12-17,801677,21682,823359,245,1,246,0.973666
227300,Euro Truck Simulator 2,2024-12-18,802164,21696,823860,487,14,501,0.973665
227300,Euro Truck Simulator 2,2024-12-19,802420,21701,824121,256,5,261,0.973668
227300,Euro Truck Simulator 2,2024-12-20,802535,21706,824241,115,5,120,0.973665
227300,Euro Truck Simulator 2,2024-12-21,802955,21719,824674,420,13,433,0.973664
227300,Euro Truck Simulator 2,2024-12-22,803341,21728,825069,386,9,395,0.973665
227300,Euro Truck Simulator 2,2024-12-23,803682,21748,825430,341,20,361,0.973653
227300,Euro Truck Simulator 2,2024-12-24,804065,21753,825818,383,5,388,0.973659
227300,Euro Truck Simulator 2,2024-12-25,804416,21761,826177,351,8,359,0.973661
227300,Euro Truck Simulator 2,2024-12-26,804791,21775,826566,375,14,389,0.973656
227300,Euro Truck Simulator 2,2024-12-27,805183,21783,826966,392,8,400,0.973659
227300,Euro Truck Simulator 2,2024-12-28,805618,21801,827419,435,18,453,0.973652
227300,Euro Truck Simulator 2,2024-12-29,806041,21812,827853,423,11,434,0.973652
227300,Euro Truck Simulator 2,2024-12-30,806657,21825,828482,616,13,629,0.973657
227300,Euro Truck Simulator 2,2024-12-31,806795,21828,828623,138,3,141,0.973658
227300,Euro Truck Simulator 2,2025-01-01,807142,21841,828983,347,13,360,0.973653
227300,Euro Truck Simulator 2,2025-01-02,807737,21852,829589,595,11,606,0.973659
227300,Euro Truck Simulator 2,2025-01-03,807954,21858,829812,217,6,223,0.973659
227300,Euro Truck Simulator 2,2025-01-04,808292,21861,830153,338,3,341,0.973666
227300,Euro Truck Simulator 2,2025-01-05,808689,21869,830558,397,8,405,0.97367
227300,Euro Truck Simulator 2,2025-01-06,809006,21885,830891,317,16,333,0.973661
227300,Euro Truck Simulator 2,2025-01-07,809226,21889,831115,220,4,224,0.973663
227300,Euro Truck Simulator 2,2025-01-08,809456,21896,831352,230,7,237,0.973662
227300,Euro Truck Simulator 2,2025-01-09,809684,21908,831592,228,12,240,0.973655
227300,Euro Truck Simulator 2,2025-01-10,809912,21918,831830,228,10,238,0.973651
227300,Euro Truck Simulator 2,2025-01-11,810109,21923,832032,197,5,202,0.973651
227300,Euro Truck Simulator 2,2025-01-12,810408,21927,832335,299,4,303,0.973656
227300,Euro Truck Simulator 2,2025-01-13,810730,21930,832660,322,3,325,0.973663
227300,Euro Truck Simulator 2,2025-01-14,810907,21937,832844,177,7,184,0.97366
227300,Euro Truck Simulator 2,2025-01-15,811332,21941,833273,425,4,429,0.973669
227300,Euro Truck Simulator 2,2025-01-16,811460,21943,833403,128,2,130,0.973671
227300,Euro Truck Simulator 2,2025-01-17,811808,21952,833760,348,9,357,0.973671
227300,Euro Truck Simulator 2,2025-01-18,812131,21957,834088,323,5,328,0.973675
227300,Euro Truck Simulator 2,2025-01-19,812563,21968,834531,432,11,443,0.973676
227300,Euro Truck Simulator 2,2025-01-20,813149,21985,835134,586,17,603,0.973675
227300,Euro Truck Simulator 2,2025-01-21,813437,21988,835425,288,3,291,0.97368
227300,Euro Truck Simulator 2,2025-01-22,813624,21990,835614,187,2,189,0.973684
227300,Euro Truck Simulator 2,2025-01-23,813861,22000,835861,237,10,247,0.97368
227300,Euro Truck Simulator 2,2025-01-24,814124,22006,836130,263,6,269,0.973681
227300,Euro Truck Simulator 2,2025-01-25,814386,22009,836395,262,3,265,0.973686
227300,Euro Truck Simulator 2,2025-01-26,814708,22020,836728,322,11,333,0.973683
227300,Euro Truck Simulator 2,2025-01-27,814953,22028,836981,245,8,253,0.973682
227300,Euro Truck Simulator 2,2025-01-28,815178,22034,837212,225,6,231,0.973682
227300,Euro Truck Simulator 2,2025-01-29,815424,22046,837470,246,12,258,0.973675
227300,Euro Truck Simulator 2,2025-01-30,815620,22050,837670,196,4,200,0.973677
227300,Euro Truck Simulator 2,2025-01-31,815832,22055,837887,212,5,217,0.973678
227300,Euro Truck Simulator 2,2025-02-01,816074,22060,838134,242,5,247,0.97368
227300,Euro Truck Simulator 2,2025-02-02,816467,22071,838538,393,11,404,0.973679
227300,Euro Truck Simulator 2,2025-02-03,816670,22076,838746,203,5,208,0.97368
227300,Euro Truck Simulator 2,2025-02-04,816943,22083,839026,273,7,280,0.97368
227300,Euro Truck Simulator 2,2025-02-05,817094,22094,839188,151,11,162,0.973672
227300,Euro Truck Simulator 2,2025-02-06,817266,22102,839368,172,8,180,0.973668
227300,Euro Truck Simulator 2,2025-02-07,817481,22110,839591,215,8,223,0.973666
227300,Euro Truck Simulator 2,2025-02-08,817725,22109,839834,244,-1,243,0.973675
227300,Euro Truck Simulator 2,2025-02-09,818006,22116,840122,281,7,288,0.973675
227300,Euro Truck Simulator 2,2025-02-10,818257,22122,840379,251,6,257,0.973676
227300,Euro Truck Simulator 2,2025-02-11,818483,22119,840602,226,-3,223,0.973687
227300,Euro Truck Simulator 2,2025-02-12,818621,22129,840750,138,10,148,0.973679
227300,Euro Truck Simulator 2,2025-02-13,818757,22140,840897,136,11,147,0.973671
227300,Euro Truck Simulator 2,2025-02-14,818967,22148,841115,210,8,218,0.973668
227300,Euro Truck Simulator 2,2025-02-15,819269,22163,841432,302,15,317,0.97366
227300,Euro Truck Simulator 2,2025-02-16,819385,22171,841556,116,8,124,0.973655
227300,Euro Truck Simulator 2,2025-02-17,819612,22170,841782,227,-1,226,0.973663
227300,Euro Truck Simulator 2,2025-02-18,819858,22172,842030,246,2,248,0.973668
227300,Euro Truck Simulator 2,2025-02-19,820007,22173,842180,149,1,150,0.973672
227300,Euro Truck Simulator 2,2025-02-20,820331,22180,842511,324,7,331,0.973674
227300,Euro Truck Simulator 2,2025-02-21,820382,22181,842563,51,1,52,0.973674
227300,Euro Truck Simulator 2,2025-02-22,820615,22190,842805,233,9,242,0.973671
227300,Euro Truck Simulator 2,2025-02-23,820852,22193,843045,237,3,240,0.973675
227300,Euro Truck Simulator 2,2025-02-24,821079,22203,843282,227,10,237,0.973671
227300,Euro Truck Simulator 2,2025-02-25,821420,22212,843632,341,9,350,0.973671
227300,Euro Truck Simulator 2,2025-02-26,821779,22219,843998,359,7,366,0.973674
227300,Euro Truck Simulator 2,2025-02-27,822104,22228,844332,325,9,334,0.973674
227300,Euro Truck Simulator 2,2025-02-28,822328,22238,844566,224,10,234,0.973669
227300,Euro Truck Simulator 2,2025-03-01,822807,22261,845068,479,23,502,0.973658
227300,Euro Truck Simulator 2,2025-03-02,823345,22282,845627,538,21,559,0.97365
227300,Euro Truck Simulator 2,2025-03-03,823977,22304,846281,632,22,654,0.973645
227300,Euro Truck Simulator 2,2025-03-04,824261,22313,846574,284,9,293,0.973643
227300,Euro Truck Simulator 2,2025-03-05,824570,22320,846890,309,7,316,0.973645
227300,Euro Truck Simulator 2,2025-03-06,824857,22331,847188,287,11,298,0.973641
227300,Euro Truck Simulator 2,2025-03-07,825248,22337,847585,391,6,397,0.973646
227300,Euro Truck Simulator 2,2025-03-08,825506,22350,847856,258,13,271,0.973639
227300,Euro Truck Simulator 2,2025-03-09,825736,22352,848088,230,2,232,0.973644
227300,Euro Truck Simulator 2,2025-03-10,826029,22361,848390,293,9,302,0.973643
227300,Euro Truck Simulator 2,2025-03-11,826279,22376,848655,250,15,265,0.973634
227300,Euro Truck Simulator 2,2025-03-12,826522,22381,848903,243,5,248,0.973635
227300,Euro Truck Simulator 2,2025-03-13,826680,22389,849069,158,8,166,0.973631
227300,Euro Truck Simulator 2,2025-03-14,826953,22398,849351,273,9,282,0.973629
227300,Euro Truck Simulator 2,2025-03-15,827317,22406,849723,364,8,372,0.973631
227300,Euro Truck Simulator 2,2025-03-16,827474,22411,849885,157,5,162,0.973631
227300,Euro Truck Simulator 2,2025-03-17,827808,22417,850225,334,6,340,0.973634
227300,Euro Truck Simulator 2,2025-03-18,828242,22431,850673,434,14,448,0.973631
227300,Euro Truck Simulator 2,2025-03-19,828464,22434,850898,222,3,225,0.973635
227300,Euro Truck Simulator 2,2025-03-20,828739,22441,851180,275,7,282,0.973635
227300,Euro Truck Simulator 2,2025-03-21,829049,22455,851504,310,14,324,0.973629
227300,Euro Truck Simulator 2,2025-03-22,829178,22462,851640,129,7,136,0.973625
227300,Euro Truck Simulator 2,2025-03-23,829504,22470,851974,326,8,334,0.973626
227300,Euro Truck Simulator 2,2025-03-24,829783,22479,852262,279,9,288,0.973624
227300,Euro Truck Simulator 2,2025-03-25,829991,22490,852481,208,11,219,0.973618
227300,Euro Truck Simulator 2,2025-03-26,830218,22492,852710,227,2,229,0.973623
227300,Euro Truck Simulator 2,2025-03-27,830444,22503,852947,226,11,237,0.973617
227300,Euro Truck Simulator 2,2025-03-28,830539,22504,853043,95,1,96,0.973619
227300,Euro Truck Simulator 2,2025-03-29,830756,22508,853264,217,4,221,0.973621
227300,Euro Truck Simulator 2,2025-03-30,831045,22513,853558,289,5,294,0.973625
227300,Euro Truck Simulator 2,2025-03-31,831355,22525,853880,310,12,322,0.97362
227300,Euro Truck Simulator 2,2025-04-01,831422,22525,853947,67,0,67,0.973622
227300,Euro Truck Simulator 2,2025-04-02,831849,22544,854393,427,19,446,0.973614
227300,Euro Truck Simulator 2,2025-04-03,832162,22552,854714,313,8,321,0.973615
227300,Euro Truck Simulator 2,2025-04-04,832320,22556,854876,158,4,162,0.973615
227300,Euro Truck Simulator 2,2025-04-05,832559,22566,855125,239,10,249,0.973611
227300,Euro Truck Simulator 2,2025-04-06,832848,22579,855427,289,13,302,0.973605
227300,Euro Truck Simulator 2,2025-04-07,833289,22601,855890,441,22,463,0.973594
227300,Euro Truck Simulator 2,2025-04-08,833427,22610,856037,138,9,147,0.973588
227300,Euro Truck Simulator 2,2025-04-09,833600,22613,856213,173,3,176,0.97359
227300,Euro Truck Simulator 2,2025-04-10,833926,22624,856550,326,11,337,0.973587
227300,Euro Truck Simulator 2,2025-04-11,834059,22627,856686,133,3,136,0.973588
227300,Euro Truck Simulator 2,2025-04-12,834368,22631,856999,309,4,313,0.973593
227300,Euro Truck Simulator 2,2025-04-13,834671,22641,857312,303,10,313,0.973591
227300,Euro Truck Simulator 2,2025-04-14,834977,22650,857627,306,9,315,0.97359
227300,Euro Truck Simulator 2,2025-04-15,835289,22656,857945,312,6,318,0.973593
227300,Euro Truck Simulator 2,2025-04-16,835600,22662,858262,311,6,317,0.973595
227300,Euro Truck Simulator 2,2025-04-17,835921,22673,858594,321,11,332,0.973593
227300,Euro Truck Simulator 2,2025-04-18,836033,22677,858710,112,4,116,0.973592
227300,Euro Truck Simulator 2,2025-04-19,836300,22691,858991,267,14,281,0.973584
227300,Euro Truck Simulator 2,2025-04-20,836548,22700,859248,248,9,257,0.973582
227300,Euro Truck Simulator 2,2025-04-21,836773,22711,859484,225,11,236,0.973576
227300,Euro Truck Simulator 2,2025-04-22,836967,22720,859687,194,9,203,0.973572
227300,Euro Truck Simulator 2,2025-04-23,837135,22720,859855,168,0,168,0.973577
227300,Euro Truck Simulator 2,2025-04-24,837380,22721,860101,245,1,246,0.973583
227300,Euro Truck Simulator 2,2025-04-25,837506,22723,860229,126,2,128,0.973585
227300,Euro Truck Simulator 2,2025-04-26,837727,22726,860453,221,3,224,0.973588
227300,Euro Truck Simulator 2,2025-04-27,837954,22737,860691,227,11,238,0.973583
227300,Euro Truck Simulator 2,2025-04-28,838127,22747,860874,173,10,183,0.973577
227300,Euro Truck Simulator 2,2025-04-29,838361,22750,861111,234,3,237,0.973581
227300,Euro Truck Simulator 2,2025-04-30,838423,22750,861173,62,0,62,0.973583
227300,Euro Truck Simulator 2,2025-05-01,838590,22752,861342,167,2,169,0.973585
227300,Euro Truck Simulator 2,2025-05-02,838868,22765,861633,278,13,291,0.973579
227300,Euro Truck Simulator 2,2025-05-03,839011,22771,861782,143,6,149,0.973577
227300,Euro Truck Simulator 2,2025-05-04,839231,22776,862007,220,5,225,0.973578
227300,Euro Truck Simulator 2,2025-05-05,839406,22783,862189,175,7,182,0.973575
227300,Euro Truck Simulator 2,2025-05-06,839527,22785,862312,121,2,123,0.973577
227300,Euro Truck Simulator 2,2025-05-07,839644,22789,862433,117,4,121,0.973576
227300,Euro Truck Simulator 2,2025-05-08,839778,22789,862567,134,0,134,0.97358
227300,Euro Truck Simulator 2,2025-05-09,839908,22795,862703,130,6,136,0.973577
227300,Euro Truck Simulator 2,2025-05-10,840073,22805,862878,165,10,175,0.973571
227300,Euro Truck Simulator 2,2025-05-11,840301,22806,863107,228,1,229,0.973577
227300,Euro Truck Simulator 2,2025-05-12,840480,22807,863287,179,1,180,0.973581
227300,Euro Truck Simulator 2,2025-05-13,840578,22810,863388,98,3,101,0.973581
227300,Euro Truck Simulator 2,2025-05-14,840712,22815,863527,134,5,139,0.973579
227300,Euro Truck Simulator 2,2025-05-15,840905,22822,863727,193,7,200,0.973577
227300,Euro Truck Simulator 2,2025-05-16,841004,22826,863830,99,4,103,0.973576
227300,Euro Truck Simulator 2,2025-05-17,841160,22831,863991,156,5,161,0.973575
227300,Euro Truck Simulator 2,2025-05-18,841359,22835,864194,199,4,203,0.973577
227300,Euro Truck Simulator 2,2025-05-19,841561,22840,864401,202,5,207,0.973577
227300,Euro Truck Simulator 2,2025-05-20,841701,22843,864544,140,3,143,0.973578
227300,Euro Truck Simulator 2,2025-05-21,841836,22847,864683,135,4,139,0.973578
227300,Euro Truck Simulator 2,2025-05-22,842126,22853,864979,290,6,296,0.97358
227300,Euro Truck Simulator 2,2025-05-23,842249,22853,865102,123,0,123,0.973583
227300,Euro Truck Simulator 2,2025-05-24,842474,22857,865331,225,4,229,0.973586
227300,Euro Truck Simulator 2,2025-05-25,842786,22878,865664,312,21,333,0.973572
227300,Euro Truck Simulator 2,2025-05-26,843126,22888,866014,340,10,350,0.973571
227300,Euro Truck Simulator 2,2025-05-27,843300,22889,866189,174,1,175,0.973575
227300,Euro Truck Simulator 2,2025-05-28,843491,22897,866388,191,8,199,0.973572
227300,Euro Truck Simulator 2,2025-05-29,843838,22913,866751,347,16,363,0.973564
227300,Euro Truck Simulator 2,2025-05-30,844013,22917,866930,175,4,179,0.973565
227300,Euro Truck Simulator 2,2025-05-31,844095,22918,867013,82,1,83,0.973567
227300,Euro Truck Simulator 2,2025-06-01,844335,22918,867253,240,0,240,0.973574
227300,Euro Truck Simulator 2,2025-06-02,844536,22927,867463,201,9,210,0.97357
227300,Euro Truck Simulator 2,2025-06-03,844807,22921,867728,271,-6,265,0.973585
227300,Euro Truck Simulator 2,2025-06-04,844930,22922,867852,123,1,124,0.973588
227300,Euro Truck Simulator 2,2025-06-05,845066,22926,867992,136,4,140,0.973587
227300,Euro Truck Simulator 2,2025-06-06,845272,22932,868204,206,6,212,0.973587
227300,Euro Truck Simulator 2,2025-06-07,845358,22938,868296,86,6,92,0.973583
227300,Euro Truck Simulator 2,2025-06-08,845527,22940,868467,169,2,171,0.973586
227300,Euro Truck Simulator 2,2025-06-09,845709,22946,868655,182,6,188,0.973584
227300,Euro Truck Simulator 2,2025-06-10,845967,22952,868919,258,6,264,0.973586
227300,Euro Truck Simulator 2,2025-06-11,846064,22954,869018,97,2,99,0.973586
227300,Euro Truck Simulator 2,2025-06-12,846210,22956,869166,146,2,148,0.973588
227300,Euro Truck Simulator 2,2025-06-13,846313,22957,869270,103,1,104,0.97359
227300,Euro Truck Simulator 2,2025-06-14,846483,22964,869447,170,7,177,0.973588
227300,Euro Truck Simulator 2,2025-06-15,846681,22971,869652,198,7,205,0.973586
227300,Euro Truck Simulator 2,2025-06-16,846853,22977,869830,172,6,178,0.973584
227300,Euro Truck Simulator 2,2025-06-17,847033,22985,870018,180,8,188,0.973581
227300,Euro Truck Simulator 2,2025-06-18,847164,22987,870151,131,2,133,0.973583
227300,Euro Truck Simulator 2,2025-06-19,847349,22986,870335,185,-1,184,0.973589
227300,Euro Truck Simulator 2,2025-06-20,847472,22988,870460,123,2,125,0.973591
227300,Euro Truck Simulator 2,2025-06-21,847639,22996,870635,167,8,175,0.973587
227300,Euro Truck Simulator 2,2025-06-22,847834,22998,870832,195,2,197,0.973591
227300,Euro Truck Simulator 2,2025-06-23,848009,23001,871010,175,3,178,0.973593
227300,Euro Truck Simulator 2,2025-06-24,848238,23007,871245,229,6,235,0.973593
227300,Euro Truck Simulator 2,2025-06-25,848301,23006,871307,63,-1,62,0.973596
227300,Euro Truck Simulator 2,2025-06-26,848539,23015,871554,238,9,247,0.973593
227300,Euro Truck Simulator 2,2025-06-27,848622,23017,871639,83,2,85,0.973593
227300,Euro Truck Simulator 2,2025-06-28,848867,23021,871888,245,4,249,0.973596
227300,Euro Truck Simulator 2,2025-06-29,849163,23028,872191,296,7,303,0.973598
227300,Euro Truck Simulator 2,2025-06-30,849453,23034,872487,290,6,296,0.9736
227300,Euro Truck Simulator 2,2025-07-01,849791,23040,872831,338,6,344,0.973603
227300,Euro Truck Simulator 2,2025-07-02,850118,23052,873170,327,12,339,0.9736
227300,Euro Truck Simulator 2,2025-07-03,850624,23071,873695,506,19,525,0.973594
227300,Euro Truck Simulator 2,2025-07-04,851091,23090,874181,467,19,486,0.973587
227300,Euro Truck Simulator 2,2025-07-05,851572,23103,874675,481,13,494,0.973587
227300,Euro Truck Simulator 2,2025-07-06,851832,23114,874946,260,11,271,0.973582
227300,Euro Truck Simulator 2,2025-07-07,852195,23128,875323,363,14,377,0.973578
227300,Euro Truck Simulator 2,2025-07-08,852544,23146,875690,349,18,367,0.973568
227300,Euro Truck Simulator 2,2025-07-09,852855,23153,876008,311,7,318,0.97357
227300,Euro Truck Simulator 2,2025-07-10,853188,23157,876345,333,4,337,0.973575
227300,Euro Truck Simulator 2,2025-07-11,853506,23169,876675,318,12,330,0.973572
227300,Euro Truck Simulator 2,2025-07-12,853699,23169,876868,193,0,193,0.973578
227300,Euro Truck Simulator 2,2025-07-13,853974,23181,877155,275,12,287,0.973573
227300,Euro Truck Simulator 2,2025-07-14,854338,23191,877529,364,10,374,0.973572
227300,Euro Truck Simulator 2,2025-07-15,854563,23202,877765,225,11,236,0.973567
227300,Euro Truck Simulator 2,2025-07-16,854844,23213,878057,281,11,292,0.973563
227300,Euro Truck Simulator 2,2025-07-17,855156,23227,878383,312,14,326,0.973557
227300,Euro Truck Simulator 2,2025-07-18,855434,23235,878669,278,8,286,0.973557
227300,Euro Truck Simulator 2,2025-07-19,855679,23246,878925,245,11,256,0.973552
227300,Euro Truck Simulator 2,2025-07-20,855979,23258,879237,300,12,312,0.973548
227300,Euro Truck Simulator 2,2025-07-21,856296,23267,879563,317,9,326,0.973547
227300,Euro Truck Simulator 2,2025-07-22,856555,23271,879826,259,4,263,0.97355
227300,Euro Truck Simulator 2,2025-07-23,856922,23287,880209,367,16,383,0.973544
227300,Euro Truck Simulator 2,2025-07-24,857095,23296,880391,173,9,182,0.973539
227300,Euro Truck Simulator 2,2025-07-25,857335,23303,880638,240,7,247,0.973539
227300,Euro Truck Simulator 2,2025-07-26,857559,23307,880866,224,4,228,0.973541
227300,Euro Truck Simulator 2,2025-07-27,857798,23313,881111,239,6,245,0.973541
227300,Euro Truck Simulator 2,2025-07-28,858035,23313,881348,237,0,237,0.973548
227300,Euro Truck Simulator 2,2025-07-29,858291,23321,881612,256,8,264,0.973547
227300,Euro Truck Simulator 2,2025-07-30,858554,23336,881890,263,15,278,0.973539
227300,Euro Truck Simulator 2,2025-07-31,858672,23338,882010,118,2,120,0.97354
227300,Euro Truck Simulator 2,2025-08-01,858859,23341,882200,187,3,190,0.973542
227300,Euro Truck Simulator 2,2025-08-02,859118,23345,882463,259,4,263,0.973546
227300,Euro Truck Simulator 2,2025-08-03,859272,23348,882620,154,3,157,0.973547
227300,Euro Truck Simulator 2,2025-08-04,859488,23359,882847,216,11,227,0.973541
227300,Euro Truck Simulator 2,2025-08-05,859661,23372,883033,173,13,186,0.973532
227300,Euro Truck Simulator 2,2025-08-06,859888,23377,883265,227,5,232,0.973533
227300,Euro Truck Simulator 2,2025-08-07,860046,23379,883425,158,2,160,0.973536
227300,Euro Truck Simulator 2,2025-08-08,860220,23387,883607,174,8,182,0.973532
227300,Euro Truck Simulator 2,2025-08-09,860345,23392,883737,125,5,130,0.973531
227300,Euro Truck Simulator 2,2025-08-10,860541,23398,883939,196,6,202,0.97353
227300,Euro Truck Simulator 2,2025-08-11,860719,23405,884124,178,7,185,0.973527
227300,Euro Truck Simulator 2,2025-08-12,860893,23414,884307,174,9,183,0.973523
227300,Euro Truck Simulator 2,2025-08-13,861051,23422,884473,158,8,166,0.973519
227300,Euro Truck Simulator 2,2025-08-14,861313,23430,884743,262,8,270,0.973518
227300,Euro Truck Simulator 2,2025-08-15,861457,23435,884892,144,5,149,0.973517
227300,Euro Truck Simulator 2,2025-08-16,861569,23433,885002,112,-2,110,0.973522
227300,Euro Truck Simulator 2,2025-08-17,861723,23440,885163,154,7,161,0.973519
227300,Euro Truck Simulator 2,2025-08-18,861996,23444,885440,273,4,277,0.973523
227300,Euro Truck Simulator 2,2025-08-19,862164,23447,885611,168,3,171,0.973524
227300,Euro Truck Simulator 2,2025-08-20,862313,23456,885769,149,9,158,0.973519
227300,Euro Truck Simulator 2,2025-08-21,862504,23462,885966,191,6,197,0.973518
227300,Euro Truck Simulator 2,2025-08-22,862684,23468,886152,180,6,186,0.973517
227300,Euro Truck Simulator 2,2025-08-23,862778,23478,886256,94,10,104,0.973509
227300,Euro Truck Simulator 2,2025-08-24,862960,23475,886435,182,-3,179,0.973518
227300,Euro Truck Simulator 2,2025-08-25,863259,23484,886743,299,9,308,0.973517
227300,Euro Truck Simulator 2,2025-08-26,863490,23487,886977,231,3,234,0.97352
227300,Euro Truck Simulator 2,2025-08-27,863739,23491,887230,249,4,253,0.973523
227300,Euro Truck Simulator 2,2025-08-28,863987,23498,887485,248,7,255,0.973523
227300,Euro Truck Simulator 2,2025-08-29,864192,23505,887697,205,7,212,0.973521
227300,Euro Truck Simulator 2,2025-08-30,864517,23509,888026,325,4,329,0.973527
227300,Euro Truck Simulator 2,2025-08-31,864838,23527,888365,321,18,339,0.973517
227300,Euro Truck Simulator 2,2025-09-01,865257,23535,888792,419,8,427,0.97352
227300,Euro Truck Simulator 2,2025-09-02,865470,23536,889006,213,1,214,0.973525
227300,Euro Truck Simulator 2,2025-09-03,865697,23541,889238,227,5,232,0.973527
227300,Euro Truck Simulator 2,2025-09-04,865760,23543,889303,63,2,65,0.973526
227300,Euro Truck Simulator 2,2025-09-05,866002,23543,889545,242,0,242,0.973534
227300,Euro Truck Simulator 2,2025-09-06,866119,23546,889665,117,3,120,0.973534
227300,Euro Truck Simulator 2,2025-09-07,866351,23555,889906,232,9,241,0.973531
227300,Euro Truck Simulator 2,2025-09-08,866531,23559,890090,180,4,184,0.973532
227300,Euro Truck Simulator 2,2025-09-09,866722,23561,890283,191,2,193,0.973535
227300,Euro Truck Simulator 2,2025-09-10,866853,23567,890420,131,6,137,0.973533
227300,Euro Truck Simulator 2,2025-09-11,866985,23577,890562,132,10,142,0.973526
227300,Euro Truck Simulator 2,2025-09-12,867189,23585,890774,204,8,212,0.973523
227300,Euro Truck Simulator 2,2025-09-13,867189,23585,890774,0,0,0,0.973523
227300,Euro Truck Simulator 2,2025-09-14,867546,23591,891137,357,6,363,0.973527
227300,Euro Truck Simulator 2,2025-09-15,867729,23597,891326,183,6,189,0.973526
227300,Euro Truck Simulator 2,2025-09-16,867916,23607,891523,187,10,197,0.973521
227300,Euro Truck Simulator 2,2025-09-17,868004,23612,891616,88,5,93,0.973518
227300,Euro Truck Simulator 2,2025-09-18,868177,23613,891790,173,1,174,0.973522
227300,Euro Truck Simulator 2,2025-09-19,868565,23631,892196,388,18,406,0.973514
227300,Euro Truck Simulator 2,2025-09-20,868781,23640,892421,216,9,225,0.97351
227300,Euro Truck Simulator 2,2025-09-21,869013,23656,892669,232,16,248,0.9735
227300,Euro Truck Simulator 2,2025-09-22,869259,23671,892930,246,15,261,0.973491
227300,Euro Truck Simulator 2,2025-09-23,869409,23674,893083,150,3,153,0.973492
227300,Euro Truck Simulator 2,2025-09-24,869562,23675,893237,153,1,154,0.973495
227300,Euro Truck Simulator 2,2025-09-25,869659,23675,893334,97,0,97,0.973498
227300,Euro Truck Simulator 2,2025-09-26,869798,23682,893480,139,7,146,0.973495
227300,Euro Truck Simulator 2,2025-09-27,869994,23696,893690,196,14,210,0.973485
227300,Euro Truck Simulator 2,2025-09-28,870191,23700,893891,197,4,201,0.973487
227300,Euro Truck Simulator 2,2025-09-29,870360,23706,894066,169,6,175,0.973485
227300,Euro Truck Simulator 2,2025-09-30,870527,23712,894239,167,6,173,0.973484
227300,Euro Truck Simulator 2,2025-10-01,870808,23729,894537,281,17,298,0.973473
227300,Euro Truck Simulator 2,2025-10-02,870963,23733,894696,155,4,159,0.973474
227300,Euro Truck Simulator 2,2025-10-03,871223,23739,894962,260,6,266,0.973475
227300,Euro Truck Simulator 2,2025-10-04,871525,23753,895278,302,14,316,0.973469
227300,Euro Truck Simulator 2,2025-10-05,871894,23755,895649,369,2,371,0.973477
227300,Euro Truck Simulator 2,2025-10-06,872371,23765,896136,477,10,487,0.973481
227300,Euro Truck Simulator 2,2025-10-07,872728,23771,896499,357,6,363,0.973485
227300,Euro Truck Simulator 2,2025-10-08,872813,23772,896585,85,1,86,0.973486
227300,Euro Truck Simulator 2,2025-10-09,873252,23779,897031,439,7,446,0.973491
227300,Euro Truck Simulator 2,2025-10-10,873364,23780,897144,112,1,113,0.973494
227300,Euro Truck Simulator 2,2025-10-11,873689,23793,897482,325,13,338,0.973489
227300,Euro Truck Simulator 2,2025-10-12,874020,23804,897824,331,11,342,0.973487
227300,Euro Truck Simulator 2,2025-10-13,874417,23819,898236,397,15,412,0.973482
227300,Euro Truck Simulator 2,2025-10-14,874726,23831,898557,309,12,321,0.973479
227300,Euro Truck Simulator 2,2025-10-15,874864,23833,898697,138,2,140,0.97348
227300,Euro Truck Simulator 2,2025-10-16,875320,23846,899166,456,13,469,0.97348
227300,Euro Truck Simulator 2,2025-10-17,875417,23854,899271,97,8,105,0.973474
227300,Euro Truck Simulator 2,2025-10-18,875699,23863,899562,282,9,291,0.973473
227300,Euro Truck Simulator 2,2025-10-19,876014,23870,899884,315,7,322,0.973474
227300,Euro Truck Simulator 2,2025-10-20,876290,23876,900166,276,6,282,0.973476
227300,Euro Truck Simulator 2,2025-10-21,876514,23882,900396,224,6,230,0.973476
227300,Euro Truck Simulator 2,2025-10-22,876742,23891,900633,228,9,237,0.973473
227300,Euro Truck Simulator 2,2025-10-23,876926,23890,900816,184,-1,183,0.97348
227300,Euro Truck Simulator 2,2025-10-24,876996,23890,900886,70,0,70,0.973482
227300,Euro Truck Simulator 2,2025-10-25,877230,23895,901125,234,5,239,0.973483
227300,Euro Truck Simulator 2,2025-10-26,877444,23911,901355,214,16,230,0.973472
227300,Euro Truck Simulator 2,2025-10-27,877657,23926,901583,213,15,228,0.973462
227300,Euro Truck Simulator 2,2025-10-28,877861,23931,901792,204,5,209,0.973463
227300,Euro Truck Simulator 2,2025-10-29,878047,23935,901982,186,4,190,0.973464
227300,Euro Truck Simulator 2,2025-10-30,878243,23943,902186,196,8,204,0.973461
227300,Euro Truck Simulator 2,2025-10-31,878345,23945,902290,102,2,104,0.973462
227300,Euro Truck Simulator 2,2025-11-01,878503,23958,902461,158,13,171,0.973453
227300,Euro Truck Simulator 2,2025-11-02,878706,23959,902665,203,1,204,0.973457
227300,Euro Truck Simulator 2,2025-11-03,879022,23963,902985,316,4,320,0.973462
227300,Euro Truck Simulator 2,2025-11-04,879089,23963,903052,67,0,67,0.973464
227300,Euro Truck Simulator 2,2025-11-05,879260,23963,903223,171,0,171,0.973469
227300,Euro Truck Simulator 2,2025-11-06,879328,23966,903294,68,3,71,0.973468
227300,Euro Truck Simulator 2,2025-11-07,879522,23971,903493,194,5,199,0.973469
227300,Euro Truck Simulator 2,2025-11-08,879725,23975,903700,203,4,207,0.97347
227300,Euro Truck Simulator 2,2025-11-09,879972,23977,903949,247,2,249,0.973475
227300,Euro Truck Simulator 2,2025-11-10,880265,23986,904251,293,9,302,0.973474
227300,Euro Truck Simulator 2,2025-11-11,880329,23984,904313,64,-2,62,0.973478
227300,Euro Truck Simulator 2,2025-11-12,880456,23989,904445,127,5,132,0.973477
227300,Euro Truck Simulator 2,2025-11-13,880621,23992,904613,165,3,168,0.973478
227300,Euro Truck Simulator 2,2025-11-14,880896,23998,904894,275,6,281,0.97348
227300,Euro Truck Simulator 2,2025-11-15,880968,24000,904968,72,2,74,0.97348
227300,Euro Truck Simulator 2,2025-11-16,881170,24002,905172,202,2,204,0.973483
227300,Euro Truck Simulator 2,2025-11-17,881353,24006,905359,183,4,187,0.973485
227300,Euro Truck Simulator 2,2025-11-18,881477,24014,905491,124,8,132,0.97348
227300,Euro Truck Simulator 2,2025-11-19,881628,24020,905648,151,6,157,0.973478
227300,Euro Truck Simulator 2,2025-11-20,881896,24022,905918,268,2,270,0.973483
227300,Euro Truck Simulator 2,2025-11-21,882154,24050,906204,258,28,286,0.973461
227300,Euro Truck Simulator 2,2025-11-22,882389,24067,906456,235,17,252,0.973449
227300,Euro Truck Simulator 2,2025-11-23,882695,24078,906773,306,11,317,0.973446
227300,Euro Truck Simulator 2,2025-11-24,882901,24089,906990,206,11,217,0.973441
227300,Euro Truck Simulator 2,2025-11-25,883360,24101,907461,459,12,471,0.973441
227300,Euro Truck Simulator 2,2025-11-26,883839,24102,907941,479,1,480,0.973454
227300,Euro Truck Simulator 2,2025-11-27,884059,24107,908166,220,5,225,0.973455
227300,Euro Truck Simulator 2,2025-11-28,884387,24119,908506,328,12,340,0.973452
227300,Euro Truck Simulator 2,2025-11-29,884863,24132,908995,476,13,489,0.973452
227300,Euro Truck Simulator 2,2025-11-30,885360,24140,909500,497,8,505,0.973458
227300,Euro Truck Simulator 2,2025-12-01,885854,24158,910012,494,18,512,0.973453
227300,Euro Truck Simulator 2,2025-12-02,886180,24178,910358,326,20,346,0.973441
227300,Euro Truck Simulator 2,2025-12-03,886464,24185,910649,284,7,291,0.973442
227300,Euro Truck Simulator 2,2025-12-04,886879,24205,911084,415,20,435,0.973433
227300,Euro Truck Simulator 2,2025-12-05,887062,24211,911273,183,6,189,0.973432
227300,Euro Truck Simulator 2,2025-12-06,887380,24226,911606,318,15,333,0.973425
227300,Euro Truck Simulator 2,2025-12-07,887752,24246,911998,372,20,392,0.973414
227300,Euro Truck Simulator 2,2025-12-08,888312,24256,912568,560,10,570,0.97342
227300,Euro Truck Simulator 2,2025-12-09,888486,24268,912754,174,12,186,0.973412
227300,Euro Truck Simulator 2,2025-12-10,888724,24274,912998,238,6,244,0.973413
227300,Euro Truck Simulator 2,2025-12-11,889026,24285,913311,302,11,313,0.97341
227300,Euro Truck Simulator 2,2025-12-12,889205,24301,913506,179,16,195,0.973398
227300,Euro Truck Simulator 2,2025-12-13,889488,24309,913797,283,8,291,0.973398
227300,Euro Truck Simulator 2,2025-12-14,889799,24314,914113,311,5,316,0.973402
227300,Euro Truck Simulator 2,2025-12-15,890329,24329,914658,530,15,545,0.973401
227300,Euro Truck Simulator 2,2025-12-16,890388,24330,914718,59,1,60,0.973402
227300,Euro Truck Simulator 2,2025-12-17,890627,24332,914959,239,2,241,0.973406
227300,Euro Truck Simulator 2,2025-12-18,890965,24344,915309,338,12,350,0.973404
227300,Euro Truck Simulator 2,2025-12-19,891153,24342,915495,188,-2,186,0.973411
227300,Euro Truck Simulator 2,2025-12-20,891308,24348,915656,155,6,161,0.973409
227300,Euro Truck Simulator 2,2025-12-21,891690,24364,916054,382,16,398,0.973403
227300,Euro Truck Simulator 2,2025-12-22,892005,24377,916382,315,13,328,0.973399
227300,Euro Truck Simulator 2,2025-12-23,892316,24381,916697,311,4,315,0.973403
227300,Euro Truck Simulator 2,2025-12-24,892646,24388,917034,330,7,337,0.973406
227300,Euro Truck Simulator 2,2025-12-25,892851,24394,917245,205,6,211,0.973405
227300,Euro Truck Simulator 2,2025-12-26,893199,24405,917604,348,11,359,0.973404
227300,Euro Truck Simulator 2,2025-12-27,893534,24409,917943,335,4,339,0.973409
227300,Euro Truck Simulator 2,2025-12-28,893950,24423,918373,416,14,430,0.973406
227300,Euro Truck Simulator 2,2025-12-29,894335,24429,918764,385,6,391,0.973411
227300,Euro Truck Simulator 2,2025-12-30,894673,24437,919110,338,8,346,0.973412
227300,Euro Truck Simulator 2,2025-12-31,895111,24456,919567,438,19,457,0.973405
227300,Euro Truck Simulator 2,2026-01-01,895388,24463,919851,277,7,284,0.973405
227300,Euro Truck Simulator 2,2026-01-02,895744,24471,920215,356,8,364,0.973407
227300,Euro Truck Simulator 2,2026-01-03,896061,24482,920543,317,11,328,0.973405
227300,Euro Truck Simulator 2,2026-01-04,896448,24495,920943,387,13,400,0.973402
227300,Euro Truck Simulator 2,2026-01-05,896968,24508,921476,520,13,533,0.973404
227300,Euro Truck Simulator 2,2026-01-06,897238,24512,921750,270,4,274,0.973407
227300,Euro Truck Simulator 2,2026-01-07,897508,24518,922026,270,6,276,0.973409
227300,Euro Truck Simulator 2,2026-01-08,897757,24534,922291,249,16,265,0.973399
227300,Euro Truck Simulator 2,2026-01-09,898010,24539,922549,253,5,258,0.973401
227300,Euro Truck Simulator 2,2026-01-10,898186,24544,922730,176,5,181,0.973401
227300,Euro Truck Simulator 2,2026-01-11,898451,24550,923001,265,6,271,0.973402
227300,Euro Truck Simulator 2,2026-01-12,898752,24553,923305,301,3,304,0.973407
227300,Euro Truck Simulator 2,2026-01-13,898871,24552,923423,119,-1,118,0.973412
227300,Euro Truck Simulator 2,2026-01-14,899013,24545,923558,142,-7,135,0.973423
227300,Euro Truck Simulator 2,2026-01-15,898999,24543,923542,-14,-2,-16,0.973425
227300,Euro Truck Simulator 2,2026-01-16,899104,24540,923644,105,-3,102,0.973431
227300,Euro Truck Simulator 2,2026-01-17,899402,24549,923951,298,9,307,0.97343
227300,Euro Truck Simulator 2,2026-01-18,899730,24558,924288,328,9,337,0.97343
227300,Euro Truck Simulator 2,2026-01-19,900162,24564,924726,432,6,438,0.973436
227300,Euro Truck Simulator 2,2026-01-20,900400,24565,924965,238,1,239,0.973442
227300,Euro Truck Simulator 2,2026-01-21,900637,24569,925206,237,4,241,0.973445
227300,Euro Truck Simulator 2,2026-01-22,900767,24573,925340,130,4,134,0.973444
227300,Euro Truck Simulator 2,2026-01-23,900914,24574,925488,147,1,148,0.973448
227300,Euro Truck Simulator 2,2026-01-24,901160,24580,925740,246,6,252,0.973448
227300,Euro Truck Simulator 2,2026-01-25,901421,24590,926011,261,10,271,0.973445
227300,Euro Truck Simulator 2,2026-01-26,901683,24604,926287,262,14,276,0.973438
227300,Euro Truck Simulator 2,2026-01-27,901912,24605,926517,229,1,230,0.973444
227300,Euro Truck Simulator 2,2026-01-28,902116,24609,926725,204,4,208,0.973445
227300,Euro Truck Simulator 2,2026-01-29,902237,24614,926851,121,5,126,0.973443
227300,Euro Truck Simulator 2,2026-01-30,902571,24635,927206,334,21,355,0.973431
227300,Euro Truck Simulator 2,2026-01-31,902721,24635,927356,150,0,150,0.973435
227300,Euro Truck Simulator 2,2026-02-01,902998,24639,927637,277,4,281,0.973439
227300,Euro Truck Simulator 2,2026-02-02,903379,24652,928031,381,13,394,0.973436
227300,Euro Truck Simulator 2,2026-02-03,903474,24653,928127,95,1,96,0.973438
227300,Euro Truck Simulator 2,2026-02-04,903730,24667,928397,256,14,270,0.973431
227300,Euro Truck Simulator 2,2026-02-05,903923,24675,928598,193,8,201,0.973428
227300,Euro Truck Simulator 2,2026-02-06,903994,24679,928673,71,4,75,0.973426
227300,Euro Truck Simulator 2,2026-02-07,904222,24682,928904,228,3,231,0.973429
227300,Euro Truck Simulator 2,2026-02-08,904390,24688,929078,168,6,174,0.973427
227300,Euro Truck Simulator 2,2026-02-09,904649,24692,929341,259,4,263,0.973431
227300,Euro Truck Simulator 2,2026-02-10,904861,24700,929561,212,8,220,0.973428
227300,Euro Truck Simulator 2,2026-02-11,905027,24702,929729,166,2,168,0.973431
227300,Euro Truck Simulator 2,2026-02-12,905451,24751,930202,424,49,473,0.973392
227300,Euro Truck Simulator 2,2026-02-13,905620,24779,930399,169,28,197,0.973367
227300,Euro Truck Simulator 2,2026-02-14,905900,24807,930707,280,28,308,0.973346
227300,Euro Truck Simulator 2,2026-02-15,906191,24834,931025,291,27,318,0.973326
227300,Euro Truck Simulator 2,2026-02-16,906592,24860,931452,401,26,427,0.97331
227300,Euro Truck Simulator 2,2026-02-17,906704,24870,931574,112,10,122,0.973303
227300,Euro Truck Simulator 2,2026-02-18,906859,24871,931730,155,1,156,0.973307
227300,Euro Truck Simulator 2,2026-02-19,907104,24896,932000,245,25,270,0.973288
227300,Euro Truck Simulator 2,2026-02-20,907281,24913,932194,177,17,194,0.973275
227300,Euro Truck Simulator 2,2026-02-21,907684,24941,932625,403,28,431,0.973257
227300,Euro Truck Simulator 2,2026-02-22,908099,24960,933059,415,19,434,0.973249
227300,Euro Truck Simulator 2,2026-02-23,908821,24997,933818,722,37,759,0.973231
227300,Euro Truck Simulator 2,2026-02-24,908972,25005,933977,151,8,159,0.973227
227300,Euro Truck Simulator 2,2026-02-25,909460,25018,934478,488,13,501,0.973228
227300,Euro Truck Simulator 2,2026-02-26,909754,25032,934786,294,14,308,0.973222
227300,Euro Truck Simulator 2,2026-02-27,910046,25038,935084,292,6,298,0.973224
227300,Euro Truck Simulator 2,2026-02-28,910456,25060,935516,410,22,432,0.973213
227300,Euro Truck Simulator 2,2026-03-01,910732,25080,935812,276,20,296,0.9732
227300,Euro Truck Simulator 2,2026-03-02,911049,25098,936147,317,18,335,0.97319
227300,Euro Truck Simulator 2,2026-03-03,911326,25111,936437,277,13,290,0.973185
227300,Euro Truck Simulator 2,2026-03-04,911496,25117,936613,170,6,176,0.973183
252490,Rust,2015-05-13,72420,12225,84645,72420,12225,84645,0.855573
252490,Rust,2015-05-14,72441,12228,84669,21,3,24,0.855579
252490,Rust,2015-05-15,72567,12277,84844,126,49,175,0.855299
252490,Rust,2015-05-16,72815,12345,85160,248,68,316,0.855038
252490,Rust,2015-05-17,72960,12404,85364,145,59,204,0.854693
252490,Rust,2015-05-18,73092,12447,85539,132,43,175,0.854487
252490,Rust,2015-05-19,73179,12482,85661,87,35,122,0.854286
252490,Rust,2015-05-20,73275,12510,85785,96,28,124,0.85417
252490,Rust,2015-05-21,73355,12535,85890,80,25,105,0.854058
252490,Rust,2015-05-22,73460,12563,86023,105,28,133,0.853958
252490,Rust,2015-05-23,73606,12605,86211,146,42,188,0.853789
252490,Rust,2015-05-24,73735,12650,86385,129,45,174,0.853563
252490,Rust,2015-05-25,73821,12693,86514,86,43,129,0.853284
252490,Rust,2015-05-26,73919,12719,86638,98,26,124,0.853194
252490,Rust,2015-05-27,74025,12755,86780,106,36,142,0.853019
252490,Rust,2015-05-28,74083,12778,86861,58,23,81,0.852891
252490,Rust,2015-05-29,74182,12804,86986,99,26,125,0.852804
252490,Rust,2015-05-30,74251,12824,87075,69,20,89,0.852725
252490,Rust,2015-05-31,74372,12871,87243,121,47,168,0.85247
252490,Rust,2015-06-01,74372,12871,87243,0,0,0,0.85247
252490,Rust,2015-06-02,74610,12939,87549,238,68,306,0.852208
252490,Rust,2015-06-03,74720,12989,87709,110,50,160,0.851908
252490,Rust,2015-06-04,74810,13026,87836,90,37,127,0.851701
252490,Rust,2015-06-05,74940,13053,87993,130,27,157,0.851659
252490,Rust,2015-06-06,75078,13094,88172,138,41,179,0.851495
252490,Rust,2015-06-07,75233,13147,88380,155,53,208,0.851245
252490,Rust,2015-06-08,75334,13188,88522,101,41,142,0.85102
252490,Rust,2015-06-09,75457,13228,88685,123,40,163,0.850843
252490,Rust,2015-06-10,75562,13261,88823,105,33,138,0.850703
252490,Rust,2015-06-11,75673,13279,88952,111,18,129,0.850717
252490,Rust,2015-06-12,75792,13313,89105,119,34,153,0.850592
252490,Rust,2015-06-13,75957,13327,89284,165,14,179,0.850735
252490,Rust,2015-06-14,76103,13352,89455,146,25,171,0.850741
252490,Rust,2015-06-15,76242,13387,89629,139,35,174,0.85064
252490,Rust,2015-06-16,76347,13404,89751,105,17,122,0.850653
252490,Rust,2015-06-17,76462,13439,89901,115,35,150,0.850513
252490,Rust,2015-06-18,76577,13469,90046,115,30,145,0.850421
252490,Rust,2015-06-19,76718,13495,90213,141,26,167,0.85041
252490,Rust,2015-06-20,76842,13529,90371,124,34,158,0.850295
252490,Rust,2015-06-21,76950,13551,90501,108,22,130,0.850267
252490,Rust,2015-06-22,77045,13581,90626,95,30,125,0.850142
252490,Rust,2015-06-23,77113,13609,90722,68,28,96,0.849992
252490,Rust,2015-06-24,77201,13649,90850,88,40,128,0.849763
252490,Rust,2015-06-25,77310,13692,91002,109,43,152,0.849542
252490,Rust,2015-06-26,77403,13744,91147,93,52,145,0.849211
252490,Rust,2015-06-27,77542,13791,91333,139,47,186,0.849003
252490,Rust,2015-06-28,77709,13829,91538,167,38,205,0.848926
252490,Rust,2015-06-29,77811,13876,91687,102,47,149,0.848659
252490,Rust,2015-06-30,77908,13919,91827,97,43,140,0.848421
252490,Rust,2015-07-01,78013,13940,91953,105,21,126,0.848401
252490,Rust,2015-07-02,78117,13974,92091,104,34,138,0.848259
252490,Rust,2015-07-03,78220,14017,92237,103,43,146,0.848033
252490,Rust,2015-07-04,78318,14052,92370,98,35,133,0.847873
252490,Rust,2015-07-05,78418,14081,92499,100,29,129,0.847771
252490,Rust,2015-07-06,78530,14120,92650,112,39,151,0.847598
252490,Rust,2015-07-07,78626,14154,92780,96,34,130,0.847446
252490,Rust,2015-07-08,78719,14187,92906,93,33,126,0.847297
252490,Rust,2015-07-09,78804,14210,93014,85,23,108,0.847227
252490,Rust,2015-07-10,78914,14251,93165,110,41,151,0.847035
252490,Rust,2015-07-11,79029,14277,93306,115,26,141,0.846987
252490,Rust,2015-07-12,79133,14309,93442,104,32,136,0.846868
252490,Rust,2015-07-13,79199,14333,93532,66,24,90,0.846758
252490,Rust,2015-07-14,79286,14359,93645,87,26,113,0.846666
252490,Rust,2015-07-15,79338,14388,93726,52,29,81,0.846489
252490,Rust,2015-07-16,79444,14406,93850,106,18,124,0.8465
252490,Rust,2015-07-17,79623,14437,94060,179,31,210,0.846513
252490,Rust,2015-07-18,79931,14475,94406,308,38,346,0.846673
252490,Rust,2015-07-19,80064,14506,94570,133,31,164,0.846611
252490,Rust,2015-07-20,80210,14526,94736,146,20,166,0.846669
252490,Rust,2015-07-21,80331,14549,94880,121,23,144,0.846659
252490,Rust,2015-07-22,80477,14579,95056,146,30,176,0.846627
252490,Rust,2015-07-23,80561,14609,95170,84,30,114,0.846496
252490,Rust,2015-07-24,80767,14641,95408,206,32,238,0.846543
252490,Rust,2015-07-25,80944,14671,95615,177,30,207,0.846562
252490,Rust,2015-07-26,81036,14700,95736,92,29,121,0.846453
252490,Rust,2015-07-27,81095,14737,95832,59,37,96,0.84622
252490,Rust,2015-07-28,81148,14752,95900,53,15,68,0.846173
252490,Rust,2015-07-29,81235,14774,96009,87,22,109,0.846119
252490,Rust,2015-07-30,81307,14788,96095,72,14,86,0.846111
252490,Rust,2015-07-31,81377,14821,96198,70,33,103,0.845932
252490,Rust,2015-08-01,81443,14840,96283,66,19,85,0.845871
252490,Rust,2015-08-02,81501,14851,96352,58,11,69,0.845867
252490,Rust,2015-08-03,81567,14877,96444,66,26,92,0.845745
252490,Rust,2015-08-04,81653,14900,96553,86,23,109,0.845681
252490,Rust,2015-08-05,81720,14923,96643,67,23,90,0.845586
252490,Rust,2015-08-06,81804,14932,96736,84,9,93,0.845642
252490,Rust,2015-08-07,81891,14942,96833,87,10,97,0.845693
252490,Rust,2015-08-08,81954,14953,96907,63,11,74,0.845697
252490,Rust,2015-08-09,82021,14981,97002,67,28,95,0.84556
252490,Rust,2015-08-10,82078,15003,97081,57,22,79,0.845459
252490,Rust,2015-08-11,82175,15025,97200,97,22,119,0.845422
252490,Rust,2015-08-12,82230,15053,97283,55,28,83,0.845266
252490,Rust,2015-08-13,82299,15072,97371,69,19,88,0.845211
252490,Rust,2015-08-14,82377,15080,97457,78,8,86,0.845265
252490,Rust,2015-08-15,82439,15097,97536,62,17,79,0.845216
252490,Rust,2015-08-16,82502,15099,97601,63,2,65,0.845299
252490,Rust,2015-08-17,82584,15105,97689,82,6,88,0.845377
252490,Rust,2015-08-18,82653,15121,97774,69,16,85,0.845347
252490,Rust,2015-08-19,82730,15136,97866,77,15,92,0.84534
252490,Rust,2015-08-20,82780,15152,97932,50,16,66,0.84528
252490,Rust,2015-08-21,82852,15163,98015,72,11,83,0.845299
252490,Rust,2015-08-22,82922,15183,98105,70,20,90,0.845237
252490,Rust,2015-08-23,82992,15209,98201,70,26,96,0.845124
252490,Rust,2015-08-24,83039,15223,98262,47,14,61,0.845077
252490,Rust,2015-08-25,83099,15238,98337,60,15,75,0.845043
252490,Rust,2015-08-26,83164,15257,98421,65,19,84,0.844982
252490,Rust,2015-08-27,83220,15260,98480,56,3,59,0.845045
252490,Rust,2015-08-28,83282,15281,98563,62,21,83,0.844962
252490,Rust,2015-08-29,83358,15292,98650,76,11,87,0.844987
252490,Rust,2015-08-30,83422,15313,98735,64,21,85,0.844908
252490,Rust,2015-08-31,83465,15324,98789,43,11,54,0.844882
252490,Rust,2015-09-01,83549,15337,98886,84,13,97,0.844902
252490,Rust,2015-09-02,83591,15341,98932,42,4,46,0.844934
252490,Rust,2015-09-03,83634,15352,98986,43,11,54,0.844907
252490,Rust,2015-09-04,83685,15355,99040,51,3,54,0.844962
252490,Rust,2015-09-05,83742,15368,99110,57,13,70,0.84494
252490,Rust,2015-09-06,83826,15392,99218,84,24,108,0.844867
252490,Rust,2015-09-07,83898,15423,99321,72,31,103,0.844716
252490,Rust,2015-09-08,83940,15444,99384,42,21,63,0.844603
252490,Rust,2015-09-09,83995,15453,99448,55,9,64,0.844612
252490,Rust,2015-09-10,84053,15467,99520,58,14,72,0.844584
252490,Rust,2015-09-11,84103,15482,99585,50,15,65,0.844535
252490,Rust,2015-09-12,84147,15498,99645,44,16,60,0.844468
252490,Rust,2015-09-13,84189,15522,99711,42,24,66,0.84433
252490,Rust,2015-09-14,84260,15542,99802,71,20,91,0.844272
252490,Rust,2015-09-15,84304,15556,99860,44,14,58,0.844222
252490,Rust,2015-09-16,84347,15568,99915,43,12,55,0.844188
252490,Rust,2015-09-17,84407,15584,99991,60,16,76,0.844146
252490,Rust,2015-09-18,84467,15597,100064,60,13,73,0.84413
252490,Rust,2015-09-19,84532,15607,100139,65,10,75,0.844147
252490,Rust,2015-09-20,84610,15649,100259,78,42,120,0.843914
252490,Rust,2015-09-21,84668,15664,100332,58,15,73,0.843878
252490,Rust,2015-09-22,84704,15670,100374,36,6,42,0.843884
252490,Rust,2015-09-23,84755,15682,100437,51,12,63,0.843862
252490,Rust,2015-09-24,84808,15696,100504,53,14,67,0.843827
252490,Rust,2015-09-25,84857,15702,100559,49,6,55,0.843853
252490,Rust,2015-09-26,84923,15715,100638,66,13,79,0.843846
252490,Rust,2015-09-27,84993,15740,100733,70,25,95,0.843745
252490,Rust,2015-09-28,85042,15760,100802,49,20,69,0.843654
252490,Rust,2015-09-29,85106,15781,100887,64,21,85,0.843577
252490,Rust,2015-09-30,85167,15792,100959,61,11,72,0.84358
252490,Rust,2015-10-01,85199,15816,101015,32,24,56,0.843429
252490,Rust,2015-10-02,85244,15828,101072,45,12,57,0.843399
252490,Rust,2015-10-03,85309,15855,101164,65,27,92,0.843274
252490,Rust,2015-10-04,85386,15866,101252,77,11,88,0.843302
252490,Rust,2015-10-05,85456,15882,101338,70,16,86,0.843277
252490,Rust,2015-10-06,85517,15898,101415,61,16,77,0.843238
252490,Rust,2015-10-07,85567,15918,101485,50,20,70,0.843149
252490,Rust,2015-10-08,85637,15927,101564,70,9,79,0.843183
252490,Rust,2015-10-09,85694,15939,101633,57,12,69,0.843171
252490,Rust,2015-10-10,85775,15958,101733,81,19,100,0.843138
252490,Rust,2015-10-11,85833,15981,101814,58,23,81,0.843037
252490,Rust,2015-10-12,85892,16009,101901,59,28,87,0.842897
252490,Rust,2015-10-13,85947,16025,101972,55,16,71,0.842849
252490,Rust,2015-10-14,85992,16047,102039,45,22,67,0.842737
252490,Rust,2015-10-15,86051,16066,102117,59,19,78,0.842671
252490,Rust,2015-10-16,86118,16075,102193,67,9,76,0.8427
252490,Rust,2015-10-17,86185,16092,102277,67,17,84,0.842663
252490,Rust,2015-10-18,86241,16108,102349,56,16,72,0.842617
252490,Rust,2015-10-19,86288,16140,102428,47,32,79,0.842426
252490,Rust,2015-10-20,86333,16154,102487,45,14,59,0.84238
252490,Rust,2015-10-21,86380,16161,102541,47,7,54,0.842395
252490,Rust,2015-10-22,86437,16178,102615,57,17,74,0.842343
252490,Rust,2015-10-23,86473,16190,102663,36,12,48,0.8423
252490,Rust,2015-10-24,86514,16203,102717,41,13,54,0.842256
252490,Rust,2015-10-25,86573,16225,102798,59,22,81,0.842166
252490,Rust,2015-10-26,86651,16253,102904,78,28,106,0.842057
252490,Rust,2015-10-27,86705,16261,102966,54,8,62,0.842074
252490,Rust,2015-10-28,86751,16275,103026,46,14,60,0.84203
252490,Rust,2015-10-29,86814,16288,103102,63,13,76,0.842021
252490,Rust,2015-10-30,86882,16292,103174,68,4,72,0.842092
252490,Rust,2015-10-31,86957,16305,103262,75,13,88,0.842101
252490,Rust,2015-11-01,87023,16320,103343,66,15,81,0.842079
252490,Rust,2015-11-02,87091,16348,103439,68,28,96,0.841955
252490,Rust,2015-11-03,87153,16358,103511,62,10,72,0.841968
252490,Rust,2015-11-04,87204,16361,103565,51,3,54,0.842022
252490,Rust,2015-11-05,87243,16377,103620,39,16,55,0.841951
252490,Rust,2015-11-06,87315,16406,103721,72,29,101,0.841826
252490,Rust,2015-11-07,87370,16433,103803,55,27,82,0.841691
252490,Rust,2015-11-08,87437,16460,103897,67,27,94,0.841574
252490,Rust,2015-11-09,87525,16475,104000,88,15,103,0.841587
252490,Rust,2015-11-10,87580,16479,104059,55,4,59,0.841638
252490,Rust,2015-11-11,87621,16489,104110,41,10,51,0.841619
252490,Rust,2015-11-12,87660,16497,104157,39,8,47,0.841614
252490,Rust,2015-11-13,87708,16510,104218,48,13,61,0.841582
252490,Rust,2015-11-14,87760,16523,104283,52,13,65,0.841556
252490,Rust,2015-11-15,87812,16525,104337,52,2,54,0.841619
252490,Rust,2015-11-16,87884,16552,104436,72,27,99,0.841511
252490,Rust,2015-11-17,87926,16567,104493,42,15,57,0.841453
252490,Rust,2015-11-18,87970,16578,104548,44,11,55,0.841432
252490,Rust,2015-11-19,88011,16594,104605,41,16,57,0.841365
252490,Rust,2015-11-20,88064,16612,104676,53,18,71,0.841301
252490,Rust,2015-11-21,88101,16627,104728,37,15,52,0.841236
252490,Rust,2015-11-22,88165,16651,104816,64,24,88,0.841141
252490,Rust,2015-11-23,88264,16678,104942,99,27,126,0.841074
252490,Rust,2015-11-24,88299,16681,104980,35,3,38,0.841103
252490,Rust,2015-11-25,88351,16700,105051,52,19,71,0.84103
252490,Rust,2015-11-26,88426,16716,105142,75,16,91,0.841015
252490,Rust,2015-11-27,88510,16733,105243,84,17,101,0.841006
252490,Rust,2015-11-28,88639,16765,105404,129,32,161,0.840945
252490,Rust,2015-11-29,88795,16829,105624,156,64,220,0.840671
252490,Rust,2015-11-30,88893,16888,105781,98,59,157,0.840349
252490,Rust,2015-12-01,88972,16926,105898,79,38,117,0.840167
252490,Rust,2015-12-02,89049,16954,106003,77,28,105,0.840061
252490,Rust,2015-12-03,89113,16977,106090,64,23,87,0.839975
252490,Rust,2015-12-04,89188,16994,106182,75,17,92,0.839954
252490,Rust,2015-12-05,89268,17051,106319,80,57,137,0.839624
252490,Rust,2015-12-06,89356,17094,106450,88,43,131,0.839418
252490,Rust,2015-12-07,89450,17135,106585,94,41,135,0.839236
252490,Rust,2015-12-08,89527,17163,106690,77,28,105,0.839132
252490,Rust,2015-12-09,89588,17183,106771,61,20,81,0.839067
252490,Rust,2015-12-10,89647,17219,106866,59,36,95,0.838873
252490,Rust,2015-12-11,89714,17238,106952,67,19,86,0.838825
252490,Rust,2015-12-12,89766,17265,107031,52,27,79,0.838692
252490,Rust,2015-12-13,89852,17292,107144,86,27,113,0.83861
252490,Rust,2015-12-14,89938,17322,107260,86,30,116,0.838505
252490,Rust,2015-12-15,90026,17345,107371,88,23,111,0.838457
252490,Rust,2015-12-16,90094,17363,107457,68,18,86,0.838419
252490,Rust,2015-12-17,90157,17389,107546,63,26,89,0.838311
252490,Rust,2015-12-18,90198,17407,107605,41,18,59,0.838232
252490,Rust,2015-12-19,90265,17441,107706,67,34,101,0.838068
252490,Rust,2015-12-20,90359,17474,107833,94,33,127,0.837953
252490,Rust,2015-12-21,90429,17489,107918,70,15,85,0.837942
252490,Rust,2015-12-22,90504,17510,108014,75,21,96,0.837891
252490,Rust,2015-12-23,90600,17547,108147,96,37,133,0.837749
252490,Rust,2015-12-24,90800,17625,108425,200,78,278,0.837445
252490,Rust,2015-12-25,91017,17712,108729,217,87,304,0.8371
252490,Rust,2015-12-26,91163,17788,108951,146,76,222,0.836734
252490,Rust,2015-12-27,91319,17871,109190,156,83,239,0.836331
252490,Rust,2015-12-28,91522,17996,109518,203,125,328,0.83568
252490,Rust,2015-12-29,91813,18145,109958,291,149,440,0.834982
252490,Rust,2015-12-30,92007,18241,110248,194,96,290,0.834546
252490,Rust,2015-12-31,92234,18355,110589,227,114,341,0.834025
252490,Rust,2016-01-01,92234,18355,110589,0,0,0,0.834025
252490,Rust,2016-01-02,92590,18516,111106,356,161,517,0.833348
252490,Rust,2016-01-03,92826,18614,111440,236,98,334,0.832968
252490,Rust,2016-01-04,93083,18708,111791,257,94,351,0.832652
252490,Rust,2016-01-05,93309,18820,112129,226,112,338,0.832158
252490,Rust,2016-01-06,93502,18875,112377,193,55,248,0.832039
252490,Rust,2016-01-07,93645,18909,112554,143,34,177,0.832001
252490,Rust,2016-01-08,93795,18956,112751,150,47,197,0.831877
252490,Rust,2016-01-09,93905,19007,112912,110,51,161,0.831665
252490,Rust,2016-01-10,94036,19058,113094,131,51,182,0.831485
252490,Rust,2016-01-11,94179,19110,113289,143,52,195,0.831316
252490,Rust,2016-01-12,94286,19137,113423,107,27,134,0.831278
252490,Rust,2016-01-13,94397,19179,113576,111,42,153,0.831135
252490,Rust,2016-01-14,94499,19207,113706,102,28,130,0.831082
252490,Rust,2016-01-15,94581,19238,113819,82,31,113,0.830977
252490,Rust,2016-01-16,94688,19259,113947,107,21,128,0.830983
252490,Rust,2016-01-17,94823,19318,114141,135,59,194,0.830753
252490,Rust,2016-01-18,94960,19364,114324,137,46,183,0.830622
252490,Rust,2016-01-19,95055,19404,114459,95,40,135,0.830472
252490,Rust,2016-01-20,95171,19423,114594,116,19,135,0.830506
252490,Rust,2016-01-21,95283,19458,114741,112,35,147,0.830418
252490,Rust,2016-01-22,95374,19488,114862,91,30,121,0.830336
252490,Rust,2016-01-23,95518,19526,115044,144,38,182,0.830274
252490,Rust,2016-01-24,95636,19556,115192,118,30,148,0.830231
252490,Rust,2016-01-25,95739,19592,115331,103,36,139,0.830124
252490,Rust,2016-01-26,95857,19614,115471,118,22,140,0.830139
252490,Rust,2016-01-27,95963,19641,115604,106,27,133,0.830101
252490,Rust,2016-01-28,96058,19657,115715,95,16,111,0.830126
252490,Rust,2016-01-29,96181,19682,115863,123,25,148,0.830127
252490,Rust,2016-01-30,96278,19716,115994,97,34,131,0.830026
252490,Rust,2016-01-31,96383,19755,116138,105,39,144,0.829901
252490,Rust,2016-02-01,96493,19785,116278,110,30,140,0.829847
252490,Rust,2016-02-02,96580,19808,116388,87,23,110,0.829811
252490,Rust,2016-02-03,96681,19830,116511,101,22,123,0.829801
252490,Rust,2016-02-04,96784,19850,116634,103,20,123,0.829809
252490,Rust,2016-02-05,96907,19876,116783,123,26,149,0.829804
252490,Rust,2016-02-06,97057,19913,116970,150,37,187,0.82976
252490,Rust,2016-02-07,97268,20015,117283,211,102,313,0.829344
252490,Rust,2016-02-08,97432,20097,117529,164,82,246,0.829004
252490,Rust,2016-02-09,97650,20162,117812,218,65,283,0.828863
252490,Rust,2016-02-10,97802,20236,118038,152,74,226,0.828564
252490,Rust,2016-02-11,98004,20286,118290,202,50,252,0.828506
252490,Rust,2016-02-12,98199,20333,118532,195,47,242,0.82846
252490,Rust,2016-02-13,98416,20414,118830,217,81,298,0.828208
252490,Rust,2016-02-14,98612,20489,119101,196,75,271,0.82797
252490,Rust,2016-02-15,98763,20536,119299,151,47,198,0.827861
252490,Rust,2016-02-16,98918,20565,119483,155,29,184,0.827883
252490,Rust,2016-02-17,99070,20601,119671,152,36,188,0.827853
252490,Rust,2016-02-18,99200,20637,119837,130,36,166,0.827791
252490,Rust,2016-02-19,99339,20661,120000,139,24,163,0.827825
252490,Rust,2016-02-20,99465,20681,120146,126,20,146,0.827868
252490,Rust,2016-02-21,99602,20728,120330,137,47,184,0.82774
252490,Rust,2016-02-22,99726,20761,120487,124,33,157,0.827691
252490,Rust,2016-02-23,99818,20779,120597,92,18,110,0.827699
252490,Rust,2016-02-24,99936,20806,120742,118,27,145,0.827682
252490,Rust,2016-02-25,100053,20825,120878,117,19,136,0.827719
252490,Rust,2016-02-26,100192,20845,121037,139,20,159,0.82778
252490,Rust,2016-02-27,100315,20867,121182,123,22,145,0.827804
252490,Rust,2016-02-28,100435,20896,121331,120,29,149,0.827777
252490,Rust,2016-02-29,100567,20924,121491,132,28,160,0.827773
252490,Rust,2016-03-01,100675,20945,121620,108,21,129,0.827783
252490,Rust,2016-03-02,100761,20959,121720,86,14,100,0.82781
252490,Rust,2016-03-03,100859,20974,121833,98,15,113,0.827846
252490,Rust,2016-03-04,100971,20997,121968,112,23,135,0.827848
252490,Rust,2016-03-05,101070,21039,122109,99,42,141,0.827703
252490,Rust,2016-03-06,101221,21077,122298,151,38,189,0.827659
252490,Rust,2016-03-07,101330,21106,122436,109,29,138,0.827616
252490,Rust,2016-03-08,101414,21129,122543,84,23,107,0.827579
252490,Rust,2016-03-09,101526,21147,122673,112,18,130,0.827615
252490,Rust,2016-03-10,101632,21164,122796,106,17,123,0.827649
252490,Rust,2016-03-11,101744,21172,122916,112,8,120,0.827752
252490,Rust,2016-03-12,101852,21189,123041,108,17,125,0.827789
252490,Rust,2016-03-13,101945,21205,123150,93,16,109,0.827812
252490,Rust,2016-03-14,102051,21232,123283,106,27,133,0.827778
252490,Rust,2016-03-15,102140,21241,123381,89,9,98,0.827842
252490,Rust,2016-03-16,102237,21254,123491,97,13,110,0.82789
252490,Rust,2016-03-17,102333,21277,123610,96,23,119,0.82787
252490,Rust,2016-03-18,102418,21288,123706,85,11,96,0.827915
252490,Rust,2016-03-19,102532,21322,123854,114,34,148,0.827846
252490,Rust,2016-03-20,102605,21347,123952,73,25,98,0.82778
252490,Rust,2016-03-21,102707,21367,124074,102,20,122,0.827788
252490,Rust,2016-03-22,102791,21379,124170,84,12,96,0.827825
252490,Rust,2016-03-23,102876,21394,124270,85,15,100,0.827843
252490,Rust,2016-03-24,102990,21419,124409,114,25,139,0.827834
252490,Rust,2016-03-25,103070,21442,124512,80,23,103,0.827792
252490,Rust,2016-03-26,103153,21462,124615,83,20,103,0.827774
252490,Rust,2016-03-27,103225,21479,124704,72,17,89,0.82776
252490,Rust,2016-03-28,103336,21509,124845,111,30,141,0.827714
252490,Rust,2016-03-29,103417,21531,124948,81,22,103,0.82768
252490,Rust,2016-03-30,103508,21545,125053,91,14,105,0.827713
252490,Rust,2016-03-31,103561,21556,125117,53,11,64,0.827713
252490,Rust,2016-04-01,103658,21571,125229,97,15,112,0.827748
252490,Rust,2016-04-02,103732,21596,125328,74,25,99,0.827684
252490,Rust,2016-04-03,103820,21631,125451,88,35,123,0.827574
252490,Rust,2016-04-04,103913,21645,125558,93,14,107,0.82761
252490,Rust,2016-04-05,103989,21662,125651,76,17,93,0.827602
252490,Rust,2016-04-06,104060,21677,125737,71,15,86,0.8276
252490,Rust,2016-04-07,104143,21696,125839,83,19,102,0.827589
252490,Rust,2016-04-08,104243,21712,125955,100,16,116,0.827621
252490,Rust,2016-04-09,104327,21786,126113,84,74,158,0.82725
252490,Rust,2016-04-10,104412,21811,126223,85,25,110,0.827203
252490,Rust,2016-04-11,104506,21850,126356,94,39,133,0.827076
252490,Rust,2016-04-12,104597,21882,126479,91,32,123,0.826991
252490,Rust,2016-04-13,104688,21921,126609,91,39,130,0.826861
252490,Rust,2016-04-14,104785,21955,126740,97,34,131,0.826771
252490,Rust,2016-04-15,104856,21993,126849,71,38,109,0.826621
252490,Rust,2016-04-16,104944,22023,126967,88,30,118,0.826545
252490,Rust,2016-04-17,105050,22072,127122,106,49,155,0.826372
252490,Rust,2016-04-18,105146,22104,127250,96,32,128,0.826295
252490,Rust,2016-04-19,105222,22131,127353,76,27,103,0.826223
252490,Rust,2016-04-20,105306,22155,127461,84,24,108,0.826182
252490,Rust,2016-04-21,105394,22173,127567,88,18,106,0.826185
252490,Rust,2016-04-22,105469,22196,127665,75,23,98,0.826139
252490,Rust,2016-04-23,105555,22229,127784,86,33,119,0.826042
252490,Rust,2016-04-24,105642,22268,127910,87,39,126,0.825909
252490,Rust,2016-04-25,105742,22306,128048,100,38,138,0.8258
252490,Rust,2016-04-26,105820,22338,128158,78,32,110,0.8257
252490,Rust,2016-04-27,105886,22361,128247,66,23,89,0.825641
252490,Rust,2016-04-28,105967,22395,128362,81,34,115,0.825532
252490,Rust,2016-04-29,106043,22420,128463,76,25,101,0.825475
252490,Rust,2016-04-30,106116,22447,128563,73,27,100,0.825401
252490,Rust,2016-05-01,106226,22471,128697,110,24,134,0.825396
252490,Rust,2016-05-02,106323,22497,128820,97,26,123,0.825361
252490,Rust,2016-05-03,106408,22519,128927,85,22,107,0.825335
252490,Rust,2016-05-04,106503,22542,129045,95,23,118,0.825317
252490,Rust,2016-05-05,106583,22571,129154,80,29,109,0.82524
252490,Rust,2016-05-06,106694,22581,129275,111,10,121,0.825326
252490,Rust,2016-05-07,106782,22604,129386,88,23,111,0.825298
252490,Rust,2016-05-08,106876,22632,129508,94,28,122,0.825246
252490,Rust,2016-05-09,106952,22661,129613,76,29,105,0.825164
252490,Rust,2016-05-10,107010,22681,129691,58,20,78,0.825115
252490,Rust,2016-05-11,107078,22696,129774,68,15,83,0.825111
252490,Rust,2016-05-12,107164,22704,129868,86,8,94,0.825176
252490,Rust,2016-05-13,107228,22721,129949,64,17,81,0.825154
252490,Rust,2016-05-14,107312,22734,130046,84,13,97,0.825185
252490,Rust,2016-05-15,107417,22770,130187,105,36,141,0.825098
252490,Rust,2016-05-16,107508,22801,130309,91,31,122,0.825024
252490,Rust,2016-05-17,107610,22830,130440,102,29,131,0.824977
252490,Rust,2016-05-18,107688,22848,130536,78,18,96,0.824968
252490,Rust,2016-05-19,107796,22879,130675,108,31,139,0.824917
252490,Rust,2016-05-20,107856,22903,130759,60,24,84,0.824846
252490,Rust,2016-05-21,107932,22919,130851,76,16,92,0.824847
252490,Rust,2016-05-22,108008,22944,130952,76,25,101,0.824791
252490,Rust,2016-05-23,108102,22978,131080,94,34,128,0.824702
252490,Rust,2016-05-24,108177,23008,131185,75,30,105,0.824614
252490,Rust,2016-05-25,108236,23022,131258,59,14,73,0.824605
252490,Rust,2016-05-26,108311,23048,131359,75,26,101,0.824542
252490,Rust,2016-05-27,108391,23070,131461,80,22,102,0.824511
252490,Rust,2016-05-28,108480,23091,131571,89,21,110,0.824498
252490,Rust,2016-05-29,108542,23107,131649,62,16,78,0.82448
252490,Rust,2016-05-30,108628,23126,131754,86,19,105,0.824476
252490,Rust,2016-05-31,108708,23143,131851,80,17,97,0.824476
252490,Rust,2016-06-01,108783,23158,131941,75,15,90,0.824482
252490,Rust,2016-06-02,108859,23169,132028,76,11,87,0.824514
252490,Rust,2016-06-03,108960,23180,132140,101,11,112,0.82458
252490,Rust,2016-06-04,109017,23198,132215,57,18,75,0.824543
252490,Rust,2016-06-05,109102,23224,132326,85,26,111,0.824494
252490,Rust,2016-06-06,109176,23241,132417,74,17,91,0.824486
252490,Rust,2016-06-07,109252,23261,132513,76,20,96,0.824463
252490,Rust,2016-06-08,109325,23296,132621,73,35,108,0.824342
252490,Rust,2016-06-09,109392,23296,132688,67,0,67,0.82443
252490,Rust,2016-06-10,109455,23309,132764,63,13,76,0.824433
252490,Rust,2016-06-11,109530,23332,132862,75,23,98,0.824389
252490,Rust,2016-06-12,109601,23360,132961,71,28,99,0.824309
252490,Rust,2016-06-13,109693,23377,133070,92,17,109,0.824326
252490,Rust,2016-06-14,109755,23398,133153,62,21,83,0.824277
252490,Rust,2016-06-15,109835,23414,133249,80,16,96,0.824284
252490,Rust,2016-06-16,109910,23427,133337,75,13,88,0.824302
252490,Rust,2016-06-17,109982,23438,133420,72,11,83,0.824329
252490,Rust,2016-06-18,110040,23458,133498,58,20,78,0.824282
252490,Rust,2016-06-19,110110,23474,133584,70,16,86,0.824275
252490,Rust,2016-06-20,110198,23495,133693,88,21,109,0.824262
252490,Rust,2016-06-21,110273,23508,133781,75,13,88,0.82428
252490,Rust,2016-06-22,110337,23523,133860,64,15,79,0.824272
252490,Rust,2016-06-23,110411,23536,133947,74,13,87,0.824289
252490,Rust,2016-06-24,110521,23556,134077,110,20,130,0.82431
252490,Rust,2016-06-25,110681,23618,134299,160,62,222,0.824139
252490,Rust,2016-06-26,110876,23702,134578,195,84,279,0.823879
252490,Rust,2016-06-27,111036,23781,134817,160,79,239,0.823605
252490,Rust,2016-06-28,111217,23831,135048,181,50,231,0.823537
252490,Rust,2016-06-29,111372,23904,135276,155,73,228,0.823295
252490,Rust,2016-06-30,111553,23967,135520,181,63,244,0.823148
252490,Rust,2016-07-01,111717,24025,135742,164,58,222,0.82301
252490,Rust,2016-07-02,111896,24119,136015,179,94,273,0.822674
252490,Rust,2016-07-03,112062,24180,136242,166,61,227,0.822522
252490,Rust,2016-07-04,112219,24247,136466,157,67,224,0.822322
252490,Rust,2016-07-05,112362,24306,136668,143,59,202,0.822153
252490,Rust,2016-07-06,112501,24324,136825,139,18,157,0.822225
252490,Rust,2016-07-07,112629,24340,136969,128,16,144,0.822296
252490,Rust,2016-07-08,112785,24387,137172,156,47,203,0.822216
252490,Rust,2016-07-09,112916,24477,137393,131,90,221,0.821847
252490,Rust,2016-07-10,113041,24565,137606,125,88,213,0.821483
252490,Rust,2016-07-11,113139,24626,137765,98,61,159,0.821246
252490,Rust,2016-07-12,113235,24684,137919,96,58,154,0.821025
252490,Rust,2016-07-13,113314,24740,138054,79,56,135,0.820795
252490,Rust,2016-07-14,113420,24778,138198,106,38,144,0.820707
252490,Rust,2016-07-15,113526,24831,138357,106,53,159,0.820529
252490,Rust,2016-07-16,113607,24884,138491,81,53,134,0.82032
252490,Rust,2016-07-17,113674,24929,138603,67,45,112,0.820141
252490,Rust,2016-07-18,113764,24962,138726,90,33,123,0.820063
252490,Rust,2016-07-19,113848,25011,138859,84,49,133,0.819882
252490,Rust,2016-07-20,113905,25034,138939,57,23,80,0.81982
252490,Rust,2016-07-21,113983,25052,139035,78,18,96,0.819815
252490,Rust,2016-07-22,114043,25108,139151,60,56,116,0.819563
252490,Rust,2016-07-23,114123,25142,139265,80,34,114,0.819466
252490,Rust,2016-07-24,114188,25187,139375,65,45,110,0.819286
252490,Rust,2016-07-25,114261,25240,139501,73,53,126,0.819069
252490,Rust,2016-07-26,114346,25320,139666,85,80,165,0.81871
252490,Rust,2016-07-27,114404,25369,139773,58,49,107,0.818499
252490,Rust,2016-07-28,114478,25410,139888,74,41,115,0.818355
252490,Rust,2016-07-29,114552,25463,140015,74,53,127,0.818141
252490,Rust,2016-07-30,114616,25593,140209,64,130,194,0.817465
252490,Rust,2016-07-31,114693,25699,140392,77,106,183,0.816948
252490,Rust,2016-08-01,114751,25757,140508,58,58,116,0.816687
252490,Rust,2016-08-02,114813,25844,140657,62,87,149,0.816262
252490,Rust,2016-08-03,114876,25908,140784,63,64,127,0.815973
252490,Rust,2016-08-04,114966,25933,140899,90,25,115,0.815946
252490,Rust,2016-08-05,115072,25960,141032,106,27,133,0.815928
252490,Rust,2016-08-06,115130,26021,141151,58,61,119,0.815651
252490,Rust,2016-08-07,115194,26066,141260,64,45,109,0.815475
252490,Rust,2016-08-08,115254,26105,141359,60,39,99,0.815328
252490,Rust,2016-08-09,115323,26145,141468,69,40,109,0.815188
252490,Rust,2016-08-10,115394,26214,141608,71,69,140,0.814883
252490,Rust,2016-08-11,115455,26288,141743,61,74,135,0.814538
252490,Rust,2016-08-12,115553,26350,141903,98,62,160,0.81431
252490,Rust,2016-08-13,115654,26421,142075,101,71,172,0.814035
252490,Rust,2016-08-14,115771,26494,142265,117,73,190,0.81377
252490,Rust,2016-08-15,115853,26558,142411,82,64,146,0.813512
252490,Rust,2016-08-16,115957,26604,142561,104,46,150,0.813385
252490,Rust,2016-08-17,116032,26668,142700,75,64,139,0.813118
252490,Rust,2016-08-18,116116,26701,142817,84,33,117,0.81304
252490,Rust,2016-08-19,116194,26764,142958,78,63,141,0.812784
252490,Rust,2016-08-20,116302,26813,143115,108,49,157,0.812647
252490,Rust,2016-08-21,116383,26863,143246,81,50,131,0.812469
252490,Rust,2016-08-22,116441,26909,143350,58,46,104,0.812285
252490,Rust,2016-08-23,116516,26957,143473,75,48,123,0.812111
252490,Rust,2016-08-24,116589,26989,143578,73,32,105,0.812026
252490,Rust,2016-08-25,116681,27029,143710,92,40,132,0.81192
252490,Rust,2016-08-26,116764,27062,143826,83,33,116,0.811842
252490,Rust,2016-08-27,116863,27098,143961,99,36,135,0.811768
252490,Rust,2016-08-28,116946,27144,144090,83,46,129,0.811618
252490,Rust,2016-08-29,117009,27183,144192,63,39,102,0.811481
252490,Rust,2016-08-30,117097,27214,144311,88,31,119,0.811421
252490,Rust,2016-08-31,117170,27232,144402,73,18,91,0.811415
252490,Rust,2016-09-01,117240,27249,144489,70,17,87,0.811411
252490,Rust,2016-09-02,117329,27272,144601,89,23,112,0.811398
252490,Rust,2016-09-03,117407,27307,144714,78,35,113,0.811304
252490,Rust,2016-09-04,117473,27334,144807,66,27,93,0.811238
252490,Rust,2016-09-05,117537,27371,144908,64,37,101,0.811115
252490,Rust,2016-09-06,117606,27398,145004,69,27,96,0.811053
252490,Rust,2016-09-07,117683,27432,145115,77,34,111,0.810964
252490,Rust,2016-09-08,117750,27440,145190,67,8,75,0.811006
252490,Rust,2016-09-09,117821,27463,145284,71,23,94,0.81097
252490,Rust,2016-09-10,117873,27499,145372,52,36,88,0.810837
252490,Rust,2016-09-11,117948,27536,145484,75,37,112,0.810728
252490,Rust,2016-09-12,118004,27562,145566,56,26,82,0.810656
252490,Rust,2016-09-13,118060,27582,145642,56,20,76,0.810618
252490,Rust,2016-09-14,118108,27589,145697,48,7,55,0.810641
252490,Rust,2016-09-15,118109,27582,145691,1,-7,-6,0.810682
252490,Rust,2016-09-16,118178,27607,145785,69,25,94,0.810632
252490,Rust,2016-09-17,118275,27648,145923,97,41,138,0.81053
252490,Rust,2016-09-18,118343,27664,146007,68,16,84,0.81053
252490,Rust,2016-09-19,118432,27689,146121,89,25,114,0.810506
252490,Rust,2016-09-20,118498,27698,146196,66,9,75,0.810542
252490,Rust,2016-09-21,118551,27716,146267,53,18,71,0.810511
252490,Rust,2016-09-22,118631,27727,146358,80,11,91,0.810554
252490,Rust,2016-09-23,118697,27741,146438,66,14,80,0.810561
252490,Rust,2016-09-24,118768,27759,146527,71,18,89,0.810554
252490,Rust,2016-09-25,118811,27786,146597,43,27,70,0.81046
252490,Rust,2016-09-26,118862,27800,146662,51,14,65,0.810449
252490,Rust,2016-09-27,118928,27821,146749,66,21,87,0.810418
252490,Rust,2016-09-28,118988,27828,146816,60,7,67,0.810457
252490,Rust,2016-09-29,119039,27835,146874,51,7,58,0.810484
252490,Rust,2016-09-30,119114,27840,146954,75,5,80,0.810553
252490,Rust,2016-10-01,119174,27849,147023,60,9,69,0.810581
252490,Rust,2016-10-02,119236,27878,147114,62,29,91,0.810501
252490,Rust,2016-10-03,119307,27899,147206,71,21,92,0.810476
252490,Rust,2016-10-04,119382,27912,147294,75,13,88,0.810501
252490,Rust,2016-10-05,119434,27925,147359,52,13,65,0.810497
252490,Rust,2016-10-06,119498,27943,147441,64,18,82,0.81048
252490,Rust,2016-10-07,119565,27953,147518,67,10,77,0.810511
252490,Rust,2016-10-08,119605,27971,147576,40,18,58,0.810464
252490,Rust,2016-10-09,119649,27990,147639,44,19,63,0.810416
252490,Rust,2016-10-10,119700,28003,147703,51,13,64,0.81041
252490,Rust,2016-10-11,119757,28008,147765,57,5,62,0.810456
252490,Rust,2016-10-12,119817,28015,147832,60,7,67,0.810494
252490,Rust,2016-10-13,119877,28021,147898,60,6,66,0.810538
252490,Rust,2016-10-14,119915,28035,147950,38,14,52,0.81051
252490,Rust,2016-10-15,119968,28042,148010,53,7,60,0.81054
252490,Rust,2016-10-16,120076,28069,148145,108,27,135,0.81053
252490,Rust,2016-10-17,120127,28085,148212,51,16,67,0.810508
252490,Rust,2016-10-18,120188,28091,148279,61,6,67,0.810553
252490,Rust,2016-10-19,120249,28101,148350,61,10,71,0.810576
252490,Rust,2016-10-20,120292,28112,148404,43,11,54,0.810571
252490,Rust,2016-10-21,120340,28119,148459,48,7,55,0.810594
252490,Rust,2016-10-22,120393,28128,148521,53,9,62,0.810613
252490,Rust,2016-10-23,120459,28145,148604,66,17,83,0.810604
252490,Rust,2016-10-24,120522,28154,148676,63,9,72,0.810635
252490,Rust,2016-10-25,120580,28161,148741,58,7,65,0.810671
252490,Rust,2016-10-26,120618,28167,148785,38,6,44,0.810687
252490,Rust,2016-10-27,120668,28177,148845,50,10,60,0.810696
252490,Rust,2016-10-28,120715,28194,148909,47,17,64,0.810663
252490,Rust,2016-10-29,120761,28210,148971,46,16,62,0.810634
252490,Rust,2016-10-30,120833,28234,149067,72,24,96,0.810595
252490,Rust,2016-10-31,120898,28240,149138,65,6,71,0.810645
252490,Rust,2016-11-01,120955,28249,149204,57,9,66,0.810669
252490,Rust,2016-11-02,121027,28258,149285,72,9,81,0.810711
252490,Rust,2016-11-03,121072,28271,149343,45,13,58,0.810698
252490,Rust,2016-11-04,121146,28282,149428,74,11,85,0.810732
252490,Rust,2016-11-05,121187,28318,149505,41,36,77,0.810588
252490,Rust,2016-11-06,121253,28379,149632,66,61,127,0.810341
252490,Rust,2016-11-07,121339,28409,149748,86,30,116,0.810288
252490,Rust,2016-11-08,121402,28432,149834,63,23,86,0.810243
252490,Rust,2016-11-09,121458,28463,149921,56,31,87,0.810147
252490,Rust,2016-11-10,121521,28491,150012,63,28,91,0.810075
252490,Rust,2016-11-11,121566,28508,150074,45,17,62,0.81004
252490,Rust,2016-11-12,121618,28521,150139,52,13,65,0.810036
252490,Rust,2016-11-13,121698,28557,150255,80,36,116,0.809943
252490,Rust,2016-11-14,121754,28586,150340,56,29,85,0.809858
252490,Rust,2016-11-15,121804,28608,150412,50,22,72,0.809802
252490,Rust,2016-11-16,121871,28619,150490,67,11,78,0.809828
252490,Rust,2016-11-17,121910,28632,150542,39,13,52,0.809807
252490,Rust,2016-11-18,121965,28646,150611,55,14,69,0.809801
252490,Rust,2016-11-19,122052,28655,150707,87,9,96,0.809863
252490,Rust,2016-11-20,122106,28686,150792,54,31,85,0.809764
252490,Rust,2016-11-21,122167,28703,150870,61,17,78,0.80975
252490,Rust,2016-11-22,122232,28715,150947,65,12,77,0.809768
252490,Rust,2016-11-23,122282,28735,151017,50,20,70,0.809723
252490,Rust,2016-11-24,123652,28798,152450,1370,63,1433,0.811099
252490,Rust,2016-11-25,125976,28882,154858,2324,84,2408,0.813494
252490,Rust,2016-11-26,127299,28934,156233,1323,52,1375,0.814802
252490,Rust,2016-11-27,128348,28974,157322,1049,40,1089,0.81583
252490,Rust,2016-11-28,129163,29013,158176,815,39,854,0.816578
252490,Rust,2016-11-29,129694,29040,158734,531,27,558,0.817052
252490,Rust,2016-11-30,130103,29065,159168,409,25,434,0.817394
252490,Rust,2016-12-01,130186,29084,159270,83,19,102,0.817392
252490,Rust,2016-12-02,130272,29104,159376,86,20,106,0.817388
252490,Rust,2016-12-03,130324,29121,159445,52,17,69,0.81736
252490,Rust,2016-12-04,130400,29154,159554,76,33,109,0.817278
252490,Rust,2016-12-05,130481,29183,159664,81,29,110,0.817222
252490,Rust,2016-12-06,130557,29193,159750,76,10,86,0.817258
252490,Rust,2016-12-07,130670,29252,159922,113,59,172,0.817086
252490,Rust,2016-12-08,130900,29358,160258,230,106,336,0.816808
252490,Rust,2016-12-09,131073,29460,160533,173,102,275,0.816486
252490,Rust,2016-12-10,131197,29579,160776,124,119,243,0.816024
252490,Rust,2016-12-11,131308,29654,160962,111,75,186,0.81577
252490,Rust,2016-12-12,131432,29709,161141,124,55,179,0.815634
252490,Rust,2016-12-13,131540,29763,161303,108,54,162,0.815484
252490,Rust,2016-12-14,131633,29786,161419,93,23,116,0.815474
252490,Rust,2016-12-15,131699,29807,161506,66,21,87,0.815443
252490,Rust,2016-12-16,131791,29831,161622,92,24,116,0.815427
252490,Rust,2016-12-17,131890,29866,161756,99,35,134,0.815364
252490,Rust,2016-12-18,131992,29889,161881,102,23,125,0.815364
252490,Rust,2016-12-19,132088,29933,162021,96,44,140,0.815252
252490,Rust,2016-12-20,132188,29977,162165,100,44,144,0.815145
252490,Rust,2016-12-21,132266,30003,162269,78,26,104,0.815103
252490,Rust,2016-12-22,132361,30027,162388,95,24,119,0.815091
252490,Rust,2016-12-23,132478,30047,162525,117,20,137,0.815124
252490,Rust,2016-12-24,132625,30070,162695,147,23,170,0.815176
252490,Rust,2016-12-25,132786,30120,162906,161,50,211,0.815108
252490,Rust,2016-12-26,132975,30147,163122,189,27,216,0.815187
252490,Rust,2016-12-27,133114,30172,163286,139,25,164,0.81522
252490,Rust,2016-12-28,133254,30204,163458,140,32,172,0.815219
252490,Rust,2016-12-29,133387,30234,163621,133,30,163,0.815219
252490,Rust,2016-12-30,133540,30271,163811,153,37,190,0.815208
252490,Rust,2016-12-31,133638,30311,163949,98,40,138,0.815119
252490,Rust,2017-01-01,133638,30311,163949,0,0,0,0.815119
252490,Rust,2017-01-02,133905,30401,164306,267,90,357,0.814973
252490,Rust,2017-01-03,134014,30445,164459,109,44,153,0.814878
252490,Rust,2017-01-04,134122,30476,164598,108,31,139,0.814846
252490,Rust,2017-01-05,134261,30518,164779,139,42,181,0.814794
252490,Rust,2017-01-06,134411,30544,164955,150,26,176,0.814834
252490,Rust,2017-01-07,134531,30585,165116,120,41,161,0.814767
252490,Rust,2017-01-08,134650,30639,165289,119,54,173,0.814634
252490,Rust,2017-01-09,134757,30702,165459,107,63,170,0.814443
252490,Rust,2017-01-10,134860,30754,165614,103,52,155,0.814303
252490,Rust,2017-01-11,134944,30780,165724,84,26,110,0.81427
252490,Rust,2017-01-12,135035,30807,165842,91,27,118,0.814239
252490,Rust,2017-01-13,135143,30835,165978,108,28,136,0.814222
252490,Rust,2017-01-14,135234,30855,166089,91,20,111,0.814226
252490,Rust,2017-01-15,135361,30908,166269,127,53,180,0.814108
252490,Rust,2017-01-16,135478,30953,166431,117,45,162,0.814019
252490,Rust,2017-01-17,135596,30993,166589,118,40,158,0.813955
252490,Rust,2017-01-18,135681,31026,166707,85,33,118,0.813889
252490,Rust,2017-01-19,135802,31085,166887,121,59,180,0.813736
252490,Rust,2017-01-20,135923,31144,167067,121,59,180,0.813584
252490,Rust,2017-01-21,136048,31182,167230,125,38,163,0.813538
252490,Rust,2017-01-22,136187,31244,167431,139,62,201,0.813392
252490,Rust,2017-01-23,136295,31298,167593,108,54,162,0.81325
252490,Rust,2017-01-24,136420,31321,167741,125,23,148,0.813278
252490,Rust,2017-01-25,136520,31372,167892,100,51,151,0.813142
252490,Rust,2017-01-26,136618,31400,168018,98,28,126,0.813115
252490,Rust,2017-01-27,136712,31422,168134,94,22,116,0.813113
252490,Rust,2017-01-28,136827,31467,168294,115,45,160,0.813024
252490,Rust,2017-01-29,136931,31505,168436,104,38,142,0.812956
252490,Rust,2017-01-30,137019,31528,168547,88,23,111,0.812942
252490,Rust,2017-01-31,137131,31569,168700,112,41,153,0.812869
252490,Rust,2017-02-01,137260,31603,168863,129,34,163,0.812848
252490,Rust,2017-02-02,137369,31644,169013,109,41,150,0.812772
252490,Rust,2017-02-03,137498,31678,169176,129,34,163,0.812751
252490,Rust,2017-02-04,137606,31715,169321,108,37,145,0.812693
252490,Rust,2017-02-05,137729,31743,169472,123,28,151,0.812695
252490,Rust,2017-02-06,137880,31767,169647,151,24,175,0.812746
252490,Rust,2017-02-07,137980,31790,169770,100,23,123,0.812747
252490,Rust,2017-02-08,138077,31809,169886,97,19,116,0.812763
252490,Rust,2017-02-09,138186,31832,170018,109,23,132,0.812773
252490,Rust,2017-02-10,138312,31857,170169,126,25,151,0.812792
252490,Rust,2017-02-11,138428,31892,170320,116,35,151,0.812752
252490,Rust,2017-02-12,138560,31919,170479,132,27,159,0.812769
252490,Rust,2017-02-13,138667,31955,170622,107,36,143,0.812715
252490,Rust,2017-02-14,138761,31986,170747,94,31,125,0.81267
252490,Rust,2017-02-15,138855,32003,170858,94,17,111,0.812692
252490,Rust,2017-02-16,138940,32036,170976,85,33,118,0.812629
252490,Rust,2017-02-17,139057,32049,171106,117,13,130,0.812695
252490,Rust,2017-02-18,139182,32078,171260,125,29,154,0.812694
252490,Rust,2017-02-19,139294,32100,171394,112,22,134,0.812712
252490,Rust,2017-02-20,139416,32125,171541,122,25,147,0.812727
252490,Rust,2017-02-21,139524,32146,171670,108,21,129,0.812745
252490,Rust,2017-02-22,139607,32162,171769,83,16,99,0.81276
252490,Rust,2017-02-23,139725,32175,171900,118,13,131,0.812827
252490,Rust,2017-02-24,139848,32190,172038,123,15,138,0.81289
252490,Rust,2017-02-25,139960,32201,172161,112,11,123,0.81296
252490,Rust,2017-02-26,140079,32239,172318,119,38,157,0.81291
252490,Rust,2017-02-27,140211,32287,172498,132,48,180,0.812827
252490,Rust,2017-02-28,140316,32307,172623,105,20,125,0.812846
252490,Rust,2017-03-01,140413,32317,172730,97,10,107,0.812905
252490,Rust,2017-03-02,140494,32322,172816,81,5,86,0.812969
252490,Rust,2017-03-03,140594,32337,172931,100,15,115,0.813006
252490,Rust,2017-03-04,140679,32354,173033,85,17,102,0.813018
252490,Rust,2017-03-05,140786,32387,173173,107,33,140,0.812979
252490,Rust,2017-03-06,140885,32437,173322,99,50,149,0.812851
252490,Rust,2017-03-07,140972,32453,173425,87,16,103,0.81287
252490,Rust,2017-03-08,141073,32470,173543,101,17,118,0.812899
252490,Rust,2017-03-09,141166,32496,173662,93,26,119,0.812878
252490,Rust,2017-03-10,141256,32513,173769,90,17,107,0.812895
252490,Rust,2017-03-11,141348,32542,173890,92,29,121,0.812859
252490,Rust,2017-03-12,141475,32579,174054,127,37,164,0.812822
252490,Rust,2017-03-13,141596,32633,174229,121,54,175,0.812701
252490,Rust,2017-03-14,141681,32658,174339,85,25,110,0.812675
252490,Rust,2017-03-15,141774,32686,174460,93,28,121,0.812645
252490,Rust,2017-03-16,141854,32702,174556,80,16,96,0.812656
252490,Rust,2017-03-17,141960,32720,174680,106,18,124,0.812686
252490,Rust,2017-03-18,142040,32750,174790,80,30,110,0.812632
252490,Rust,2017-03-19,142129,32777,174906,89,27,116,0.812602
252490,Rust,2017-03-20,142227,32805,175032,98,28,126,0.812577
252490,Rust,2017-03-21,142310,32832,175142,83,27,110,0.812541
252490,Rust,2017-03-22,142406,32864,175270,96,32,128,0.812495
252490,Rust,2017-03-23,142492,32889,175381,86,25,111,0.812471
252490,Rust,2017-03-24,142553,32894,175447,61,5,66,0.812513
252490,Rust,2017-03-25,142620,32910,175530,67,16,83,0.812511
252490,Rust,2017-03-26,142699,32932,175631,79,22,101,0.812493
252490,Rust,2017-03-27,142781,32947,175728,82,15,97,0.812511
252490,Rust,2017-03-28,142880,32954,175834,99,7,106,0.812585
252490,Rust,2017-03-29,142946,32988,175934,66,34,100,0.812498
252490,Rust,2017-03-30,143026,33009,176035,80,21,101,0.812486
252490,Rust,2017-03-31,143108,33035,176143,82,26,108,0.812454
252490,Rust,2017-04-01,143184,33051,176235,76,16,92,0.812461
252490,Rust,2017-04-02,143285,33065,176350,101,14,115,0.812504
252490,Rust,2017-04-03,143390,33098,176488,105,33,138,0.812463
252490,Rust,2017-04-04,143458,33112,176570,68,14,82,0.812471
252490,Rust,2017-04-05,143527,33126,176653,69,14,83,0.81248
252490,Rust,2017-04-06,143618,33134,176752,91,8,99,0.81254
252490,Rust,2017-04-07,143711,33149,176860,93,15,108,0.812569
252490,Rust,2017-04-08,143755,33159,176914,44,10,54,0.81257
252490,Rust,2017-04-09,143848,33179,177027,93,20,113,0.812577
252490,Rust,2017-04-10,143938,33198,177136,90,19,109,0.812585
252490,Rust,2017-04-11,143997,33206,177203,59,8,67,0.81261
252490,Rust,2017-04-12,144079,33230,177309,82,24,106,0.812587
252490,Rust,2017-04-13,144150,33250,177400,71,20,91,0.81257
252490,Rust,2017-04-14,144262,33267,177529,112,17,129,0.812611
252490,Rust,2017-04-15,144365,33292,177657,103,25,128,0.812605
252490,Rust,2017-04-16,144450,33324,177774,85,32,117,0.812549
252490,Rust,2017-04-17,144525,33346,177871,75,22,97,0.812527
252490,Rust,2017-04-18,144615,33352,177967,90,6,96,0.812594
252490,Rust,2017-04-19,144711,33368,178079,96,16,112,0.812622
252490,Rust,2017-04-20,144795,33381,178176,84,13,97,0.812652
252490,Rust,2017-04-21,144910,33395,178305,115,14,129,0.812709
252490,Rust,2017-04-22,145004,33419,178423,94,24,118,0.812698
252490,Rust,2017-04-23,145083,33443,178526,79,24,103,0.812672
252490,Rust,2017-04-24,145183,33474,178657,100,31,131,0.812635
252490,Rust,2017-04-25,145262,33479,178741,79,5,84,0.812695
252490,Rust,2017-04-26,145350,33486,178836,88,7,95,0.812756
252490,Rust,2017-04-27,145441,33504,178945,91,18,109,0.812769
252490,Rust,2017-04-28,145529,33515,179044,88,11,99,0.812811
252490,Rust,2017-04-29,145614,33529,179143,85,14,99,0.812837
252490,Rust,2017-04-30,145706,33558,179264,92,29,121,0.812801
252490,Rust,2017-05-01,145805,33575,179380,99,17,116,0.812828
252490,Rust,2017-05-02,145866,33595,179461,61,20,81,0.812801
252490,Rust,2017-05-03,145941,33604,179545,75,9,84,0.812838
252490,Rust,2017-05-04,146017,33610,179627,76,6,82,0.81289
252490,Rust,2017-05-05,146101,33702,179803,84,92,176,0.812562
252490,Rust,2017-05-06,146155,33789,179944,54,87,141,0.812225
252490,Rust,2017-05-07,146215,33865,180080,60,76,136,0.811945
252490,Rust,2017-05-08,146286,33913,180199,71,48,119,0.811803
252490,Rust,2017-05-09,146363,33967,180330,77,54,131,0.81164
252490,Rust,2017-05-10,146425,34005,180430,62,38,100,0.811534
252490,Rust,2017-05-11,146508,34024,180532,83,19,102,0.811535
252490,Rust,2017-05-12,146559,34054,180613,51,30,81,0.811453
252490,Rust,2017-05-13,146657,34087,180744,98,33,131,0.811407
252490,Rust,2017-05-14,146727,34116,180843,70,29,99,0.81135
252490,Rust,2017-05-15,146793,34154,180947,66,38,104,0.811249
252490,Rust,2017-05-16,146860,34176,181036,67,22,89,0.81122
252490,Rust,2017-05-17,146920,34199,181119,60,23,83,0.811179
252490,Rust,2017-05-18,146978,34222,181200,58,23,81,0.811137
252490,Rust,2017-05-19,147079,34254,181333,101,32,133,0.811099
252490,Rust,2017-05-20,147157,34265,181422,78,11,89,0.811131
252490,Rust,2017-05-21,147242,34295,181537,85,30,115,0.811085
252490,Rust,2017-05-22,147309,34324,181633,67,29,96,0.811026
252490,Rust,2017-05-23,147386,34343,181729,77,19,96,0.811021
252490,Rust,2017-05-24,147456,34367,181823,70,24,94,0.810987
252490,Rust,2017-05-25,147519,34387,181906,63,20,83,0.810963
252490,Rust,2017-05-26,147613,34413,182026,94,26,120,0.810945
252490,Rust,2017-05-27,147689,34440,182129,76,27,103,0.810903
252490,Rust,2017-05-28,147797,34469,182266,108,29,137,0.810886
252490,Rust,2017-05-29,147858,34497,182355,61,28,89,0.810825
252490,Rust,2017-05-30,147930,34534,182464,72,37,109,0.810735
252490,Rust,2017-05-31,147994,34558,182552,64,24,88,0.810695
252490,Rust,2017-06-01,148055,34571,182626,61,13,74,0.810701
252490,Rust,2017-06-02,148138,34611,182749,83,40,123,0.810609
252490,Rust,2017-06-03,148216,34654,182870,78,43,121,0.810499
252490,Rust,2017-06-04,148281,34706,182987,65,52,117,0.810336
252490,Rust,2017-06-05,148366,34737,183103,85,31,116,0.810287
252490,Rust,2017-06-06,148434,34756,183190,68,19,87,0.810273
252490,Rust,2017-06-07,148490,34780,183270,56,24,80,0.810225
252490,Rust,2017-06-08,148577,34794,183371,87,14,101,0.810254
252490,Rust,2017-06-09,148660,34827,183487,83,33,116,0.810194
252490,Rust,2017-06-10,148741,34872,183613,81,45,126,0.810079
252490,Rust,2017-06-11,148825,34897,183722,84,25,109,0.810055
252490,Rust,2017-06-12,148892,34937,183829,67,40,107,0.809948
252490,Rust,2017-06-13,148957,34963,183920,65,26,91,0.809901
252490,Rust,2017-06-14,149036,34984,184020,79,21,100,0.80989
252490,Rust,2017-06-15,149093,35007,184100,57,23,80,0.809848
252490,Rust,2017-06-16,149192,35032,184224,99,25,124,0.80984
252490,Rust,2017-06-17,149285,35067,184352,93,35,128,0.809782
252490,Rust,2017-06-18,149395,35114,184509,110,47,157,0.80969
252490,Rust,2017-06-19,149474,35143,184617,79,29,108,0.809644
252490,Rust,2017-06-20,149559,35188,184747,85,45,130,0.809534
252490,Rust,2017-06-21,149632,35204,184836,73,16,89,0.809539
252490,Rust,2017-06-22,149716,35242,184958,84,38,122,0.809459
252490,Rust,2017-06-23,149807,35266,185073,91,24,115,0.809448
252490,Rust,2017-06-24,149924,35319,185243,117,53,170,0.809337
252490,Rust,2017-06-25,150125,35411,185536,201,92,293,0.809142
252490,Rust,2017-06-26,150312,35492,185804,187,81,268,0.808982
252490,Rust,2017-06-27,150497,35548,186045,185,56,241,0.808928
252490,Rust,2017-06-28,150820,35625,186445,323,77,400,0.808925
252490,Rust,2017-06-29,151260,35738,186998,440,113,553,0.808886
252490,Rust,2017-06-30,151571,35855,187426,311,117,428,0.808698
252490,Rust,2017-07-01,151836,35956,187792,265,101,366,0.808533
252490,Rust,2017-07-02,152091,36098,188189,255,142,397,0.808182
252490,Rust,2017-07-03,152438,36193,188631,347,95,442,0.808128
252490,Rust,2017-07-04,152736,36281,189017,298,88,386,0.808054
252490,Rust,2017-07-05,153018,36363,189381,282,82,364,0.80799
252490,Rust,2017-07-06,153197,36422,189619,179,59,238,0.80792
252490,Rust,2017-07-07,153372,36476,189848,175,54,229,0.807867
252490,Rust,2017-07-08,153519,36549,190068,147,73,220,0.807706
252490,Rust,2017-07-09,153614,36588,190202,95,39,134,0.807636
252490,Rust,2017-07-10,153751,36653,190404,137,65,202,0.807499
252490,Rust,2017-07-11,153835,36706,190541,84,53,137,0.807359
252490,Rust,2017-07-12,153932,36749,190681,97,43,140,0.807275
252490,Rust,2017-07-13,153989,36782,190771,57,33,90,0.807193
252490,Rust,2017-07-14,154109,36815,190924,120,33,153,0.807175
252490,Rust,2017-07-15,154231,36855,191086,122,40,162,0.807129
252490,Rust,2017-07-16,154313,36884,191197,82,29,111,0.807089
252490,Rust,2017-07-17,154386,36937,191323,73,53,126,0.806939
252490,Rust,2017-07-18,154472,36957,191429,86,20,106,0.806941
252490,Rust,2017-07-19,154579,36994,191573,107,37,144,0.806893
252490,Rust,2017-07-20,154637,37037,191674,58,43,101,0.806771
252490,Rust,2017-07-21,154761,37075,191836,124,38,162,0.806736
252490,Rust,2017-07-22,154850,37112,191962,89,37,126,0.80667
252490,Rust,2017-07-23,154925,37141,192066,75,29,104,0.806624
252490,Rust,2017-07-24,155005,37174,192179,80,33,113,0.806566
252490,Rust,2017-07-25,155051,37213,192264,46,39,85,0.806448
252490,Rust,2017-07-26,155113,37253,192366,62,40,102,0.806343
252490,Rust,2017-07-27,155180,37289,192469,67,36,103,0.80626
252490,Rust,2017-07-28,155284,37317,192601,104,28,132,0.806247
252490,Rust,2017-07-29,155352,37338,192690,68,21,89,0.806228
252490,Rust,2017-07-30,155441,37359,192800,89,21,110,0.806229
252490,Rust,2017-07-31,155519,37388,192907,78,29,107,0.806186
252490,Rust,2017-08-01,155586,37427,193013,67,39,106,0.806091
252490,Rust,2017-08-02,155659,37474,193133,73,47,120,0.805968
252490,Rust,2017-08-03,155751,37494,193245,92,20,112,0.805977
252490,Rust,2017-08-04,155849,37538,193387,98,44,142,0.805892
252490,Rust,2017-08-05,155913,37579,193492,64,41,105,0.805785
252490,Rust,2017-08-06,155913,37579,193492,0,0,0,0.805785
252490,Rust,2017-08-07,156114,37700,193814,201,121,322,0.805484
252490,Rust,2017-08-08,156125,37702,193827,11,2,13,0.805486
252490,Rust,2017-08-09,156204,37728,193932,79,26,105,0.805458
252490,Rust,2017-08-10,156276,37758,194034,72,30,102,0.805405
252490,Rust,2017-08-11,156326,37781,194107,50,23,73,0.80536
252490,Rust,2017-08-12,156421,37801,194222,95,20,115,0.805372
252490,Rust,2017-08-13,156496,37836,194332,75,35,110,0.805302
252490,Rust,2017-08-14,156541,37854,194395,45,18,63,0.805273
252490,Rust,2017-08-15,156616,37884,194500,75,30,105,0.805224
252490,Rust,2017-08-16,156687,37910,194597,71,26,97,0.805187
252490,Rust,2017-08-17,156734,37936,194670,47,26,73,0.805127
252490,Rust,2017-08-18,156837,37972,194809,103,36,139,0.805081
252490,Rust,2017-08-19,156904,38022,194926,67,50,117,0.804941
252490,Rust,2017-08-20,156968,38048,195016,64,26,90,0.804898
252490,Rust,2017-08-21,157029,38082,195111,61,34,95,0.804819
252490,Rust,2017-08-22,157113,38121,195234,84,39,123,0.804742
252490,Rust,2017-08-23,157168,38153,195321,55,32,87,0.804665
252490,Rust,2017-08-24,157254,38195,195449,86,42,128,0.804578
252490,Rust,2017-08-25,157316,38222,195538,62,27,89,0.804529
252490,Rust,2017-08-26,157392,38246,195638,76,24,100,0.804506
252490,Rust,2017-08-27,157441,38268,195709,49,22,71,0.804465
252490,Rust,2017-08-28,157565,38304,195869,124,36,160,0.804441
252490,Rust,2017-08-29,157632,38329,195961,67,25,92,0.804405
252490,Rust,2017-08-30,157690,38361,196051,58,32,90,0.804332
252490,Rust,2017-08-31,157758,38382,196140,68,21,89,0.804313
252490,Rust,2017-09-01,157758,38382,196140,0,0,0,0.804313
252490,Rust,2017-09-02,157896,38437,196333,138,55,193,0.804225
252490,Rust,2017-09-03,157896,38437,196333,0,0,0,0.804225
252490,Rust,2017-09-04,157981,38464,196445,85,27,112,0.8042
252490,Rust,2017-09-05,157981,38464,196445,0,0,0,0.8042
252490,Rust,2017-09-06,158137,38543,196680,156,79,235,0.804032
252490,Rust,2017-09-07,158137,38543,196680,0,0,0,0.804032
252490,Rust,2017-09-08,158261,38585,196846,124,42,166,0.803984
252490,Rust,2017-09-09,158261,38585,196846,0,0,0,0.803984
252490,Rust,2017-09-10,158419,38658,197077,158,73,231,0.803843
252490,Rust,2017-09-11,158419,38658,197077,0,0,0,0.803843
252490,Rust,2017-09-12,158419,38658,197077,0,0,0,0.803843
252490,Rust,2017-09-13,158552,38694,197246,133,36,169,0.803829
252490,Rust,2017-09-14,158625,38721,197346,73,27,100,0.803791
252490,Rust,2017-09-15,158660,38732,197392,35,11,46,0.803781
252490,Rust,2017-09-16,158726,38756,197482,66,24,90,0.803749
252490,Rust,2017-09-17,158807,38783,197590,81,27,108,0.80372
252490,Rust,2017-09-18,158865,38796,197661,58,13,71,0.803725
252490,Rust,2017-09-19,158937,38808,197745,72,12,84,0.803747
252490,Rust,2017-09-20,158987,38827,197814,50,19,69,0.80372
252490,Rust,2017-09-21,159036,38838,197874,49,11,60,0.803724
252490,Rust,2017-09-22,159091,38852,197943,55,14,69,0.803721
252490,Rust,2017-09-23,159141,38869,198010,50,17,67,0.803702
252490,Rust,2017-09-24,159187,38878,198065,46,9,55,0.803711
252490,Rust,2017-09-25,159269,38905,198174,82,27,109,0.803683
252490,Rust,2017-09-26,159342,38925,198267,73,20,93,0.803674
252490,Rust,2017-09-27,159386,38941,198327,44,16,60,0.803653
252490,Rust,2017-09-28,159441,38961,198402,55,20,75,0.803626
252490,Rust,2017-09-29,159501,38972,198473,60,11,71,0.803641
252490,Rust,2017-09-30,159577,38987,198564,76,15,91,0.803655
252490,Rust,2017-10-01,159639,38995,198634,62,8,70,0.803684
252490,Rust,2017-10-02,159712,39005,198717,73,10,83,0.803716
252490,Rust,2017-10-03,159794,39019,198813,82,14,96,0.80374
252490,Rust,2017-10-04,159840,39031,198871,46,12,58,0.803737
252490,Rust,2017-10-05,159897,39041,198938,57,10,67,0.803753
252490,Rust,2017-10-06,159976,39065,199041,79,24,103,0.803734
252490,Rust,2017-10-07,160032,39145,199177,56,80,136,0.803466
252490,Rust,2017-10-08,160113,39218,199331,81,73,154,0.803252
252490,Rust,2017-10-09,160213,39267,199480,100,49,149,0.803153
252490,Rust,2017-10-10,160269,39304,199573,56,37,93,0.80306
252490,Rust,2017-10-11,160324,39342,199666,55,38,93,0.802961
252490,Rust,2017-10-12,160382,39371,199753,58,29,87,0.802902
252490,Rust,2017-10-13,160685,39423,200108,303,52,355,0.802991
252490,Rust,2017-10-14,161066,39461,200527,381,38,419,0.803214
252490,Rust,2017-10-15,161162,39492,200654,96,31,127,0.803184
252490,Rust,2017-10-16,161272,39527,200799,110,35,145,0.803151
252490,Rust,2017-10-17,161347,39543,200890,75,16,91,0.803161
252490,Rust,2017-10-18,161457,39560,201017,110,17,127,0.803201
252490,Rust,2017-10-19,161555,39581,201136,98,21,119,0.803213
252490,Rust,2017-10-20,161743,39585,201328,188,4,192,0.803381
252490,Rust,2017-10-21,161837,39615,201452,94,30,124,0.803353
252490,Rust,2017-10-22,161913,39644,201557,76,29,105,0.803311
252490,Rust,2017-10-23,162002,39681,201683,89,37,126,0.803251
252490,Rust,2017-10-24,162059,39707,201766,57,26,83,0.803203
252490,Rust,2017-10-25,162138,39716,201854,79,9,88,0.803244
252490,Rust,2017-10-26,162192,39725,201917,54,9,63,0.803261
252490,Rust,2017-10-27,162291,39729,202020,99,4,103,0.803341
252490,Rust,2017-10-28,162441,39774,202215,150,45,195,0.803308
252490,Rust,2017-10-29,162596,39822,202418,155,48,203,0.803268
252490,Rust,2017-10-30,162774,39876,202650,178,54,232,0.803227
252490,Rust,2017-10-31,162885,39924,202809,111,48,159,0.803145
252490,Rust,2017-11-01,163015,39955,202970,130,31,161,0.803148
252490,Rust,2017-11-02,163138,39992,203130,123,37,160,0.803121
252490,Rust,2017-11-03,163314,40033,203347,176,41,217,0.80313
252490,Rust,2017-11-04,163441,40052,203493,127,19,146,0.803178
252490,Rust,2017-11-05,163563,40098,203661,122,46,168,0.803114
252490,Rust,2017-11-06,163669,40141,203810,106,43,149,0.803047
252490,Rust,2017-11-07,163753,40160,203913,84,19,103,0.803053
252490,Rust,2017-11-08,163829,40186,204015,76,26,102,0.803024
252490,Rust,2017-11-09,163919,40210,204129,90,24,114,0.803017
252490,Rust,2017-11-10,164004,40241,204245,85,31,116,0.802977
252490,Rust,2017-11-11,164081,40316,204397,77,75,152,0.802756
252490,Rust,2017-11-12,164149,40373,204522,68,57,125,0.802598
252490,Rust,2017-11-13,164254,40418,204672,105,45,150,0.802523
252490,Rust,2017-11-14,164309,40449,204758,55,31,86,0.802455
252490,Rust,2017-11-15,164374,40458,204832,65,9,74,0.802482
252490,Rust,2017-11-16,164419,40486,204905,45,28,73,0.802416
252490,Rust,2017-11-17,164493,40505,204998,74,19,93,0.802413
252490,Rust,2017-11-18,164575,40535,205110,82,30,112,0.802374
252490,Rust,2017-11-19,164640,40546,205186,65,11,76,0.802394
252490,Rust,2017-11-20,164707,40580,205287,67,34,101,0.802326
252490,Rust,2017-11-21,164802,40600,205402,95,20,115,0.802339
252490,Rust,2017-11-22,164869,40631,205500,67,31,98,0.802282
252490,Rust,2017-11-23,165480,40592,206072,611,-39,572,0.80302
252490,Rust,2017-11-24,167849,40704,208553,2369,112,2481,0.804827
252490,Rust,2017-11-25,169288,40760,210048,1439,56,1495,0.805949
252490,Rust,2017-11-26,170307,40815,211122,1019,55,1074,0.806676
252490,Rust,2017-11-27,171262,40881,212143,955,66,1021,0.807295
252490,Rust,2017-11-28,171758,40904,212662,496,23,519,0.807657
252490,Rust,2017-11-29,172388,40932,213320,630,28,658,0.808119
252490,Rust,2017-11-30,172343,40965,213308,-45,33,-12,0.807954
252490,Rust,2017-12-01,172432,40998,213430,89,33,122,0.807909
252490,Rust,2017-12-02,172686,41032,213718,254,34,288,0.808009
252490,Rust,2017-12-03,172786,41060,213846,100,28,128,0.807993
252490,Rust,2017-12-04,173051,41118,214169,265,58,323,0.808011
252490,Rust,2017-12-05,172821,41108,213929,-230,-10,-240,0.807843
252490,Rust,2017-12-06,172895,41135,214030,74,27,101,0.807807
252490,Rust,2017-12-07,173278,41170,214448,383,35,418,0.808019
252490,Rust,2017-12-08,173203,41172,214375,-75,2,-73,0.807944
252490,Rust,2017-12-09,173462,41231,214693,259,59,318,0.807954
252490,Rust,2017-12-10,173425,41267,214692,-37,36,-1,0.807785
252490,Rust,2017-12-11,173503,41297,214800,78,30,108,0.807742
252490,Rust,2017-12-12,173589,41337,214926,86,40,126,0.807669
252490,Rust,2017-12-13,173652,41365,215017,63,28,91,0.80762
252490,Rust,2017-12-14,173718,41396,215114,66,31,97,0.807563
252490,Rust,2017-12-15,173809,41404,215213,91,8,99,0.807614
252490,Rust,2017-12-16,173908,41446,215354,99,42,141,0.807545
252490,Rust,2017-12-17,174116,41489,215605,208,43,251,0.807569
252490,Rust,2017-12-18,173925,41511,215436,-191,22,-169,0.807316
252490,Rust,2017-12-19,174113,41528,215641,188,17,205,0.807421
252490,Rust,2017-12-20,174362,41555,215917,249,27,276,0.807542
252490,Rust,2017-12-21,174427,41585,216012,65,30,95,0.807488
252490,Rust,2017-12-22,174540,41607,216147,113,22,135,0.807506
252490,Rust,2017-12-23,174540,41639,216179,0,32,32,0.807386
252490,Rust,2017-12-24,174597,41694,216291,57,55,112,0.807232
252490,Rust,2017-12-25,174909,41743,216652,312,49,361,0.807327
252490,Rust,2017-12-26,174920,41770,216690,11,27,38,0.807236
252490,Rust,2017-12-27,175396,41831,217227,476,61,537,0.807432
252490,Rust,2017-12-28,175505,41876,217381,109,45,154,0.807361
252490,Rust,2017-12-29,175696,41954,217650,191,78,269,0.807241
252490,Rust,2017-12-30,176014,42023,218037,318,69,387,0.807267
252490,Rust,2017-12-31,176199,42078,218277,185,55,240,0.807227
252490,Rust,2018-01-01,176199,42078,218277,0,0,0,0.807227
252490,Rust,2018-01-02,176233,42169,218402,34,91,125,0.80692
252490,Rust,2018-01-03,176525,42236,218761,292,67,359,0.806931
252490,Rust,2018-01-04,176851,42293,219144,326,57,383,0.807008
252490,Rust,2018-01-05,176799,42332,219131,-52,39,-13,0.806819
252490,Rust,2018-01-06,177086,42379,219465,287,47,334,0.806899
252490,Rust,2018-01-07,177217,42423,219640,131,44,175,0.806852
252490,Rust,2018-01-08,177326,42451,219777,109,28,137,0.806845
252490,Rust,2018-01-09,177270,42485,219755,-56,34,-22,0.806671
252490,Rust,2018-01-10,177497,42515,220012,227,30,257,0.806761
252490,Rust,2018-01-11,177565,42537,220102,68,22,90,0.80674
252490,Rust,2018-01-12,177695,42569,220264,130,32,162,0.806736
252490,Rust,2018-01-13,177698,42599,220297,3,30,33,0.806629
252490,Rust,2018-01-14,177803,42628,220431,105,29,134,0.806615
252490,Rust,2018-01-15,178171,42684,220855,368,56,424,0.806733
252490,Rust,2018-01-16,178248,42718,220966,77,34,111,0.806676
252490,Rust,2018-01-17,178209,42745,220954,-39,27,-12,0.806543
252490,Rust,2018-01-18,178287,42774,221061,78,29,107,0.806506
252490,Rust,2018-01-19,178241,42797,221038,-46,23,-23,0.806382
252490,Rust,2018-01-20,178463,42830,221293,222,33,255,0.806456
252490,Rust,2018-01-21,178657,42875,221532,194,45,239,0.806461
252490,Rust,2018-01-22,178609,42915,221524,-48,40,-8,0.806274
252490,Rust,2018-01-23,178721,42938,221659,112,23,135,0.806288
252490,Rust,2018-01-24,178815,42961,221776,94,23,117,0.806287
252490,Rust,2018-01-25,178914,42987,221901,99,26,125,0.806278
252490,Rust,2018-01-26,179055,43000,222055,141,13,154,0.806354
252490,Rust,2018-01-27,179303,43037,222340,248,37,285,0.806436
252490,Rust,2018-01-28,179158,43053,222211,-145,16,-129,0.806252
252490,Rust,2018-01-29,179501,43086,222587,343,33,376,0.806431
252490,Rust,2018-01-30,179457,43099,222556,-44,13,-31,0.806345
252490,Rust,2018-01-31,179563,43117,222680,106,18,124,0.806372
252490,Rust,2018-02-01,179765,43147,222912,202,30,232,0.806439
252490,Rust,2018-02-02,179880,43162,223042,115,15,130,0.806485
252490,Rust,2018-02-03,179824,43185,223009,-56,23,-33,0.806353
252490,Rust,2018-02-04,180055,43220,223275,231,35,266,0.806427
252490,Rust,2018-02-05,179899,43236,223135,-156,16,-140,0.806234
252490,Rust,2018-02-06,179996,43257,223253,97,21,118,0.806242
252490,Rust,2018-02-07,180098,43279,223377,102,22,124,0.806251
252490,Rust,2018-02-08,180348,43307,223655,250,28,278,0.806367
252490,Rust,2018-02-09,181704,43466,225170,1356,159,1515,0.806964
252490,Rust,2018-02-10,182926,43625,226551,1222,159,1381,0.807439
252490,Rust,2018-02-11,183280,43700,226980,354,75,429,0.807472
252490,Rust,2018-02-12,183438,43743,227181,158,43,201,0.807453
252490,Rust,2018-02-13,183542,43776,227318,104,33,137,0.807424
252490,Rust,2018-02-14,183404,43805,227209,-138,29,-109,0.807204
252490,Rust,2018-02-15,183729,43841,227570,325,36,361,0.807352
252490,Rust,2018-02-16,183821,43862,227683,92,21,113,0.807355
252490,Rust,2018-02-17,183687,43870,227557,-134,8,-126,0.807213
252490,Rust,2018-02-18,184031,43905,227936,344,35,379,0.80738
252490,Rust,2018-02-19,183920,43942,227862,-111,37,-74,0.807155
252490,Rust,2018-02-20,184160,43966,228126,240,24,264,0.807273
252490,Rust,2018-02-21,184213,44002,228215,53,36,89,0.807191
252490,Rust,2018-02-22,184218,44013,228231,5,11,16,0.807156
252490,Rust,2018-02-23,184442,44025,228467,224,12,236,0.807303
252490,Rust,2018-02-24,184510,44058,228568,68,33,101,0.807243
252490,Rust,2018-02-25,184633,44093,228726,123,35,158,0.807223
252490,Rust,2018-02-26,184816,44122,228938,183,29,212,0.807275
252490,Rust,2018-02-27,184885,44156,229041,69,34,103,0.807214
252490,Rust,2018-02-28,184947,44172,229119,62,16,78,0.807209
252490,Rust,2018-03-01,184943,44185,229128,-4,13,9,0.80716
252490,Rust,2018-03-02,185038,44200,229238,95,15,110,0.807187
252490,Rust,2018-03-03,185116,44238,229354,78,38,116,0.807119
252490,Rust,2018-03-04,185332,44253,229585,216,15,231,0.807248
252490,Rust,2018-03-05,185177,44262,229439,-155,9,-146,0.807086
252490,Rust,2018-03-06,185334,44287,229621,157,25,182,0.80713
252490,Rust,2018-03-07,185408,44307,229715,74,20,94,0.807122
252490,Rust,2018-03-08,185432,44330,229762,24,23,47,0.807061
252490,Rust,2018-03-09,185638,44365,230003,206,35,241,0.807111
252490,Rust,2018-03-10,185494,44379,229873,-144,14,-130,0.806941
252490,Rust,2018-03-11,185567,44408,229975,73,29,102,0.806901
252490,Rust,2018-03-12,185768,44443,230211,201,35,236,0.806947
252490,Rust,2018-03-13,185835,44470,230305,67,27,94,0.806908
252490,Rust,2018-03-14,185989,44487,230476,154,17,171,0.806978
252490,Rust,2018-03-15,185926,44499,230425,-63,12,-51,0.806883
252490,Rust,2018-03-16,185986,44510,230496,60,11,71,0.806895
252490,Rust,2018-03-17,185969,44523,230492,-17,13,-4,0.806835
252490,Rust,2018-03-18,186166,44558,230724,197,35,232,0.806877
252490,Rust,2018-03-19,186209,44586,230795,43,28,71,0.806816
252490,Rust,2018-03-20,186257,44596,230853,48,10,58,0.806821
252490,Rust,2018-03-21,186257,44596,230853,0,0,0,0.806821
252490,Rust,2018-03-22,186303,44618,230921,46,22,68,0.806782
252490,Rust,2018-03-23,186538,44632,231170,235,14,249,0.80693
252490,Rust,2018-03-24,186599,44639,231238,61,7,68,0.806956
252490,Rust,2018-03-25,186421,44648,231069,-178,9,-169,0.806776
252490,Rust,2018-03-26,186688,44682,231370,267,34,301,0.806881
252490,Rust,2018-03-27,186633,44690,231323,-55,8,-47,0.806807
252490,Rust,2018-03-28,186573,44706,231279,-60,16,-44,0.806701
252490,Rust,2018-03-29,186611,44709,231320,38,3,41,0.806722
252490,Rust,2018-03-30,186668,44724,231392,57,15,72,0.806718
252490,Rust,2018-03-31,186832,44759,231591,164,35,199,0.806733
252490,Rust,2018-04-01,186911,44776,231687,79,17,96,0.806739
252490,Rust,2018-04-02,186929,44785,231714,18,9,27,0.806723
252490,Rust,2018-04-03,187016,44800,231816,87,15,102,0.806743
252490,Rust,2018-04-04,187049,44810,231859,33,10,43,0.806736
252490,Rust,2018-04-05,187115,44822,231937,66,12,78,0.806749
252490,Rust,2018-04-06,187072,44836,231908,-43,14,-29,0.806665
252490,Rust,2018-04-07,187226,44877,232103,154,41,195,0.80665
252490,Rust,2018-04-08,187295,44926,232221,69,49,118,0.806538
252490,Rust,2018-04-09,187340,44944,232284,45,18,63,0.806513
252490,Rust,2018-04-10,187483,44970,232453,143,26,169,0.806542
252490,Rust,2018-04-11,187528,44991,232519,45,21,66,0.806506
252490,Rust,2018-04-12,187460,44988,232448,-68,-3,-71,0.80646
252490,Rust,2018-04-13,187624,45006,232630,164,18,182,0.806534
252490,Rust,2018-04-14,187670,45030,232700,46,24,70,0.806489
252490,Rust,2018-04-15,187607,45051,232658,-63,21,-42,0.806364
252490,Rust,2018-04-16,187651,45082,232733,44,31,75,0.806293
252490,Rust,2018-04-17,187696,45094,232790,45,12,57,0.806289
252490,Rust,2018-04-18,187831,45115,232946,135,21,156,0.806329
252490,Rust,2018-04-19,187773,45130,232903,-58,15,-43,0.806228
252490,Rust,2018-04-20,187820,45139,232959,47,9,56,0.806236
252490,Rust,2018-04-21,187728,45151,232879,-92,12,-80,0.806118
252490,Rust,2018-04-22,187990,45167,233157,262,16,278,0.806281
252490,Rust,2018-04-23,188039,45179,233218,49,12,61,0.80628
252490,Rust,2018-04-24,188094,45188,233282,55,9,64,0.806295
252490,Rust,2018-04-25,188140,45199,233339,46,11,57,0.806295
252490,Rust,2018-04-26,188055,45205,233260,-85,6,-79,0.806203
252490,Rust,2018-04-27,188108,45211,233319,53,6,59,0.806227
252490,Rust,2018-04-28,188125,45224,233349,17,13,30,0.806196
252490,Rust,2018-04-29,188295,45261,233556,170,37,207,0.806209
252490,Rust,2018-04-30,188246,45277,233523,-49,16,-33,0.806113
252490,Rust,2018-05-01,188274,45299,233573,28,22,50,0.806061
252490,Rust,2018-05-02,188397,45326,233723,123,27,150,0.80607
252490,Rust,2018-05-03,188423,45328,233751,26,2,28,0.806084
252490,Rust,2018-05-04,188479,45332,233811,56,4,60,0.806117
252490,Rust,2018-05-05,188327,45343,233670,-152,11,-141,0.805953
252490,Rust,2018-05-06,188584,45378,233962,257,35,292,0.806045
252490,Rust,2018-05-07,188624,45410,234034,40,32,72,0.805968
252490,Rust,2018-05-08,188451,45414,233865,-173,4,-169,0.805811
252490,Rust,2018-05-09,188677,45445,234122,226,31,257,0.805892
252490,Rust,2018-05-10,188700,45456,234156,23,11,34,0.805873
252490,Rust,2018-05-11,188733,45458,234191,33,2,35,0.805893
252490,Rust,2018-05-12,188774,45476,234250,41,18,59,0.805866
252490,Rust,2018-05-13,188722,45489,234211,-52,13,-39,0.805778
252490,Rust,2018-05-14,188771,45506,234277,49,17,66,0.80576
252490,Rust,2018-05-15,188899,45522,234421,128,16,144,0.805811
252490,Rust,2018-05-16,188740,45529,234269,-159,7,-152,0.805655
252490,Rust,2018-05-17,188865,45539,234404,125,10,135,0.805724
252490,Rust,2018-05-18,188901,45552,234453,36,13,49,0.805709
252490,Rust,2018-05-19,189040,45568,234608,139,16,155,0.80577
252490,Rust,2018-05-20,188969,45581,234550,-71,13,-58,0.805666
252490,Rust,2018-05-21,188923,45594,234517,-46,13,-33,0.805583
252490,Rust,2018-05-22,188968,45610,234578,45,16,61,0.805566
252490,Rust,2018-05-23,189113,45628,234741,145,18,163,0.805624
252490,Rust,2018-05-24,189272,45650,234922,159,22,181,0.80568
252490,Rust,2018-05-25,189228,45648,234876,-44,-2,-46,0.805651
252490,Rust,2018-05-26,189204,45658,234862,-24,10,-14,0.805596
252490,Rust,2018-05-27,189286,45675,234961,82,17,99,0.805606
252490,Rust,2018-05-28,189452,45694,235146,166,19,185,0.805678
252490,Rust,2018-05-29,189633,45694,235327,181,0,181,0.805828
252490,Rust,2018-05-30,189674,45707,235381,41,13,54,0.805817
252490,Rust,2018-05-31,189706,45734,235440,32,27,59,0.805751
252490,Rust,2018-06-01,189672,45737,235409,-34,3,-31,0.805713
252490,Rust,2018-06-02,189730,45765,235495,58,28,86,0.805665
252490,Rust,2018-06-03,189880,45791,235671,150,26,176,0.805699
252490,Rust,2018-06-04,189718,45805,235523,-162,14,-148,0.805518
252490,Rust,2018-06-05,189789,45831,235620,71,26,97,0.805488
252490,Rust,2018-06-06,189971,45848,235819,182,17,199,0.80558
252490,Rust,2018-06-07,190010,45865,235875,39,17,56,0.805554
252490,Rust,2018-06-08,190075,45878,235953,65,13,78,0.805563
252490,Rust,2018-06-09,190129,45905,236034,54,27,81,0.805515
252490,Rust,2018-06-10,190199,45942,236141,70,37,107,0.805447
252490,Rust,2018-06-11,190234,45971,236205,35,29,64,0.805377
252490,Rust,2018-06-12,190278,45991,236269,44,20,64,0.805345
252490,Rust,2018-06-13,190436,46025,236461,158,34,192,0.805359
252490,Rust,2018-06-14,190292,46041,236333,-144,16,-128,0.805186
252490,Rust,2018-06-15,190563,46077,236640,271,36,307,0.805287
252490,Rust,2018-06-16,190613,46104,236717,50,27,77,0.805236
252490,Rust,2018-06-17,190646,46122,236768,33,18,51,0.805202
252490,Rust,2018-06-18,190708,46147,236855,62,25,87,0.805168
252490,Rust,2018-06-19,190570,46148,236718,-138,1,-137,0.805051
252490,Rust,2018-06-20,190638,46166,236804,68,18,86,0.805046
252490,Rust,2018-06-21,190915,46193,237108,277,27,304,0.805182
252490,Rust,2018-06-22,190803,46206,237009,-112,13,-99,0.805045
252490,Rust,2018-06-23,191075,46311,237386,272,105,377,0.804913
252490,Rust,2018-06-24,191253,46429,237682,178,118,296,0.804659
252490,Rust,2018-06-25,191399,46564,237963,146,135,281,0.804323
252490,Rust,2018-06-26,191546,46670,238216,147,106,253,0.804085
252490,Rust,2018-06-27,191610,46777,238387,64,107,171,0.803777
252490,Rust,2018-06-28,191947,46883,238830,337,106,443,0.803697
252490,Rust,2018-06-29,191956,46980,238936,9,97,106,0.803378
252490,Rust,2018-06-30,192083,47086,239169,127,106,233,0.803127
252490,Rust,2018-07-01,192095,47163,239258,12,77,89,0.802878
252490,Rust,2018-07-02,192235,47276,239511,140,113,253,0.802614
252490,Rust,2018-07-03,192374,47365,239739,139,89,228,0.802431
252490,Rust,2018-07-04,192620,47427,240047,246,62,308,0.802426
252490,Rust,2018-07-05,192853,47529,240382,233,102,335,0.802277
252490,Rust,2018-07-06,192912,47609,240521,59,80,139,0.802059
252490,Rust,2018-07-07,193036,47700,240736,124,91,215,0.801858
252490,Rust,2018-07-08,193139,47755,240894,103,55,158,0.801759
252490,Rust,2018-07-09,193248,47807,241055,109,52,161,0.801676
252490,Rust,2018-07-10,193422,47864,241286,174,57,231,0.80163
252490,Rust,2018-07-11,193510,47903,241413,88,39,127,0.801572
252490,Rust,2018-07-12,193564,47939,241503,54,36,90,0.801497
252490,Rust,2018-07-13,193507,47962,241469,-57,23,-34,0.801374
252490,Rust,2018-07-14,193574,47988,241562,67,26,93,0.801343
252490,Rust,2018-07-15,193544,48027,241571,-30,39,9,0.801189
252490,Rust,2018-07-16,193727,48057,241784,183,30,213,0.80124
252490,Rust,2018-07-17,193771,48100,241871,44,43,87,0.801134
252490,Rust,2018-07-18,193839,48128,241967,68,28,96,0.801097
252490,Rust,2018-07-19,194004,48157,242161,165,29,194,0.801136
252490,Rust,2018-07-20,194079,48184,242263,75,27,102,0.801109
252490,Rust,2018-07-21,194042,48207,242249,-37,23,-14,0.801002
252490,Rust,2018-07-22,194098,48236,242334,56,29,85,0.800952
252490,Rust,2018-07-23,194072,48268,242340,-26,32,6,0.800825
252490,Rust,2018-07-24,194343,48311,242654,271,43,314,0.800906
252490,Rust,2018-07-25,194176,48345,242521,-167,34,-133,0.800656
252490,Rust,2018-07-26,194340,48370,242710,164,25,189,0.800709
252490,Rust,2018-07-27,194499,48386,242885,159,16,175,0.800786
252490,Rust,2018-07-28,194444,48417,242861,-55,31,-24,0.800639
252490,Rust,2018-07-29,194501,48442,242943,57,25,82,0.800603
252490,Rust,2018-07-30,194543,48470,243013,42,28,70,0.800546
252490,Rust,2018-07-31,194731,48496,243227,188,26,214,0.800614
252490,Rust,2018-08-01,194621,48498,243119,-110,2,-108,0.800517
252490,Rust,2018-08-02,194773,48510,243283,152,12,164,0.800603
252490,Rust,2018-08-03,194876,48530,243406,103,20,123,0.800621
252490,Rust,2018-08-04,195034,48548,243582,158,18,176,0.800691
252490,Rust,2018-08-05,194908,48565,243473,-126,17,-109,0.800532
252490,Rust,2018-08-06,195063,48591,243654,155,26,181,0.800574
252490,Rust,2018-08-07,195232,48614,243846,169,23,192,0.800636
252490,Rust,2018-08-08,195274,48636,243910,42,22,64,0.800599
252490,Rust,2018-08-09,195324,48661,243985,50,25,75,0.800557
252490,Rust,2018-08-10,195387,48686,244073,63,25,88,0.800527
252490,Rust,2018-08-11,195397,48703,244100,10,17,27,0.800479
252490,Rust,2018-08-12,195447,48718,244165,50,15,65,0.800471
252490,Rust,2018-08-13,195525,48741,244266,78,23,101,0.800459
252490,Rust,2018-08-14,195658,48775,244433,133,34,167,0.800457
252490,Rust,2018-08-15,195616,48794,244410,-42,19,-23,0.80036
252490,Rust,2018-08-16,195709,48810,244519,93,16,109,0.800384
252490,Rust,2018-08-17,195642,48837,244479,-67,27,-40,0.800241
252490,Rust,2018-08-18,195661,48862,244523,19,25,44,0.800174
252490,Rust,2018-08-19,195724,48869,244593,63,7,70,0.800203
252490,Rust,2018-08-20,195773,48891,244664,49,22,71,0.800171
252490,Rust,2018-08-21,195910,48916,244826,137,25,162,0.800201
252490,Rust,2018-08-22,195953,48920,244873,43,4,47,0.800223
252490,Rust,2018-08-23,196136,48942,245078,183,22,205,0.8003
252490,Rust,2018-08-24,196186,48964,245150,50,22,72,0.800269
252490,Rust,2018-08-25,196236,48973,245209,50,9,59,0.800281
252490,Rust,2018-08-26,196280,48991,245271,44,18,62,0.800258
252490,Rust,2018-08-27,196327,49005,245332,47,14,61,0.80025
252490,Rust,2018-08-28,196283,49008,245291,-44,3,-41,0.800205
252490,Rust,2018-08-29,196420,49026,245446,137,18,155,0.800257
252490,Rust,2018-08-30,196472,49029,245501,52,3,55,0.80029
252490,Rust,2018-08-31,196428,49043,245471,-44,14,-30,0.800209
252490,Rust,2018-09-01,196464,49065,245529,36,22,58,0.800166
252490,Rust,2018-09-02,196531,49081,245612,67,16,83,0.800169
252490,Rust,2018-09-03,196658,49100,245758,127,19,146,0.80021
252490,Rust,2018-09-04,196602,49115,245717,-56,15,-41,0.800116
252490,Rust,2018-09-05,196751,49120,245871,149,5,154,0.80022
252490,Rust,2018-09-06,196604,49128,245732,-147,8,-139,0.800075
252490,Rust,2018-09-07,196836,49144,245980,232,16,248,0.800211
252490,Rust,2018-09-08,196868,49152,246020,32,8,40,0.800211
252490,Rust,2018-09-09,196746,49168,245914,-122,16,-106,0.80006
252490,Rust,2018-09-10,197008,49182,246190,262,14,276,0.800227
252490,Rust,2018-09-11,196865,49177,246042,-143,-5,-148,0.800128
252490,Rust,2018-09-12,197115,49192,246307,250,15,265,0.800282
252490,Rust,2018-09-13,197145,49210,246355,30,18,48,0.800248
252490,Rust,2018-09-14,197184,49227,246411,39,17,56,0.800224
252490,Rust,2018-09-15,197233,49244,246477,49,17,66,0.800209
252490,Rust,2018-09-16,197201,49259,246460,-32,15,-17,0.800134
252490,Rust,2018-09-17,197314,49275,246589,113,16,129,0.800174
252490,Rust,2018-09-18,197238,49281,246519,-76,6,-70,0.800092
252490,Rust,2018-09-19,197180,49282,246462,-58,1,-57,0.800042
252490,Rust,2018-09-20,197314,49291,246605,134,9,143,0.800122
252490,Rust,2018-09-21,197365,49300,246665,51,9,60,0.800134
252490,Rust,2018-09-22,197395,49305,246700,30,5,35,0.800142
252490,Rust,2018-09-23,197524,49329,246853,129,24,153,0.800169
252490,Rust,2018-09-24,197559,49363,246922,35,34,69,0.800087
252490,Rust,2018-09-25,197414,49367,246781,-145,4,-141,0.799956
252490,Rust,2018-09-26,197568,49376,246944,154,9,163,0.800052
252490,Rust,2018-09-27,197682,49391,247073,114,15,129,0.800096
252490,Rust,2018-09-28,197631,49400,247031,-51,9,-42,0.800025
252490,Rust,2018-09-29,197678,49411,247089,47,11,58,0.800028
252490,Rust,2018-09-30,197781,49421,247202,103,10,113,0.800078
252490,Rust,2018-10-01,197826,49432,247258,45,11,56,0.800079
252490,Rust,2018-10-02,197854,49444,247298,28,12,40,0.800063
252490,Rust,2018-10-03,197911,49439,247350,57,-5,52,0.800125
252490,Rust,2018-10-04,197950,49443,247393,39,4,43,0.800144
252490,Rust,2018-10-05,198008,49456,247464,58,13,71,0.800149
252490,Rust,2018-10-06,198058,49482,247540,50,26,76,0.800105
252490,Rust,2018-10-07,198103,49505,247608,45,23,68,0.800067
252490,Rust,2018-10-08,198148,49525,247673,45,20,65,0.800039
252490,Rust,2018-10-09,198181,49535,247716,33,10,43,0.800033
252490,Rust,2018-10-10,198235,49566,247801,54,31,85,0.799977
252490,Rust,2018-10-11,198277,49574,247851,42,8,50,0.799985
252490,Rust,2018-10-12,198317,49592,247909,40,18,58,0.799959
252490,Rust,2018-10-13,198372,49594,247966,55,2,57,0.799997
252490,Rust,2018-10-14,198418,49618,248036,46,24,70,0.799956
252490,Rust,2018-10-15,198478,49635,248113,60,17,77,0.79995
252490,Rust,2018-10-16,198511,49646,248157,33,11,44,0.799941
252490,Rust,2018-10-17,198555,49662,248217,44,16,60,0.799925
252490,Rust,2018-10-18,198578,49672,248250,23,10,33,0.799911
252490,Rust,2018-10-19,198618,49691,248309,40,19,59,0.799882
252490,Rust,2018-10-20,198656,49712,248368,38,21,59,0.799845
252490,Rust,2018-10-21,198707,49730,248437,51,18,69,0.799829
252490,Rust,2018-10-22,198747,49746,248493,40,16,56,0.799809
252490,Rust,2018-10-23,198794,49761,248555,47,15,62,0.799799
252490,Rust,2018-10-24,198837,49773,248610,43,12,55,0.799795
252490,Rust,2018-10-25,198884,49781,248665,47,8,55,0.799807
252490,Rust,2018-10-26,198921,49798,248719,37,17,54,0.799782
252490,Rust,2018-10-27,198958,49814,248772,37,16,53,0.79976
252490,Rust,2018-10-28,199002,49831,248833,44,17,61,0.799741
252490,Rust,2018-10-29,199053,49855,248908,51,24,75,0.799705
252490,Rust,2018-10-30,199123,49884,249007,70,29,99,0.799668
252490,Rust,2018-10-31,199204,49907,249111,81,23,104,0.79966
252490,Rust,2018-11-01,199291,49933,249224,87,26,113,0.799646
252490,Rust,2018-11-02,199390,49961,249351,99,28,127,0.799636
252490,Rust,2018-11-03,199455,49996,249451,65,35,100,0.799576
252490,Rust,2018-11-04,199524,50014,249538,69,18,87,0.799574
252490,Rust,2018-11-05,199587,50048,249635,63,34,97,0.799515
252490,Rust,2018-11-06,199635,50059,249694,48,11,59,0.799519
252490,Rust,2018-11-07,199684,50070,249754,49,11,60,0.799523
252490,Rust,2018-11-08,199736,50093,249829,52,23,75,0.799491
252490,Rust,2018-11-09,199769,50108,249877,33,15,48,0.799469
252490,Rust,2018-11-10,199829,50125,249954,60,17,77,0.799463
252490,Rust,2018-11-11,199891,50141,250032,62,16,78,0.799462
252490,Rust,2018-11-12,199958,50173,250131,67,32,99,0.799413
252490,Rust,2018-11-13,200019,50187,250206,61,14,75,0.799417
252490,Rust,2018-11-14,200066,50196,250262,47,9,56,0.799426
252490,Rust,2018-11-15,200110,50219,250329,44,23,67,0.799388
252490,Rust,2018-11-16,200147,50233,250380,37,14,51,0.799373
252490,Rust,2018-11-17,200211,50246,250457,64,13,77,0.799383
252490,Rust,2018-11-18,200257,50274,250531,46,28,74,0.79933
252490,Rust,2018-11-19,200301,50282,250583,44,8,52,0.79934
252490,Rust,2018-11-20,200350,50300,250650,49,18,67,0.799322
252490,Rust,2018-11-21,200406,50311,250717,56,11,67,0.799332
252490,Rust,2018-11-22,201625,50338,251963,1219,27,1246,0.800217
252490,Rust,2018-11-23,204739,50392,255131,3114,54,3168,0.802486
252490,Rust,2018-11-24,206309,50433,256742,1570,41,1611,0.803565
252490,Rust,2018-11-25,207626,50506,258132,1317,73,1390,0.80434
252490,Rust,2018-11-26,208387,50540,258927,761,34,795,0.80481
252490,Rust,2018-11-27,209044,50568,259612,657,28,685,0.805217
252490,Rust,2018-11-28,209479,50615,260094,435,47,482,0.805397
252490,Rust,2018-11-29,209551,50629,260180,72,14,86,0.805408
252490,Rust,2018-11-30,209590,50649,260239,39,20,59,0.805375
252490,Rust,2018-12-01,209653,50667,260320,63,18,81,0.805366
252490,Rust,2018-12-02,209726,50684,260410,73,17,90,0.805368
252490,Rust,2018-12-03,209784,50699,260483,58,15,73,0.805365
252490,Rust,2018-12-04,209827,50720,260547,43,21,64,0.805333
252490,Rust,2018-12-05,209876,50733,260609,49,13,62,0.805329
252490,Rust,2018-12-06,209944,50742,260686,68,9,77,0.805352
252490,Rust,2018-12-07,210032,50749,260781,88,7,95,0.805396
252490,Rust,2018-12-08,210091,50755,260846,59,6,65,0.805422
252490,Rust,2018-12-09,210120,50763,260883,29,8,37,0.805419
252490,Rust,2018-12-10,210176,50780,260956,56,17,73,0.805408
252490,Rust,2018-12-11,210233,50798,261031,57,18,75,0.805395
252490,Rust,2018-12-12,210284,50809,261093,51,11,62,0.805399
252490,Rust,2018-12-13,210343,50831,261174,59,22,81,0.805375
252490,Rust,2018-12-14,210420,50838,261258,77,7,84,0.805411
252490,Rust,2018-12-15,210457,50852,261309,37,14,51,0.805395
252490,Rust,2018-12-16,210514,50865,261379,57,13,70,0.805398
252490,Rust,2018-12-17,210584,50879,261463,70,14,84,0.805407
252490,Rust,2018-12-18,210650,50890,261540,66,11,77,0.805422
252490,Rust,2018-12-19,210709,50904,261613,59,14,73,0.805423
252490,Rust,2018-12-20,210778,50914,261692,69,10,79,0.805443
252490,Rust,2018-12-21,210869,50929,261798,91,15,106,0.805465
252490,Rust,2018-12-22,210992,50952,261944,123,23,146,0.805485
252490,Rust,2018-12-23,211125,50972,262097,133,20,153,0.805522
252490,Rust,2018-12-24,211217,50994,262211,92,22,114,0.805523
252490,Rust,2018-12-25,211348,51019,262367,131,25,156,0.805543
252490,Rust,2018-12-26,211492,51061,262553,144,42,186,0.805521
252490,Rust,2018-12-27,211608,51098,262706,116,37,153,0.805494
252490,Rust,2018-12-28,211725,51149,262874,117,51,168,0.805424
252490,Rust,2018-12-29,211875,51203,263078,150,54,204,0.80537
252490,Rust,2018-12-30,212029,51252,263281,154,49,203,0.805333
252490,Rust,2018-12-31,212170,51310,263480,141,58,199,0.80526
252490,Rust,2019-01-01,212170,51310,263480,0,0,0,0.80526
252490,Rust,2019-01-02,212442,51416,263858,272,106,378,0.805138
252490,Rust,2019-01-03,212589,51440,264029,147,24,171,0.805173
252490,Rust,2019-01-04,212746,51477,264223,157,37,194,0.805176
252490,Rust,2019-01-05,212871,51520,264391,125,43,168,0.805137
252490,Rust,2019-01-06,212947,51543,264490,76,23,99,0.805123
252490,Rust,2019-01-07,213036,51563,264599,89,20,109,0.805128
252490,Rust,2019-01-08,213110,51593,264703,74,30,104,0.805091
252490,Rust,2019-01-09,213197,51603,264800,87,10,97,0.805125
252490,Rust,2019-01-10,213276,51623,264899,79,20,99,0.805122
252490,Rust,2019-01-11,213352,51634,264986,76,11,87,0.805144
252490,Rust,2019-01-12,213435,51657,265092,83,23,106,0.805136
252490,Rust,2019-01-13,213502,51700,265202,67,43,110,0.805054
252490,Rust,2019-01-14,213566,51739,265305,64,39,103,0.804983
252490,Rust,2019-01-15,213634,51758,265392,68,19,87,0.804975
252490,Rust,2019-01-16,213692,51777,265469,58,19,77,0.80496
252490,Rust,2019-01-17,213758,51790,265548,66,13,79,0.804969
252490,Rust,2019-01-18,213804,51800,265604,46,10,56,0.804973
252490,Rust,2019-01-19,213859,51815,265674,55,15,70,0.804968
252490,Rust,2019-01-20,213930,51831,265761,71,16,87,0.804971
252490,Rust,2019-01-21,214008,51852,265860,78,21,99,0.804965
252490,Rust,2019-01-22,214075,51871,265946,67,19,86,0.804957
252490,Rust,2019-01-23,214150,51886,266036,75,15,90,0.804966
252490,Rust,2019-01-24,214227,51895,266122,77,9,86,0.804995
252490,Rust,2019-01-25,214273,51912,266185,46,17,63,0.804978
252490,Rust,2019-01-26,214339,51917,266256,66,5,71,0.805011
252490,Rust,2019-01-27,214394,51932,266326,55,15,70,0.805006
252490,Rust,2019-01-28,214473,51961,266434,79,29,108,0.804976
252490,Rust,2019-01-29,214533,51965,266498,60,4,64,0.805008
252490,Rust,2019-01-30,214593,51983,266576,60,18,78,0.804997
252490,Rust,2019-01-31,214668,52006,266674,75,23,98,0.804983
252490,Rust,2019-02-01,214728,52018,266746,60,12,72,0.804991
252490,Rust,2019-02-02,214781,52031,266812,53,13,66,0.80499
252490,Rust,2019-02-03,214857,52047,266904,76,16,92,0.804997
252490,Rust,2019-02-04,214923,52061,266984,66,14,80,0.805003
252490,Rust,2019-02-05,215002,52069,267071,79,8,87,0.805037
252490,Rust,2019-02-06,215150,52099,267249,148,30,178,0.805054
252490,Rust,2019-02-07,215238,52109,267347,88,10,98,0.805089
252490,Rust,2019-02-08,215382,52129,267511,144,20,164,0.805133
252490,Rust,2019-02-09,215493,52164,267657,111,35,146,0.805109
252490,Rust,2019-02-10,215639,52219,267858,146,55,201,0.80505
252490,Rust,2019-02-11,215772,52273,268045,133,54,187,0.804984
252490,Rust,2019-02-12,215867,52308,268175,95,35,130,0.804948
252490,Rust,2019-02-13,215969,52340,268309,102,32,134,0.804926
252490,Rust,2019-02-14,216052,52362,268414,83,22,105,0.804921
252490,Rust,2019-02-15,216112,52378,268490,60,16,76,0.804916
252490,Rust,2019-02-16,216169,52408,268577,57,30,87,0.804868
252490,Rust,2019-02-17,216228,52451,268679,59,43,102,0.804782
252490,Rust,2019-02-18,216311,52482,268793,83,31,114,0.804749
252490,Rust,2019-02-19,216372,52498,268870,61,16,77,0.804746
252490,Rust,2019-02-20,216454,52519,268973,82,21,103,0.804742
252490,Rust,2019-02-21,216454,52519,268973,0,0,0,0.804742
252490,Rust,2019-02-22,216454,52519,268973,0,0,0,0.804742
252490,Rust,2019-02-23,216454,52519,268973,0,0,0,0.804742
252490,Rust,2019-02-24,216454,52519,268973,0,0,0,0.804742
252490,Rust,2019-02-25,216454,52519,268973,0,0,0,0.804742
252490,Rust,2019-02-26,216454,52519,268973,0,0,0,0.804742
252490,Rust,2019-02-27,216454,52519,268973,0,0,0,0.804742
252490,Rust,2019-02-28,217012,52664,269676,558,145,703,0.804714
252490,Rust,2019-03-01,217073,52688,269761,61,24,85,0.804686
252490,Rust,2019-03-02,217140,52695,269835,67,7,74,0.804714
252490,Rust,2019-03-03,217206,52723,269929,66,28,94,0.804678
252490,Rust,2019-03-04,217280,52739,270019,74,16,90,0.804684
252490,Rust,2019-03-05,217332,52750,270082,52,11,63,0.804689
252490,Rust,2019-03-06,217381,52761,270142,49,11,60,0.804692
252490,Rust,2019-03-07,217465,52766,270231,84,5,89,0.804737
252490,Rust,2019-03-08,217561,52772,270333,96,6,102,0.804789
252490,Rust,2019-03-09,217639,52798,270437,78,26,104,0.804768
252490,Rust,2019-03-10,217692,52847,270539,53,49,102,0.80466
252490,Rust,2019-03-11,217768,52878,270646,76,31,107,0.804623
252490,Rust,2019-03-12,217831,52899,270730,63,21,84,0.804606
252490,Rust,2019-03-13,217898,52925,270823,67,26,93,0.804577
252490,Rust,2019-03-14,217961,52938,270899,63,13,76,0.804584
252490,Rust,2019-03-15,218010,52950,270960,49,12,61,0.804584
252490,Rust,2019-03-16,218050,52956,271006,40,6,46,0.804595
252490,Rust,2019-03-17,218124,52980,271104,74,24,98,0.804577
252490,Rust,2019-03-18,218199,53006,271205,75,26,101,0.804554
252490,Rust,2019-03-19,218251,53015,271266,52,9,61,0.804565
252490,Rust,2019-03-20,218315,53029,271344,64,14,78,0.804569
252490,Rust,2019-03-21,218370,53035,271405,55,6,61,0.804591
252490,Rust,2019-03-22,218439,53048,271487,69,13,82,0.804602
252490,Rust,2019-03-23,218484,53062,271546,45,14,59,0.804593
252490,Rust,2019-03-24,218559,53087,271646,75,25,100,0.804573
252490,Rust,2019-03-25,218595,53109,271704,36,22,58,0.804534
252490,Rust,2019-03-26,218657,53131,271788,62,22,84,0.804513
252490,Rust,2019-03-27,218710,53160,271870,53,29,82,0.804465
252490,Rust,2019-03-28,218769,53183,271952,59,23,82,0.80444
252490,Rust,2019-03-29,218802,53197,271999,33,14,47,0.804422
252490,Rust,2019-03-30,218852,53209,272061,50,12,62,0.804423
252490,Rust,2019-03-31,218907,53223,272130,55,14,69,0.804421
252490,Rust,2019-04-01,218973,53237,272210,66,14,80,0.804427
252490,Rust,2019-04-02,219033,53255,272288,60,18,78,0.804417
252490,Rust,2019-04-03,219074,53263,272337,41,8,49,0.804422
252490,Rust,2019-04-04,219134,53281,272415,60,18,78,0.804412
252490,Rust,2019-04-05,219207,53300,272507,73,19,92,0.804409
252490,Rust,2019-04-06,219265,53328,272593,58,28,86,0.804368
252490,Rust,2019-04-07,219317,53355,272672,52,27,79,0.804325
252490,Rust,2019-04-08,219378,53387,272765,61,32,93,0.804275
252490,Rust,2019-04-09,219418,53403,272821,40,16,56,0.804256
252490,Rust,2019-04-10,219484,53416,272900,66,13,79,0.804265
252490,Rust,2019-04-11,219538,53443,272981,54,27,81,0.804224
252490,Rust,2019-04-12,219591,53463,273054,53,20,73,0.804204
252490,Rust,2019-04-13,219637,53491,273128,46,28,74,0.804154
252490,Rust,2019-04-14,219683,53508,273191,46,17,63,0.804137
252490,Rust,2019-04-15,219752,53527,273279,69,19,88,0.804131
252490,Rust,2019-04-16,219816,53553,273369,64,26,90,0.8041
252490,Rust,2019-04-17,219875,53561,273436,59,8,67,0.804119
252490,Rust,2019-04-18,219900,53577,273477,25,16,41,0.80409
252490,Rust,2019-04-19,219947,53591,273538,47,14,61,0.804082
252490,Rust,2019-04-20,220013,53599,273612,66,8,74,0.804106
252490,Rust,2019-04-21,220083,53618,273701,70,19,89,0.8041
252490,Rust,2019-04-22,220156,53663,273819,73,45,118,0.80402
252490,Rust,2019-04-23,220224,53676,273900,68,13,81,0.804031
252490,Rust,2019-04-24,220265,53673,273938,41,-3,38,0.804069
252490,Rust,2019-04-25,220317,53688,274005,52,15,67,0.804062
252490,Rust,2019-04-26,220369,53709,274078,52,21,73,0.804038
252490,Rust,2019-04-27,220416,53725,274141,47,16,63,0.804024
252490,Rust,2019-04-28,220471,53742,274213,55,17,72,0.804014
252490,Rust,2019-04-29,220536,53760,274296,65,18,83,0.804007
252490,Rust,2019-04-30,220584,53774,274358,48,14,62,0.804001
252490,Rust,2019-05-01,220632,53786,274418,48,12,60,0.804
252490,Rust,2019-05-02,220654,53784,274438,22,-2,20,0.804021
252490,Rust,2019-05-03,220716,53798,274514,62,14,76,0.804025
252490,Rust,2019-05-04,220783,53831,274614,67,33,100,0.803976
252490,Rust,2019-05-05,220837,53853,274690,54,22,76,0.80395
252490,Rust,2019-05-06,220900,53882,274782,63,29,92,0.80391
252490,Rust,2019-05-07,220955,53891,274846,55,9,64,0.803923
252490,Rust,2019-05-08,221020,53913,274933,65,22,87,0.803905
252490,Rust,2019-05-09,221052,53927,274979,32,14,46,0.803887
252490,Rust,2019-05-10,221099,53942,275041,47,15,62,0.803877
252490,Rust,2019-05-11,221143,53958,275101,44,16,60,0.803861
252490,Rust,2019-05-12,221196,53967,275163,53,9,62,0.803873
252490,Rust,2019-05-13,221248,53981,275229,52,14,66,0.803869
252490,Rust,2019-05-14,221292,54000,275292,44,19,63,0.803845
252490,Rust,2019-05-15,221326,54014,275340,34,14,48,0.803828
252490,Rust,2019-05-16,221326,54014,275340,0,0,0,0.803828
252490,Rust,2019-05-17,221326,54014,275340,0,0,0,0.803828
252490,Rust,2019-05-18,221326,54014,275340,0,0,0,0.803828
252490,Rust,2019-05-19,221326,54014,275340,0,0,0,0.803828
252490,Rust,2019-05-20,221326,54014,275340,0,0,0,0.803828
252490,Rust,2019-05-21,221326,54014,275340,0,0,0,0.803828
252490,Rust,2019-05-22,221326,54014,275340,0,0,0,0.803828
252490,Rust,2019-05-23,221326,54014,275340,0,0,0,0.803828
252490,Rust,2019-05-24,221326,54014,275340,0,0,0,0.803828
252490,Rust,2019-05-25,221326,54014,275340,0,0,0,0.803828
252490,Rust,2019-05-26,221326,54014,275340,0,0,0,0.803828
252490,Rust,2019-05-27,221326,54014,275340,0,0,0,0.803828
252490,Rust,2019-05-28,221326,54014,275340,0,0,0,0.803828
252490,Rust,2019-05-29,222046,54260,276306,720,246,966,0.803624
252490,Rust,2019-05-30,222075,54273,276348,29,13,42,0.803606
252490,Rust,2019-05-31,222119,54286,276405,44,13,57,0.8036
252490,Rust,2019-06-01,222164,54304,276468,45,18,63,0.803579
252490,Rust,2019-06-02,222195,54322,276517,31,18,49,0.803549
252490,Rust,2019-06-03,222245,54356,276601,50,34,84,0.803486
252490,Rust,2019-06-04,222316,54383,276699,71,27,98,0.803458
252490,Rust,2019-06-05,222379,54396,276775,63,13,76,0.803465
252490,Rust,2019-06-06,222461,54416,276877,82,20,102,0.803465
252490,Rust,2019-06-07,222554,54425,276979,93,9,102,0.803505
252490,Rust,2019-06-08,222606,54462,277068,52,37,89,0.803435
252490,Rust,2019-06-09,222671,54494,277165,65,32,97,0.803388
252490,Rust,2019-06-10,222719,54513,277232,48,19,67,0.803367
252490,Rust,2019-06-11,222789,54538,277327,70,25,95,0.803344
252490,Rust,2019-06-12,222866,54571,277437,77,33,110,0.803303
252490,Rust,2019-06-13,222935,54596,277531,69,25,94,0.80328
252490,Rust,2019-06-14,223004,54617,277621,69,21,90,0.803268
252490,Rust,2019-06-15,223068,54644,277712,64,27,91,0.803235
252490,Rust,2019-06-16,223117,54682,277799,49,38,87,0.80316
252490,Rust,2019-06-17,223186,54716,277902,69,34,103,0.80311
252490,Rust,2019-06-18,223239,54748,277987,53,32,85,0.803056
252490,Rust,2019-06-19,223313,54782,278095,74,34,108,0.80301
252490,Rust,2019-06-20,223376,54810,278186,63,28,91,0.802974
252490,Rust,2019-06-21,223453,54850,278303,77,40,117,0.802913
252490,Rust,2019-06-22,223522,54880,278402,69,30,99,0.802875
252490,Rust,2019-06-23,223596,54928,278524,74,48,122,0.802789
252490,Rust,2019-06-24,223676,54954,278630,80,26,106,0.802771
252490,Rust,2019-06-25,223754,54986,278740,78,32,110,0.802734
252490,Rust,2019-06-26,223856,55018,278874,102,32,134,0.802714
252490,Rust,2019-06-27,224115,55251,279366,259,233,492,0.802227
252490,Rust,2019-06-28,224404,55573,279977,289,322,611,0.801509
252490,Rust,2019-06-29,224592,55745,280337,188,172,360,0.80115
252490,Rust,2019-06-30,232569,56597,289166,7977,852,8829,0.804275
252490,Rust,2019-07-01,237439,57108,294547,4870,511,5381,0.806116
252490,Rust,2019-07-02,243122,57594,300716,5683,486,6169,0.808477
252490,Rust,2019-07-03,246652,57935,304587,3530,341,3871,0.809792
252490,Rust,2019-07-04,249191,58224,307415,2539,289,2828,0.810601
252490,Rust,2019-07-05,251301,58466,309767,2110,242,2352,0.811258
252490,Rust,2019-07-06,253001,58645,311646,1700,179,1879,0.811822
252490,Rust,2019-07-07,254533,58793,313326,1532,148,1680,0.812358
252490,Rust,2019-07-08,255594,58961,314555,1061,168,1229,0.812557
252490,Rust,2019-07-09,255723,59061,314784,129,100,229,0.812376
252490,Rust,2019-07-10,255884,59167,315051,161,106,267,0.812199
252490,Rust,2019-07-11,256006,59227,315233,122,60,182,0.812117
252490,Rust,2019-07-12,256106,59273,315379,100,46,146,0.812058
252490,Rust,2019-07-13,256229,59323,315552,123,50,173,0.812002
252490,Rust,2019-07-14,256314,59353,315667,85,30,115,0.811976
252490,Rust,2019-07-15,256361,59397,315758,47,44,91,0.811891
252490,Rust,2019-07-16,256444,59431,315875,83,34,117,0.811853
252490,Rust,2019-07-17,256535,59453,315988,91,22,113,0.81185
252490,Rust,2019-07-18,256621,59489,316110,86,36,122,0.811809
252490,Rust,2019-07-19,256702,59502,316204,81,13,94,0.811824
252490,Rust,2019-07-20,256763,59524,316287,61,22,83,0.811804
252490,Rust,2019-07-21,256821,59546,316367,58,22,80,0.811782
252490,Rust,2019-07-22,256893,59565,316458,72,19,91,0.811776
252490,Rust,2019-07-23,256977,59586,316563,84,21,105,0.811772
252490,Rust,2019-07-24,257037,59604,316641,60,18,78,0.811762
252490,Rust,2019-07-25,257110,59621,316731,73,17,90,0.811761
252490,Rust,2019-07-26,257161,59638,316799,51,17,68,0.811748
252490,Rust,2019-07-27,257247,59656,316903,86,18,104,0.811753
252490,Rust,2019-07-28,257282,59665,316947,35,9,44,0.811751
252490,Rust,2019-07-29,257330,59683,317013,48,18,66,0.811733
252490,Rust,2019-07-30,257390,59702,317092,60,19,79,0.81172
252490,Rust,2019-07-31,257442,59730,317172,52,28,80,0.811679
252490,Rust,2019-08-01,257500,59733,317233,58,3,61,0.811706
252490,Rust,2019-08-02,257589,59748,317337,89,15,104,0.811721
252490,Rust,2019-08-03,257651,59789,317440,62,41,103,0.811653
252490,Rust,2019-08-04,257703,59818,317521,52,29,81,0.811609
252490,Rust,2019-08-05,257756,59841,317597,53,23,76,0.811582
252490,Rust,2019-08-06,257817,59851,317668,61,10,71,0.811593
252490,Rust,2019-08-07,257877,59875,317752,60,24,84,0.811567
252490,Rust,2019-08-08,257939,59893,317832,62,18,80,0.811558
252490,Rust,2019-08-09,257988,59907,317895,49,14,63,0.811551
252490,Rust,2019-08-10,258031,59933,317964,43,26,69,0.81151
252490,Rust,2019-08-11,258063,59941,318004,32,8,40,0.811509
252490,Rust,2019-08-12,258115,59957,318072,52,16,68,0.811499
252490,Rust,2019-08-13,258184,59974,318158,69,17,86,0.811496
252490,Rust,2019-08-14,258219,59989,318208,35,15,50,0.811479
252490,Rust,2019-08-15,258260,60007,318267,41,18,59,0.811457
252490,Rust,2019-08-16,258323,60028,318351,63,21,84,0.811441
252490,Rust,2019-08-17,258386,60041,318427,63,13,76,0.811445
252490,Rust,2019-08-18,258427,60061,318488,41,20,61,0.811418
252490,Rust,2019-08-19,258462,60082,318544,35,21,56,0.811386
252490,Rust,2019-08-20,258517,60104,318621,55,22,77,0.811362
252490,Rust,2019-08-21,258548,60113,318661,31,9,40,0.811358
252490,Rust,2019-08-22,258593,60134,318727,45,21,66,0.811331
252490,Rust,2019-08-23,258632,60161,318793,39,27,66,0.811285
252490,Rust,2019-08-24,258678,60154,318832,46,-7,39,0.81133
252490,Rust,2019-08-25,258725,60165,318890,47,11,58,0.81133
252490,Rust,2019-08-26,258810,60183,318993,85,18,103,0.811334
252490,Rust,2019-08-27,258824,60189,319013,14,6,20,0.811327
252490,Rust,2019-08-28,258892,60195,319087,68,6,74,0.811352
252490,Rust,2019-08-29,258924,60208,319132,32,13,45,0.811338
252490,Rust,2019-08-30,258993,60214,319207,69,6,75,0.811364
252490,Rust,2019-08-31,259045,60215,319260,52,1,53,0.811392
252490,Rust,2019-09-01,259085,60232,319317,40,17,57,0.811372
252490,Rust,2019-09-02,259124,60246,319370,39,14,53,0.81136
252490,Rust,2019-09-03,259172,60257,319429,48,11,59,0.81136
252490,Rust,2019-09-04,259203,60260,319463,31,3,34,0.811371
252490,Rust,2019-09-05,259243,60275,319518,40,15,55,0.811356
252490,Rust,2019-09-06,259310,60281,319591,67,6,73,0.811381
252490,Rust,2019-09-07,259351,60288,319639,41,7,48,0.811387
252490,Rust,2019-09-08,259412,60304,319716,61,16,77,0.811383
252490,Rust,2019-09-09,259439,60326,319765,27,22,49,0.811343
252490,Rust,2019-09-10,259492,60332,319824,53,6,59,0.811359
252490,Rust,2019-09-11,259535,60346,319881,43,14,57,0.811349
252490,Rust,2019-09-12,259574,60361,319935,39,15,54,0.811334
252490,Rust,2019-09-13,259617,60367,319984,43,6,49,0.811344
252490,Rust,2019-09-14,259688,60375,320063,71,8,79,0.811365
252490,Rust,2019-09-15,259718,60393,320111,30,18,48,0.811337
252490,Rust,2019-09-16,259762,60412,320174,44,19,63,0.811315
252490,Rust,2019-09-17,259797,60420,320217,35,8,43,0.811315
252490,Rust,2019-09-18,259849,60427,320276,52,7,59,0.811328
252490,Rust,2019-09-19,259878,60435,320313,29,8,37,0.811325
252490,Rust,2019-09-20,259905,60443,320348,27,8,35,0.811321
252490,Rust,2019-09-21,259941,60460,320401,36,17,53,0.811299
252490,Rust,2019-09-22,259990,60483,320473,49,23,72,0.81127
252490,Rust,2019-09-23,260017,60491,320508,27,8,35,0.811265
252490,Rust,2019-09-24,260056,60498,320554,39,7,46,0.81127
252490,Rust,2019-09-25,260092,60500,320592,36,2,38,0.811287
252490,Rust,2019-09-26,260107,60498,320605,15,-2,13,0.811301
252490,Rust,2019-09-27,260144,60507,320651,37,9,46,0.8113
252490,Rust,2019-09-28,260171,60515,320686,27,8,35,0.811295
252490,Rust,2019-09-29,260201,60520,320721,30,5,35,0.8113
252490,Rust,2019-09-30,260270,60526,320796,69,6,75,0.811326
252490,Rust,2019-10-01,260300,60525,320825,30,-1,29,0.811346
252490,Rust,2019-10-02,260326,60531,320857,26,6,32,0.811346
252490,Rust,2019-10-03,260377,60532,320909,51,1,52,0.811373
252490,Rust,2019-10-04,260465,60527,320992,88,-5,83,0.811438
252490,Rust,2019-10-05,260505,60545,321050,40,18,58,0.811416
252490,Rust,2019-10-06,260545,60563,321108,40,18,58,0.811394
252490,Rust,2019-10-07,260572,60572,321144,27,9,36,0.811387
252490,Rust,2019-10-08,260600,60580,321180,28,8,36,0.811383
252490,Rust,2019-10-09,260662,60598,321260,62,18,80,0.811374
252490,Rust,2019-10-10,260686,60601,321287,24,3,27,0.81138
252490,Rust,2019-10-11,260708,60607,321315,22,6,28,0.811378
252490,Rust,2019-10-12,260739,60621,321360,31,14,45,0.811361
252490,Rust,2019-10-13,260797,60642,321439,58,21,79,0.811342
252490,Rust,2019-10-14,260819,60644,321463,22,2,24,0.81135
252490,Rust,2019-10-15,260852,60652,321504,33,8,41,0.811349
252490,Rust,2019-10-16,260896,60663,321559,44,11,55,0.811347
252490,Rust,2019-10-17,260940,60669,321609,44,6,50,0.811358
252490,Rust,2019-10-18,260964,60676,321640,24,7,31,0.811354
252490,Rust,2019-10-19,261010,60681,321691,46,5,51,0.811369
252490,Rust,2019-10-20,261043,60704,321747,33,23,56,0.81133
252490,Rust,2019-10-21,261121,60722,321843,78,18,96,0.81133
252490,Rust,2019-10-22,261176,60726,321902,55,4,59,0.811353
252490,Rust,2019-10-23,261200,60734,321934,24,8,32,0.811346
252490,Rust,2019-10-24,261229,60744,321973,29,10,39,0.811338
252490,Rust,2019-10-25,261329,60748,322077,100,4,104,0.811387
252490,Rust,2019-10-26,261518,60761,322279,189,13,202,0.811465
252490,Rust,2019-10-27,261719,60774,322493,201,13,214,0.811549
252490,Rust,2019-10-28,261858,60792,322650,139,18,157,0.811585
252490,Rust,2019-10-29,262019,60805,322824,161,13,174,0.811647
252490,Rust,2019-10-30,262128,60806,322934,109,1,110,0.811708
252490,Rust,2019-10-31,263472,60813,324285,1344,7,1351,0.812471
252490,Rust,2019-11-01,265265,60859,326124,1793,46,1839,0.813387
252490,Rust,2019-11-02,266851,60927,327778,1586,68,1654,0.814121
252490,Rust,2019-11-03,268152,61006,329158,1301,79,1380,0.81466
252490,Rust,2019-11-04,269172,61087,330259,1020,81,1101,0.815033
252490,Rust,2019-11-05,269987,61123,331110,815,36,851,0.8154
252490,Rust,2019-11-06,270758,61156,331914,771,33,804,0.815747
252490,Rust,2019-11-07,271584,61185,332769,826,29,855,0.816134
252490,Rust,2019-11-08,273159,61256,334415,1575,71,1646,0.816826
252490,Rust,2019-11-09,274272,61317,335589,1113,61,1174,0.817285
252490,Rust,2019-11-10,275175,61376,336551,903,59,962,0.817632
252490,Rust,2019-11-11,275820,61417,337237,645,41,686,0.817882
252490,Rust,2019-11-12,276758,61483,338241,938,66,1004,0.818227
252490,Rust,2019-11-13,277399,61521,338920,641,38,679,0.818479
252490,Rust,2019-11-14,278086,61558,339644,687,37,724,0.818757
252490,Rust,2019-11-15,278759,61604,340363,673,46,719,0.819005
252490,Rust,2019-11-16,279551,61656,341207,792,52,844,0.8193
252490,Rust,2019-11-17,279551,61656,341207,0,0,0,0.8193
252490,Rust,2019-11-18,280930,61736,342666,1379,80,1459,0.819836
252490,Rust,2019-11-19,281601,61762,343363,671,26,697,0.820126
252490,Rust,2019-11-20,282143,61789,343932,542,27,569,0.820345
252490,Rust,2019-11-21,282625,61817,344442,482,28,510,0.82053
252490,Rust,2019-11-22,283149,61835,344984,524,18,542,0.82076
252490,Rust,2019-11-23,283758,61871,345629,609,36,645,0.82099
252490,Rust,2019-11-24,284444,61929,346373,686,58,744,0.821207
252490,Rust,2019-11-25,285137,61982,347119,693,53,746,0.821439
252490,Rust,2019-11-26,285618,62014,347632,481,32,513,0.82161
252490,Rust,2019-11-27,286819,62044,348863,1201,30,1231,0.822154
252490,Rust,2019-11-28,288403,62074,350477,1584,30,1614,0.822887
252490,Rust,2019-11-29,289741,62101,351842,1338,27,1365,0.823497
252490,Rust,2019-11-30,292118,62176,354294,2377,75,2452,0.824507
252490,Rust,2019-12-01,293076,62213,355289,958,37,995,0.824895
252490,Rust,2019-12-02,293947,62250,356197,871,37,908,0.825237
252490,Rust,2019-12-03,294675,62278,356953,728,28,756,0.825529
252490,Rust,2019-12-04,295269,62304,357573,594,26,620,0.825759
252490,Rust,2019-12-05,295809,62312,358121,540,8,548,0.826003
252490,Rust,2019-12-06,296780,62363,359143,971,51,1022,0.826356
252490,Rust,2019-12-07,297558,62411,359969,778,48,826,0.826621
252490,Rust,2019-12-08,298357,62460,360817,799,49,848,0.826893
252490,Rust,2019-12-09,299660,62547,362207,1303,87,1390,0.827317
252490,Rust,2019-12-10,300236,62576,362812,576,29,605,0.827525
252490,Rust,2019-12-11,300764,62666,363430,528,90,618,0.827571
252490,Rust,2019-12-12,301013,63576,364589,249,910,1159,0.825623
252490,Rust,2019-12-13,301352,64459,365811,339,883,1222,0.823792
252490,Rust,2019-12-14,301810,64996,366806,458,537,995,0.822806
252490,Rust,2019-12-15,302295,65258,367553,485,262,747,0.822453
252490,Rust,2019-12-16,302671,65438,368109,376,180,556,0.822232
252490,Rust,2019-12-17,303064,65668,368732,393,230,623,0.821909
252490,Rust,2019-12-18,303485,65801,369286,421,133,554,0.821816
252490,Rust,2019-12-19,304256,65934,370190,771,133,904,0.821891
252490,Rust,2019-12-20,304844,66052,370896,588,118,706,0.821912
252490,Rust,2019-12-21,305491,66254,371745,647,202,849,0.821776
252490,Rust,2019-12-22,306167,66431,372598,676,177,853,0.821709
252490,Rust,2019-12-23,306749,66552,373301,582,121,703,0.82172
252490,Rust,2019-12-24,307344,66629,373973,595,77,672,0.821835
252490,Rust,2019-12-25,308291,66748,375039,947,119,1066,0.822024
252490,Rust,2019-12-26,308965,66791,375756,674,43,717,0.822249
252490,Rust,2019-12-27,309655,66862,376517,690,71,761,0.82242
252490,Rust,2019-12-28,310380,66929,377309,725,67,792,0.822615
252490,Rust,2019-12-29,311057,67013,378070,677,84,761,0.82275
252490,Rust,2019-12-30,311057,67013,378070,0,0,0,0.82275
252490,Rust,2019-12-31,311057,67013,378070,0,0,0,0.82275
252490,Rust,2020-01-01,311057,67013,378070,0,0,0,0.82275
252490,Rust,2020-01-02,314423,67305,381728,3366,292,3658,0.823683
252490,Rust,2020-01-03,315165,67395,382560,742,90,832,0.823832
252490,Rust,2020-01-04,315165,67395,382560,0,0,0,0.823832
252490,Rust,2020-01-05,316396,67552,383948,1231,157,1388,0.82406
252490,Rust,2020-01-06,316888,67634,384522,492,82,574,0.824109
252490,Rust,2020-01-07,317283,67701,384984,395,67,462,0.824146
252490,Rust,2020-01-08,317706,67748,385454,423,47,470,0.824238
252490,Rust,2020-01-09,318077,67779,385856,371,31,402,0.824341
252490,Rust,2020-01-10,318459,67816,386275,382,37,419,0.824436
252490,Rust,2020-01-11,318979,67870,386849,520,54,574,0.824557
252490,Rust,2020-01-12,319514,67923,387437,535,53,588,0.824686
252490,Rust,2020-01-13,319885,67970,387855,371,47,418,0.824754
252490,Rust,2020-01-14,320190,68017,388207,305,47,352,0.824792
252490,Rust,2020-01-15,320190,68017,388207,0,0,0,0.824792
252490,Rust,2020-01-16,320645,68059,388704,455,42,497,0.824908
252490,Rust,2020-01-17,321040,68105,389145,395,46,441,0.824988
252490,Rust,2020-01-18,321444,68131,389575,404,26,430,0.825115
252490,Rust,2020-01-19,321881,68184,390065,437,53,490,0.825198
252490,Rust,2020-01-20,322332,68229,390561,451,45,496,0.825305
252490,Rust,2020-01-21,322725,68250,390975,393,21,414,0.825436
252490,Rust,2020-01-22,323067,68282,391349,342,32,374,0.825521
252490,Rust,2020-01-23,323346,68326,391672,279,44,323,0.825553
252490,Rust,2020-01-24,323996,68371,392367,650,45,695,0.825747
252490,Rust,2020-01-25,324656,68420,393076,660,49,709,0.825937
252490,Rust,2020-01-26,325258,68487,393745,602,67,669,0.826063
252490,Rust,2020-01-27,325734,68525,394259,476,38,514,0.826193
252490,Rust,2020-01-28,326129,68573,394702,395,48,443,0.826266
252490,Rust,2020-01-29,326502,68610,395112,373,37,410,0.826353
252490,Rust,2020-01-30,326806,68623,395429,304,13,317,0.826459
252490,Rust,2020-01-31,327068,68645,395713,262,22,284,0.826528
252490,Rust,2020-02-01,327514,68698,396212,446,53,499,0.826613
252490,Rust,2020-02-02,327999,68743,396742,485,45,530,0.826731
252490,Rust,2020-02-03,328341,68788,397129,342,45,387,0.826787
252490,Rust,2020-02-04,328637,68828,397465,296,40,336,0.826833
252490,Rust,2020-02-05,328931,68844,397775,294,16,310,0.826927
252490,Rust,2020-02-06,329224,68858,398082,293,14,307,0.827026
252490,Rust,2020-02-07,329224,68858,398082,0,0,0,0.827026
252490,Rust,2020-02-08,330569,68940,399509,1345,82,1427,0.827438
252490,Rust,2020-02-09,330906,68964,399870,337,24,361,0.827534
252490,Rust,2020-02-10,331233,69011,400244,327,47,374,0.827578
252490,Rust,2020-02-11,331479,69036,400515,246,25,271,0.827632
252490,Rust,2020-02-12,331809,69065,400874,330,29,359,0.827714
252490,Rust,2020-02-13,332293,69094,401387,484,29,513,0.827862
252490,Rust,2020-02-14,332563,69124,401687,270,30,300,0.827916
252490,Rust,2020-02-15,332861,69164,402025,298,40,338,0.827961
252490,Rust,2020-02-16,333187,69192,402379,326,28,354,0.828043
252490,Rust,2020-02-17,333521,69219,402740,334,27,361,0.82813
252490,Rust,2020-02-18,334094,69249,403343,573,30,603,0.828312
252490,Rust,2020-02-19,334382,69290,403672,288,41,329,0.828351
252490,Rust,2020-02-20,334675,69302,403977,293,12,305,0.828451
252490,Rust,2020-02-21,334951,69329,404280,276,27,303,0.828512
252490,Rust,2020-02-22,335218,69375,404593,267,46,313,0.828531
252490,Rust,2020-02-23,335523,69410,404933,305,35,340,0.828589
252490,Rust,2020-02-24,336131,69478,405609,608,68,676,0.828707
252490,Rust,2020-02-25,336369,69509,405878,238,31,269,0.828744
252490,Rust,2020-02-26,336623,69523,406146,254,14,268,0.828823
252490,Rust,2020-02-27,336837,69549,406386,214,26,240,0.82886
252490,Rust,2020-02-28,337105,69583,406688,268,34,302,0.828903
252490,Rust,2020-02-29,337374,69617,406991,269,34,303,0.828947
252490,Rust,2020-03-01,337734,69658,407392,360,41,401,0.829015
252490,Rust,2020-03-02,338037,69689,407726,303,31,334,0.829079
252490,Rust,2020-03-03,338286,69701,407987,249,12,261,0.829159
252490,Rust,2020-03-04,338495,69715,408210,209,14,223,0.829218
252490,Rust,2020-03-05,338887,69748,408635,392,33,425,0.829315
252490,Rust,2020-03-06,339438,69785,409223,551,37,588,0.82947
252490,Rust,2020-03-07,339783,69817,409600,345,32,377,0.829548
252490,Rust,2020-03-08,340065,69852,409917,282,35,317,0.829595
252490,Rust,2020-03-09,340381,69889,410270,316,37,353,0.829651
252490,Rust,2020-03-10,340604,69920,410524,223,31,254,0.829681
252490,Rust,2020-03-11,340838,69955,410793,234,35,269,0.829707
252490,Rust,2020-03-12,341090,69979,411069,252,24,276,0.829763
252490,Rust,2020-03-13,341741,70036,411777,651,57,708,0.829918
252490,Rust,2020-03-14,342120,70055,412175,379,19,398,0.830036
252490,Rust,2020-03-15,342424,70081,412505,304,26,330,0.830109
252490,Rust,2020-03-16,342724,70127,412851,300,46,346,0.83014
252490,Rust,2020-03-17,343265,70150,413415,541,23,564,0.830316
252490,Rust,2020-03-18,343631,70190,413821,366,40,406,0.830386
252490,Rust,2020-03-19,344035,70221,414256,404,31,435,0.830489
252490,Rust,2020-03-20,344402,70266,414668,367,45,412,0.830549
252490,Rust,2020-03-21,344765,70296,415061,363,30,393,0.830637
252490,Rust,2020-03-22,345111,70330,415441,346,34,380,0.83071
252490,Rust,2020-03-23,345945,70397,416342,834,67,901,0.830915
252490,Rust,2020-03-24,346375,70445,416820,430,48,478,0.830994
252490,Rust,2020-03-25,346743,70483,417226,368,38,406,0.831068
252490,Rust,2020-03-26,346743,70483,417226,0,0,0,0.831068
252490,Rust,2020-03-27,347420,70556,417976,677,73,750,0.831196
252490,Rust,2020-03-28,348324,70676,419000,904,120,1024,0.831322
252490,Rust,2020-03-29,348735,70727,419462,411,51,462,0.831386
252490,Rust,2020-03-30,349227,70788,420015,492,61,553,0.831463
252490,Rust,2020-03-31,349706,70835,420541,479,47,526,0.831562
252490,Rust,2020-04-01,350136,70871,421007,430,36,466,0.831663
252490,Rust,2020-04-02,350571,70885,421456,435,14,449,0.831809
252490,Rust,2020-04-03,351530,70951,422481,959,66,1025,0.832061
252490,Rust,2020-04-04,351924,71011,422935,394,60,454,0.832099
252490,Rust,2020-04-05,352264,71063,423327,340,52,392,0.832132
252490,Rust,2020-04-06,352627,71098,423725,363,35,398,0.832207
252490,Rust,2020-04-07,352978,71178,424156,351,80,431,0.832189
252490,Rust,2020-04-08,353403,71230,424633,425,52,477,0.832255
252490,Rust,2020-04-09,353770,71263,425033,367,33,400,0.832335
252490,Rust,2020-04-10,354291,71299,425590,521,36,557,0.83247
252490,Rust,2020-04-11,355060,71412,426472,769,113,882,0.832552
252490,Rust,2020-04-12,355382,71435,426817,322,23,345,0.832633
252490,Rust,2020-04-13,355727,71484,427211,345,49,394,0.832673
252490,Rust,2020-04-14,356117,71536,427653,390,52,442,0.832724
252490,Rust,2020-04-15,356481,71569,428050,364,33,397,0.832802
252490,Rust,2020-04-16,356851,71616,428467,370,47,417,0.832855
252490,Rust,2020-04-17,357132,71658,428790,281,42,323,0.832883
252490,Rust,2020-04-18,357413,71690,429103,281,32,313,0.832931
252490,Rust,2020-04-19,357640,71731,429371,227,41,268,0.832939
252490,Rust,2020-04-20,357911,71765,429676,271,34,305,0.832979
252490,Rust,2020-04-21,358238,71799,430037,327,34,361,0.83304
252490,Rust,2020-04-22,358554,71844,430398,316,45,361,0.833075
252490,Rust,2020-04-23,358874,71888,430762,320,44,364,0.833114
252490,Rust,2020-04-24,359132,71903,431035,258,15,273,0.833185
252490,Rust,2020-04-25,359447,71931,431378,315,28,343,0.833253
252490,Rust,2020-04-26,359709,71962,431671,262,31,293,0.833294
252490,Rust,2020-04-27,360004,72009,432013,295,47,342,0.833318
252490,Rust,2020-04-28,360004,72009,432013,0,0,0,0.833318
252490,Rust,2020-04-29,360649,72059,432708,645,50,695,0.83347
252490,Rust,2020-04-30,360897,72084,432981,248,25,273,0.833517
252490,Rust,2020-05-01,361164,72123,433287,267,39,306,0.833545
252490,Rust,2020-05-02,361439,72157,433596,275,34,309,0.833585
252490,Rust,2020-05-03,361704,72185,433889,265,28,293,0.833633
252490,Rust,2020-05-04,362031,72221,434252,327,36,363,0.833689
252490,Rust,2020-05-05,362303,72239,434542,272,18,290,0.833758
252490,Rust,2020-05-06,362608,72266,434874,305,27,332,0.833823
252490,Rust,2020-05-07,362880,72282,435162,272,16,288,0.833896
252490,Rust,2020-05-08,364110,72368,436478,1230,86,1316,0.8342
252490,Rust,2020-05-09,364390,72400,436790,280,32,312,0.834245
252490,Rust,2020-05-10,364712,72449,437161,322,49,371,0.834274
252490,Rust,2020-05-11,365058,72475,437533,346,26,372,0.834355
252490,Rust,2020-05-12,365365,72501,437866,307,26,333,0.834422
252490,Rust,2020-05-13,365668,72532,438200,303,31,334,0.834477
252490,Rust,2020-05-14,365915,72553,438468,247,21,268,0.834531
252490,Rust,2020-05-15,366176,72571,438747,261,18,279,0.834595
252490,Rust,2020-05-16,366446,72603,439049,270,32,302,0.834636
252490,Rust,2020-05-17,366712,72614,439326,266,11,277,0.834715
252490,Rust,2020-05-18,366994,72638,439632,282,24,306,0.834775
252490,Rust,2020-05-19,367226,72653,439879,232,15,247,0.834834
252490,Rust,2020-05-20,367469,72677,440146,243,24,267,0.83488
252490,Rust,2020-05-21,367747,72708,440455,278,31,309,0.834925
252490,Rust,2020-05-22,368018,72739,440757,271,31,302,0.834968
252490,Rust,2020-05-23,368293,72755,441048,275,16,291,0.835041
252490,Rust,2020-05-24,368577,72765,441342,284,10,294,0.835128
252490,Rust,2020-05-25,369083,72789,441872,506,24,530,0.835271
252490,Rust,2020-05-26,369083,72789,441872,0,0,0,0.835271
252490,Rust,2020-05-27,369443,72811,442254,360,22,382,0.835364
252490,Rust,2020-05-28,369666,72837,442503,223,26,249,0.835398
252490,Rust,2020-05-29,369899,72851,442750,233,14,247,0.835458
252490,Rust,2020-05-30,370164,72858,443022,265,7,272,0.835543
252490,Rust,2020-05-31,370415,72884,443299,251,26,277,0.835587
252490,Rust,2020-06-01,370695,72910,443605,280,26,306,0.835642
252490,Rust,2020-06-02,370957,72923,443880,262,13,275,0.835715
252490,Rust,2020-06-03,371186,72936,444122,229,13,242,0.835775
252490,Rust,2020-06-04,371427,72956,444383,241,20,261,0.835826
252490,Rust,2020-06-05,372065,72978,445043,638,22,660,0.83602
252490,Rust,2020-06-06,372455,73009,445464,390,31,421,0.836106
252490,Rust,2020-06-07,372710,73040,445750,255,31,286,0.836141
252490,Rust,2020-06-08,372969,73083,446052,259,43,302,0.836156
252490,Rust,2020-06-09,373229,73103,446332,260,20,280,0.836214
252490,Rust,2020-06-10,373489,73131,446620,260,28,288,0.836257
252490,Rust,2020-06-11,373742,73166,446908,253,35,288,0.836284
252490,Rust,2020-06-12,373939,73183,447122,197,17,214,0.836324
252490,Rust,2020-06-13,374149,73205,447354,210,22,232,0.83636
252490,Rust,2020-06-14,374354,73229,447583,205,24,229,0.83639
252490,Rust,2020-06-15,374617,73248,447865,263,19,282,0.836451
252490,Rust,2020-06-16,374843,73268,448111,226,20,246,0.836496
252490,Rust,2020-06-17,375080,73289,448369,237,21,258,0.836543
252490,Rust,2020-06-18,375321,73306,448627,241,17,258,0.836599
252490,Rust,2020-06-19,375549,73330,448879,228,24,252,0.836637
252490,Rust,2020-06-20,375774,73355,449129,225,25,250,0.836673
252490,Rust,2020-06-21,376046,73350,449396,272,-5,267,0.836781
252490,Rust,2020-06-22,376353,73369,449722,307,19,326,0.836857
252490,Rust,2020-06-23,376613,73399,450012,260,30,290,0.836895
252490,Rust,2020-06-24,376818,73411,450229,205,12,217,0.836947
252490,Rust,2020-06-25,377109,73428,450537,291,17,308,0.837021
252490,Rust,2020-06-26,377616,73436,451052,507,8,515,0.83719
252490,Rust,2020-06-27,378065,73480,451545,449,44,493,0.83727
252490,Rust,2020-06-28,378479,73502,451981,414,22,436,0.837378
252490,Rust,2020-06-29,378977,73541,452518,498,39,537,0.837485
252490,Rust,2020-06-30,379544,73590,453134,567,49,616,0.837598
252490,Rust,2020-07-01,380223,73624,453847,679,34,713,0.837778
252490,Rust,2020-07-02,380655,73628,454283,432,4,436,0.837925
252490,Rust,2020-07-03,381613,73689,455302,958,61,1019,0.838154
252490,Rust,2020-07-04,382067,73746,455813,454,57,511,0.83821
252490,Rust,2020-07-05,382443,73787,456230,376,41,417,0.838268
252490,Rust,2020-07-06,382823,73829,456652,380,42,422,0.838325
252490,Rust,2020-07-07,383408,73869,457277,585,40,625,0.838459
252490,Rust,2020-07-08,383859,73904,457763,451,35,486,0.838554
252490,Rust,2020-07-09,385040,73976,459016,1181,72,1253,0.838838
252490,Rust,2020-07-10,385674,74029,459703,634,53,687,0.838963
252490,Rust,2020-07-11,386052,74063,460115,378,34,412,0.839034
252490,Rust,2020-07-12,386425,74097,460522,373,34,407,0.839102
252490,Rust,2020-07-13,386842,74127,460969,417,30,447,0.839193
252490,Rust,2020-07-14,387174,74168,461342,332,41,373,0.839234
252490,Rust,2020-07-15,387433,74197,461630,259,29,288,0.839272
252490,Rust,2020-07-16,387763,74230,461993,330,33,363,0.839327
252490,Rust,2020-07-17,388049,74259,462308,286,29,315,0.839373
252490,Rust,2020-07-18,388377,74297,462674,328,38,366,0.839418
252490,Rust,2020-07-19,388628,74318,462946,251,21,272,0.839467
252490,Rust,2020-07-20,388957,74363,463320,329,45,374,0.8395
252490,Rust,2020-07-21,388957,74363,463320,0,0,0,0.8395
252490,Rust,2020-07-22,389257,74382,463639,300,19,319,0.839569
252490,Rust,2020-07-23,389558,74403,463961,301,21,322,0.839635
252490,Rust,2020-07-24,389826,74421,464247,268,18,286,0.839695
252490,Rust,2020-07-25,389826,74421,464247,0,0,0,0.839695
252490,Rust,2020-07-26,390438,74494,464932,612,73,685,0.839774
252490,Rust,2020-07-27,390762,74513,465275,324,19,343,0.839852
252490,Rust,2020-07-28,391047,74535,465582,285,22,307,0.83991
252490,Rust,2020-07-29,391318,74564,465882,271,29,300,0.839951
252490,Rust,2020-07-30,391597,74591,466188,279,27,306,0.839998
252490,Rust,2020-07-31,391864,74604,466468,267,13,280,0.840066
252490,Rust,2020-08-01,392095,74627,466722,231,23,254,0.840104
252490,Rust,2020-08-02,392336,74637,466973,241,10,251,0.840168
252490,Rust,2020-08-03,392630,74670,467300,294,33,327,0.84021
252490,Rust,2020-08-04,392902,74684,467586,272,14,286,0.840278
252490,Rust,2020-08-05,393117,74695,467812,215,11,226,0.840331
252490,Rust,2020-08-06,393361,74721,468082,244,26,270,0.840368
252490,Rust,2020-08-07,393953,74745,468698,592,24,616,0.840526
252490,Rust,2020-08-08,394294,74782,469076,341,37,378,0.840576
252490,Rust,2020-08-09,394515,74807,469322,221,25,246,0.840606
252490,Rust,2020-08-10,394762,74845,469607,247,38,285,0.840622
252490,Rust,2020-08-11,395066,74866,469932,304,21,325,0.840688
252490,Rust,2020-08-12,395296,74907,470203,230,41,271,0.840692
252490,Rust,2020-08-13,395557,74935,470492,261,28,289,0.840731
252490,Rust,2020-08-14,395776,74950,470726,219,15,234,0.840778
252490,Rust,2020-08-15,395776,74950,470726,0,0,0,0.840778
252490,Rust,2020-08-16,396391,74994,471385,615,44,659,0.840907
252490,Rust,2020-08-17,396391,74994,471385,0,0,0,0.840907
252490,Rust,2020-08-18,396752,75032,471784,361,38,399,0.840961
252490,Rust,2020-08-19,396974,75050,472024,222,18,240,0.841004
252490,Rust,2020-08-20,397186,75073,472259,212,23,235,0.841034
252490,Rust,2020-08-21,397404,75094,472498,218,21,239,0.84107
252490,Rust,2020-08-22,397641,75112,472753,237,18,255,0.841118
252490,Rust,2020-08-23,397859,75132,472991,218,20,238,0.841156
252490,Rust,2020-08-24,398063,75156,473219,204,24,228,0.841181
252490,Rust,2020-08-25,398341,75176,473517,278,20,298,0.841239
252490,Rust,2020-08-26,398540,75189,473729,199,13,212,0.841283
252490,Rust,2020-08-27,398737,75206,473943,197,17,214,0.841318
252490,Rust,2020-08-28,398959,75233,474192,222,27,249,0.841345
252490,Rust,2020-08-29,399155,75253,474408,196,20,216,0.841375
252490,Rust,2020-08-30,399422,75279,474701,267,26,293,0.841418
252490,Rust,2020-08-31,399690,75303,474993,268,24,292,0.841465
252490,Rust,2020-09-01,399902,75314,475216,212,11,223,0.841516
252490,Rust,2020-09-02,400114,75334,475448,212,20,232,0.841552
252490,Rust,2020-09-03,400302,75336,475638,188,2,190,0.841611
252490,Rust,2020-09-04,400770,75372,476142,468,36,504,0.841703
252490,Rust,2020-09-05,401108,75406,476514,338,34,372,0.841755
252490,Rust,2020-09-06,401324,75444,476768,216,38,254,0.84176
252490,Rust,2020-09-07,401324,75444,476768,0,0,0,0.84176
252490,Rust,2020-09-08,401855,75508,477363,531,64,595,0.841823
252490,Rust,2020-09-09,402088,75533,477621,233,25,258,0.841856
252490,Rust,2020-09-10,402329,75554,477883,241,21,262,0.841899
252490,Rust,2020-09-11,402540,75564,478104,211,10,221,0.841951
252490,Rust,2020-09-12,402751,75583,478334,211,19,230,0.841987
252490,Rust,2020-09-13,403142,75611,478753,391,28,419,0.842067
252490,Rust,2020-09-14,403400,75621,479021,258,10,268,0.842134
252490,Rust,2020-09-15,403585,75633,479218,185,12,197,0.842174
252490,Rust,2020-09-16,403585,75633,479218,0,0,0,0.842174
252490,Rust,2020-09-17,403862,75647,479509,277,14,291,0.842241
252490,Rust,2020-09-18,404037,75654,479691,175,7,182,0.842286
252490,Rust,2020-09-19,404223,75673,479896,186,19,205,0.842314
252490,Rust,2020-09-20,404412,75693,480105,189,20,209,0.842341
252490,Rust,2020-09-21,404631,75700,480331,219,7,226,0.8424
252490,Rust,2020-09-22,404792,75719,480511,161,19,180,0.84242
252490,Rust,2020-09-23,405019,75740,480759,227,21,248,0.842457
252490,Rust,2020-09-24,405172,75744,480916,153,4,157,0.842501
252490,Rust,2020-09-25,405367,75768,481135,195,24,219,0.842522
252490,Rust,2020-09-26,405546,75780,481326,179,12,191,0.84256
252490,Rust,2020-09-27,405955,75796,481751,409,16,425,0.842666
252490,Rust,2020-09-28,405955,75796,481751,0,0,0,0.842666
252490,Rust,2020-09-29,406120,75821,481941,165,25,190,0.842676
252490,Rust,2020-09-30,406478,75849,482327,358,28,386,0.842744
252490,Rust,2020-10-01,406910,75849,482759,432,0,432,0.842884
252490,Rust,2020-10-02,407230,75866,483096,320,17,337,0.842959
252490,Rust,2020-10-03,407494,75882,483376,264,16,280,0.843017
252490,Rust,2020-10-04,407719,75896,483615,225,14,239,0.843065
252490,Rust,2020-10-05,407930,75922,483852,211,26,237,0.843088
252490,Rust,2020-10-06,408094,75944,484038,164,22,186,0.843103
252490,Rust,2020-10-07,408339,75954,484293,245,10,255,0.843165
252490,Rust,2020-10-08,408568,75969,484537,229,15,244,0.843213
252490,Rust,2020-10-09,408814,75994,484808,246,25,271,0.843249
252490,Rust,2020-10-10,409029,76002,485031,215,8,223,0.843305
252490,Rust,2020-10-11,409225,76015,485240,196,13,209,0.843346
252490,Rust,2020-10-12,409448,76032,485480,223,17,240,0.843388
252490,Rust,2020-10-13,409639,76044,485683,191,12,203,0.843429
252490,Rust,2020-10-14,409840,76063,485903,201,19,220,0.843461
252490,Rust,2020-10-15,409991,76073,486064,151,10,161,0.843492
252490,Rust,2020-10-16,410183,76086,486269,192,13,205,0.843531
252490,Rust,2020-10-17,410407,76109,486516,224,23,247,0.843563
252490,Rust,2020-10-18,410609,76134,486743,202,25,227,0.843585
252490,Rust,2020-10-19,410861,76143,487004,252,9,261,0.84365
252490,Rust,2020-10-20,411083,76142,487225,222,-1,221,0.843723
252490,Rust,2020-10-21,411273,76153,487426,190,11,201,0.843765
252490,Rust,2020-10-22,411458,76171,487629,185,18,203,0.843793
252490,Rust,2020-10-23,411693,76187,487880,235,16,251,0.843841
252490,Rust,2020-10-24,411911,76203,488114,218,16,234,0.843883
252490,Rust,2020-10-25,412137,76212,488349,226,9,235,0.843939
252490,Rust,2020-10-26,412137,76212,488349,0,0,0,0.843939
252490,Rust,2020-10-27,412686,76244,488930,549,32,581,0.844059
252490,Rust,2020-10-28,413002,76271,489273,316,27,343,0.844114
252490,Rust,2020-10-29,413227,76290,489517,225,19,244,0.844153
252490,Rust,2020-10-30,413472,76319,489791,245,29,274,0.84418
252490,Rust,2020-10-31,414022,76366,490388,550,47,597,0.844274
252490,Rust,2020-11-01,414330,76389,490719,308,23,331,0.844332
252490,Rust,2020-11-02,414712,76436,491148,382,47,429,0.844373
252490,Rust,2020-11-03,414712,76436,491148,0,0,0,0.844373
252490,Rust,2020-11-04,415026,76474,491500,314,38,352,0.844407
252490,Rust,2020-11-05,415347,76487,491834,321,13,334,0.844486
252490,Rust,2020-11-06,416112,76513,492625,765,26,791,0.844683
252490,Rust,2020-11-07,416476,76549,493025,364,36,400,0.844736
252490,Rust,2020-11-08,416752,76574,493326,276,25,301,0.84478
252490,Rust,2020-11-09,416752,76574,493326,0,0,0,0.84478
252490,Rust,2020-11-10,417319,76617,493936,567,43,610,0.844885
252490,Rust,2020-11-11,417587,76635,494222,268,18,286,0.844938
252490,Rust,2020-11-12,417865,76639,494504,278,4,282,0.845018
252490,Rust,2020-11-13,418299,76662,494961,434,23,457,0.845115
252490,Rust,2020-11-14,418601,76688,495289,302,26,328,0.845165
252490,Rust,2020-11-15,418870,76718,495588,269,30,299,0.845198
252490,Rust,2020-11-16,419113,76742,495855,243,24,267,0.845233
252490,Rust,2020-11-17,419311,76764,496075,198,22,220,0.845257
252490,Rust,2020-11-18,419501,76774,496275,190,10,200,0.845299
252490,Rust,2020-11-19,419737,76803,496540,236,29,265,0.845324
252490,Rust,2020-11-20,419928,76812,496740,191,9,200,0.845368
252490,Rust,2020-11-21,420142,76829,496971,214,17,231,0.845405
252490,Rust,2020-11-22,420512,76849,497361,370,20,390,0.845486
252490,Rust,2020-11-23,420791,76884,497675,279,35,314,0.845514
252490,Rust,2020-11-24,421010,76888,497898,219,4,223,0.845575
252490,Rust,2020-11-25,421197,76902,498099,187,14,201,0.845609
252490,Rust,2020-11-26,422749,76919,499668,1552,17,1569,0.84606
252490,Rust,2020-11-27,424499,76939,501438,1750,20,1770,0.846563
252490,Rust,2020-11-28,425655,76982,502637,1156,43,1199,0.846844
252490,Rust,2020-11-29,427141,77030,504171,1486,48,1534,0.847215
252490,Rust,2020-11-30,427981,77057,505038,840,27,867,0.847423
252490,Rust,2020-12-01,428663,77056,505719,682,-1,681,0.847631
252490,Rust,2020-12-02,429221,77071,506292,558,15,573,0.847774
252490,Rust,2020-12-03,429491,77107,506598,270,36,306,0.847795
252490,Rust,2020-12-04,430136,77136,507272,645,29,674,0.84794
252490,Rust,2020-12-05,430838,77207,508045,702,71,773,0.848031
252490,Rust,2020-12-06,431109,77242,508351,271,35,306,0.848054
252490,Rust,2020-12-07,431380,77277,508657,271,35,306,0.848076
252490,Rust,2020-12-08,431624,77306,508930,244,29,273,0.848101
252490,Rust,2020-12-09,431886,77335,509221,262,29,291,0.848131
252490,Rust,2020-12-10,432110,77354,509464,224,19,243,0.848166
252490,Rust,2020-12-11,432397,77370,509767,287,16,303,0.848225
252490,Rust,2020-12-12,432653,77402,510055,256,32,288,0.848248
252490,Rust,2020-12-13,432986,77419,510405,333,17,350,0.848318
252490,Rust,2020-12-14,433292,77440,510732,306,21,327,0.848374
252490,Rust,2020-12-15,433549,77450,510999,257,10,267,0.848434
252490,Rust,2020-12-16,433812,77464,511276,263,14,277,0.848489
252490,Rust,2020-12-17,434002,77481,511483,190,17,207,0.848517
252490,Rust,2020-12-18,434568,77513,512081,566,32,598,0.848631
252490,Rust,2020-12-19,434870,77535,512405,302,22,324,0.848684
252490,Rust,2020-12-20,435161,77563,512724,291,28,319,0.848724
252490,Rust,2020-12-21,435478,77594,513072,317,31,348,0.848766
252490,Rust,2020-12-22,435871,77624,513495,393,30,423,0.848832
252490,Rust,2020-12-23,436232,77643,513875,361,19,380,0.848907
252490,Rust,2020-12-24,436632,77692,514324,400,49,449,0.848943
252490,Rust,2020-12-25,437478,77747,515225,846,55,901,0.849101
252490,Rust,2020-12-26,438066,77780,515846,588,33,621,0.849219
252490,Rust,2020-12-27,438765,77836,516601,699,56,755,0.849331
252490,Rust,2020-12-28,438765,77836,516601,0,0,0,0.849331
252490,Rust,2020-12-29,439509,77898,517407,744,62,806,0.849445
252490,Rust,2020-12-30,440112,77937,518049,603,39,642,0.849557
252490,Rust,2020-12-31,441459,78050,519509,1347,113,1460,0.849762
252490,Rust,2021-01-01,441459,78050,519509,0,0,0,0.849762
252490,Rust,2021-01-02,442903,78182,521085,1444,132,1576,0.849963
252490,Rust,2021-01-03,443790,78266,522056,887,84,971,0.850081
252490,Rust,2021-01-04,444985,78325,523310,1195,59,1254,0.850328
252490,Rust,2021-01-05,444985,78325,523310,0,0,0,0.850328
252490,Rust,2021-01-06,445918,78392,524310,933,67,1000,0.850485
252490,Rust,2021-01-07,447676,78500,526176,1758,108,1866,0.85081
252490,Rust,2021-01-08,450421,78615,529036,2745,115,2860,0.8514
252490,Rust,2021-01-09,451770,78743,530513,1349,128,1477,0.851572
252490,Rust,2021-01-10,453047,78889,531936,1277,146,1423,0.851695
252490,Rust,2021-01-11,454256,79000,533256,1209,111,1320,0.851854
252490,Rust,2021-01-12,455847,79100,534947,1591,100,1691,0.852135
252490,Rust,2021-01-13,457100,79185,536285,1253,85,1338,0.852345
252490,Rust,2021-01-14,458243,79251,537494,1143,66,1209,0.852555
252490,Rust,2021-01-15,460148,79389,539537,1905,138,2043,0.852857
252490,Rust,2021-01-16,461094,79450,540544,946,61,1007,0.853018
252490,Rust,2021-01-17,462070,79551,541621,976,101,1077,0.853124
252490,Rust,2021-01-18,463282,79659,542941,1212,108,1320,0.853282
252490,Rust,2021-01-19,464402,79733,544135,1120,74,1194,0.853468
252490,Rust,2021-01-20,465344,79768,545112,942,35,977,0.853667
252490,Rust,2021-01-21,466372,79833,546205,1028,65,1093,0.853841
252490,Rust,2021-01-22,467312,79894,547206,940,61,1001,0.853996
252490,Rust,2021-01-23,468304,79950,548254,992,56,1048,0.854173
252490,Rust,2021-01-24,469967,80043,550010,1663,93,1756,0.85447
252490,Rust,2021-01-25,469967,80043,550010,0,0,0,0.85447
252490,Rust,2021-01-26,471076,80125,551201,1109,82,1191,0.854636
252490,Rust,2021-01-27,471943,80189,552132,867,64,931,0.854765
252490,Rust,2021-01-28,472675,80226,552901,732,37,769,0.8549
252490,Rust,2021-01-29,473359,80268,553627,684,42,726,0.855014
252490,Rust,2021-01-30,474798,80366,555164,1439,98,1537,0.855239
252490,Rust,2021-01-31,475427,80407,555834,629,41,670,0.85534
252490,Rust,2021-02-01,476284,80446,556730,857,39,896,0.855503
252490,Rust,2021-02-02,477013,80486,557499,729,40,769,0.85563
252490,Rust,2021-02-03,477586,80524,558110,573,38,611,0.85572
252490,Rust,2021-02-04,478278,80559,558837,692,35,727,0.855845
252490,Rust,2021-02-05,480328,80640,560968,2050,81,2131,0.856248
252490,Rust,2021-02-06,481216,80685,561901,888,45,933,0.856407
252490,Rust,2021-02-07,481901,80715,562616,685,30,715,0.856536
252490,Rust,2021-02-08,482657,80768,563425,756,53,809,0.856648
252490,Rust,2021-02-09,483401,80806,564207,744,38,782,0.85678
252490,Rust,2021-02-10,484054,80849,564903,653,43,696,0.85688
252490,Rust,2021-02-11,484620,80898,565518,566,49,615,0.856949
252490,Rust,2021-02-12,485996,81003,566999,1376,105,1481,0.857137
252490,Rust,2021-02-13,485996,81003,566999,0,0,0,0.857137
252490,Rust,2021-02-14,485996,81003,566999,0,0,0,0.857137
252490,Rust,2021-02-15,488181,81194,569375,2185,191,2376,0.857398
252490,Rust,2021-02-16,488181,81194,569375,0,0,0,0.857398
252490,Rust,2021-02-17,488181,81194,569375,0,0,0,0.857398
252490,Rust,2021-02-18,490496,81383,571879,2315,189,2504,0.857692
252490,Rust,2021-02-19,490496,81383,571879,0,0,0,0.857692
252490,Rust,2021-02-20,491810,81493,573303,1314,110,1424,0.857854
252490,Rust,2021-02-21,492518,81563,574081,708,70,778,0.857924
252490,Rust,2021-02-22,492518,81563,574081,0,0,0,0.857924
252490,Rust,2021-02-23,493397,81636,575033,879,73,952,0.858032
252490,Rust,2021-02-24,493832,81663,575495,435,27,462,0.8581
252490,Rust,2021-02-25,494245,81704,575949,413,41,454,0.85814
252490,Rust,2021-02-26,494643,81722,576365,398,18,416,0.858211
252490,Rust,2021-02-27,495365,81773,577138,722,51,773,0.858313
252490,Rust,2021-02-28,495826,81799,577625,461,26,487,0.858387
252490,Rust,2021-03-01,496193,81817,578010,367,18,385,0.858451
252490,Rust,2021-03-02,496590,81849,578439,397,32,429,0.8585
252490,Rust,2021-03-03,496982,81873,578855,392,24,416,0.85856
252490,Rust,2021-03-04,497374,81890,579264,392,17,409,0.858631
252490,Rust,2021-03-05,499174,81981,581155,1800,91,1891,0.858934
252490,Rust,2021-03-06,499703,82033,581736,529,52,581,0.858986
252490,Rust,2021-03-07,500232,82073,582305,529,40,569,0.859055
252490,Rust,2021-03-08,500681,82113,582794,449,40,489,0.859105
252490,Rust,2021-03-09,501215,82141,583356,534,28,562,0.859192
252490,Rust,2021-03-10,501831,82186,584017,616,45,661,0.859275
252490,Rust,2021-03-11,502083,82204,584287,252,18,270,0.859309
252490,Rust,2021-03-12,502342,82219,584561,259,15,274,0.859349
252490,Rust,2021-03-13,502644,82237,584881,302,18,320,0.859395
252490,Rust,2021-03-14,503165,82275,585440,521,38,559,0.859465
252490,Rust,2021-03-15,503482,82302,585784,317,27,344,0.859501
252490,Rust,2021-03-16,504380,82382,586762,898,80,978,0.859599
252490,Rust,2021-03-17,504624,82383,587007,244,1,245,0.859656
252490,Rust,2021-03-18,504908,82404,587312,284,21,305,0.859693
252490,Rust,2021-03-19,505381,82471,587852,473,67,540,0.859708
252490,Rust,2021-03-20,505722,82494,588216,341,23,364,0.859756
252490,Rust,2021-03-21,506204,82542,588746,482,48,530,0.8598
252490,Rust,2021-03-22,506503,82549,589052,299,7,306,0.859861
252490,Rust,2021-03-23,507002,82576,589578,499,27,526,0.85994
252490,Rust,2021-03-24,507253,82596,589849,251,20,271,0.859971
252490,Rust,2021-03-25,507528,82602,590130,275,6,281,0.860027
252490,Rust,2021-03-26,508010,82639,590649,482,37,519,0.860088
252490,Rust,2021-03-27,508283,82662,590945,273,23,296,0.860119
252490,Rust,2021-03-28,508736,82687,591423,453,25,478,0.86019
252490,Rust,2021-03-29,509038,82712,591750,302,25,327,0.860225
252490,Rust,2021-03-30,509450,82760,592210,412,48,460,0.860252
252490,Rust,2021-03-31,509713,82781,592494,263,21,284,0.860284
252490,Rust,2021-04-01,510174,82828,593002,461,47,508,0.860324
252490,Rust,2021-04-02,511063,82861,593924,889,33,922,0.860486
252490,Rust,2021-04-03,511806,82904,594710,743,43,786,0.860598
252490,Rust,2021-04-04,512102,82943,595045,296,39,335,0.860611
252490,Rust,2021-04-05,512632,82962,595594,530,19,549,0.860707
252490,Rust,2021-04-06,512927,82973,595900,295,11,306,0.86076
252490,Rust,2021-04-07,513513,83028,596541,586,55,641,0.860818
252490,Rust,2021-04-08,513823,83054,596877,310,26,336,0.860852
252490,Rust,2021-04-09,514596,83104,597700,773,50,823,0.86096
252490,Rust,2021-04-10,514899,83133,598032,303,29,332,0.860989
252490,Rust,2021-04-11,515191,83153,598344,292,20,312,0.861028
252490,Rust,2021-04-12,515659,83191,598850,468,38,506,0.861082
252490,Rust,2021-04-13,515936,83223,599159,277,32,309,0.8611
252490,Rust,2021-04-14,516361,83260,599621,425,37,462,0.861146
252490,Rust,2021-04-15,516604,83277,599881,243,17,260,0.861177
252490,Rust,2021-04-16,517145,83335,600480,541,58,599,0.861219
252490,Rust,2021-04-17,517418,83355,600773,273,20,293,0.861254
252490,Rust,2021-04-18,517678,83384,601062,260,29,289,0.861272
252490,Rust,2021-04-19,518100,83422,601522,422,38,460,0.861315
252490,Rust,2021-04-20,518366,83445,601811,266,23,289,0.861344
252490,Rust,2021-04-21,518783,83477,602260,417,32,449,0.861394
252490,Rust,2021-04-22,519009,83509,602518,226,32,258,0.8614
252490,Rust,2021-04-23,519405,83547,602952,396,38,434,0.861437
252490,Rust,2021-04-24,519637,83565,603202,232,18,250,0.861464
252490,Rust,2021-04-25,519893,83587,603480,256,22,278,0.861492
252490,Rust,2021-04-26,520301,83620,603921,408,33,441,0.861538
252490,Rust,2021-04-27,520504,83641,604145,203,21,224,0.861555
252490,Rust,2021-04-28,520716,83668,604384,212,27,239,0.861565
252490,Rust,2021-04-29,521092,83706,604798,376,38,414,0.861597
252490,Rust,2021-04-30,521302,83722,605024,210,16,226,0.861622
252490,Rust,2021-05-01,521753,83760,605513,451,38,489,0.861671
252490,Rust,2021-05-02,521977,83790,605767,224,30,254,0.861679
252490,Rust,2021-05-03,522449,83830,606279,472,40,512,0.86173
252490,Rust,2021-05-04,522744,83838,606582,295,8,303,0.861786
252490,Rust,2021-05-05,523021,83858,606879,277,20,297,0.861821
252490,Rust,2021-05-06,523508,83882,607390,487,24,511,0.861898
252490,Rust,2021-05-07,524387,83932,608319,879,50,929,0.862026
252490,Rust,2021-05-08,525035,84008,609043,648,76,724,0.862066
252490,Rust,2021-05-09,525363,84039,609402,328,31,359,0.862096
252490,Rust,2021-05-10,525866,84084,609950,503,45,548,0.862146
252490,Rust,2021-05-11,526133,84110,610243,267,26,293,0.86217
252490,Rust,2021-05-12,526581,84137,610718,448,27,475,0.862233
252490,Rust,2021-05-13,526791,84171,610962,210,34,244,0.862232
252490,Rust,2021-05-14,527211,84204,611415,420,33,453,0.86228
252490,Rust,2021-05-15,527486,84228,611714,275,24,299,0.862308
252490,Rust,2021-05-16,527964,84265,612229,478,37,515,0.862364
252490,Rust,2021-05-17,528200,84300,612500,236,35,271,0.862367
252490,Rust,2021-05-18,528679,84353,613032,479,53,532,0.8624
252490,Rust,2021-05-19,528890,84385,613275,211,32,243,0.862403
252490,Rust,2021-05-20,529125,84418,613543,235,33,268,0.862409
252490,Rust,2021-05-21,529507,84464,613971,382,46,428,0.86243
252490,Rust,2021-05-22,529761,84488,614249,254,24,278,0.862453
252490,Rust,2021-05-23,530238,84523,614761,477,35,512,0.862511
252490,Rust,2021-05-24,530523,84548,615071,285,25,310,0.862539
252490,Rust,2021-05-25,530956,84582,615538,433,34,467,0.862588
252490,Rust,2021-05-26,531208,84600,615808,252,18,270,0.86262
252490,Rust,2021-05-27,531665,84644,616309,457,44,501,0.86266
252490,Rust,2021-05-28,531992,84665,616657,327,21,348,0.862703
252490,Rust,2021-05-29,532365,84708,617073,373,43,416,0.862726
252490,Rust,2021-05-30,533038,84815,617853,673,107,780,0.862726
252490,Rust,2021-05-31,533456,84857,618313,418,42,460,0.86276
252490,Rust,2021-06-01,534152,84911,619063,696,54,750,0.862839
252490,Rust,2021-06-02,534519,84945,619464,367,34,401,0.862873
252490,Rust,2021-06-03,535190,84995,620185,671,50,721,0.862952
252490,Rust,2021-06-04,536207,85071,621278,1017,76,1093,0.863071
252490,Rust,2021-06-05,536644,85146,621790,437,75,512,0.863063
252490,Rust,2021-06-06,537282,85218,622500,638,72,710,0.863104
252490,Rust,2021-06-07,537587,85256,622843,305,38,343,0.863118
252490,Rust,2021-06-08,537923,85301,623224,336,45,381,0.863129
252490,Rust,2021-06-09,538490,85363,623853,567,62,629,0.863168
252490,Rust,2021-06-10,538832,85394,624226,342,31,373,0.8632
252490,Rust,2021-06-11,539349,85432,624781,517,38,555,0.863261
252490,Rust,2021-06-12,539632,85464,625096,283,32,315,0.863279
252490,Rust,2021-06-13,539910,85492,625402,278,28,306,0.863301
252490,Rust,2021-06-14,540380,85561,625941,470,69,539,0.863308
252490,Rust,2021-06-15,540656,85594,626250,276,33,309,0.863323
252490,Rust,2021-06-16,541166,85635,626801,510,41,551,0.863378
252490,Rust,2021-06-17,541449,85669,627118,283,34,317,0.863393
252490,Rust,2021-06-18,541743,85690,627433,294,21,315,0.863428
252490,Rust,2021-06-19,542263,85753,628016,520,63,583,0.863454
252490,Rust,2021-06-20,542554,85776,628330,291,23,314,0.863486
252490,Rust,2021-06-21,543041,85817,628858,487,41,528,0.863535
252490,Rust,2021-06-22,543332,85845,629177,291,28,319,0.86356
252490,Rust,2021-06-23,543813,85901,629714,481,56,537,0.863587
252490,Rust,2021-06-24,544119,85926,630045,306,25,331,0.863619
252490,Rust,2021-06-25,544555,85975,630530,436,49,485,0.863646
252490,Rust,2021-06-26,545465,86086,631551,910,111,1021,0.863691
252490,Rust,2021-06-27,546044,86149,632193,579,63,642,0.86373
252490,Rust,2021-06-28,546597,86234,632831,553,85,638,0.863733
252490,Rust,2021-06-29,547642,86350,633992,1045,116,1161,0.8638
252490,Rust,2021-06-30,548156,86396,634552,514,46,560,0.863847
252490,Rust,2021-07-01,549196,86504,635700,1040,108,1148,0.863923
252490,Rust,2021-07-02,550778,86620,637398,1582,116,1698,0.864104
252490,Rust,2021-07-03,551515,86713,638228,737,93,830,0.864135
252490,Rust,2021-07-04,552682,86825,639507,1167,112,1279,0.864231
252490,Rust,2021-07-05,553203,86889,640092,521,64,585,0.864255
252490,Rust,2021-07-06,554279,87003,641282,1076,114,1190,0.86433
252490,Rust,2021-07-07,554961,87086,642047,682,83,765,0.864362
252490,Rust,2021-07-08,555617,87167,642784,656,81,737,0.864391
252490,Rust,2021-07-09,556882,87310,644192,1265,143,1408,0.864466
252490,Rust,2021-07-10,557392,87372,644764,510,62,572,0.86449
252490,Rust,2021-07-11,558240,87473,645713,848,101,949,0.864533
252490,Rust,2021-07-12,558645,87531,646176,405,58,463,0.86454
252490,Rust,2021-07-13,559132,87571,646703,487,40,527,0.864589
252490,Rust,2021-07-14,559866,87640,647506,734,69,803,0.86465
252490,Rust,2021-07-15,560279,87685,647964,413,45,458,0.864676
252490,Rust,2021-07-16,560938,87765,648703,659,80,739,0.864707
252490,Rust,2021-07-17,561337,87801,649138,399,36,435,0.864742
252490,Rust,2021-07-18,561677,87838,649515,340,37,377,0.864764
252490,Rust,2021-07-19,562333,87890,650223,656,52,708,0.864831
252490,Rust,2021-07-20,562708,87928,650636,375,38,413,0.864858
252490,Rust,2021-07-21,563330,87987,651317,622,59,681,0.864909
252490,Rust,2021-07-22,563694,88019,651713,364,32,396,0.864942
252490,Rust,2021-07-23,564264,88102,652366,570,83,653,0.86495
252490,Rust,2021-07-24,564567,88127,652694,303,25,328,0.86498
252490,Rust,2021-07-25,565104,88198,653302,537,71,608,0.864997
252490,Rust,2021-07-26,565446,88225,653671,342,27,369,0.865031
252490,Rust,2021-07-27,565988,88276,654264,542,51,593,0.865076
252490,Rust,2021-07-28,566322,88295,654617,334,19,353,0.86512
252490,Rust,2021-07-29,566662,88329,654991,340,34,374,0.865145
252490,Rust,2021-07-30,567273,88383,655656,611,54,665,0.865199
252490,Rust,2021-07-31,567585,88413,655998,312,30,342,0.865224
252490,Rust,2021-08-01,568123,88468,656591,538,55,593,0.865262
252490,Rust,2021-08-02,568436,88493,656929,313,25,338,0.865293
252490,Rust,2021-08-03,569003,88553,657556,567,60,627,0.86533
252490,Rust,2021-08-04,569309,88590,657899,306,37,343,0.865344
252490,Rust,2021-08-05,569633,88620,658253,324,30,354,0.865371
252490,Rust,2021-08-06,571068,88721,659789,1435,101,1536,0.865531
252490,Rust,2021-08-07,571557,88773,660330,489,52,541,0.865563
252490,Rust,2021-08-08,571972,88816,660788,415,43,458,0.865591
252490,Rust,2021-08-09,572648,88888,661536,676,72,748,0.865634
252490,Rust,2021-08-10,573011,88912,661923,363,24,387,0.865676
252490,Rust,2021-08-11,573571,88945,662516,560,33,593,0.865747
252490,Rust,2021-08-12,573880,88976,662856,309,31,340,0.865769
252490,Rust,2021-08-13,574209,88998,663207,329,22,351,0.865807
252490,Rust,2021-08-14,574722,89074,663796,513,76,589,0.865811
252490,Rust,2021-08-15,575015,89095,664110,293,21,314,0.865843
252490,Rust,2021-08-16,575295,89138,664433,280,43,323,0.865844
252490,Rust,2021-08-17,575793,89189,664982,498,51,549,0.865878
252490,Rust,2021-08-18,576120,89239,665359,327,50,377,0.865878
252490,Rust,2021-08-19,576396,89268,665664,276,29,305,0.865896
252490,Rust,2021-08-20,576931,89326,666257,535,58,593,0.865929
252490,Rust,2021-08-21,577257,89358,666615,326,32,358,0.865953
252490,Rust,2021-08-22,577586,89388,666974,329,30,359,0.86598
252490,Rust,2021-08-23,577929,89440,667369,343,52,395,0.865981
252490,Rust,2021-08-24,578277,89463,667740,348,23,371,0.866021
252490,Rust,2021-08-25,578739,89508,668247,462,45,507,0.866056
252490,Rust,2021-08-26,579064,89538,668602,325,30,355,0.866082
252490,Rust,2021-08-27,579355,89573,668928,291,35,326,0.866095
252490,Rust,2021-08-28,579667,89616,669283,312,43,355,0.866101
252490,Rust,2021-08-29,579966,89656,669622,299,40,339,0.86611
252490,Rust,2021-08-30,580312,89683,669995,346,27,373,0.866144
252490,Rust,2021-08-31,580701,89720,670421,389,37,426,0.866174
252490,Rust,2021-09-01,580990,89748,670738,289,28,317,0.866195
252490,Rust,2021-09-02,581826,89812,671638,836,64,900,0.866279
252490,Rust,2021-09-03,582295,89858,672153,469,46,515,0.866313
252490,Rust,2021-09-04,582728,89903,672631,433,45,478,0.866341
252490,Rust,2021-09-05,583072,89943,673015,344,40,384,0.866358
252490,Rust,2021-09-06,583421,89981,673402,349,38,387,0.866378
252490,Rust,2021-09-07,583749,90010,673759,328,29,357,0.866406
252490,Rust,2021-09-08,584007,90045,674052,258,35,293,0.866412
252490,Rust,2021-09-09,584502,90090,674592,495,45,540,0.866453
252490,Rust,2021-09-10,584761,90116,674877,259,26,285,0.86647
252490,Rust,2021-09-11,585135,90168,675303,374,52,426,0.866478
252490,Rust,2021-09-12,585463,90219,675682,328,51,379,0.866477
252490,Rust,2021-09-13,585807,90257,676064,344,38,382,0.866496
252490,Rust,2021-09-14,586065,90277,676342,258,20,278,0.866522
252490,Rust,2021-09-15,586600,90341,676941,535,64,599,0.866545
252490,Rust,2021-09-16,586822,90374,677196,222,33,255,0.866547
252490,Rust,2021-09-17,587065,90407,677472,243,33,276,0.866552
252490,Rust,2021-09-18,587353,90452,677805,288,45,333,0.866552
252490,Rust,2021-09-19,587665,90481,678146,312,29,341,0.866576
252490,Rust,2021-09-20,587951,90526,678477,286,45,331,0.866575
252490,Rust,2021-09-21,588213,90577,678790,262,51,313,0.866561
252490,Rust,2021-09-22,588563,90613,679176,350,36,386,0.866584
252490,Rust,2021-09-23,588820,90646,679466,257,33,290,0.866592
252490,Rust,2021-09-24,589101,90687,679788,281,41,322,0.866595
252490,Rust,2021-09-25,589638,90754,680392,537,67,604,0.866615
252490,Rust,2021-09-26,589924,90805,680729,286,51,337,0.866606
252490,Rust,2021-09-27,590160,90833,680993,236,28,264,0.866617
252490,Rust,2021-09-28,590398,90864,681262,238,31,269,0.866624
252490,Rust,2021-09-29,590649,90894,681543,251,30,281,0.866635
252490,Rust,2021-09-30,590861,90907,681768,212,13,225,0.86666
252490,Rust,2021-10-01,591077,90924,682001,216,17,233,0.866681
252490,Rust,2021-10-02,591552,90979,682531,475,55,530,0.866703
252490,Rust,2021-10-03,591807,91018,682825,255,39,294,0.866704
252490,Rust,2021-10-04,591997,91048,683045,190,30,220,0.866703
252490,Rust,2021-10-05,592227,91082,683309,230,34,264,0.866705
252490,Rust,2021-10-06,592480,91095,683575,253,13,266,0.866737
252490,Rust,2021-10-07,592716,91110,683826,236,15,251,0.866764
252490,Rust,2021-10-08,593433,91157,684590,717,47,764,0.866844
252490,Rust,2021-10-09,593917,91208,685125,484,51,535,0.866874
252490,Rust,2021-10-10,594483,91296,685779,566,88,654,0.866873
252490,Rust,2021-10-11,594685,91318,686003,202,22,224,0.866884
252490,Rust,2021-10-12,594903,91347,686250,218,29,247,0.86689
252490,Rust,2021-10-13,595107,91382,686489,204,35,239,0.866885
252490,Rust,2021-10-14,595387,91404,686791,280,22,302,0.866911
252490,Rust,2021-10-15,595552,91422,686974,165,18,183,0.866921
252490,Rust,2021-10-16,595787,91458,687245,235,36,271,0.866921
252490,Rust,2021-10-17,596038,91489,687527,251,31,282,0.86693
252490,Rust,2021-10-18,596304,91523,687827,266,34,300,0.866939
252490,Rust,2021-10-19,596714,91562,688276,410,39,449,0.866969
252490,Rust,2021-10-20,596866,91576,688442,152,14,166,0.866981
252490,Rust,2021-10-21,597051,91605,688656,185,29,214,0.86698
252490,Rust,2021-10-22,597254,91623,688877,203,18,221,0.866997
252490,Rust,2021-10-23,597456,91649,689105,202,26,228,0.867003
252490,Rust,2021-10-24,597704,91689,689393,248,40,288,0.867
252490,Rust,2021-10-25,597932,91707,689639,228,18,246,0.867022
252490,Rust,2021-10-26,598351,91741,690092,419,34,453,0.86706
252490,Rust,2021-10-27,598519,91768,690287,168,27,195,0.867058
252490,Rust,2021-10-28,598678,91788,690466,159,20,179,0.867064
252490,Rust,2021-10-29,599256,91847,691103,578,59,637,0.867101
252490,Rust,2021-10-30,599803,91918,691721,547,71,618,0.867117
252490,Rust,2021-10-31,600213,91981,692194,410,63,473,0.867117
252490,Rust,2021-11-01,600599,92020,692619,386,39,425,0.867142
252490,Rust,2021-11-02,600951,92056,693007,352,36,388,0.867164
252490,Rust,2021-11-03,601531,92106,693637,580,50,630,0.867213
252490,Rust,2021-11-04,601815,92124,693939,284,18,302,0.867245
252490,Rust,2021-11-05,602556,92188,694744,741,64,805,0.867307
252490,Rust,2021-11-06,602886,92217,695103,330,29,359,0.867333
252490,Rust,2021-11-07,603195,92263,695458,309,46,355,0.867335
252490,Rust,2021-11-08,603477,92302,695779,282,39,321,0.86734
252490,Rust,2021-11-09,603673,92320,695993,196,18,214,0.867355
252490,Rust,2021-11-10,603901,92333,696234,228,13,241,0.867382
252490,Rust,2021-11-11,604121,92349,696470,220,16,236,0.867404
252490,Rust,2021-11-12,604515,92396,696911,394,47,441,0.867421
252490,Rust,2021-11-13,604765,92441,697206,250,45,295,0.867412
252490,Rust,2021-11-14,605039,92469,697508,274,28,302,0.867429
252490,Rust,2021-11-15,605302,92488,697790,263,19,282,0.867456
252490,Rust,2021-11-16,605523,92508,698031,221,20,241,0.867473
252490,Rust,2021-11-17,605718,92525,698243,195,17,212,0.867489
252490,Rust,2021-11-18,606104,92561,698665,386,36,422,0.867517
252490,Rust,2021-11-19,606498,92589,699087,394,28,422,0.867557
252490,Rust,2021-11-20,606824,92629,699453,326,40,366,0.867569
252490,Rust,2021-11-21,607171,92662,699833,347,33,380,0.867594
252490,Rust,2021-11-22,607479,92704,700183,308,42,350,0.8676
252490,Rust,2021-11-23,607706,92749,700455,227,45,272,0.867587
252490,Rust,2021-11-24,607981,92776,700757,275,27,302,0.867606
252490,Rust,2021-11-25,609602,92805,702407,1621,29,1650,0.867876
252490,Rust,2021-11-26,611829,92853,704682,2227,48,2275,0.868234
252490,Rust,2021-11-27,614685,92960,707645,2856,107,2963,0.868635
252490,Rust,2021-11-28,615949,93024,708973,1264,64,1328,0.86879
252490,Rust,2021-11-29,616895,93057,709952,946,33,979,0.868925
252490,Rust,2021-11-30,617698,93109,710807,803,52,855,0.869009
252490,Rust,2021-12-01,618429,93135,711564,731,26,757,0.869112
252490,Rust,2021-12-02,618849,93170,712019,420,35,455,0.869147
252490,Rust,2021-12-03,619676,93229,712905,827,59,886,0.869227
252490,Rust,2021-12-04,620157,93281,713438,481,52,533,0.869251
252490,Rust,2021-12-05,620576,93315,713891,419,34,453,0.869287
252490,Rust,2021-12-06,621222,93391,714613,646,76,722,0.869312
252490,Rust,2021-12-07,621410,93397,714807,188,6,194,0.86934
252490,Rust,2021-12-08,621693,93429,715122,283,32,315,0.869352
252490,Rust,2021-12-09,621901,93457,715358,208,28,236,0.869356
252490,Rust,2021-12-10,622152,93485,715637,251,28,279,0.869368
252490,Rust,2021-12-11,622352,93519,715871,200,34,234,0.869363
252490,Rust,2021-12-12,622667,93573,716240,315,54,369,0.869355
252490,Rust,2021-12-13,623089,93611,716700,422,38,460,0.869386
252490,Rust,2021-12-14,623289,93635,716924,200,24,224,0.869393
252490,Rust,2021-12-15,623486,93655,717141,197,20,217,0.869405
252490,Rust,2021-12-16,623733,93684,717417,247,29,276,0.869415
252490,Rust,2021-12-17,624268,93725,717993,535,41,576,0.869463
252490,Rust,2021-12-18,624575,93770,718345,307,45,352,0.869464
252490,Rust,2021-12-19,624870,93827,718697,295,57,352,0.869448
252490,Rust,2021-12-20,625134,93872,719006,264,45,309,0.869442
252490,Rust,2021-12-21,625441,93900,719341,307,28,335,0.869464
252490,Rust,2021-12-22,625951,93968,719919,510,68,578,0.869474
252490,Rust,2021-12-23,626397,94025,720422,446,57,503,0.869486
252490,Rust,2021-12-24,626830,94088,720918,433,63,496,0.869489
252490,Rust,2021-12-25,627231,94130,721361,401,42,443,0.869511
252490,Rust,2021-12-26,627864,94199,722063,633,69,702,0.869542
252490,Rust,2021-12-27,628485,94276,722761,621,77,698,0.869561
252490,Rust,2021-12-28,629226,94357,723583,741,81,822,0.869598
252490,Rust,2021-12-29,629859,94421,724280,633,64,697,0.869635
252490,Rust,2021-12-30,630480,94479,724959,621,58,679,0.869677
252490,Rust,2021-12-31,630480,94479,724959,0,0,0,0.869677
252490,Rust,2022-01-01,630480,94479,724959,0,0,0,0.869677
252490,Rust,2022-01-02,631661,94599,726260,1181,120,1301,0.869745
252490,Rust,2022-01-03,632221,94672,726893,560,73,633,0.869758
252490,Rust,2022-01-04,632718,94752,727470,497,80,577,0.869751
252490,Rust,2022-01-05,633170,94799,727969,452,47,499,0.869776
252490,Rust,2022-01-06,634548,94900,729448,1378,101,1479,0.869902
252490,Rust,2022-01-07,635191,94970,730161,643,70,713,0.869933
252490,Rust,2022-01-08,635717,95023,730740,526,53,579,0.869963
252490,Rust,2022-01-09,636291,95079,731370,574,56,630,0.869999
252490,Rust,2022-01-10,636764,95144,731908,473,65,538,0.870006
252490,Rust,2022-01-11,637176,95176,732352,412,32,444,0.870041
252490,Rust,2022-01-12,637611,95219,732830,435,43,478,0.870067
252490,Rust,2022-01-13,638032,95245,733277,421,26,447,0.87011
252490,Rust,2022-01-14,638416,95298,733714,384,53,437,0.870116
252490,Rust,2022-01-15,638801,95369,734170,385,71,456,0.8701
252490,Rust,2022-01-16,639337,95435,734772,536,66,602,0.870116
252490,Rust,2022-01-17,639835,95486,735321,498,51,549,0.870144
252490,Rust,2022-01-18,640632,95567,736199,797,81,878,0.870189
252490,Rust,2022-01-19,641007,95601,736608,375,34,409,0.870215
252490,Rust,2022-01-20,641330,95626,736956,323,25,348,0.870242
252490,Rust,2022-01-21,641711,95663,737374,381,37,418,0.870265
252490,Rust,2022-01-22,642159,95724,737883,448,61,509,0.870272
252490,Rust,2022-01-23,642567,95783,738350,408,59,467,0.870274
252490,Rust,2022-01-24,642996,95833,738829,429,50,479,0.870291
252490,Rust,2022-01-25,643330,95851,739181,334,18,352,0.870328
252490,Rust,2022-01-26,643689,95894,739583,359,43,402,0.87034
252490,Rust,2022-01-27,644025,95934,739959,336,40,376,0.870352
252490,Rust,2022-01-28,644462,95993,740455,437,59,496,0.870359
252490,Rust,2022-01-29,645316,96078,741394,854,85,939,0.870409
252490,Rust,2022-01-30,646006,96157,742163,690,79,769,0.870437
252490,Rust,2022-01-31,646714,96215,742929,708,58,766,0.870492
252490,Rust,2022-02-01,647152,96265,743417,438,50,488,0.87051
252490,Rust,2022-02-02,647579,96325,743904,427,60,487,0.870514
252490,Rust,2022-02-03,648036,96368,744404,457,43,500,0.870543
252490,Rust,2022-02-04,649392,96507,745899,1356,139,1495,0.870617
252490,Rust,2022-02-05,650055,96584,746639,663,77,740,0.870642
252490,Rust,2022-02-06,650533,96626,747159,478,42,520,0.870675
252490,Rust,2022-02-07,650962,96697,747659,429,71,500,0.870667
252490,Rust,2022-02-08,651289,96732,748021,327,35,362,0.870683
252490,Rust,2022-02-09,651639,96770,748409,350,38,388,0.870699
252490,Rust,2022-02-10,652165,96795,748960,526,25,551,0.870761
252490,Rust,2022-02-11,652522,96842,749364,357,47,404,0.870768
252490,Rust,2022-02-12,652870,96877,749747,348,35,383,0.870787
252490,Rust,2022-02-13,653278,96941,750219,408,64,472,0.870783
252490,Rust,2022-02-14,653657,96991,750648,379,50,429,0.87079
252490,Rust,2022-02-15,653979,97024,751003,322,33,355,0.870807
252490,Rust,2022-02-16,654585,97093,751678,606,69,675,0.870832
252490,Rust,2022-02-17,654856,97116,751972,271,23,294,0.870852
252490,Rust,2022-02-18,655152,97159,752311,296,43,339,0.870853
252490,Rust,2022-02-19,655481,97188,752669,329,29,358,0.870876
252490,Rust,2022-02-20,655888,97230,753118,407,42,449,0.870897
252490,Rust,2022-02-21,656190,97269,753459,302,39,341,0.870903
252490,Rust,2022-02-22,656514,97299,753813,324,30,354,0.870924
252490,Rust,2022-02-23,656864,97347,754211,350,48,398,0.870929
252490,Rust,2022-02-24,657236,97387,754623,372,40,412,0.870946
252490,Rust,2022-02-25,657510,97426,754936,274,39,313,0.870948
252490,Rust,2022-02-26,657809,97458,755267,299,32,331,0.870962
252490,Rust,2022-02-27,658138,97491,755629,329,33,362,0.87098
252490,Rust,2022-02-28,658414,97519,755933,276,28,304,0.870995
252490,Rust,2022-03-01,658721,97536,756257,307,17,324,0.871028
252490,Rust,2022-03-02,658990,97574,756564,269,38,307,0.87103
252490,Rust,2022-03-03,659249,97596,756845,259,22,281,0.871049
252490,Rust,2022-03-04,659927,97659,757586,678,63,741,0.871092
252490,Rust,2022-03-05,660387,97847,758234,460,188,648,0.870954
252490,Rust,2022-03-06,660721,98238,758959,334,391,725,0.870562
252490,Rust,2022-03-07,661027,98467,759494,306,229,535,0.870352
252490,Rust,2022-03-08,661334,98624,759958,307,157,464,0.870224
252490,Rust,2022-03-09,661870,98826,760696,536,202,738,0.870085
252490,Rust,2022-03-10,662152,98913,761065,282,87,369,0.870033
252490,Rust,2022-03-11,662395,98984,761379,243,71,314,0.869994
252490,Rust,2022-03-12,662687,99047,761734,292,63,355,0.869972
252490,Rust,2022-03-13,663016,99129,762145,329,82,411,0.869934
252490,Rust,2022-03-14,663260,99186,762446,244,57,301,0.869911
252490,Rust,2022-03-15,663520,99230,762750,260,44,304,0.869905
252490,Rust,2022-03-16,663776,99269,763045,256,39,295,0.869904
252490,Rust,2022-03-17,664015,99306,763321,239,37,276,0.869903
252490,Rust,2022-03-18,664278,99367,763645,263,61,324,0.869878
252490,Rust,2022-03-19,664524,99418,763942,246,51,297,0.869862
252490,Rust,2022-03-20,664879,99477,764356,355,59,414,0.869855
252490,Rust,2022-03-21,665160,99506,764666,281,29,310,0.86987
252490,Rust,2022-03-22,665420,99535,764955,260,29,289,0.869881
252490,Rust,2022-03-23,665623,99572,765195,203,37,240,0.869874
252490,Rust,2022-03-24,665814,99595,765409,191,23,214,0.86988
252490,Rust,2022-03-25,666053,99651,765704,239,56,295,0.869857
252490,Rust,2022-03-26,666287,99684,765971,234,33,267,0.869859
252490,Rust,2022-03-27,666598,99719,766317,311,35,346,0.869872
252490,Rust,2022-03-28,666861,99757,766618,263,38,301,0.869874
252490,Rust,2022-03-29,667333,99838,767171,472,81,553,0.869862
252490,Rust,2022-03-30,667539,99876,767415,206,38,244,0.869854
252490,Rust,2022-03-31,667777,99893,767670,238,17,255,0.869875
252490,Rust,2022-04-01,668001,99923,767924,224,30,254,0.869879
252490,Rust,2022-04-02,668250,99968,768218,249,45,294,0.86987
252490,Rust,2022-04-03,668529,100023,768552,279,55,334,0.869855
252490,Rust,2022-04-04,668744,100051,768795,215,28,243,0.86986
252490,Rust,2022-04-05,668966,100098,769064,222,47,269,0.869844
252490,Rust,2022-04-06,669185,100118,769303,219,20,239,0.869859
252490,Rust,2022-04-07,669416,100149,769565,231,31,262,0.869863
252490,Rust,2022-04-08,670090,100215,770305,674,66,740,0.869902
252490,Rust,2022-04-09,670566,100284,770850,476,69,545,0.869905
252490,Rust,2022-04-10,670921,100333,771254,355,49,404,0.869909
252490,Rust,2022-04-11,671270,100400,771670,349,67,416,0.869893
252490,Rust,2022-04-12,671823,100465,772288,553,65,618,0.869913
252490,Rust,2022-04-13,672173,100512,772685,350,47,397,0.869919
252490,Rust,2022-04-14,672526,100551,773077,353,39,392,0.869934
252490,Rust,2022-04-15,672827,100590,773417,301,39,340,0.869941
252490,Rust,2022-04-16,673123,100634,773757,296,44,340,0.869941
252490,Rust,2022-04-17,673429,100685,774114,306,51,357,0.869935
252490,Rust,2022-04-18,673727,100732,774459,298,47,345,0.869932
252490,Rust,2022-04-19,674004,100783,774787,277,51,328,0.869922
252490,Rust,2022-04-20,674291,100804,775095,287,21,308,0.869946
252490,Rust,2022-04-21,674534,100832,775366,243,28,271,0.869956
252490,Rust,2022-04-22,674776,100857,775633,242,25,267,0.869968
252490,Rust,2022-04-23,675019,100879,775898,243,22,265,0.869984
252490,Rust,2022-04-24,675300,100932,776232,281,53,334,0.869972
252490,Rust,2022-04-25,675818,101007,776825,518,75,593,0.869975
252490,Rust,2022-04-26,676004,101035,777039,186,28,214,0.869974
252490,Rust,2022-04-27,676194,101067,777261,190,32,222,0.86997
252490,Rust,2022-04-28,676383,101090,777473,189,23,212,0.869976
252490,Rust,2022-04-29,676583,101121,777704,200,31,231,0.869975
252490,Rust,2022-04-30,676824,101160,777984,241,39,280,0.869972
252490,Rust,2022-05-01,677066,101189,778255,242,29,271,0.86998
252490,Rust,2022-05-02,677322,101214,778536,256,25,281,0.869994
252490,Rust,2022-05-03,677565,101245,778810,243,31,274,0.87
252490,Rust,2022-05-04,677784,101278,779062,219,33,252,0.87
252490,Rust,2022-05-05,678021,101299,779320,237,21,258,0.870016
252490,Rust,2022-05-06,678892,101404,780296,871,105,976,0.870044
252490,Rust,2022-05-07,679228,101443,780671,336,39,375,0.870057
252490,Rust,2022-05-08,679530,101489,781019,302,46,348,0.870056
252490,Rust,2022-05-09,679790,101519,781309,260,30,290,0.870065
252490,Rust,2022-05-10,680028,101558,781586,238,39,277,0.870062
252490,Rust,2022-05-11,680256,101603,781859,228,45,273,0.870049
252490,Rust,2022-05-12,680467,101646,782113,211,43,254,0.870037
252490,Rust,2022-05-13,680662,101667,782329,195,21,216,0.870046
252490,Rust,2022-05-14,680959,101715,782674,297,48,345,0.870042
252490,Rust,2022-05-15,681243,101763,783006,284,48,332,0.870035
252490,Rust,2022-05-16,681493,101802,783295,250,39,289,0.870034
252490,Rust,2022-05-17,681692,101826,783518,199,24,223,0.87004
252490,Rust,2022-05-18,681914,101849,783763,222,23,245,0.870051
252490,Rust,2022-05-19,682095,101884,783979,181,35,216,0.870042
252490,Rust,2022-05-20,682283,101905,784188,188,21,209,0.87005
252490,Rust,2022-05-21,682465,101947,784412,182,42,224,0.870034
252490,Rust,2022-05-22,682723,101982,784705,258,35,293,0.870038
252490,Rust,2022-05-23,683002,102020,785022,279,38,317,0.870042
252490,Rust,2022-05-24,683230,102052,785282,228,32,260,0.870044
252490,Rust,2022-05-25,683431,102077,785508,201,25,226,0.87005
252490,Rust,2022-05-26,683643,102115,785758,212,38,250,0.870043
252490,Rust,2022-05-27,683918,102718,786636,275,603,878,0.869421
252490,Rust,2022-05-28,684148,102871,787019,230,153,383,0.86929
252490,Rust,2022-05-29,684373,102998,787371,225,127,352,0.869187
252490,Rust,2022-05-30,684586,103093,787679,213,95,308,0.869118
252490,Rust,2022-05-31,684759,103170,787929,173,77,250,0.869062
252490,Rust,2022-06-01,684960,103219,788179,201,49,250,0.869041
252490,Rust,2022-06-02,685225,103266,788491,265,47,312,0.869033
252490,Rust,2022-06-03,685897,103920,789817,672,654,1326,0.868425
252490,Rust,2022-06-04,686157,104297,790454,260,377,637,0.868054
252490,Rust,2022-06-05,686534,104557,791091,377,260,637,0.867832
252490,Rust,2022-06-06,686790,104730,791520,256,173,429,0.867685
252490,Rust,2022-06-07,687036,104886,791922,246,156,402,0.867555
252490,Rust,2022-06-08,687530,105019,792549,494,133,627,0.867492
252490,Rust,2022-06-09,687953,105136,793089,423,117,540,0.867435
252490,Rust,2022-06-10,688201,105229,793430,248,93,341,0.867375
252490,Rust,2022-06-11,688530,105345,793875,329,116,445,0.867303
252490,Rust,2022-06-12,688766,105432,794198,236,87,323,0.867247
252490,Rust,2022-06-13,688974,105510,794484,208,78,286,0.867197
252490,Rust,2022-06-14,689431,105635,795066,457,125,582,0.867137
252490,Rust,2022-06-15,689660,105680,795340,229,45,274,0.867126
252490,Rust,2022-06-16,689864,105752,795616,204,72,276,0.867082
252490,Rust,2022-06-17,690053,105789,795842,189,37,226,0.867073
252490,Rust,2022-06-18,690306,105835,796141,253,46,299,0.867065
252490,Rust,2022-06-19,690520,105898,796418,214,63,277,0.867032
252490,Rust,2022-06-20,690732,105958,796690,212,60,272,0.867002
252490,Rust,2022-06-21,690963,106009,796972,231,51,282,0.866985
252490,Rust,2022-06-22,691230,106060,797290,267,51,318,0.866974
252490,Rust,2022-06-23,691550,106109,797659,320,49,369,0.866974
252490,Rust,2022-06-24,691901,106182,798083,351,73,424,0.866954
252490,Rust,2022-06-25,692305,106276,798581,404,94,498,0.866919
252490,Rust,2022-06-26,692757,106368,799125,452,92,544,0.866894
252490,Rust,2022-06-27,693249,106443,799692,492,75,567,0.866895
252490,Rust,2022-06-28,693724,106527,800251,475,84,559,0.866883
252490,Rust,2022-06-29,694221,106601,800822,497,74,571,0.866886
252490,Rust,2022-06-30,694624,106669,801293,403,68,471,0.866879
252490,Rust,2022-07-01,695067,106729,801796,443,60,503,0.866888
252490,Rust,2022-07-02,695466,106816,802282,399,87,486,0.86686
252490,Rust,2022-07-03,695865,106892,802757,399,76,475,0.866844
252490,Rust,2022-07-04,696344,106944,803288,479,52,531,0.866867
252490,Rust,2022-07-05,696762,107011,803773,418,67,485,0.866864
252490,Rust,2022-07-06,697199,107084,804283,437,73,510,0.866858
252490,Rust,2022-07-07,697864,107169,805033,665,85,750,0.866876
252490,Rust,2022-07-08,698599,107281,805880,735,112,847,0.866877
252490,Rust,2022-07-09,698988,107385,806373,389,104,493,0.86683
252490,Rust,2022-07-10,699385,107468,806853,397,83,480,0.866806
252490,Rust,2022-07-11,699816,107544,807360,431,76,507,0.866795
252490,Rust,2022-07-12,700193,107612,807805,377,68,445,0.866785
252490,Rust,2022-07-13,700474,107667,808141,281,55,336,0.866772
252490,Rust,2022-07-14,700752,107706,808458,278,39,317,0.866776
252490,Rust,2022-07-15,701035,107772,808807,283,66,349,0.866752
252490,Rust,2022-07-16,701318,107817,809135,283,45,328,0.86675
252490,Rust,2022-07-17,701603,107861,809464,285,44,329,0.86675
252490,Rust,2022-07-18,701899,107905,809804,296,44,340,0.866752
252490,Rust,2022-07-19,702139,107954,810093,240,49,289,0.866739
252490,Rust,2022-07-20,702393,108004,810397,254,50,304,0.866727
252490,Rust,2022-07-21,702657,108060,810717,264,56,320,0.866711
252490,Rust,2022-07-22,702892,108098,810990,235,38,273,0.866709
252490,Rust,2022-07-23,703157,108134,811291,265,36,301,0.866714
252490,Rust,2022-07-24,703438,108171,811609,281,37,318,0.86672
252490,Rust,2022-07-25,703687,108223,811910,249,52,301,0.866706
252490,Rust,2022-07-26,703925,108272,812197,238,49,287,0.866692
252490,Rust,2022-07-27,704142,108302,812444,217,30,247,0.866696
252490,Rust,2022-07-28,704377,108341,812718,235,39,274,0.866693
252490,Rust,2022-07-29,704609,108374,812983,232,33,265,0.866696
252490,Rust,2022-07-30,704862,108412,813274,253,38,291,0.866697
252490,Rust,2022-07-31,705146,108440,813586,284,28,312,0.866714
252490,Rust,2022-08-01,705355,108465,813820,209,25,234,0.866721
252490,Rust,2022-08-02,705663,108518,814181,308,53,361,0.866715
252490,Rust,2022-08-03,706030,108577,814607,367,59,426,0.866712
252490,Rust,2022-08-04,706434,108625,815059,404,48,452,0.866727
252490,Rust,2022-08-05,707258,108715,815973,824,90,914,0.866766
252490,Rust,2022-08-06,707854,108803,816657,596,88,684,0.86677
252490,Rust,2022-08-07,708299,108912,817211,445,109,554,0.866727
252490,Rust,2022-08-08,708831,108988,817819,532,76,608,0.866733
252490,Rust,2022-08-09,709302,109069,818371,471,81,552,0.866724
252490,Rust,2022-08-10,709711,109119,818830,409,50,459,0.866738
252490,Rust,2022-08-11,710113,109169,819282,402,50,452,0.86675
252490,Rust,2022-08-12,710491,109216,819707,378,47,425,0.866762
252490,Rust,2022-08-13,710818,109257,820075,327,41,368,0.866772
252490,Rust,2022-08-14,711159,109294,820453,341,37,378,0.866788
252490,Rust,2022-08-15,711441,109350,820791,282,56,338,0.866775
252490,Rust,2022-08-16,711783,109393,821176,342,43,385,0.866785
252490,Rust,2022-08-17,712087,109444,821531,304,51,355,0.86678
252490,Rust,2022-08-18,712361,109474,821835,274,30,304,0.866793
252490,Rust,2022-08-19,712630,109516,822146,269,42,311,0.866793
252490,Rust,2022-08-20,712932,109545,822477,302,29,331,0.866811
252490,Rust,2022-08-21,713201,109582,822783,269,37,306,0.866815
252490,Rust,2022-08-22,713481,109624,823105,280,42,322,0.866817
252490,Rust,2022-08-23,713710,109655,823365,229,31,260,0.866821
252490,Rust,2022-08-24,713947,109692,823639,237,37,274,0.86682
252490,Rust,2022-08-25,714192,109717,823909,245,25,270,0.866834
252490,Rust,2022-08-26,714442,109747,824189,250,30,280,0.866842
252490,Rust,2022-08-27,714700,109776,824476,258,29,287,0.866854
252490,Rust,2022-08-28,714954,109817,824771,254,41,295,0.866852
252490,Rust,2022-08-29,715264,109854,825118,310,37,347,0.866863
252490,Rust,2022-08-30,715569,109894,825463,305,40,345,0.86687
252490,Rust,2022-08-31,715804,109918,825722,235,24,259,0.866883
252490,Rust,2022-09-01,716243,109964,826207,439,46,485,0.866905
252490,Rust,2022-09-02,716652,110025,826677,409,61,470,0.866907
252490,Rust,2022-09-03,716990,110075,827065,338,50,388,0.866909
252490,Rust,2022-09-04,717306,110136,827442,316,61,377,0.866896
252490,Rust,2022-09-05,717573,110179,827752,267,43,310,0.866894
252490,Rust,2022-09-06,717796,110221,828017,223,42,265,0.866886
252490,Rust,2022-09-07,717983,110248,828231,187,27,214,0.866887
252490,Rust,2022-09-08,718195,110281,828476,212,33,245,0.866887
252490,Rust,2022-09-09,718431,110303,828734,236,22,258,0.866902
252490,Rust,2022-09-10,718431,110303,828734,0,0,0,0.866902
252490,Rust,2022-09-11,718654,110338,828992,223,35,258,0.866901
252490,Rust,2022-09-12,718918,110374,829292,264,36,300,0.866906
252490,Rust,2022-09-13,719120,110395,829515,202,21,223,0.866916
252490,Rust,2022-09-14,719328,110433,829761,208,38,246,0.86691
252490,Rust,2022-09-15,719533,110445,829978,205,12,217,0.86693
252490,Rust,2022-09-16,719701,110467,830168,168,22,190,0.866934
252490,Rust,2022-09-17,719907,110501,830408,206,34,240,0.866932
252490,Rust,2022-09-18,720136,110542,830678,229,41,270,0.866926
252490,Rust,2022-09-19,720343,110574,830917,207,32,239,0.866925
252490,Rust,2022-09-20,720554,110599,831153,211,25,236,0.866933
252490,Rust,2022-09-21,720760,110628,831388,206,29,235,0.866936
252490,Rust,2022-09-22,720942,110645,831587,182,17,199,0.866947
252490,Rust,2022-09-23,721122,110671,831793,180,26,206,0.866949
252490,Rust,2022-09-24,721321,110696,832017,199,25,224,0.866955
252490,Rust,2022-09-25,721559,110741,832300,238,45,283,0.866946
252490,Rust,2022-09-26,721785,110775,832560,226,34,260,0.866947
252490,Rust,2022-09-27,722057,110801,832858,272,26,298,0.866963
252490,Rust,2022-09-28,722236,110824,833060,179,23,202,0.866968
252490,Rust,2022-09-29,722527,110849,833376,291,25,316,0.866988
252490,Rust,2022-09-30,722756,110865,833621,229,16,245,0.867008
252490,Rust,2022-10-01,722997,110908,833905,241,43,284,0.867002
252490,Rust,2022-10-02,723232,110957,834189,235,49,284,0.866988
252490,Rust,2022-10-03,723458,110982,834440,226,25,251,0.866998
252490,Rust,2022-10-04,723657,110996,834653,199,14,213,0.867015
252490,Rust,2022-10-05,723847,111012,834859,190,16,206,0.867029
252490,Rust,2022-10-06,724072,111029,835101,225,17,242,0.867047
252490,Rust,2022-10-07,724606,111064,835670,534,35,569,0.867096
252490,Rust,2022-10-08,724881,111089,835970,275,25,300,0.867114
252490,Rust,2022-10-09,725246,111123,836369,365,34,399,0.867136
252490,Rust,2022-10-10,725502,111153,836655,256,30,286,0.867146
252490,Rust,2022-10-11,725502,111153,836655,0,0,0,0.867146
252490,Rust,2022-10-12,725684,111179,836863,182,26,208,0.867148
252490,Rust,2022-10-13,725871,111216,837087,187,37,224,0.867139
252490,Rust,2022-10-14,726060,111240,837300,189,24,213,0.867144
252490,Rust,2022-10-15,726291,111270,837561,231,30,261,0.86715
252490,Rust,2022-10-16,726505,111321,837826,214,51,265,0.867131
252490,Rust,2022-10-17,726720,111347,838067,215,26,241,0.867138
252490,Rust,2022-10-18,726937,111396,838333,217,49,266,0.867122
252490,Rust,2022-10-19,727139,111418,838557,202,22,224,0.867131
252490,Rust,2022-10-20,727316,111424,838740,177,6,183,0.867153
252490,Rust,2022-10-21,727837,111490,839327,521,66,587,0.867167
252490,Rust,2022-10-22,728114,111533,839647,277,43,320,0.867167
252490,Rust,2022-10-23,728377,111593,839970,263,60,323,0.867146
252490,Rust,2022-10-24,728377,111593,839970,0,0,0,0.867146
252490,Rust,2022-10-25,728589,111623,840212,212,30,242,0.867149
252490,Rust,2022-10-26,728823,111648,840471,234,25,259,0.86716
252490,Rust,2022-10-27,729048,111685,840733,225,37,262,0.867158
252490,Rust,2022-10-28,729311,111715,841026,263,30,293,0.867168
252490,Rust,2022-10-29,729534,111773,841307,223,58,281,0.867144
252490,Rust,2022-10-30,729839,111832,841671,305,59,364,0.867131
252490,Rust,2022-10-31,730159,111873,842032,320,41,361,0.867139
252490,Rust,2022-11-01,730454,111896,842350,295,23,318,0.867162
252490,Rust,2022-11-02,730754,111934,842688,300,38,338,0.86717
252490,Rust,2022-11-03,731075,111977,843052,321,43,364,0.867177
252490,Rust,2022-11-04,731812,112060,843872,737,83,820,0.867207
252490,Rust,2022-11-05,732191,112098,844289,379,38,417,0.867228
252490,Rust,2022-11-06,732191,112098,844289,0,0,0,0.867228
252490,Rust,2022-11-07,732513,112154,844667,322,56,378,0.867221
252490,Rust,2022-11-08,732754,112190,844944,241,36,277,0.867222
252490,Rust,2022-11-09,732955,112220,845175,201,30,231,0.867223
252490,Rust,2022-11-10,733205,112252,845457,250,32,282,0.867229
252490,Rust,2022-11-11,733434,112283,845717,229,31,260,0.867233
252490,Rust,2022-11-12,733765,112326,846091,331,43,374,0.867241
252490,Rust,2022-11-13,734095,112365,846460,330,39,369,0.867253
252490,Rust,2022-11-14,734285,112389,846674,190,24,214,0.867258
252490,Rust,2022-11-15,734502,112429,846931,217,40,257,0.867251
252490,Rust,2022-11-16,734502,112429,846931,0,0,0,0.867251
252490,Rust,2022-11-17,734701,112460,847161,199,31,230,0.867251
252490,Rust,2022-11-18,734900,112486,847386,199,26,225,0.867255
252490,Rust,2022-11-19,735098,112513,847611,198,27,225,0.867259
252490,Rust,2022-11-20,735352,112556,847908,254,43,297,0.867254
252490,Rust,2022-11-21,735595,112614,848209,243,58,301,0.867233
252490,Rust,2022-11-22,735794,112655,848449,199,41,240,0.867222
252490,Rust,2022-11-23,736791,112674,849465,997,19,1016,0.867359
252490,Rust,2022-11-24,738493,112739,851232,1702,65,1767,0.867558
252490,Rust,2022-11-25,739529,112801,852330,1036,62,1098,0.867656
252490,Rust,2022-11-26,740367,112866,853233,838,65,903,0.86772
252490,Rust,2022-11-27,741348,112936,854284,981,70,1051,0.8678
252490,Rust,2022-11-28,742143,112980,855123,795,44,839,0.867879
252490,Rust,2022-11-29,742797,113010,855807,654,30,684,0.867949
252490,Rust,2022-11-30,743166,113043,856209,369,33,402,0.867973
252490,Rust,2022-12-01,743390,113060,856450,224,17,241,0.86799
252490,Rust,2022-12-02,743929,113123,857052,539,63,602,0.868009
252490,Rust,2022-12-03,744279,113165,857444,350,42,392,0.868021
252490,Rust,2022-12-04,744644,113219,857863,365,54,419,0.868022
252490,Rust,2022-12-05,745012,113275,858287,368,56,424,0.868022
252490,Rust,2022-12-06,745280,113314,858594,268,39,307,0.868024
252490,Rust,2022-12-07,745533,113339,858872,253,25,278,0.868037
252490,Rust,2022-12-08,745763,113376,859139,230,37,267,0.868035
252490,Rust,2022-12-09,745763,113376,859139,0,0,0,0.868035
252490,Rust,2022-12-10,746024,113405,859429,261,29,290,0.868046
252490,Rust,2022-12-11,746299,113438,859737,275,33,308,0.868055
252490,Rust,2022-12-12,746732,113486,860218,433,48,481,0.868073
252490,Rust,2022-12-13,746995,113509,860504,263,23,286,0.86809
252490,Rust,2022-12-14,747188,113539,860727,193,30,223,0.868089
252490,Rust,2022-12-15,747397,113562,860959,209,23,232,0.868098
252490,Rust,2022-12-16,747940,113625,861565,543,63,606,0.868118
252490,Rust,2022-12-17,748303,113693,861996,363,68,431,0.868105
252490,Rust,2022-12-18,748641,113727,862368,338,34,372,0.868122
252490,Rust,2022-12-19,748641,113727,862368,0,0,0,0.868122
252490,Rust,2022-12-20,748921,113763,862684,280,36,316,0.868129
252490,Rust,2022-12-21,749145,113813,862958,224,50,274,0.868113
252490,Rust,2022-12-22,749426,113854,863280,281,41,322,0.868115
252490,Rust,2022-12-23,749770,113914,863684,344,60,404,0.868107
252490,Rust,2022-12-24,750282,113960,864242,512,46,558,0.868139
252490,Rust,2022-12-25,750762,114016,864778,480,56,536,0.868156
252490,Rust,2022-12-26,751407,114122,865529,645,106,751,0.868148
252490,Rust,2022-12-27,752089,114213,866302,682,91,773,0.86816
252490,Rust,2022-12-28,752089,114213,866302,0,0,0,0.86816
252490,Rust,2022-12-29,752736,114289,867025,647,76,723,0.868183
252490,Rust,2022-12-30,753399,114370,867769,663,81,744,0.868202
252490,Rust,2022-12-31,753943,114462,868405,544,92,636,0.868193
252490,Rust,2023-01-01,753943,114462,868405,0,0,0,0.868193
252490,Rust,2023-01-02,755159,114626,869785,1216,164,1380,0.868213
252490,Rust,2023-01-03,755795,114701,870496,636,75,711,0.868235
252490,Rust,2023-01-04,755795,114701,870496,0,0,0,0.868235
252490,Rust,2023-01-05,756327,114768,871095,532,67,599,0.868249
252490,Rust,2023-01-06,757377,114862,872239,1050,94,1144,0.868314
252490,Rust,2023-01-07,758009,114936,872945,632,74,706,0.868335
252490,Rust,2023-01-08,758710,115011,873721,701,75,776,0.868366
252490,Rust,2023-01-09,759144,115082,874226,434,71,505,0.868361
252490,Rust,2023-01-10,759658,115135,874793,514,53,567,0.868386
252490,Rust,2023-01-11,760145,115173,875318,487,38,525,0.868422
252490,Rust,2023-01-12,760587,115219,875806,442,46,488,0.868442
252490,Rust,2023-01-13,760919,115282,876201,332,63,395,0.86843
252490,Rust,2023-01-14,760919,115282,876201,0,0,0,0.86843
252490,Rust,2023-01-15,761346,115331,876677,427,49,476,0.868445
252490,Rust,2023-01-16,761756,115405,877161,410,74,484,0.868434
252490,Rust,2023-01-17,762461,115473,877934,705,68,773,0.868472
252490,Rust,2023-01-18,762909,115524,878433,448,51,499,0.868489
252490,Rust,2023-01-19,763320,115547,878867,411,23,434,0.868527
252490,Rust,2023-01-20,763699,115592,879291,379,45,424,0.86854
252490,Rust,2023-01-21,764089,115644,879733,390,52,442,0.868546
252490,Rust,2023-01-22,764519,115697,880216,430,53,483,0.868558
252490,Rust,2023-01-23,764911,115754,880665,392,57,449,0.868561
252490,Rust,2023-01-24,764911,115754,880665,0,0,0,0.868561
252490,Rust,2023-01-25,765298,115807,881105,387,53,440,0.868566
252490,Rust,2023-01-26,765765,115844,881609,467,37,504,0.868599
252490,Rust,2023-01-27,765765,115844,881609,0,0,0,0.868599
252490,Rust,2023-01-28,766230,115908,882138,465,64,529,0.868606
252490,Rust,2023-01-29,766614,115966,882580,384,58,442,0.868606
252490,Rust,2023-01-30,766989,116004,882993,375,38,413,0.868624
252490,Rust,2023-01-31,767313,116056,883369,324,52,376,0.868621
252490,Rust,2023-02-01,767614,116079,883693,301,23,324,0.868643
252490,Rust,2023-02-02,768331,116112,884443,717,33,750,0.868717
252490,Rust,2023-02-03,768331,116112,884443,0,0,0,0.868717
252490,Rust,2023-02-04,768805,116183,884988,474,71,545,0.868718
252490,Rust,2023-02-05,769278,116236,885514,473,53,526,0.868736
252490,Rust,2023-02-06,769637,116290,885927,359,54,413,0.868736
252490,Rust,2023-02-07,769873,116320,886193,236,30,266,0.868742
252490,Rust,2023-02-08,770134,116356,886490,261,36,297,0.868745
252490,Rust,2023-02-09,770442,116378,886820,308,22,330,0.868769
252490,Rust,2023-02-10,770786,116413,887199,344,35,379,0.868786
252490,Rust,2023-02-11,770786,116413,887199,0,0,0,0.868786
252490,Rust,2023-02-12,771200,116476,887676,414,63,477,0.868785
252490,Rust,2023-02-13,771555,116510,888065,355,34,389,0.868805
252490,Rust,2023-02-14,771825,116561,888386,270,51,321,0.868795
252490,Rust,2023-02-15,772090,116581,888671,265,20,285,0.868814
252490,Rust,2023-02-16,772409,116619,889028,319,38,357,0.868824
252490,Rust,2023-02-17,772717,116667,889384,308,48,356,0.868823
252490,Rust,2023-02-18,772717,116667,889384,0,0,0,0.868823
252490,Rust,2023-02-19,773076,116729,889805,359,62,421,0.868815
252490,Rust,2023-02-20,773564,116769,890333,488,40,528,0.868848
252490,Rust,2023-02-21,773890,116808,890698,326,39,365,0.868858
252490,Rust,2023-02-22,773890,116808,890698,0,0,0,0.868858
252490,Rust,2023-02-23,774295,116846,891141,405,38,443,0.86888
252490,Rust,2023-02-24,774647,116899,891546,352,53,405,0.868881
252490,Rust,2023-02-25,774961,116939,891900,314,40,354,0.868888
252490,Rust,2023-02-26,775376,116983,892359,415,44,459,0.868906
252490,Rust,2023-02-27,775746,117026,892772,370,43,413,0.868918
252490,Rust,2023-02-28,776010,117047,893057,264,21,285,0.868937
252490,Rust,2023-03-01,776305,117078,893383,295,31,326,0.86895
252490,Rust,2023-03-02,776305,117078,893383,0,0,0,0.86895
252490,Rust,2023-03-03,776871,117130,894001,566,52,618,0.868982
252490,Rust,2023-03-04,777294,117174,894468,423,44,467,0.869001
252490,Rust,2023-03-05,777638,117213,894851,344,39,383,0.869014
252490,Rust,2023-03-06,777934,117262,895196,296,49,345,0.86901
252490,Rust,2023-03-07,778299,117318,895617,365,56,421,0.869009
252490,Rust,2023-03-08,778634,117358,895992,335,40,375,0.869019
252490,Rust,2023-03-09,778928,117391,896319,294,33,327,0.86903
252490,Rust,2023-03-10,779230,117433,896663,302,42,344,0.869033
252490,Rust,2023-03-11,779230,117433,896663,0,0,0,0.869033
252490,Rust,2023-03-12,779230,117433,896663,0,0,0,0.869033
252490,Rust,2023-03-13,779890,117516,897406,660,83,743,0.869049
252490,Rust,2023-03-14,780140,117552,897692,250,36,286,0.869051
252490,Rust,2023-03-15,780492,117588,898080,352,36,388,0.869067
252490,Rust,2023-03-16,780739,117616,898355,247,28,275,0.869076
252490,Rust,2023-03-17,781147,117675,898822,408,59,467,0.869079
252490,Rust,2023-03-18,781686,117746,899432,539,71,610,0.869088
252490,Rust,2023-03-19,781686,117746,899432,0,0,0,0.869088
252490,Rust,2023-03-20,782158,117786,899944,472,40,512,0.869119
252490,Rust,2023-03-21,782483,117825,900308,325,39,364,0.869128
252490,Rust,2023-03-22,782870,117884,900754,387,59,446,0.869127
252490,Rust,2023-03-23,783289,117922,901211,419,38,457,0.869152
252490,Rust,2023-03-24,783771,117970,901741,482,48,530,0.869175
252490,Rust,2023-03-25,783771,117970,901741,0,0,0,0.869175
252490,Rust,2023-03-26,784229,118032,902261,458,62,520,0.869182
252490,Rust,2023-03-27,784595,118069,902664,366,37,403,0.869199
252490,Rust,2023-03-28,784882,118108,902990,287,39,326,0.869203
252490,Rust,2023-03-29,785168,118135,903303,286,27,313,0.869219
252490,Rust,2023-03-30,785479,118179,903658,311,44,355,0.869222
252490,Rust,2023-03-31,785479,118179,903658,0,0,0,0.869222
252490,Rust,2023-04-01,785817,118232,904049,338,53,391,0.869219
252490,Rust,2023-04-02,786144,118284,904428,327,52,379,0.869217
252490,Rust,2023-04-03,786515,118314,904829,371,30,401,0.869242
252490,Rust,2023-04-04,786766,118359,905125,251,45,296,0.869235
252490,Rust,2023-04-05,787088,118394,905482,322,35,357,0.869248
252490,Rust,2023-04-06,787088,118394,905482,0,0,0,0.869248
252490,Rust,2023-04-07,787808,118454,906262,720,60,780,0.869294
252490,Rust,2023-04-08,788307,118531,906838,499,77,576,0.869292
252490,Rust,2023-04-09,788632,118589,907221,325,58,383,0.869283
252490,Rust,2023-04-10,788944,118615,907559,312,26,338,0.869303
252490,Rust,2023-04-11,789428,118657,908085,484,42,526,0.869333
252490,Rust,2023-04-12,789428,118657,908085,0,0,0,0.869333
252490,Rust,2023-04-13,789701,118692,908393,273,35,308,0.869338
252490,Rust,2023-04-14,789956,118713,908669,255,21,276,0.869355
252490,Rust,2023-04-15,790272,118747,909019,316,34,350,0.869368
252490,Rust,2023-04-16,790630,118795,909425,358,48,406,0.869374
252490,Rust,2023-04-17,790909,118839,909748,279,44,323,0.869372
252490,Rust,2023-04-18,791209,118882,910091,300,43,343,0.869374
252490,Rust,2023-04-19,791209,118882,910091,0,0,0,0.869374
252490,Rust,2023-04-20,791482,118901,910383,273,19,292,0.869395
252490,Rust,2023-04-21,791731,118943,910674,249,42,291,0.86939
252490,Rust,2023-04-22,792013,118973,910986,282,30,312,0.869402
252490,Rust,2023-04-23,792336,119024,911360,323,51,374,0.8694
252490,Rust,2023-04-24,792620,119055,911675,284,31,315,0.869411
252490,Rust,2023-04-25,792878,119080,911958,258,25,283,0.869424
252490,Rust,2023-04-26,792878,119080,911958,0,0,0,0.869424
252490,Rust,2023-04-27,793079,119100,912179,201,20,221,0.869434
252490,Rust,2023-04-28,793294,119148,912442,215,48,263,0.869419
252490,Rust,2023-04-29,793559,119179,912738,265,31,296,0.869427
252490,Rust,2023-04-30,793915,119211,913126,356,32,388,0.869447
252490,Rust,2023-05-01,794262,119255,913517,347,44,391,0.869455
252490,Rust,2023-05-02,794262,119255,913517,0,0,0,0.869455
252490,Rust,2023-05-03,794262,119255,913517,0,0,0,0.869455
252490,Rust,2023-05-04,794763,119311,914074,501,56,557,0.869473
252490,Rust,2023-05-05,795457,119378,914835,694,67,761,0.869509
252490,Rust,2023-05-06,795927,119431,915358,470,53,523,0.869525
252490,Rust,2023-05-07,796325,119474,915799,398,43,441,0.869541
252490,Rust,2023-05-08,796702,119518,916220,377,44,421,0.869553
252490,Rust,2023-05-09,796702,119518,916220,0,0,0,0.869553
252490,Rust,2023-05-10,797003,119548,916551,301,30,331,0.869568
252490,Rust,2023-05-11,797261,119571,916832,258,23,281,0.869582
252490,Rust,2023-05-12,797509,119603,917112,248,32,280,0.869587
252490,Rust,2023-05-13,797843,119645,917488,334,42,376,0.869595
252490,Rust,2023-05-14,798211,119701,917912,368,56,424,0.869594
252490,Rust,2023-05-15,798211,119701,917912,0,0,0,0.869594
252490,Rust,2023-05-16,798492,119729,918221,281,28,309,0.869608
252490,Rust,2023-05-17,798795,119771,918566,303,42,345,0.869611
252490,Rust,2023-05-18,799168,119812,918980,373,41,414,0.869625
252490,Rust,2023-05-19,799589,119875,919464,421,63,484,0.869625
252490,Rust,2023-05-20,800098,119971,920069,509,96,605,0.869607
252490,Rust,2023-05-21,800098,119971,920069,0,0,0,0.869607
252490,Rust,2023-05-22,800596,120051,920647,498,80,578,0.869601
252490,Rust,2023-05-23,801016,120091,921107,420,40,460,0.869623
252490,Rust,2023-05-24,801430,120157,921587,414,66,480,0.869619
252490,Rust,2023-05-25,801803,120218,922021,373,61,434,0.869615
252490,Rust,2023-05-26,802213,120267,922480,410,49,459,0.869626
252490,Rust,2023-05-27,802213,120267,922480,0,0,0,0.869626
252490,Rust,2023-05-28,802615,120321,922936,402,54,456,0.869632
252490,Rust,2023-05-29,803016,120377,923393,401,56,457,0.869636
252490,Rust,2023-05-30,803363,120419,923782,347,42,389,0.869646
252490,Rust,2023-05-31,803690,120432,924122,327,13,340,0.86968
252490,Rust,2023-06-01,804441,120518,924959,751,86,837,0.869704
252490,Rust,2023-06-02,804441,120518,924959,0,0,0,0.869704
252490,Rust,2023-06-03,805078,120601,925679,637,83,720,0.869716
252490,Rust,2023-06-04,805463,120664,926127,385,63,448,0.869711
252490,Rust,2023-06-05,805864,120719,926583,401,55,456,0.869716
252490,Rust,2023-06-06,806171,120766,926937,307,47,354,0.869715
252490,Rust,2023-06-07,806822,120850,927672,651,84,735,0.869728
252490,Rust,2023-06-08,806822,120850,927672,0,0,0,0.869728
252490,Rust,2023-06-09,807138,120896,928034,316,46,362,0.869729
252490,Rust,2023-06-10,807443,120936,928379,305,40,345,0.869734
252490,Rust,2023-06-11,807745,120987,928732,302,51,353,0.869729
252490,Rust,2023-06-12,808084,121036,929120,339,49,388,0.86973
252490,Rust,2023-06-13,808398,121090,929488,314,54,368,0.869724
252490,Rust,2023-06-14,808398,121090,929488,0,0,0,0.869724
252490,Rust,2023-06-15,808706,121132,929838,308,42,350,0.869728
252490,Rust,2023-06-16,809030,121194,930224,324,62,386,0.869715
252490,Rust,2023-06-17,809389,121257,930646,359,63,422,0.869707
252490,Rust,2023-06-18,809389,121257,930646,0,0,0,0.869707
252490,Rust,2023-06-19,810277,121361,931638,888,104,992,0.869734
252490,Rust,2023-06-20,810277,121361,931638,0,0,0,0.869734
252490,Rust,2023-06-21,810826,121411,932237,549,50,599,0.869764
252490,Rust,2023-06-22,811202,121478,932680,376,67,443,0.869754
252490,Rust,2023-06-23,811627,121520,933147,425,42,467,0.869774
252490,Rust,2023-06-24,811976,121571,933547,349,51,400,0.869775
252490,Rust,2023-06-25,811976,121571,933547,0,0,0,0.869775
252490,Rust,2023-06-26,812364,121628,933992,388,57,445,0.869776
252490,Rust,2023-06-27,812716,121680,934396,352,52,404,0.869777
252490,Rust,2023-06-28,813091,121748,934839,375,68,443,0.869766
252490,Rust,2023-06-29,813689,121822,935511,598,74,672,0.86978
252490,Rust,2023-06-30,813689,121822,935511,0,0,0,0.86978
252490,Rust,2023-07-01,814307,121908,936215,618,86,704,0.869786
252490,Rust,2023-07-02,814897,121976,936873,590,68,658,0.869805
252490,Rust,2023-07-03,815500,122078,937578,603,102,705,0.869794
252490,Rust,2023-07-04,815500,122078,937578,0,0,0,0.869794
252490,Rust,2023-07-05,816007,122164,938171,507,86,593,0.869785
252490,Rust,2023-07-06,816606,122240,938846,599,76,675,0.869798
252490,Rust,2023-07-07,818066,122431,940497,1460,191,1651,0.869823
252490,Rust,2023-07-08,818066,122431,940497,0,0,0,0.869823
252490,Rust,2023-07-09,818620,122523,941143,554,92,646,0.869815
252490,Rust,2023-07-10,819239,122599,941838,619,76,695,0.86983
252490,Rust,2023-07-11,819867,122702,942569,628,103,731,0.869822
252490,Rust,2023-07-12,819867,122702,942569,0,0,0,0.869822
252490,Rust,2023-07-13,820381,122804,943185,514,102,616,0.869799
252490,Rust,2023-07-14,820381,122804,943185,0,0,0,0.869799
252490,Rust,2023-07-15,820381,122804,943185,0,0,0,0.869799
252490,Rust,2023-07-16,821451,122971,944422,1070,167,1237,0.869792
252490,Rust,2023-07-17,821815,123056,944871,364,85,449,0.869764
252490,Rust,2023-07-18,821815,123056,944871,0,0,0,0.869764
252490,Rust,2023-07-19,821815,123056,944871,0,0,0,0.869764
252490,Rust,2023-07-20,822543,123174,945717,728,118,846,0.869756
252490,Rust,2023-07-21,822894,123235,946129,351,61,412,0.869748
252490,Rust,2023-07-22,823293,123287,946580,399,52,451,0.869755
252490,Rust,2023-07-23,823695,123351,947046,402,64,466,0.869752
252490,Rust,2023-07-24,823695,123351,947046,0,0,0,0.869752
252490,Rust,2023-07-25,824065,123396,947461,370,45,415,0.869761
252490,Rust,2023-07-26,824425,123457,947882,360,61,421,0.869755
252490,Rust,2023-07-27,824793,123485,948278,368,28,396,0.86978
252490,Rust,2023-07-28,824793,123485,948278,0,0,0,0.86978
252490,Rust,2023-07-29,825143,123546,948689,350,61,411,0.869772
252490,Rust,2023-07-30,825466,123616,949082,323,70,393,0.869752
252490,Rust,2023-07-31,825816,123683,949499,350,67,417,0.869739
252490,Rust,2023-08-01,826187,123741,949928,371,58,429,0.869736
252490,Rust,2023-08-02,826187,123741,949928,0,0,0,0.869736
252490,Rust,2023-08-03,826498,123791,950289,311,50,361,0.869733
252490,Rust,2023-08-04,827317,123898,951215,819,107,926,0.869748
252490,Rust,2023-08-05,827750,123946,951696,433,48,481,0.869763
252490,Rust,2023-08-06,827750,123946,951696,0,0,0,0.869763
252490,Rust,2023-08-07,828144,124004,952148,394,58,452,0.869764
252490,Rust,2023-08-08,828553,124059,952612,409,55,464,0.86977
252490,Rust,2023-08-09,828553,124059,952612,0,0,0,0.86977
252490,Rust,2023-08-10,828553,124059,952612,0,0,0,0.86977
252490,Rust,2023-08-11,829254,124169,953423,701,110,811,0.869765
252490,Rust,2023-08-12,829589,124218,953807,335,49,384,0.869766
252490,Rust,2023-08-13,829996,124275,954271,407,57,464,0.86977
252490,Rust,2023-08-14,829996,124275,954271,0,0,0,0.86977
252490,Rust,2023-08-15,830373,124331,954704,377,56,433,0.86977
252490,Rust,2023-08-16,830641,124396,955037,268,65,333,0.869747
252490,Rust,2023-08-17,830976,124441,955417,335,45,380,0.869752
252490,Rust,2023-08-18,831320,124499,955819,344,58,402,0.869746
252490,Rust,2023-08-19,831320,124499,955819,0,0,0,0.869746
252490,Rust,2023-08-20,831609,124532,956141,289,33,322,0.869756
252490,Rust,2023-08-21,831891,124595,956486,282,63,345,0.869737
252490,Rust,2023-08-22,832202,124657,956859,311,62,373,0.869723
252490,Rust,2023-08-23,832202,124657,956859,0,0,0,0.869723
252490,Rust,2023-08-24,832443,124705,957148,241,48,289,0.869712
252490,Rust,2023-08-25,832745,124767,957512,302,62,364,0.869697
252490,Rust,2023-08-26,833040,124839,957879,295,72,367,0.869671
252490,Rust,2023-08-27,833040,124839,957879,0,0,0,0.869671
252490,Rust,2023-08-28,833300,124893,958193,260,54,314,0.869658
252490,Rust,2023-08-29,833683,124973,958656,383,80,463,0.869637
252490,Rust,2023-08-30,834091,125035,959126,408,62,470,0.869637
252490,Rust,2023-08-31,834091,125035,959126,0,0,0,0.869637
252490,Rust,2023-09-01,834336,125077,959413,245,42,287,0.869632
252490,Rust,2023-09-02,834607,125117,959724,271,40,311,0.869632
252490,Rust,2023-09-03,834920,125162,960082,313,45,358,0.869634
252490,Rust,2023-09-04,834920,125162,960082,0,0,0,0.869634
252490,Rust,2023-09-05,835152,125189,960341,232,27,259,0.869641
252490,Rust,2023-09-06,835368,125206,960574,216,17,233,0.869655
252490,Rust,2023-09-07,835803,125246,961049,435,40,475,0.869678
252490,Rust,2023-09-08,835803,125246,961049,0,0,0,0.869678
252490,Rust,2023-09-09,836332,125311,961643,529,65,594,0.869691
252490,Rust,2023-09-10,836778,125388,962166,446,77,523,0.869682
252490,Rust,2023-09-11,836778,125388,962166,0,0,0,0.869682
252490,Rust,2023-09-12,836778,125388,962166,0,0,0,0.869682
252490,Rust,2023-09-13,837342,125490,962832,564,102,666,0.869666
252490,Rust,2023-09-14,837571,125518,963089,229,28,257,0.869671
252490,Rust,2023-09-15,837817,125555,963372,246,37,283,0.869671
252490,Rust,2023-09-16,837817,125555,963372,0,0,0,0.869671
252490,Rust,2023-09-17,838172,125605,963777,355,50,405,0.869674
252490,Rust,2023-09-18,838408,125654,964062,236,49,285,0.869662
252490,Rust,2023-09-19,838648,125688,964336,240,34,274,0.869664
252490,Rust,2023-09-20,838914,125716,964630,266,28,294,0.869674
252490,Rust,2023-09-21,838914,125716,964630,0,0,0,0.869674
252490,Rust,2023-09-22,839133,125756,964889,219,40,259,0.869668
252490,Rust,2023-09-23,839380,125801,965181,247,45,292,0.869661
252490,Rust,2023-09-24,839380,125801,965181,0,0,0,0.869661
252490,Rust,2023-09-25,839380,125801,965181,0,0,0,0.869661
252490,Rust,2023-09-26,839936,125913,965849,556,112,668,0.869635
252490,Rust,2023-09-27,840150,125954,966104,214,41,255,0.869627
252490,Rust,2023-09-28,840384,125982,966366,234,28,262,0.869633
252490,Rust,2023-09-29,840384,125982,966366,0,0,0,0.869633
252490,Rust,2023-09-30,840610,126019,966629,226,37,263,0.86963
252490,Rust,2023-10-01,840929,126061,966990,319,42,361,0.869636
252490,Rust,2023-10-02,841219,126103,967322,290,42,332,0.869637
252490,Rust,2023-10-03,841219,126103,967322,0,0,0,0.869637
252490,Rust,2023-10-04,841408,126125,967533,189,22,211,0.869643
252490,Rust,2023-10-05,841658,126149,967807,250,24,274,0.869655
252490,Rust,2023-10-06,842330,126226,968556,672,77,749,0.869676
252490,Rust,2023-10-07,842330,126226,968556,0,0,0,0.869676
252490,Rust,2023-10-08,842664,126291,968955,334,65,399,0.869663
252490,Rust,2023-10-09,842664,126291,968955,0,0,0,0.869663
252490,Rust,2023-10-10,842664,126291,968955,0,0,0,0.869663
252490,Rust,2023-10-11,843359,126393,969752,695,102,797,0.869665
252490,Rust,2023-10-12,843564,126425,969989,205,32,237,0.869663
252490,Rust,2023-10-13,843865,126479,970344,301,54,355,0.869656
252490,Rust,2023-10-14,843865,126479,970344,0,0,0,0.869656
252490,Rust,2023-10-15,844214,126531,970745,349,52,401,0.869656
252490,Rust,2023-10-16,844527,126563,971090,313,32,345,0.869669
252490,Rust,2023-10-17,844863,126611,971474,336,48,384,0.869671
252490,Rust,2023-10-18,844863,126611,971474,0,0,0,0.869671
252490,Rust,2023-10-19,845077,126626,971703,214,15,229,0.869687
252490,Rust,2023-10-20,845360,126670,972030,283,44,327,0.869685
252490,Rust,2023-10-21,845731,126731,972462,371,61,432,0.86968
252490,Rust,2023-10-22,845731,126731,972462,0,0,0,0.86968
252490,Rust,2023-10-23,846038,126800,972838,307,69,376,0.86966
252490,Rust,2023-10-24,846503,126841,973344,465,41,506,0.869685
252490,Rust,2023-10-25,846796,126884,973680,293,43,336,0.869686
252490,Rust,2023-10-26,846796,126884,973680,0,0,0,0.869686
252490,Rust,2023-10-27,847044,126923,973967,248,39,287,0.869684
252490,Rust,2023-10-28,847333,126977,974310,289,54,343,0.869675
252490,Rust,2023-10-29,847333,126977,974310,0,0,0,0.869675
252490,Rust,2023-10-30,847333,126977,974310,0,0,0,0.869675
252490,Rust,2023-10-31,848049,127102,975151,716,125,841,0.869659
252490,Rust,2023-11-01,848276,127117,975393,227,15,242,0.869676
252490,Rust,2023-11-02,848570,127147,975717,294,30,324,0.869689
252490,Rust,2023-11-03,848570,127147,975717,0,0,0,0.869689
252490,Rust,2023-11-04,849407,127262,976669,837,115,952,0.869698
252490,Rust,2023-11-05,849749,127330,977079,342,68,410,0.869683
252490,Rust,2023-11-06,849749,127330,977079,0,0,0,0.869683
252490,Rust,2023-11-07,850098,127409,977507,349,79,428,0.869659
252490,Rust,2023-11-08,850322,127452,977774,224,43,267,0.869651
252490,Rust,2023-11-09,850546,127483,978029,224,31,255,0.869653
252490,Rust,2023-11-10,850546,127483,978029,0,0,0,0.869653
252490,Rust,2023-11-11,850808,127534,978342,262,51,313,0.869643
252490,Rust,2023-11-12,851181,127589,978770,373,55,428,0.869644
252490,Rust,2023-11-13,851181,127589,978770,0,0,0,0.869644
252490,Rust,2023-11-14,851501,127625,979126,320,36,356,0.869654
252490,Rust,2023-11-15,851704,127655,979359,203,30,233,0.869655
252490,Rust,2023-11-16,851967,127686,979653,263,31,294,0.869662
252490,Rust,2023-11-17,851967,127686,979653,0,0,0,0.869662
252490,Rust,2023-11-18,852206,127719,979925,239,33,272,0.869665
252490,Rust,2023-11-19,852206,127719,979925,0,0,0,0.869665
252490,Rust,2023-11-20,852546,127790,980336,340,71,411,0.869647
252490,Rust,2023-11-21,852839,127822,980661,293,32,325,0.869657
252490,Rust,2023-11-22,852839,127822,980661,0,0,0,0.869657
252490,Rust,2023-11-23,857839,127946,985785,5000,124,5124,0.870209
252490,Rust,2023-11-24,860209,128075,988284,2370,129,2499,0.870407
252490,Rust,2023-11-25,860209,128075,988284,0,0,0,0.870407
252490,Rust,2023-11-26,862592,128208,990800,2383,133,2516,0.870602
252490,Rust,2023-11-27,864352,128311,992663,1760,103,1863,0.870741
252490,Rust,2023-11-28,864352,128311,992663,0,0,0,0.870741
252490,Rust,2023-11-29,865423,128404,993827,1071,93,1164,0.870798
252490,Rust,2023-11-30,865791,128428,994219,368,24,392,0.870825
252490,Rust,2023-12-01,865791,128428,994219,0,0,0,0.870825
252490,Rust,2023-12-02,866236,128482,994718,445,54,499,0.870836
252490,Rust,2023-12-03,866723,128558,995281,487,76,563,0.870832
252490,Rust,2023-12-04,866723,128558,995281,0,0,0,0.870832
252490,Rust,2023-12-05,867086,128597,995683,363,39,402,0.870845
252490,Rust,2023-12-06,867357,128613,995970,271,16,287,0.870867
252490,Rust,2023-12-07,867357,128613,995970,0,0,0,0.870867
252490,Rust,2023-12-08,868073,128695,996768,716,82,798,0.870888
252490,Rust,2023-12-09,868588,128743,997331,515,48,563,0.870912
252490,Rust,2023-12-10,868588,128743,997331,0,0,0,0.870912
252490,Rust,2023-12-11,869096,128807,997903,508,64,572,0.870922
252490,Rust,2023-12-12,869483,128855,998338,387,48,435,0.87093
252490,Rust,2023-12-13,869483,128855,998338,0,0,0,0.87093
252490,Rust,2023-12-14,869853,128907,998760,370,52,422,0.870933
252490,Rust,2023-12-15,870217,128964,999181,364,57,421,0.87093
252490,Rust,2023-12-16,870217,128964,999181,0,0,0,0.87093
252490,Rust,2023-12-17,870967,129118,1000085,750,154,904,0.870893
252490,Rust,2023-12-18,871671,129279,1000950,704,161,865,0.870844
252490,Rust,2023-12-19,871671,129279,1000950,0,0,0,0.870844
252490,Rust,2023-12-20,872471,129413,1001884,800,134,934,0.87083
252490,Rust,2023-12-21,873118,129513,1002631,647,100,747,0.870827
252490,Rust,2023-12-22,873118,129513,1002631,0,0,0,0.870827
252490,Rust,2023-12-23,874075,129691,1003766,957,178,1135,0.870796
252490,Rust,2023-12-24,874864,129824,1004688,789,133,922,0.870782
252490,Rust,2023-12-25,874864,129824,1004688,0,0,0,0.870782
252490,Rust,2023-12-26,875597,129923,1005520,733,99,832,0.87079
252490,Rust,2023-12-27,876361,130005,1006366,764,82,846,0.870817
252490,Rust,2023-12-28,876361,130005,1006366,0,0,0,0.870817
252490,Rust,2023-12-29,877169,130156,1007325,808,151,959,0.87079
252490,Rust,2023-12-30,877921,130295,1008216,752,139,891,0.870767
252490,Rust,2023-12-31,877921,130295,1008216,0,0,0,0.870767
252490,Rust,2024-01-01,878597,130381,1008978,676,86,762,0.870779
252490,Rust,2024-01-02,878597,130381,1008978,0,0,0,0.870779
252490,Rust,2024-01-03,879457,130529,1009986,860,148,1008,0.870762
252490,Rust,2024-01-04,880237,130644,1010881,780,115,895,0.870762
252490,Rust,2024-01-05,880237,130644,1010881,0,0,0,0.870762
252490,Rust,2024-01-06,881466,130811,1012277,1229,167,1396,0.870775
252490,Rust,2024-01-07,882124,130896,1013020,658,85,743,0.870786
252490,Rust,2024-01-08,882124,130896,1013020,0,0,0,0.870786
252490,Rust,2024-01-09,883093,131032,1014125,969,136,1105,0.870793
252490,Rust,2024-01-10,883544,131084,1014628,451,52,503,0.870806
252490,Rust,2024-01-11,884031,131137,1015168,487,53,540,0.870822
252490,Rust,2024-01-12,884031,131137,1015168,0,0,0,0.870822
252490,Rust,2024-01-13,884477,131213,1015690,446,76,522,0.870814
252490,Rust,2024-01-14,885227,131300,1016527,750,87,837,0.870835
252490,Rust,2024-01-15,885227,131300,1016527,0,0,0,0.870835
252490,Rust,2024-01-16,885733,131369,1017102,506,69,575,0.87084
252490,Rust,2024-01-17,885733,131369,1017102,0,0,0,0.87084
252490,Rust,2024-01-18,886250,131436,1017686,517,67,584,0.870848
252490,Rust,2024-01-19,886800,131546,1018346,550,110,660,0.870824
252490,Rust,2024-01-20,886800,131546,1018346,0,0,0,0.870824
252490,Rust,2024-01-21,887593,131656,1019249,793,110,903,0.87083
252490,Rust,2024-01-22,888166,131720,1019886,573,64,637,0.870848
252490,Rust,2024-01-23,888166,131720,1019886,0,0,0,0.870848
252490,Rust,2024-01-24,888512,131770,1020282,346,50,396,0.870849
252490,Rust,2024-01-25,889071,131831,1020902,559,61,620,0.870868
252490,Rust,2024-01-26,889071,131831,1020902,0,0,0,0.870868
252490,Rust,2024-01-27,889465,131878,1021343,394,47,441,0.870878
252490,Rust,2024-01-28,889465,131878,1021343,0,0,0,0.870878
252490,Rust,2024-01-29,890042,131970,1022012,577,92,669,0.870872
252490,Rust,2024-01-30,890042,131970,1022012,0,0,0,0.870872
252490,Rust,2024-01-31,890429,132016,1022445,387,46,433,0.870882
252490,Rust,2024-02-01,890760,132056,1022816,331,40,371,0.87089
252490,Rust,2024-02-02,890760,132056,1022816,0,0,0,0.87089
252490,Rust,2024-02-03,891938,132182,1024120,1178,126,1304,0.870931
252490,Rust,2024-02-04,892497,132271,1024768,559,89,648,0.870926
252490,Rust,2024-02-05,892497,132271,1024768,0,0,0,0.870926
252490,Rust,2024-02-06,892982,132311,1025293,485,40,525,0.870953
252490,Rust,2024-02-07,893352,132351,1025703,370,40,410,0.870966
252490,Rust,2024-02-08,893352,132351,1025703,0,0,0,0.870966
252490,Rust,2024-02-09,893744,132412,1026156,392,61,453,0.870963
252490,Rust,2024-02-10,894139,132497,1026636,395,85,480,0.870941
252490,Rust,2024-02-11,894139,132497,1026636,0,0,0,0.870941
252490,Rust,2024-02-12,894600,132584,1027184,461,87,548,0.870925
252490,Rust,2024-02-13,894600,132584,1027184,0,0,0,0.870925
252490,Rust,2024-02-14,895057,132671,1027728,457,87,544,0.870908
252490,Rust,2024-02-15,895057,132671,1027728,0,0,0,0.870908
252490,Rust,2024-02-16,895461,132727,1028188,404,56,460,0.870912
252490,Rust,2024-02-17,895833,132794,1028627,372,67,439,0.870902
252490,Rust,2024-02-18,895833,132794,1028627,0,0,0,0.870902
252490,Rust,2024-02-19,896293,132861,1029154,460,67,527,0.870903
252490,Rust,2024-02-20,896784,132909,1029693,491,48,539,0.870924
252490,Rust,2024-02-21,896784,132909,1029693,0,0,0,0.870924
252490,Rust,2024-02-22,897227,132954,1030181,443,45,488,0.870941
252490,Rust,2024-02-23,897227,132954,1030181,0,0,0,0.870941
252490,Rust,2024-02-24,897886,133035,1030921,659,81,740,0.870955
252490,Rust,2024-02-25,897886,133035,1030921,0,0,0,0.870955
252490,Rust,2024-02-26,897886,133035,1030921,0,0,0,0.870955
252490,Rust,2024-02-27,898887,133172,1032059,1001,137,1138,0.870965
252490,Rust,2024-02-28,898887,133172,1032059,0,0,0,0.870965
252490,Rust,2024-02-29,899308,133220,1032528,421,48,469,0.870977
252490,Rust,2024-03-01,899637,133262,1032899,329,42,371,0.870983
252490,Rust,2024-03-02,899637,133262,1032899,0,0,0,0.870983
252490,Rust,2024-03-03,900279,133344,1033623,642,82,724,0.870994
252490,Rust,2024-03-04,900279,133344,1033623,0,0,0,0.870994
252490,Rust,2024-03-05,900724,133420,1034144,445,76,521,0.870985
252490,Rust,2024-03-06,900724,133420,1034144,0,0,0,0.870985
252490,Rust,2024-03-07,901100,133469,1034569,376,49,425,0.870991
252490,Rust,2024-03-08,901100,133469,1034569,0,0,0,0.870991
252490,Rust,2024-03-09,902169,133604,1035773,1069,135,1204,0.87101
252490,Rust,2024-03-10,902169,133604,1035773,0,0,0,0.87101
252490,Rust,2024-03-11,902786,133710,1036496,617,106,723,0.870998
252490,Rust,2024-03-12,902786,133710,1036496,0,0,0,0.870998
252490,Rust,2024-03-13,903173,133756,1036929,387,46,433,0.871008
252490,Rust,2024-03-14,903453,133804,1037257,280,48,328,0.871002
252490,Rust,2024-03-15,903453,133804,1037257,0,0,0,0.871002
252490,Rust,2024-03-16,903932,133885,1037817,479,81,560,0.870994
252490,Rust,2024-03-17,904634,134011,1038645,702,126,828,0.870975
252490,Rust,2024-03-18,904634,134011,1038645,0,0,0,0.870975
252490,Rust,2024-03-19,905122,134071,1039193,488,60,548,0.870985
252490,Rust,2024-03-20,905122,134071,1039193,0,0,0,0.870985
252490,Rust,2024-03-21,905604,134162,1039766,482,91,573,0.870969
252490,Rust,2024-03-22,906173,134228,1040401,569,66,635,0.870984
252490,Rust,2024-03-23,906173,134228,1040401,0,0,0,0.870984
252490,Rust,2024-03-24,906677,134325,1041002,504,97,601,0.870966
252490,Rust,2024-03-25,907202,134416,1041618,525,91,616,0.870955
252490,Rust,2024-03-26,907202,134416,1041618,0,0,0,0.870955
252490,Rust,2024-03-27,907585,134464,1042049,383,48,431,0.870962
252490,Rust,2024-03-28,908108,134541,1042649,523,77,600,0.870962
252490,Rust,2024-03-29,908108,134541,1042649,0,0,0,0.870962
252490,Rust,2024-03-30,908513,134623,1043136,405,82,487,0.870944
252490,Rust,2024-03-31,908513,134623,1043136,0,0,0,0.870944
252490,Rust,2024-04-01,909024,134721,1043745,511,98,609,0.870925
252490,Rust,2024-04-02,909435,134768,1044203,411,47,458,0.870937
252490,Rust,2024-04-03,909651,134791,1044442,216,23,239,0.870944
252490,Rust,2024-04-04,909651,134791,1044442,0,0,0,0.870944
252490,Rust,2024-04-05,910671,134909,1045580,1020,118,1138,0.870972
252490,Rust,2024-04-06,910671,134909,1045580,0,0,0,0.870972
252490,Rust,2024-04-07,911297,135046,1046343,626,137,763,0.870935
252490,Rust,2024-04-08,911548,135109,1046657,251,63,314,0.870914
252490,Rust,2024-04-09,911806,135149,1046955,258,40,298,0.870912
252490,Rust,2024-04-10,912018,135196,1047214,212,47,259,0.870899
252490,Rust,2024-04-11,912237,135220,1047457,219,24,243,0.870906
252490,Rust,2024-04-12,912569,135290,1047859,332,70,402,0.870889
252490,Rust,2024-04-13,912745,135318,1048063,176,28,204,0.870888
252490,Rust,2024-04-14,912991,135367,1048358,246,49,295,0.870877
252490,Rust,2024-04-15,913352,135414,1048766,361,47,408,0.870883
252490,Rust,2024-04-16,913516,135447,1048963,164,33,197,0.870875
252490,Rust,2024-04-17,913802,135477,1049279,286,30,316,0.870886
252490,Rust,2024-04-18,914160,135516,1049676,358,39,397,0.870897
252490,Rust,2024-04-19,914344,135554,1049898,184,38,222,0.870888
252490,Rust,2024-04-20,914649,135604,1050253,305,50,355,0.870884
252490,Rust,2024-04-21,914973,135661,1050634,324,57,381,0.870877
252490,Rust,2024-04-22,915383,135705,1051088,410,44,454,0.870891
252490,Rust,2024-04-23,915537,135728,1051265,154,23,177,0.870891
252490,Rust,2024-04-24,915789,135749,1051538,252,21,273,0.870904
252490,Rust,2024-04-25,916168,135804,1051972,379,55,434,0.870905
252490,Rust,2024-04-26,916413,135845,1052258,245,41,286,0.870901
252490,Rust,2024-04-27,916677,135876,1052553,264,31,295,0.870908
252490,Rust,2024-04-28,917067,135940,1053007,390,64,454,0.870903
252490,Rust,2024-04-29,917211,135971,1053182,144,31,175,0.870895
252490,Rust,2024-04-30,917451,136013,1053464,240,42,282,0.87089
252490,Rust,2024-05-01,917762,136063,1053825,311,50,361,0.870887
252490,Rust,2024-05-02,918023,136077,1054100,261,14,275,0.870907
252490,Rust,2024-05-03,918469,136152,1054621,446,75,521,0.8709
252490,Rust,2024-05-04,918736,136206,1054942,267,54,321,0.870888
252490,Rust,2024-05-05,918988,136255,1055243,252,49,301,0.870878
252490,Rust,2024-05-06,919210,136299,1055509,222,44,266,0.870869
252490,Rust,2024-05-07,919424,136335,1055759,214,36,250,0.870865
252490,Rust,2024-05-08,919706,136379,1056085,282,44,326,0.870864
252490,Rust,2024-05-09,919879,136416,1056295,173,37,210,0.870854
252490,Rust,2024-05-10,920145,136448,1056593,266,32,298,0.87086
252490,Rust,2024-05-11,920385,136500,1056885,240,52,292,0.870847
252490,Rust,2024-05-12,920663,136547,1057210,278,47,325,0.870842
252490,Rust,2024-05-13,920990,136593,1057583,327,46,373,0.870844
252490,Rust,2024-05-14,921071,136605,1057676,81,12,93,0.870844
252490,Rust,2024-05-15,921299,136632,1057931,228,27,255,0.87085
252490,Rust,2024-05-16,921549,136662,1058211,250,30,280,0.870856
252490,Rust,2024-05-17,921707,136688,1058395,158,26,184,0.870854
252490,Rust,2024-05-18,921923,136713,1058636,216,25,241,0.870859
252490,Rust,2024-05-19,922192,136750,1058942,269,37,306,0.870862
252490,Rust,2024-05-20,922422,136775,1059197,230,25,255,0.870869
252490,Rust,2024-05-21,922651,136803,1059454,229,28,257,0.870874
252490,Rust,2024-05-22,922810,136817,1059627,159,14,173,0.870882
252490,Rust,2024-05-23,923031,136845,1059876,221,28,249,0.870886
252490,Rust,2024-05-24,923256,136881,1060137,225,36,261,0.870884
252490,Rust,2024-05-25,923489,136915,1060404,233,34,267,0.870884
252490,Rust,2024-05-26,923732,136963,1060695,243,48,291,0.870874
252490,Rust,2024-05-27,924074,137013,1061087,342,50,392,0.870875
252490,Rust,2024-05-28,924317,137051,1061368,243,38,281,0.870873
252490,Rust,2024-05-29,924816,137157,1061973,499,106,605,0.870847
252490,Rust,2024-05-30,925085,137201,1062286,269,44,313,0.870844
252490,Rust,2024-05-31,925519,137274,1062793,434,73,507,0.870837
252490,Rust,2024-06-01,926030,137352,1063382,511,78,589,0.870835
252490,Rust,2024-06-02,926571,137426,1063997,541,74,615,0.87084
252490,Rust,2024-06-03,927271,137558,1064829,700,132,832,0.870817
252490,Rust,2024-06-04,927791,137634,1065425,520,76,596,0.870818
252490,Rust,2024-06-05,928014,137666,1065680,223,32,255,0.870819
252490,Rust,2024-06-06,929358,137820,1067178,1344,154,1498,0.870856
252490,Rust,2024-06-07,929762,137875,1067637,404,55,459,0.87086
252490,Rust,2024-06-08,930372,137992,1068364,610,117,727,0.870838
252490,Rust,2024-06-09,930707,138042,1068749,335,50,385,0.870838
252490,Rust,2024-06-10,931012,138079,1069091,305,37,342,0.870844
252490,Rust,2024-06-11,931412,138146,1069558,400,67,467,0.870838
252490,Rust,2024-06-12,931735,138209,1069944,323,63,386,0.870826
252490,Rust,2024-06-13,932155,138276,1070431,420,67,487,0.870822
252490,Rust,2024-06-14,932512,138336,1070848,357,60,417,0.870816
252490,Rust,2024-06-15,932879,138365,1071244,367,29,396,0.870837
252490,Rust,2024-06-16,933227,138406,1071633,348,41,389,0.870846
252490,Rust,2024-06-17,933546,138463,1072009,319,57,376,0.870838
252490,Rust,2024-06-18,933847,138516,1072363,301,53,354,0.870831
252490,Rust,2024-06-19,934148,138563,1072711,301,47,348,0.870829
252490,Rust,2024-06-20,934423,138606,1073029,275,43,318,0.870827
252490,Rust,2024-06-21,934713,138659,1073372,290,53,343,0.870819
252490,Rust,2024-06-22,934963,138695,1073658,250,36,286,0.87082
252490,Rust,2024-06-23,935260,138727,1073987,297,32,329,0.87083
252490,Rust,2024-06-24,935575,138771,1074346,315,44,359,0.870832
252490,Rust,2024-06-25,935894,138816,1074710,319,45,364,0.870834
252490,Rust,2024-06-26,936253,138870,1075123,359,54,413,0.870833
252490,Rust,2024-06-27,936603,138916,1075519,350,46,396,0.870838
252490,Rust,2024-06-28,936839,138938,1075777,236,22,258,0.870849
252490,Rust,2024-06-29,937169,139005,1076174,330,67,397,0.870834
252490,Rust,2024-06-30,937554,139060,1076614,385,55,440,0.870836
252490,Rust,2024-07-01,937917,139126,1077043,363,66,429,0.870826
252490,Rust,2024-07-02,938264,139212,1077476,347,86,433,0.870798
252490,Rust,2024-07-03,938833,139297,1078130,569,85,654,0.870798
252490,Rust,2024-07-04,939478,139377,1078855,645,80,725,0.87081
252490,Rust,2024-07-05,939934,139441,1079375,456,64,520,0.870813
252490,Rust,2024-07-06,940474,139528,1080002,540,87,627,0.870808
252490,Rust,2024-07-07,940628,139570,1080198,154,42,196,0.870792
252490,Rust,2024-07-08,940969,139632,1080601,341,62,403,0.870783
252490,Rust,2024-07-09,941348,139700,1081048,379,68,447,0.870774
252490,Rust,2024-07-10,941672,139773,1081445,324,73,397,0.870753
252490,Rust,2024-07-11,942119,139847,1081966,447,74,521,0.870747
252490,Rust,2024-07-12,942491,139910,1082401,372,63,435,0.870741
252490,Rust,2024-07-13,942762,139963,1082725,271,53,324,0.870731
252490,Rust,2024-07-14,942989,139990,1082979,227,27,254,0.870736
252490,Rust,2024-07-15,943466,140074,1083540,477,84,561,0.870726
252490,Rust,2024-07-16,943808,140121,1083929,342,47,389,0.870729
252490,Rust,2024-07-17,944248,140212,1084460,440,91,531,0.870708
252490,Rust,2024-07-18,944840,140311,1085151,592,99,691,0.870699
252490,Rust,2024-07-19,945238,140386,1085624,398,75,473,0.870686
252490,Rust,2024-07-20,945440,140416,1085856,202,30,232,0.870686
252490,Rust,2024-07-21,945817,140492,1086309,377,76,453,0.87067
252490,Rust,2024-07-22,946380,140571,1086951,563,79,642,0.870674
252490,Rust,2024-07-23,946666,140616,1087282,286,45,331,0.870672
252490,Rust,2024-07-24,947043,140666,1087709,377,50,427,0.870677
252490,Rust,2024-07-25,947428,140711,1088139,385,45,430,0.870687
252490,Rust,2024-07-26,947778,140753,1088531,350,42,392,0.870695
252490,Rust,2024-07-27,948078,140788,1088866,300,35,335,0.870702
252490,Rust,2024-07-28,948374,140819,1089193,296,31,327,0.870713
252490,Rust,2024-07-29,948677,140858,1089535,303,39,342,0.870717
252490,Rust,2024-07-30,948960,140889,1089849,283,31,314,0.870726
252490,Rust,2024-07-31,949412,140947,1090359,452,58,510,0.870733
252490,Rust,2024-08-01,949712,140992,1090704,300,45,345,0.870733
252490,Rust,2024-08-02,950455,141071,1091526,743,79,822,0.870758
252490,Rust,2024-08-03,950725,141114,1091839,270,43,313,0.870756
252490,Rust,2024-08-04,951029,141172,1092201,304,58,362,0.870745
252490,Rust,2024-08-05,951367,141213,1092580,338,41,379,0.870753
252490,Rust,2024-08-06,951704,141273,1092977,337,60,397,0.870745
252490,Rust,2024-08-07,951951,141306,1093257,247,33,280,0.870748
252490,Rust,2024-08-08,952240,141350,1093590,289,44,333,0.870747
252490,Rust,2024-08-09,952528,141394,1093922,288,44,332,0.870746
252490,Rust,2024-08-10,952810,141436,1094246,282,42,324,0.870746
252490,Rust,2024-08-11,953058,141470,1094528,248,34,282,0.870748
252490,Rust,2024-08-12,953322,141504,1094826,264,34,298,0.870752
252490,Rust,2024-08-13,953634,141524,1095158,312,20,332,0.870773
252490,Rust,2024-08-14,953876,141565,1095441,242,41,283,0.870769
252490,Rust,2024-08-15,954140,141588,1095728,264,23,287,0.870782
252490,Rust,2024-08-16,954359,141634,1095993,219,46,265,0.870771
252490,Rust,2024-08-17,954577,141661,1096238,218,27,245,0.870775
252490,Rust,2024-08-18,954798,141707,1096505,221,46,267,0.870765
252490,Rust,2024-08-19,955126,141741,1096867,328,34,362,0.870776
252490,Rust,2024-08-20,955315,141761,1097076,189,20,209,0.870783
252490,Rust,2024-08-21,955611,141809,1097420,296,48,344,0.87078
252490,Rust,2024-08-22,956022,141859,1097881,411,50,461,0.870788
252490,Rust,2024-08-23,956255,141893,1098148,233,34,267,0.870789
252490,Rust,2024-08-24,956541,141935,1098476,286,42,328,0.870789
252490,Rust,2024-08-25,956866,141989,1098855,325,54,379,0.870785
252490,Rust,2024-08-26,957075,142020,1099095,209,31,240,0.870785
252490,Rust,2024-08-27,957303,142053,1099356,228,33,261,0.870785
252490,Rust,2024-08-28,957621,142088,1099709,318,35,353,0.870795
252490,Rust,2024-08-29,957736,142098,1099834,115,10,125,0.870801
252490,Rust,2024-08-30,957982,142124,1100106,246,26,272,0.870809
252490,Rust,2024-08-31,958281,142163,1100444,299,39,338,0.870813
252490,Rust,2024-09-01,958510,142221,1100731,229,58,287,0.870794
252490,Rust,2024-09-02,958717,142242,1100959,207,21,228,0.870802
252490,Rust,2024-09-03,958978,142281,1101259,261,39,300,0.870802
252490,Rust,2024-09-04,959075,142299,1101374,97,18,115,0.870799
252490,Rust,2024-09-05,959322,142334,1101656,247,35,282,0.8708
252490,Rust,2024-09-06,959734,142394,1102128,412,60,472,0.870801
252490,Rust,2024-09-07,959986,142424,1102410,252,30,282,0.870807
252490,Rust,2024-09-08,960207,142461,1102668,221,37,258,0.870803
252490,Rust,2024-09-09,960426,142507,1102933,219,46,265,0.870793
252490,Rust,2024-09-10,960710,142544,1103254,284,37,321,0.870797
252490,Rust,2024-09-11,960850,142571,1103421,140,27,167,0.870792
252490,Rust,2024-09-12,960978,142587,1103565,128,16,144,0.870794
252490,Rust,2024-09-13,961257,142640,1103897,279,53,332,0.870785
252490,Rust,2024-09-14,961363,142666,1104029,106,26,132,0.870777
252490,Rust,2024-09-15,961587,142693,1104280,224,27,251,0.870782
252490,Rust,2024-09-16,961784,142720,1104504,197,27,224,0.870784
252490,Rust,2024-09-17,961953,142755,1104708,169,35,204,0.870776
252490,Rust,2024-09-18,962133,142780,1104913,180,25,205,0.870777
252490,Rust,2024-09-19,962318,142798,1105116,185,18,203,0.870785
252490,Rust,2024-09-20,962541,142831,1105372,223,33,256,0.870785
252490,Rust,2024-09-21,962751,142870,1105621,210,39,249,0.870779
252490,Rust,2024-09-22,962981,142894,1105875,230,24,254,0.870786
252490,Rust,2024-09-23,963175,142914,1106089,194,20,214,0.870793
252490,Rust,2024-09-24,963338,142950,1106288,163,36,199,0.870784
252490,Rust,2024-09-25,963458,142963,1106421,120,13,133,0.870788
252490,Rust,2024-09-26,963688,143007,1106695,230,44,274,0.87078
252490,Rust,2024-09-27,963868,143044,1106912,180,37,217,0.870772
252490,Rust,2024-09-28,964047,143066,1107113,179,22,201,0.870776
252490,Rust,2024-09-29,964285,143090,1107375,238,24,262,0.870785
252490,Rust,2024-09-30,964518,143110,1107628,233,20,253,0.870796
252490,Rust,2024-10-01,964706,143136,1107842,188,26,214,0.870797
252490,Rust,2024-10-02,965166,143175,1108341,460,39,499,0.87082
252490,Rust,2024-10-03,965417,143203,1108620,251,28,279,0.870828
252490,Rust,2024-10-04,966128,143298,1109426,711,95,806,0.870836
252490,Rust,2024-10-05,966433,143365,1109798,305,67,372,0.870819
252490,Rust,2024-10-06,966869,143426,1110295,436,61,497,0.870822
252490,Rust,2024-10-07,967472,143531,1111003,603,105,708,0.87081
252490,Rust,2024-10-08,967805,143584,1111389,333,53,386,0.870807
252490,Rust,2024-10-09,968057,143622,1111679,252,38,290,0.870806
252490,Rust,2024-10-10,968701,143649,1112350,644,27,671,0.87086
252490,Rust,2024-10-11,968999,143689,1112688,298,40,338,0.870863
252490,Rust,2024-10-12,969294,143738,1113032,295,49,344,0.870859
252490,Rust,2024-10-13,969649,143786,1113435,355,48,403,0.870863
252490,Rust,2024-10-14,969996,143842,1113838,347,56,403,0.870859
252490,Rust,2024-10-15,970251,143879,1114130,255,37,292,0.87086
252490,Rust,2024-10-16,970467,143898,1114365,216,19,235,0.87087
252490,Rust,2024-10-17,970687,143927,1114614,220,29,249,0.870873
252490,Rust,2024-10-18,970966,143961,1114927,279,34,313,0.870879
252490,Rust,2024-10-19,971275,143993,1115268,309,32,341,0.870889
252490,Rust,2024-10-20,971560,144040,1115600,285,47,332,0.870886
252490,Rust,2024-10-21,971819,144078,1115897,259,38,297,0.870886
252490,Rust,2024-10-22,972050,144112,1116162,231,34,265,0.870886
252490,Rust,2024-10-23,972269,144149,1116418,219,37,256,0.870883
252490,Rust,2024-10-24,972503,144177,1116680,234,28,262,0.870888
252490,Rust,2024-10-25,972799,144204,1117003,296,27,323,0.870901
252490,Rust,2024-10-26,973035,144224,1117259,236,20,256,0.870913
252490,Rust,2024-10-27,973470,144264,1117734,435,40,475,0.870932
252490,Rust,2024-10-28,973922,144302,1118224,452,38,490,0.870954
252490,Rust,2024-10-29,974204,144331,1118535,282,29,311,0.870964
252490,Rust,2024-10-30,974405,144337,1118742,201,6,207,0.870983
252490,Rust,2024-10-31,974604,144357,1118961,199,20,219,0.87099
252490,Rust,2024-11-01,974832,144399,1119231,228,42,270,0.870984
252490,Rust,2024-11-02,975063,144440,1119503,231,41,272,0.870978
252490,Rust,2024-11-03,975369,144488,1119857,306,48,354,0.870976
252490,Rust,2024-11-04,975761,144528,1120289,392,40,432,0.87099
252490,Rust,2024-11-05,975862,144543,1120405,101,15,116,0.87099
252490,Rust,2024-11-06,976262,144581,1120843,400,38,438,0.871007
252490,Rust,2024-11-07,976892,144628,1121520,630,47,677,0.871043
252490,Rust,2024-11-08,977130,144659,1121789,238,31,269,0.871046
252490,Rust,2024-11-09,977729,144770,1122499,599,111,710,0.871029
252490,Rust,2024-11-10,978042,144825,1122867,313,55,368,0.871022
252490,Rust,2024-11-11,978528,144874,1123402,486,49,535,0.87104
252490,Rust,2024-11-12,978849,144904,1123753,321,30,351,0.871054
252490,Rust,2024-11-13,979131,144931,1124062,282,27,309,0.871065
252490,Rust,2024-11-14,979656,145003,1124659,525,72,597,0.871069
252490,Rust,2024-11-15,979789,145032,1124821,133,29,162,0.871062
252490,Rust,2024-11-16,980140,145082,1125222,351,50,401,0.871064
252490,Rust,2024-11-17,980491,145137,1125628,351,55,406,0.871061
252490,Rust,2024-11-18,980815,145182,1125997,324,45,369,0.871064
252490,Rust,2024-11-19,981147,145217,1126364,332,35,367,0.871075
252490,Rust,2024-11-20,981409,145233,1126642,262,16,278,0.871092
252490,Rust,2024-11-21,981677,145260,1126937,268,27,295,0.871102
252490,Rust,2024-11-22,981968,145284,1127252,291,24,315,0.871117
252490,Rust,2024-11-23,982325,145308,1127633,357,24,381,0.871139
252490,Rust,2024-11-24,982687,145356,1128043,362,48,410,0.871143
252490,Rust,2024-11-25,983081,145395,1128476,394,39,433,0.871158
252490,Rust,2024-11-26,983287,145420,1128707,206,25,231,0.871162
252490,Rust,2024-11-27,984559,145461,1130020,1272,41,1313,0.871276
252490,Rust,2024-11-28,986413,145503,1131916,1854,42,1896,0.871454
252490,Rust,2024-11-29,988728,145575,1134303,2315,72,2387,0.871661
252490,Rust,2024-11-30,990590,145681,1136271,1862,106,1968,0.87179
252490,Rust,2024-12-01,992171,145771,1137942,1581,90,1671,0.871899
252490,Rust,2024-12-02,993381,145826,1139207,1210,55,1265,0.871993
252490,Rust,2024-12-03,994479,145857,1140336,1098,31,1129,0.872093
252490,Rust,2024-12-04,995929,145933,1141862,1450,76,1526,0.872197
252490,Rust,2024-12-05,996437,145976,1142413,508,43,551,0.872221
252490,Rust,2024-12-06,997149,146029,1143178,712,53,765,0.87226
252490,Rust,2024-12-07,997651,146071,1143722,502,42,544,0.872285
252490,Rust,2024-12-08,998117,146117,1144234,466,46,512,0.872301
252490,Rust,2024-12-09,998612,146161,1144773,495,44,539,0.872323
252490,Rust,2024-12-10,998888,146191,1145079,276,30,306,0.872331
252490,Rust,2024-12-11,999557,146254,1145811,669,63,732,0.872358
252490,Rust,2024-12-12,999940,146292,1146232,383,38,421,0.872371
252490,Rust,2024-12-13,1000176,146353,1146529,236,61,297,0.872351
252490,Rust,2024-12-14,1000705,146423,1147128,529,70,599,0.872357
252490,Rust,2024-12-15,1001231,146491,1147722,526,68,594,0.872364
252490,Rust,2024-12-16,1001864,146575,1148439,633,84,717,0.87237
252490,Rust,2024-12-17,1002334,146623,1148957,470,48,518,0.872386
252490,Rust,2024-12-18,1002847,146706,1149553,513,83,596,0.87238
252490,Rust,2024-12-19,1003611,146793,1150404,764,87,851,0.872399
252490,Rust,2024-12-20,1003853,146824,1150677,242,31,273,0.872402
252490,Rust,2024-12-21,1004505,146934,1151439,652,110,762,0.872391
252490,Rust,2024-12-22,1005156,147028,1152184,651,94,745,0.872392
252490,Rust,2024-12-23,1005735,147125,1152860,579,97,676,0.872383
252490,Rust,2024-12-24,1006254,147209,1153463,519,84,603,0.872376
252490,Rust,2024-12-25,1006787,147285,1154072,533,76,609,0.872378
252490,Rust,2024-12-26,1007510,147377,1154887,723,92,815,0.872388
252490,Rust,2024-12-27,1008066,147457,1155523,556,80,636,0.872389
252490,Rust,2024-12-28,1008743,147545,1156288,677,88,765,0.872398
252490,Rust,2024-12-29,1009417,147649,1157066,674,104,778,0.872394
252490,Rust,2024-12-30,1010408,147761,1158169,991,112,1103,0.872418
252490,Rust,2024-12-31,1010711,147812,1158523,303,51,354,0.872413
252490,Rust,2025-01-01,1011337,147892,1159229,626,80,706,0.872422
252490,Rust,2025-01-02,1012773,148063,1160836,1436,171,1607,0.872451
252490,Rust,2025-01-03,1013784,148194,1161978,1011,131,1142,0.872464
252490,Rust,2025-01-04,1014027,148254,1162281,243,60,303,0.872446
252490,Rust,2025-01-05,1014675,148349,1163024,648,95,743,0.872445
252490,Rust,2025-01-06,1015411,148461,1163872,736,112,848,0.872442
252490,Rust,2025-01-07,1015821,148523,1164344,410,62,472,0.872441
252490,Rust,2025-01-08,1016355,148587,1164942,534,64,598,0.872451
252490,Rust,2025-01-09,1016983,148686,1165669,628,99,727,0.872446
252490,Rust,2025-01-10,1017269,148719,1165988,286,33,319,0.872452
252490,Rust,2025-01-11,1017833,148790,1166623,564,71,635,0.872461
252490,Rust,2025-01-12,1018415,148867,1167282,582,77,659,0.872467
252490,Rust,2025-01-13,1018885,148924,1167809,470,57,527,0.872476
252490,Rust,2025-01-14,1019325,148968,1168293,440,44,484,0.872491
252490,Rust,2025-01-15,1019897,149037,1168934,572,69,641,0.872502
252490,Rust,2025-01-16,1020029,149047,1169076,132,10,142,0.872509
252490,Rust,2025-01-17,1020439,149104,1169543,410,57,467,0.872511
252490,Rust,2025-01-18,1021444,149197,1170641,1005,93,1098,0.872551
252490,Rust,2025-01-19,1021928,149252,1171180,484,55,539,0.872563
252490,Rust,2025-01-20,1022338,149287,1171625,410,35,445,0.872581
252490,Rust,2025-01-21,1022479,149300,1171779,141,13,154,0.872587
252490,Rust,2025-01-22,1022826,149344,1172170,347,44,391,0.872592
252490,Rust,2025-01-23,1023285,149401,1172686,459,57,516,0.872599
252490,Rust,2025-01-24,1023926,149472,1173398,641,71,712,0.872616
252490,Rust,2025-01-25,1024193,149512,1173705,267,40,307,0.872615
252490,Rust,2025-01-26,1024593,149559,1174152,400,47,447,0.872624
252490,Rust,2025-01-27,1024938,149607,1174545,345,48,393,0.872626
252490,Rust,2025-01-28,1025503,149661,1175164,565,54,619,0.872647
252490,Rust,2025-01-29,1025886,149718,1175604,383,57,440,0.872646
252490,Rust,2025-01-30,1026238,149765,1176003,352,47,399,0.872649
252490,Rust,2025-01-31,1026579,149815,1176394,341,50,391,0.872649
252490,Rust,2025-02-01,1026973,149868,1176841,394,53,447,0.872652
252490,Rust,2025-02-02,1027369,149914,1177283,396,46,442,0.872661
252490,Rust,2025-02-03,1027745,149955,1177700,376,41,417,0.872671
252490,Rust,2025-02-04,1028270,150020,1178290,525,65,590,0.87268
252490,Rust,2025-02-05,1028401,150046,1178447,131,26,157,0.872675
252490,Rust,2025-02-06,1029416,150210,1179626,1015,164,1179,0.872663
252490,Rust,2025-02-07,1030025,150312,1180337,609,102,711,0.872653
252490,Rust,2025-02-08,1030873,150440,1181313,848,128,976,0.87265
252490,Rust,2025-02-09,1031358,150541,1181899,485,101,586,0.872628
252490,Rust,2025-02-10,1032178,150657,1182835,820,116,936,0.872631
252490,Rust,2025-02-11,1032470,150711,1183181,292,54,346,0.872622
252490,Rust,2025-02-12,1032793,150761,1183554,323,50,373,0.87262
252490,Rust,2025-02-13,1033303,150804,1184107,510,43,553,0.872643
252490,Rust,2025-02-14,1033600,150858,1184458,297,54,351,0.872635
252490,Rust,2025-02-15,1034031,150919,1184950,431,61,492,0.872637
252490,Rust,2025-02-16,1034565,151003,1185568,534,84,618,0.872632
252490,Rust,2025-02-17,1035262,151070,1186332,697,67,764,0.872658
252490,Rust,2025-02-18,1035504,151106,1186610,242,36,278,0.872657
252490,Rust,2025-02-19,1035912,151167,1187079,408,61,469,0.872656
252490,Rust,2025-02-20,1036449,151236,1187685,537,69,606,0.872663
252490,Rust,2025-02-21,1036903,151284,1188187,454,48,502,0.872677
252490,Rust,2025-02-22,1037367,151343,1188710,464,59,523,0.872683
252490,Rust,2025-02-23,1037840,151425,1189265,473,82,555,0.872673
252490,Rust,2025-02-24,1038310,151493,1189803,470,68,538,0.872674
252490,Rust,2025-02-25,1038690,151547,1190237,380,54,434,0.872675
252490,Rust,2025-02-26,1039166,151618,1190784,476,71,547,0.872674
252490,Rust,2025-02-27,1039514,151648,1191162,348,30,378,0.872689
252490,Rust,2025-02-28,1039866,151701,1191567,352,53,405,0.872688
252490,Rust,2025-03-01,1040270,151746,1192016,404,45,449,0.872698
252490,Rust,2025-03-02,1040691,151827,1192518,421,81,502,0.872684
252490,Rust,2025-03-03,1041067,151885,1192952,376,58,434,0.872681
252490,Rust,2025-03-04,1041415,151939,1193354,348,54,402,0.872679
252490,Rust,2025-03-05,1042137,152009,1194146,722,70,792,0.872705
252490,Rust,2025-03-06,1042706,152098,1194804,569,89,658,0.8727
252490,Rust,2025-03-07,1043167,152162,1195329,461,64,525,0.872703
252490,Rust,2025-03-08,1043565,152238,1195803,398,76,474,0.87269
252490,Rust,2025-03-09,1043926,152304,1196230,361,66,427,0.87268
252490,Rust,2025-03-10,1044426,152402,1196828,500,98,598,0.872662
252490,Rust,2025-03-11,1044549,152429,1196978,123,27,150,0.872655
252490,Rust,2025-03-12,1044899,152468,1197367,350,39,389,0.872664
252490,Rust,2025-03-13,1045335,152533,1197868,436,65,501,0.872663
252490,Rust,2025-03-14,1045687,152567,1198254,352,34,386,0.872676
252490,Rust,2025-03-15,1046130,152632,1198762,443,65,508,0.872675
252490,Rust,2025-03-16,1046606,152722,1199328,476,90,566,0.87266
252490,Rust,2025-03-17,1047009,152804,1199813,403,82,485,0.872643
252490,Rust,2025-03-18,1047354,152833,1200187,345,29,374,0.872659
252490,Rust,2025-03-19,1047728,152877,1200605,374,44,418,0.872667
252490,Rust,2025-03-20,1048396,152964,1201360,668,87,755,0.872674
252490,Rust,2025-03-21,1048794,153023,1201817,398,59,457,0.872674
252490,Rust,2025-03-22,1049124,153084,1202208,330,61,391,0.872664
252490,Rust,2025-03-23,1049517,153145,1202662,393,61,454,0.872662
252490,Rust,2025-03-24,1050190,153250,1203440,673,105,778,0.872657
252490,Rust,2025-03-25,1050433,153295,1203728,243,45,288,0.87265
252490,Rust,2025-03-26,1050802,153362,1204164,369,67,436,0.87264
252490,Rust,2025-03-27,1051298,153430,1204728,496,68,564,0.872643
252490,Rust,2025-03-28,1051603,153477,1205080,305,47,352,0.872642
252490,Rust,2025-03-29,1051876,153529,1205405,273,52,325,0.872633
252490,Rust,2025-03-30,1052259,153595,1205854,383,66,449,0.872626
252490,Rust,2025-03-31,1052804,153688,1206492,545,93,638,0.872616
252490,Rust,2025-04-01,1053295,153763,1207058,491,75,566,0.872613
252490,Rust,2025-04-02,1053588,153810,1207398,293,47,340,0.87261
252490,Rust,2025-04-03,1053873,153842,1207715,285,32,317,0.872617
252490,Rust,2025-04-04,1054553,153940,1208493,680,98,778,0.872618
252490,Rust,2025-04-05,1054647,153961,1208608,94,21,115,0.872613
252490,Rust,2025-04-06,1054925,154020,1208945,278,59,337,0.8726
252490,Rust,2025-04-07,1055277,154073,1209350,352,53,405,0.872599
252490,Rust,2025-04-08,1055688,154109,1209797,411,36,447,0.872616
252490,Rust,2025-04-09,1055786,154132,1209918,98,23,121,0.87261
252490,Rust,2025-04-10,1056043,154170,1210213,257,38,295,0.872609
252490,Rust,2025-04-11,1056374,154216,1210590,331,46,377,0.872611
252490,Rust,2025-04-12,1056536,154251,1210787,162,35,197,0.872603
252490,Rust,2025-04-13,1056853,154282,1211135,317,31,348,0.872614
252490,Rust,2025-04-14,1057094,154311,1211405,241,29,270,0.872618
252490,Rust,2025-04-15,1057271,154339,1211610,177,28,205,0.872617
252490,Rust,2025-04-16,1057525,154381,1211906,254,42,296,0.872613
252490,Rust,2025-04-17,1057804,154402,1212206,279,21,300,0.872627
252490,Rust,2025-04-18,1058058,154431,1212489,254,29,283,0.872633
252490,Rust,2025-04-19,1058333,154478,1212811,275,47,322,0.872628
252490,Rust,2025-04-20,1058592,154512,1213104,259,34,293,0.872631
252490,Rust,2025-04-21,1058883,154538,1213421,291,26,317,0.872643
252490,Rust,2025-04-22,1059149,154589,1213738,266,51,317,0.872634
252490,Rust,2025-04-23,1059400,154639,1214039,251,50,301,0.872624
252490,Rust,2025-04-24,1059591,154669,1214260,191,30,221,0.872623
252490,Rust,2025-04-25,1059856,154697,1214553,265,28,293,0.872631
252490,Rust,2025-04-26,1060198,154724,1214922,342,27,369,0.872647
252490,Rust,2025-04-27,1060425,154759,1215184,227,35,262,0.872646
252490,Rust,2025-04-28,1060640,154800,1215440,215,41,256,0.872639
252490,Rust,2025-04-29,1061017,154834,1215851,377,34,411,0.872654
252490,Rust,2025-04-30,1061238,154858,1216096,221,24,245,0.87266
252490,Rust,2025-05-01,1061989,154935,1216924,751,77,828,0.872683
252490,Rust,2025-05-02,1062287,154996,1217283,298,61,359,0.872671
252490,Rust,2025-05-03,1062881,155110,1217991,594,114,708,0.872651
252490,Rust,2025-05-04,1063336,155199,1218535,455,89,544,0.872635
252490,Rust,2025-05-05,1063690,155257,1218947,354,58,412,0.87263
252490,Rust,2025-05-06,1063974,155307,1219281,284,50,334,0.872624
252490,Rust,2025-05-07,1064238,155356,1219594,264,49,313,0.872617
252490,Rust,2025-05-08,1064490,155408,1219898,252,52,304,0.872606
252490,Rust,2025-05-09,1064757,155452,1220209,267,44,311,0.872602
252490,Rust,2025-05-10,1064998,155499,1220497,241,47,288,0.872594
252490,Rust,2025-05-11,1065265,155560,1220825,267,61,328,0.872578
252490,Rust,2025-05-12,1065514,155587,1221101,249,27,276,0.872585
252490,Rust,2025-05-13,1065792,155643,1221435,278,56,334,0.872574
252490,Rust,2025-05-14,1066040,155684,1221724,248,41,289,0.87257
252490,Rust,2025-05-15,1066292,155718,1222010,252,34,286,0.872572
252490,Rust,2025-05-16,1066520,155742,1222262,228,24,252,0.872579
252490,Rust,2025-05-17,1066918,155806,1222724,398,64,462,0.872575
252490,Rust,2025-05-18,1067196,155837,1223033,278,31,309,0.872582
252490,Rust,2025-05-19,1067410,155880,1223290,214,43,257,0.872573
252490,Rust,2025-05-20,1067664,155921,1223585,254,41,295,0.87257
252490,Rust,2025-05-21,1067793,155972,1223765,129,51,180,0.872547
252490,Rust,2025-05-22,1067982,156024,1224006,189,52,241,0.87253
252490,Rust,2025-05-23,1068202,156081,1224283,220,57,277,0.872512
252490,Rust,2025-05-24,1068428,156123,1224551,226,42,268,0.872506
252490,Rust,2025-05-25,1068654,156168,1224822,226,45,271,0.872497
252490,Rust,2025-05-26,1068864,156216,1225080,210,48,258,0.872485
252490,Rust,2025-05-27,1069132,156270,1225402,268,54,322,0.872475
252490,Rust,2025-05-28,1069302,156305,1225607,170,35,205,0.872467
252490,Rust,2025-05-29,1069495,156337,1225832,193,32,225,0.872465
252490,Rust,2025-05-30,1069734,156368,1226102,239,31,270,0.872467
252490,Rust,2025-05-31,1069937,156417,1226354,203,49,252,0.872454
252490,Rust,2025-06-01,1070115,156467,1226582,178,50,228,0.872437
252490,Rust,2025-06-02,1070331,156512,1226843,216,45,261,0.872427
252490,Rust,2025-06-03,1070551,156554,1227105,220,42,262,0.87242
252490,Rust,2025-06-04,1070691,156582,1227273,140,28,168,0.872415
252490,Rust,2025-06-05,1071135,156649,1227784,444,67,511,0.872413
252490,Rust,2025-06-06,1071696,156748,1228444,561,99,660,0.872401
252490,Rust,2025-06-07,1071820,156778,1228598,124,30,154,0.872393
252490,Rust,2025-06-08,1072012,156836,1228848,192,58,250,0.872372
252490,Rust,2025-06-09,1072319,156912,1229231,307,76,383,0.872349
252490,Rust,2025-06-10,1072501,156956,1229457,182,44,226,0.872337
252490,Rust,2025-06-11,1072719,157003,1229722,218,47,265,0.872326
252490,Rust,2025-06-12,1072933,157046,1229979,214,43,257,0.872318
252490,Rust,2025-06-13,1073099,157072,1230171,166,26,192,0.872317
252490,Rust,2025-06-14,1073284,157115,1230399,185,43,228,0.872306
252490,Rust,2025-06-15,1073452,157158,1230610,168,43,211,0.872293
252490,Rust,2025-06-16,1073660,157184,1230844,208,26,234,0.872296
252490,Rust,2025-06-17,1073830,157221,1231051,170,37,207,0.872287
252490,Rust,2025-06-18,1073991,157267,1231258,161,46,207,0.872271
252490,Rust,2025-06-19,1074176,157299,1231475,185,32,217,0.872268
252490,Rust,2025-06-20,1074341,157340,1231681,165,41,206,0.872256
252490,Rust,2025-06-21,1074523,157388,1231911,182,48,230,0.872241
252490,Rust,2025-06-22,1074673,157398,1232071,150,10,160,0.872249
252490,Rust,2025-06-23,1074846,157413,1232259,173,15,188,0.872257
252490,Rust,2025-06-24,1075032,157449,1232481,186,36,222,0.87225
252490,Rust,2025-06-25,1075181,157479,1232660,149,30,179,0.872245
252490,Rust,2025-06-26,1075459,157542,1233001,278,63,341,0.872229
252490,Rust,2025-06-27,1075576,157566,1233142,117,24,141,0.872224
252490,Rust,2025-06-28,1075804,157644,1233448,228,78,306,0.872192
252490,Rust,2025-06-29,1076061,157709,1233770,257,65,322,0.872173
252490,Rust,2025-06-30,1076341,157769,1234110,280,60,340,0.87216
252490,Rust,2025-07-01,1076617,157826,1234443,276,57,333,0.872148
252490,Rust,2025-07-02,1076950,157885,1234835,333,59,392,0.872141
252490,Rust,2025-07-03,1077613,157973,1235586,663,88,751,0.872147
252490,Rust,2025-07-04,1077787,158021,1235808,174,48,222,0.872131
252490,Rust,2025-07-05,1078212,158120,1236332,425,99,524,0.872106
252490,Rust,2025-07-06,1078392,158155,1236547,180,35,215,0.872099
252490,Rust,2025-07-07,1078675,158230,1236905,283,75,358,0.872076
252490,Rust,2025-07-08,1078934,158307,1237241,259,77,336,0.872048
252490,Rust,2025-07-09,1079269,158379,1237648,335,72,407,0.872032
252490,Rust,2025-07-10,1079604,158425,1238029,335,46,381,0.872034
252490,Rust,2025-07-11,1079810,158460,1238270,206,35,241,0.872031
252490,Rust,2025-07-12,1080046,158511,1238557,236,51,287,0.87202
252490,Rust,2025-07-13,1080338,158574,1238912,292,63,355,0.872005
252490,Rust,2025-07-14,1080575,158626,1239201,237,52,289,0.871993
252490,Rust,2025-07-15,1080782,158675,1239457,207,49,256,0.87198
252490,Rust,2025-07-16,1080989,158720,1239709,207,45,252,0.87197
252490,Rust,2025-07-17,1081221,158768,1239989,232,48,280,0.87196
252490,Rust,2025-07-18,1081470,158820,1240290,249,52,301,0.871949
252490,Rust,2025-07-19,1081634,158865,1240499,164,45,209,0.871935
252490,Rust,2025-07-20,1081814,158920,1240734,180,55,235,0.871915
252490,Rust,2025-07-21,1082030,158981,1241011,216,61,277,0.871894
252490,Rust,2025-07-22,1082235,159036,1241271,205,55,260,0.871876
252490,Rust,2025-07-23,1082443,159081,1241524,208,45,253,0.871866
252490,Rust,2025-07-24,1082787,159129,1241916,344,48,392,0.871868
252490,Rust,2025-07-25,1082964,159169,1242133,177,40,217,0.871858
252490,Rust,2025-07-26,1083198,159221,1242419,234,52,286,0.871846
252490,Rust,2025-07-27,1083386,159270,1242656,188,49,237,0.871831
252490,Rust,2025-07-28,1083597,159315,1242912,211,45,256,0.871821
252490,Rust,2025-07-29,1083813,159359,1243172,216,44,260,0.871813
252490,Rust,2025-07-30,1084024,159399,1243423,211,40,251,0.871806
252490,Rust,2025-07-31,1084413,159456,1243869,389,57,446,0.871806
252490,Rust,2025-08-01,1084686,159528,1244214,273,72,345,0.871784
252490,Rust,2025-08-02,1084914,159588,1244502,228,60,288,0.871766
252490,Rust,2025-08-03,1085137,159608,1244745,223,20,243,0.871775
252490,Rust,2025-08-04,1085342,159652,1244994,205,44,249,0.871765
252490,Rust,2025-08-05,1085682,159721,1245403,340,69,409,0.871752
252490,Rust,2025-08-06,1085888,159767,1245655,206,46,252,0.871741
252490,Rust,2025-08-07,1086083,159795,1245878,195,28,223,0.871741
252490,Rust,2025-08-08,1086918,160026,1246944,835,231,1066,0.871665
252490,Rust,2025-08-09,1087123,160054,1247177,205,28,233,0.871667
252490,Rust,2025-08-10,1087774,160200,1247974,651,146,797,0.871632
252490,Rust,2025-08-11,1087936,160229,1248165,162,29,191,0.871628
252490,Rust,2025-08-12,1088469,160366,1248835,533,137,670,0.871588
252490,Rust,2025-08-13,1088651,160403,1249054,182,37,219,0.87158
252490,Rust,2025-08-14,1089091,160508,1249599,440,105,545,0.871552
252490,Rust,2025-08-15,1089602,160585,1250187,511,77,588,0.871551
252490,Rust,2025-08-16,1089682,160607,1250289,80,22,102,0.871544
252490,Rust,2025-08-17,1089921,160671,1250592,239,64,303,0.871524
252490,Rust,2025-08-18,1090311,160741,1251052,390,70,460,0.871515
252490,Rust,2025-08-19,1090542,160787,1251329,231,46,277,0.871507
252490,Rust,2025-08-20,1090787,160851,1251638,245,64,309,0.871488
252490,Rust,2025-08-21,1091009,160880,1251889,222,29,251,0.87149
252490,Rust,2025-08-22,1091220,160941,1252161,211,61,272,0.871469
252490,Rust,2025-08-23,1091432,161000,1252432,212,59,271,0.87145
252490,Rust,2025-08-24,1091803,161074,1252877,371,74,445,0.871437
252490,Rust,2025-08-25,1091910,161109,1253019,107,35,142,0.871423
252490,Rust,2025-08-26,1092102,161150,1253252,192,41,233,0.871415
252490,Rust,2025-08-27,1092341,161182,1253523,239,32,271,0.871417
252490,Rust,2025-08-28,1092688,161256,1253944,347,74,421,0.871401
252490,Rust,2025-08-29,1092830,161276,1254106,142,20,162,0.871402
252490,Rust,2025-08-30,1092998,161333,1254331,168,57,225,0.871379
252490,Rust,2025-08-31,1093207,161378,1254585,209,45,254,0.871369
252490,Rust,2025-09-01,1093364,161425,1254789,157,47,204,0.871353
252490,Rust,2025-09-02,1093540,161462,1255002,176,37,213,0.871345
252490,Rust,2025-09-03,1093777,161501,1255278,237,39,276,0.871342
252490,Rust,2025-09-04,1093912,161522,1255434,135,21,156,0.871342
252490,Rust,2025-09-05,1094323,161597,1255920,411,75,486,0.871332
252490,Rust,2025-09-06,1094425,161616,1256041,102,19,121,0.871329
252490,Rust,2025-09-07,1094674,161681,1256355,249,65,314,0.871309
252490,Rust,2025-09-08,1094835,161722,1256557,161,41,202,0.871298
252490,Rust,2025-09-09,1095004,161758,1256762,169,36,205,0.87129
252490,Rust,2025-09-10,1095199,161783,1256982,195,25,220,0.871293
252490,Rust,2025-09-11,1095403,161828,1257231,204,45,249,0.871282
252490,Rust,2025-09-12,1095615,161862,1257477,212,34,246,0.87128
252490,Rust,2025-09-13,1095879,161927,1257806,264,65,329,0.871262
252490,Rust,2025-09-14,1096054,161981,1258035,175,54,229,0.871243
252490,Rust,2025-09-15,1096139,162010,1258149,85,29,114,0.871231
252490,Rust,2025-09-16,1096357,162052,1258409,218,42,260,0.871225
252490,Rust,2025-09-17,1096669,162110,1258779,312,58,370,0.871216
252490,Rust,2025-09-18,1096711,162122,1258833,42,12,54,0.871212
252490,Rust,2025-09-19,1096913,162161,1259074,202,39,241,0.871206
252490,Rust,2025-09-20,1097236,162235,1259471,323,74,397,0.871188
252490,Rust,2025-09-21,1097307,162253,1259560,71,18,89,0.871183
252490,Rust,2025-09-22,1097492,162291,1259783,185,38,223,0.871175
252490,Rust,2025-09-23,1097656,162328,1259984,164,37,201,0.871167
252490,Rust,2025-09-24,1097824,162360,1260184,168,32,200,0.871162
252490,Rust,2025-09-25,1097886,162365,1260251,62,5,67,0.871165
252490,Rust,2025-09-26,1098084,162389,1260473,198,24,222,0.871168
252490,Rust,2025-09-27,1098292,162413,1260705,208,24,232,0.871173
252490,Rust,2025-09-28,1098497,162463,1260960,205,50,255,0.871159
252490,Rust,2025-09-29,1098697,162482,1261179,200,19,219,0.871167
252490,Rust,2025-09-30,1099016,162536,1261552,319,54,373,0.871162
252490,Rust,2025-10-01,1099234,162579,1261813,218,43,261,0.871154
252490,Rust,2025-10-02,1099961,162758,1262719,727,179,906,0.871105
252490,Rust,2025-10-03,1100270,163207,1263477,309,449,758,0.870827
252490,Rust,2025-10-04,1100467,163376,1263843,197,169,366,0.870731
252490,Rust,2025-10-05,1100671,163468,1264139,204,92,296,0.870688
252490,Rust,2025-10-06,1101253,163609,1264862,582,141,723,0.870651
252490,Rust,2025-10-07,1101505,163682,1265187,252,73,325,0.870626
252490,Rust,2025-10-08,1101860,163763,1265623,355,81,436,0.870607
252490,Rust,2025-10-09,1102064,163795,1265859,204,32,236,0.870606
252490,Rust,2025-10-10,1102327,163868,1266195,263,73,336,0.870582
252490,Rust,2025-10-11,1102562,163929,1266491,235,61,296,0.870564
252490,Rust,2025-10-12,1102859,163999,1266858,297,70,367,0.870547
252490,Rust,2025-10-13,1103057,164051,1267108,198,52,250,0.870531
252490,Rust,2025-10-14,1103258,164101,1267359,201,50,251,0.870517
252490,Rust,2025-10-15,1103459,164141,1267600,201,40,241,0.87051
252490,Rust,2025-10-16,1103663,164170,1267833,204,29,233,0.870511
252490,Rust,2025-10-17,1103916,164208,1268124,253,38,291,0.870511
252490,Rust,2025-10-18,1104224,164252,1268476,308,44,352,0.870512
252490,Rust,2025-10-19,1104470,164302,1268772,246,50,296,0.870503
252490,Rust,2025-10-20,1104905,164353,1269258,435,51,486,0.870513
252490,Rust,2025-10-21,1105150,164404,1269554,245,51,296,0.870503
252490,Rust,2025-10-22,1105258,164431,1269689,108,27,135,0.870495
252490,Rust,2025-10-23,1105717,164506,1270223,459,75,534,0.87049
252490,Rust,2025-10-24,1105842,164531,1270373,125,25,150,0.870486
252490,Rust,2025-10-25,1106145,164576,1270721,303,45,348,0.870486
252490,Rust,2025-10-26,1106423,164656,1271079,278,80,358,0.87046
252490,Rust,2025-10-27,1106692,164753,1271445,269,97,366,0.870421
252490,Rust,2025-10-28,1107028,164854,1271882,336,101,437,0.870386
252490,Rust,2025-10-29,1107230,164900,1272130,202,46,248,0.870375
252490,Rust,2025-10-30,1107599,164973,1272572,369,73,442,0.870363
252490,Rust,2025-10-31,1107792,164993,1272785,193,20,213,0.870369
252490,Rust,2025-11-01,1108094,165074,1273168,302,81,383,0.870344
252490,Rust,2025-11-02,1108482,165130,1273612,388,56,444,0.870345
252490,Rust,2025-11-03,1108810,165162,1273972,328,32,360,0.870357
252490,Rust,2025-11-04,1109112,165226,1274338,302,64,366,0.870344
252490,Rust,2025-11-05,1109473,165291,1274764,361,65,426,0.870336
252490,Rust,2025-11-06,1110250,165417,1275667,777,126,903,0.870329
252490,Rust,2025-11-07,1110638,165494,1276132,388,77,465,0.870316
252490,Rust,2025-11-08,1110844,165547,1276391,206,53,259,0.870301
252490,Rust,2025-11-09,1111149,165600,1276749,305,53,358,0.870296
252490,Rust,2025-11-10,1111353,165649,1277002,204,49,253,0.870283
252490,Rust,2025-11-11,1111569,165684,1277253,216,35,251,0.870281
252490,Rust,2025-11-12,1111840,165712,1277552,271,28,299,0.870289
252490,Rust,2025-11-13,1112019,165747,1277766,179,35,214,0.870284
252490,Rust,2025-11-14,1112183,165804,1277987,164,57,221,0.870262
252490,Rust,2025-11-15,1112432,165845,1278277,249,41,290,0.870259
252490,Rust,2025-11-16,1112684,165895,1278579,252,50,302,0.87025
252490,Rust,2025-11-17,1112910,165941,1278851,226,46,272,0.870242
252490,Rust,2025-11-18,1113115,165972,1279087,205,31,236,0.870242
252490,Rust,2025-11-19,1113406,166026,1279432,291,54,345,0.870235
252490,Rust,2025-11-20,1113545,166034,1279579,139,8,147,0.870243
252490,Rust,2025-11-21,1113741,166077,1279818,196,43,239,0.870234
252490,Rust,2025-11-22,1114004,166146,1280150,263,69,332,0.870214
252490,Rust,2025-11-23,1114278,166213,1280491,274,67,341,0.870196
252490,Rust,2025-11-24,1115186,166284,1281470,908,71,979,0.87024
252490,Rust,2025-11-25,1116454,166327,1282781,1268,43,1311,0.870339
252490,Rust,2025-11-26,1118651,166407,1285058,2197,80,2277,0.870506
252490,Rust,2025-11-27,1120205,166471,1286676,1554,64,1618,0.870619
252490,Rust,2025-11-28,1121482,166518,1288000,1277,47,1324,0.870716
252490,Rust,2025-11-29,1122559,166570,1289129,1077,52,1129,0.870789
252490,Rust,2025-11-30,1123577,166673,1290250,1018,103,1121,0.870821
252490,Rust,2025-12-01,1124572,166712,1291284,995,39,1034,0.870894
252490,Rust,2025-12-02,1124890,166747,1291637,318,35,353,0.870903
252490,Rust,2025-12-03,1125204,166807,1292011,314,60,374,0.870894
252490,Rust,2025-12-04,1125430,166830,1292260,226,23,249,0.870901
252490,Rust,2025-12-05,1125910,166903,1292813,480,73,553,0.870899
252490,Rust,2025-12-06,1126128,166951,1293079,218,48,266,0.870889
252490,Rust,2025-12-07,1126402,167012,1293414,274,61,335,0.870875
252490,Rust,2025-12-08,1126685,167098,1293783,283,86,369,0.870845
252490,Rust,2025-12-09,1126856,167132,1293988,171,34,205,0.87084
252490,Rust,2025-12-10,1127251,167198,1294449,395,66,461,0.870835
252490,Rust,2025-12-11,1127449,167220,1294669,198,22,220,0.87084
252490,Rust,2025-12-12,1127785,167282,1295067,336,62,398,0.870831
252490,Rust,2025-12-13,1128166,167345,1295511,381,63,444,0.870827
252490,Rust,2025-12-14,1128568,167415,1295983,402,70,472,0.87082
252490,Rust,2025-12-15,1128892,167491,1296383,324,76,400,0.870801
252490,Rust,2025-12-16,1129242,167545,1296787,350,54,404,0.8708
252490,Rust,2025-12-17,1129535,167609,1297144,293,64,357,0.870786
252490,Rust,2025-12-18,1130436,167707,1298143,901,98,999,0.87081
252490,Rust,2025-12-19,1130987,167768,1298755,551,61,612,0.870824
252490,Rust,2025-12-20,1131231,167826,1299057,244,58,302,0.870809
252490,Rust,2025-12-21,1131764,167936,1299700,533,110,643,0.870789
252490,Rust,2025-12-22,1132170,168012,1300182,406,76,482,0.870778
252490,Rust,2025-12-23,1132610,168070,1300680,440,58,498,0.870783
252490,Rust,2025-12-24,1133027,168146,1301173,417,76,493,0.870774
252490,Rust,2025-12-25,1133521,168214,1301735,494,68,562,0.870777
252490,Rust,2025-12-26,1134078,168315,1302393,557,101,658,0.870765
252490,Rust,2025-12-27,1134681,168397,1303078,603,82,685,0.87077
252490,Rust,2025-12-28,1135227,168472,1303699,546,75,621,0.870774
252490,Rust,2025-12-29,1136002,168620,1304622,775,148,923,0.870752
252490,Rust,2025-12-30,1136485,168712,1305197,483,92,575,0.870738
252490,Rust,2025-12-31,1136839,168779,1305618,354,67,421,0.870729
252490,Rust,2026-01-01,1137563,168851,1306414,724,72,796,0.870752
252490,Rust,2026-01-02,1138313,168955,1307268,750,104,854,0.870757
252490,Rust,2026-01-03,1138967,169072,1308039,654,117,771,0.870744
252490,Rust,2026-01-04,1139515,169158,1308673,548,86,634,0.870741
252490,Rust,2026-01-05,1140377,169299,1309676,862,141,1003,0.870732
252490,Rust,2026-01-06,1140725,169343,1310068,348,44,392,0.870737
252490,Rust,2026-01-07,1141262,169425,1310687,537,82,619,0.870736
252490,Rust,2026-01-08,1141876,169516,1311392,614,91,705,0.870736
252490,Rust,2026-01-09,1142030,169543,1311573,154,27,181,0.870733
252490,Rust,2026-01-10,1142718,169657,1312375,688,114,802,0.870725
252490,Rust,2026-01-11,1143159,169717,1312876,441,60,501,0.870729
252490,Rust,2026-01-12,1143504,169773,1313277,345,56,401,0.870726
252490,Rust,2026-01-13,1143819,169811,1313630,315,38,353,0.870731
252490,Rust,2026-01-14,1144158,169845,1314003,339,34,373,0.870742
252490,Rust,2026-01-15,1144378,169892,1314270,220,47,267,0.870733
252490,Rust,2026-01-16,1144775,169937,1314712,397,45,442,0.870742
252490,Rust,2026-01-17,1145145,170012,1315157,370,75,445,0.870729
252490,Rust,2026-01-18,1145491,170079,1315570,346,67,413,0.870718
252490,Rust,2026-01-19,1145816,170123,1315939,325,44,369,0.870721
252490,Rust,2026-01-20,1146060,170156,1316216,244,33,277,0.870723
252490,Rust,2026-01-21,1146329,170195,1316524,269,39,308,0.870724
252490,Rust,2026-01-22,1146581,170238,1316819,252,43,295,0.87072
252490,Rust,2026-01-23,1146875,170286,1317161,294,48,342,0.870717
252490,Rust,2026-01-24,1147208,170361,1317569,333,75,408,0.870701
252490,Rust,2026-01-25,1147520,170419,1317939,312,58,370,0.870693
252490,Rust,2026-01-26,1147755,170467,1318222,235,48,283,0.870684
252490,Rust,2026-01-27,1148009,170508,1318517,254,41,295,0.870682
252490,Rust,2026-01-28,1148319,170552,1318871,310,44,354,0.870683
252490,Rust,2026-01-29,1148583,170585,1319168,264,33,297,0.870687
252490,Rust,2026-01-30,1148848,170626,1319474,265,41,306,0.870686
252490,Rust,2026-01-31,1149117,170693,1319810,269,67,336,0.870669
252490,Rust,2026-02-01,1149387,170753,1320140,270,60,330,0.870655
252490,Rust,2026-02-02,1149684,170814,1320498,297,61,358,0.870644
252490,Rust,2026-02-03,1150023,170860,1320883,339,46,385,0.870647
252490,Rust,2026-02-04,1150238,170906,1321144,215,46,261,0.870638
252490,Rust,2026-02-05,1151022,170990,1322012,784,84,868,0.870659
252490,Rust,2026-02-06,1151670,171089,1322759,648,99,747,0.870657
252490,Rust,2026-02-07,1151989,171137,1323126,319,48,367,0.870657
252490,Rust,2026-02-08,1153136,171333,1324469,1147,196,1343,0.87064
252490,Rust,2026-02-09,1153311,171363,1324674,175,30,205,0.870638
252490,Rust,2026-02-10,1153678,171469,1325147,367,106,473,0.870604
252490,Rust,2026-02-11,1154369,171610,1325979,691,141,832,0.870579
252490,Rust,2026-02-12,1154556,171650,1326206,187,40,227,0.870571
252490,Rust,2026-02-13,1154957,171721,1326678,401,71,472,0.870563
252490,Rust,2026-02-14,1155406,171816,1327222,449,95,544,0.870545
252490,Rust,2026-02-15,1155888,171901,1327789,482,85,567,0.870536
252490,Rust,2026-02-16,1156553,172060,1328613,665,159,824,0.870497
252490,Rust,2026-02-17,1156679,172084,1328763,126,24,150,0.870493
252490,Rust,2026-02-18,1157263,172165,1329428,584,81,665,0.870497
252490,Rust,2026-02-19,1157825,172264,1330089,562,99,661,0.870487
252490,Rust,2026-02-20,1158076,172315,1330391,251,51,302,0.870478
252490,Rust,2026-02-21,1158746,172442,1331188,670,127,797,0.87046
252490,Rust,2026-02-22,1158936,172497,1331433,190,55,245,0.870443
252490,Rust,2026-02-23,1159454,172594,1332048,518,97,615,0.87043
252490,Rust,2026-02-24,1159768,172616,1332384,314,22,336,0.870446
252490,Rust,2026-02-25,1160352,172673,1333025,584,57,641,0.870465
252490,Rust,2026-02-26,1160652,172720,1333372,300,47,347,0.870464
252490,Rust,2026-02-27,1160910,172778,1333688,258,58,316,0.870451
252490,Rust,2026-02-28,1161237,172842,1334079,327,64,391,0.870441
252490,Rust,2026-03-01,1161560,172912,1334472,323,70,393,0.870427
252490,Rust,2026-03-02,1161798,172958,1334756,238,46,284,0.87042
252490,Rust,2026-03-03,1162104,173011,1335115,306,53,359,0.870415
252490,Rust,2026-03-04,1162247,173029,1335276,143,18,161,0.870417
