AppID,GameName
346110,ARK: Survival Evolved
227300,Euro Truck Simulator 2
252490,Rust
413150,Stardew Valley
105600,Terraria
275850,No Man's Sky
4000,Garry's Mod
242760,The Forest
322330,Don't Starve Together
1260320,Party Animals
648800,Raft
264710,Subnautica
294100,RimWorld
477160,Human Fall Flat
361420,ASTRONEER
305620,The Long Dark
367520,Hollow Knight
457140,Oxygen Not Included
427520,Factorio
526870,Satisfactory
588650,Dead Cells
282070,This War of Mine
379430,Kingdom Come: Deliverance
391540,Undertale
250900,The Binding of Isaac: Rebirth
262060,Darkest Dungeon®
1332010,Stray
244210,Assetto Corsa
268910,Cuphead
508440,Totally Accurate Battle Simulator
313120,Stranded Deep
632360,Risk of Rain 2
686810,Hell Let Loose
219640,Chivalry: Medieval Warfare
1145360,Hades
233860,Kenshi
220200,Kerbal Space Program
644930,They Are Billions
222880,Insurgency
211820,Starbound
362890,Black Mesa
613100,House Flipper
433340,Slime Rancher
581320,Insurgency: Sandstorm
285900,Gang Beasts
848450,Subnautica: Below Zero
646570,Slay the Spire
690830,Foundation
393420,Hurtworld
286160,Tabletop Simulator
1868140,DAVE THE DIVER
899770,Last Epoch
632470,Disco Elysium - The Final Cut
728880,Overcooked! 2
246620,Plague Inc: Evolved
1167630,Teardown
219740,Don't Starve
233450,Prison Architect
1527950,Wartales
535930,Two Point Hospital
383870,Firewatch
235540,Warhammer: End Times - Vermintide
1057090,Ori and the Will of the Wisps
424840,Little Nightmares
48700,Mount & Blade: Warband
414340,Hellblade: Senua's Sacrifice
597820,BIOMUTANT
240720,Getting Over It with Bennett Foddy
2198150,Tiny Glade
666140,My Time at Portia
881100,Noita
414700,Outlast 2
313630,The Solus Project
257510,The Talos Principle
753640,Outer Wilds
304430,INSIDE
629760,MORDHAU
621060,PC Building Simulator
392110,ENDLESS™ Space 2
418240,Shadow Tactics: Blades of the Shogun
322170,Geometry Dash
992300,嗜血印 Bloody Spell
1621690,Core Keeper
860510,Little Nightmares II
880940,Pummel Party
736220,Squad 44
620980,Beat Saber
311690,Enter the Gungeon
320240,We Happy Few
291650,Pillars of Eternity
739540,Break the Game
526160,The Wild Eight
674940,Stick Fight: The Game
644560,Mirror
774171,Muse Dash
289130,ENDLESS™ Legend
641990,The Escapists 2
1158160,Coral Island
24240,PAYDAY™ The Heist
238460,BattleBlock Theater®
242920,Banished
516750,My Summer Car
1794680,Vampire Survivors
1562430,DREDGE
1084600,My Time at Sandrock
527230,For The King
373420,Divinity: Original Sin - Enhanced Edition
683320,GRIS
322500,SUPERHOT
568220,Lobotomy Corporation | Monster Management Simulation
955050,Bright Memory
1217060,Gunfire Reborn
1605220,Dune: Spice Wars
228380,Wreckfest
599140,Graveyard Keeper
282140,SOMA
858810,Dawn of Man
253250,Stonehearth
859570,Secret Neighbor: Hello Neighbor Multiplayer
1210320,Potion Craft: Alchemist Simulator
837470,Untitled Goose Game
238320,Outlast
704850,Thief Simulator
387290,Ori and the Blind Forest: Definitive Edition
3590,Plants vs. Zombies GOTY Edition
239030,"Papers, Please"
972660,Spiritfarer®: Farewell Edition
341800,Keep Talking and Nobody Explodes
210970,The Witness
285920,TerraTech
396750,EVERSPACE™
280790,Creativerse
955900,Amazing Cultivation Simulator
1147560,Skul: The Hero Slayer
751780,Forager
1066780,Transport Fever 2
747660,Five Nights at Freddy's: Security Breach
274190,Broforce
554620,Life is Strange: Before the Storm
1244090,Sea of Stars
504230,Celeste
248390,Craft The World
527430,"Warhammer 40,000: Inquisitor - Martyr"
257850,Hyper Light Drifter
403190,Planetbase
501300,What Remains of Edith Finch
1369630,ENDER LILIES: Quietus of the Knights
692850,Bloodstained: Ritual of the Night
977880,Eastward
2379780,Balatro
1227890,Summer Memories
1113120,IXION
445980,Wizard of Legend
1150690,OMORI
265930,Goat Simulator
298630,The Escapists
553640,ICEY
473690,Absolver
312520,Rain World
738520,Breathedge
1350650,FreshWomen - Season 1
698670,Scorn
823500,BONEWORKS
460950,Katana ZERO
559650,Witch It
1016800,Chernobylite Complete Edition
1178830,Bright Memory: Infinite
1118200,People Playground
933820,Endzone - A World Apart
302670,Call to Arms
979690,The Ascent
774361,Blasphemous
1222700,A Way Out
448510,Overcooked
512900,Streets of Rogue
858820,Tribes of Midgard
1948980,Hero's Adventure: Road to Passion
447820,Day of Infamy
200710,Torchlight II
290300,Rebel Galaxy
253230,A Hat in Time
427730,Who's Your Daddy?!
590380,Into the Breach
1119730,"Ranch Simulator: Build, Hunt, Farm"
756800,Contraband Police
1190000,Car Mechanic Simulator 2021
2071280,Ravenswatch
1274570,DEVOUR
1094520,Sands of Salzaar
333600,NEKOPARA Vol. 1
237930,Transistor
1809540,Nine Sols
736190,Chinese Parents
536270,Ancestors: The Humankind Odyssey
240760,Wasteland 2: Director's Cut
616560,Ultimate Epic Battle Simulator
629730,Blade and Sorcery
1290000,PowerWash Simulator
475550,Beholder
1782120,ZERO Sievert
986130,Shadows of Doubt
384190,ABZU
1256670,Library Of Ruina
431240,Golf With Your Friends
367450,Poly Bridge
763890,Wildermyth
428690,Youtubers Life
274170,Hotline Miami 2: Wrong Number
1296830,暖雪 Warm Snow
1190970,House Flipper 2
1435790,Escape Simulator
2273430,BlazBlue Entropy Effect
386070,Planetary Annihilation: TITANS
204300,Awesomenauts
1069640,This Land Is My Land
2239150,Thronefall
283640,Salt and Sanctuary
610370,Desperados III
247080,Crypt of the NecroDancer
242640,Styx: Master of Shadows
953490,CARRION
653530,Return of the Obra Dinn
557340,My Friend Pedro
410900,Forts
280160,Aragami
365450,Hacknet
291860,Pit People®
304650,SUNLESS SEA
1291340,Townscaper
300380,Road Redemption
942970,Unheard - Voices of Crime
977950,A Dance of Fire and Ice
553420,TUNIC
276810,Mordheim: City of the Damned
638230,Journey
368340,CrossCode
2835570,Buckshot Roulette
269770,Secrets of Grindea
319510,Five Nights at Freddy's
245170,Skullgirls 2nd Encore
746850,Cloudpunk
420530,OneShot
323850,Move or Die
487120,Citadel: Forged with Fire
1455840,Dorfromantik
1740720,Have a Nice Death
258520,The Vanishing of Ethan Carter
1388880,Doki Doki Literature Club Plus!
1929610,Demonologist
1189490,觅长生
1509510,Settlement Survival
1669980,Volcano Princess
206440,To the Moon
1040200,Crime Scene Cleaner
266510,Hand of Fate
2138710,Sifu
671440,Rise of Industry
391720,Layers of Fear (2016)
221910,The Stanley Parable
464060,RUINER
404680,Hob
868360,Project Hospital
1361510,Teenage Mutant Ninja Turtles: Shredder's Revenge
1135690,Unpacking
207140,SpeedRunners
552620,ATOM RPG: Post-apocalyptic indie game
493490,City Car Driving
326460,ShellShock Live
417290,Ghost of a Tale
919640,Steel Division 2
1239080,Door Kickers 2: Task Force North
451020,Battle Chasers: Nightwar
246900,Viscera Cleanup Detail
269210,Hero Siege
237850,Dreamfall Chapters
1232580,Knock on the Coffin Lid
1954200,Kena: Bridge of Spirits
419480,Starpoint Gemini Warlords
1766740,Choo-Choo Charles
113200,The Binding of Isaac
894020,Death's Door
397950,Clustertruck
1177980,"Little Kitty, Big City"
212680,FTL: Faster Than Light
356040,Sheltered
580200,Yonder: The Cloud Catcher Chronicles
327860,Salt
502520,Ultimate General: Civil War
315460,Dig or Die
1509960,PICO PARK
239820,Game Dev Tycoon
462770,Pyre
758870,Kynseed
1433140,The Texas Chain Saw Massacre
761830,Mr. Prepper
250760,Shovel Knight: Treasure Trove
257420,Serious Sam 4
1282730,Loop Hero
383980,Rivals of Aether
846770,DYSMANTLE
505230,Pathologic 2
456670,Hand of Fate 2
1368030,ANNO: Mutationem
455980,Judgment: Apocalypse Survival Simulation
1178490,港詭實錄ParanormalHK
1016920,Unrailed!
541210,Cold Waters
494430,Praey for the Gods
337320,Paint the Town Red
361280,Turmoil
1063420,Void Crew
1123770,Curse of the Dead Gods
895870,Project Wingman
356650,Death's Gambit: Afterlife
609320,FAR: Lone Sails
1276790,Ruined King: A League of Legends Story™
4920,Natural Selection 2
622650,Bendy and the Ink Machine
594330,Visage
1164940,Trepang2
312530,Duck Game
286000,Tooth and Tail
293780,Crawl
324510,Boundless
1253920,Rogue Legacy 2
260230,Valiant Hearts: The Great War™ / Soldats Inconnus : Mémoires de la Grande Guerre™
1106840,Hydroneer
813230,ANIMAL WELL
1149620,Gas Station Simulator
272270,Torment: Tides of Numenera
443810,This Is the Police
603850,Age of History II
219150,Hotline Miami
915810,Midnight Ghost Hunt
385380,Planet Centauri
1126320,Being a DIK - Season 1
451340,Gold Mining Simulator
326410,Windward
2231450,Pizza Tower
555220,Detention
2005010,"Warhammer 40,000: Boltgun"
568570,Force of Nature
539470,Police Stories
860890,Factory Town
400910,Rabi-Ribi
248610,Door Kickers
332800,Five Nights at Freddy's 2
242680,Nuclear Throne
342180,Arizona Sunshine®
1649080,Two Point Campus
287980,Mini Metro
602520,NEKOPARA Vol. 3
1324780,Easy Red 2
668630,Tricolour Lovestory
318600,The Flame in the Flood
268870,Satellite Reign
1089980,The Henry Stickmin Collection
1110910,Mortal Shell
541570,Sally Face - Episode One
555160,Pavlov
236150,Starpoint Gemini 2
209080,Guns of Icarus Online
1696440,The Matchless Kungfu
328080,Rise to Ruins
420110,NEKOPARA Vol. 2
514900,>observer_
1243830,Overcooked! All You Can Eat
1043810,Tactical Breach Wizards
851100,Touhou Luna Nights
970830,The Dungeon Of Naheulbeuk: The Amulet Of Chaos
1097350,Weird West: Definitive Edition
249050,Dungeon of the ENDLESS™
503560,911 Operator
1270580,Mind Over Magic
921800,Encased: A Sci-Fi Post-Apocalyptic RPG
1227530,Partisans 1941
339800,HuniePop
366220,Wurm Unlimited
2429860,Living With Sister: Monochrome Fantasy
256290,Child of Light
48000,LIMBO
649950,Ashen
252470,Space Pirates And Zombies 2
362680,Fran Bow
1046030,ISLANDERS
865360,We Were Here Together
606800,Startup Company
633460,Tannenberg
357310,Oriental Empires
1556790,Isonzo
241260,Sherlock Holmes: Crimes and Punishments
388090,Five Nights at Freddy's 4
814370,Monster Sanctuary
1071870,Biped
1353230,Bomb Rush Cyberfunk
248820,Risk of Rain (2013)
692890,Roboquest
345180,Victor Vran ARPG
2696050,Yarimono
1049890,Little Witch Nobeta
684410,Bridge Constructor Portal
673880,"Warhammer 40,000: Mechanicus"
107100,Bastion
1608230,Planet of Lana
371970,Barony
306760,Obduction
1066890,Automobilista 2
233610,Distance
2475490,Mouthwashing
985890,Streets of Rage 4
323220,Vagante
1488200,Symphony of War: The Nephilim Saga
1097200,Twelve Minutes
341940,Hatred
290790,Grey Goo
225080,Brothers - A Tale of Two Sons
423230,Furi
1009560,The Tenants
295790,Never Alone (Kisima Ingitchuna)
1229240,Chained Echoes
1263370,Seek Girl:Fog Ⅰ
42910,Magicka
1948280,Stacklands
538100,Feel The Snow
1189630,Path Of Wuxia
388880,Oxenfree
281640,The Banner Saga 2
378720,Thea: The Awakening
1293160,The Medium
690640,Trine 4: The Nightmare Prince
250400,How to Survive
1245560,Roots of Pacha
798490,Othercide
275100,Shelter 2
537800,Bomber Crew
807120,Iratus: Lord of the Dead
1127400,Mindustry
736260,Baba Is You
682990,Drug Dealer Simulator
656350,UnderMine
1035120,Lust from Beyond
365160,Kona
557600,Gorogoa
115800,Owlboy
252610,Death Road to Canada
435530,The Final Station
654880,Dream Daddy: A Dad Dating Simulator
391730,Crashlands
1592190,BONELAB
2725260,ENDER MAGNOLIA: Bloom in the Mist
446020,Jalopy
1199030,Tainted Grail: Conquest
1188930,Chrono Ark
3059070,The Headliners
962730,Skater XL - The Ultimate Skateboarding Game
307670,Hard West
407130,Tank Mechanic Simulator
2683150,Ale & Tale Tavern
251730,Legend of Grimrock 2
493200,RiME
530890,Haydee
1958220,WitchSpring R
1310990,Bishojo Mangekyo Kotowari to Meikyu no Shojo
506610,Five Nights at Freddy's: Sister Location
421170,Indivisible
747200,Keplerth
421120,Samorost 3
323580,Jotun: Valhalla Edition
939400,LoveChoice
994730,Banner of the Maid
1432050,Nobody Saves the World
491950,Orwell: Keeping an Eye On You
1147550,Not For Broadcast
1520500,Succubus Cafe
268750,Magicite
1115690,"Yes, Your Grace"
280520,Crea
874260,The Forgotten City
303210,The Beginner's Guide
423580,Project Highrise
1126290,Lost
41070,Serious Sam 3: BFE
316790,Grim Fandango Remastered
201790,Orcs Must Die! 2
2756920,Keep Driving
824270,KovaaK's
25000,Overgrowth
346940,Shadowrun: Hong Kong - Extended Edition
857980,Void Bastards
250520,UnderRail
504210,SHENZHEN I/O
268130,Heat Signature
674500,Total Tank Simulator
35720,Trine 2: Complete Story
1578650,Citizen Sleeper
1802870,Secret Pie (Adult Version)
354140,Five Nights at Freddy's 3
598330,SimAirport
1002300,Fear & Hunger
385800,NEKOPARA Vol. 0
360940,The Mean Greens - Plastic Warfare
727130,Between the Stars
1127500,Mini Motorways
297130,Titan Souls
335670,LISA: The Painful
1274600,The Last Faith
356570,Party Hard
280740,Aperture Tag: The Paint Gun Testing Initiative
792300,The Beast Inside
234270,Ken Follett's The Pillars of the Earth
1732180,Kaiju Princess
1225570,Unravel Two
1931770,Chants of Sennaar
1515210,The Past Within
1606180,下一站江湖Ⅱ
571740,Golf It!
1434950,HighFleet
895620,Spellcaster University
329130,Reassembly
1295920,The Mortuary Assistant
897730,Among Trees
916840,The Walking Dead: Saints & Sinners
699170,Fell Seal: Arbiter's Mark
1216710,Cyber Manhunt
57300,Amnesia: The Dark Descent
2420660,Neva
334230,Town of Salem
433170,Die Young
607050,Wargroove
38700,Toki Tori
1525700,Tavern Master
364420,Roguelands
378610,Valley
619150,while True: learn()
375480,Chronicon
761620,Beholder 2
677120,Heroes of Hammerwatch
332200,Axiom Verge
410340,Liftoff®: FPV Drone Racing
1330470,F.I.S.T.: Forged In Shadow Torch
1874490,Potionomics
861650,Session: Skate Sim
2103140,Magicraft
531510,Just Shapes & Beats
1406990,NEKOPARA Vol. 4
237990,The Banner Saga
418180,Tempest: Pirate Action RPG
300550,Shadowrun: Dragonfall - Director's Cut
327890,I Am Bread
599080,The Blackout Club
1288310,Firework
318020,Act of Aggression - Reboot Edition
1097580,CUSTOM ORDER MAID 3D2 It's a Night Magic
535480,Sundered®: Eldritch Edition
743450,Monster Prom
776490,永远消失的幻想乡 ～ The Disappearing of Gensokyo
3146520,WEBFISHING
386880,Rake
1859910,Legend of Mortal
233980,UnEpic
215470,Primal Carnage
445190,Expeditions: Viking
1042780,Pine
628670,Hellpoint
252110,Lovers in a Dangerous Spacetime
347620,Gaokao.Love.100Days
1533420,Neon White
398850,Epistory - Typing Chronicles
282800,100% Orange Juice
48720,Mount & Blade: With Fire & Sword
597220,West of Loathing
896160,Evil Bank Manager
597170,Clone Drone in the Danger Zone
343710,Kholat
210770,Sanctum 2
1385380,Across the Obelisk
248860,NEO Scavenger
588040,WILL: A Wonderful World / WILL：美好世界
591370,Production Line : Car factory simulation
960690,One Step From Eden
964800,Prodeus
981430,Gordian Quest
558990,Opus Magnum
1286580,Ship of Fools
430960,Lucy -The Eternity She Wished For-
1296610,Peglin
1332720,Thief Simulator 2
1562700,SANABI
278360,A Story About My Uncle
1203630,Record of Lodoss War-Deedlit in Wonder Labyrinth-
1120810,Eastern Exorcist
1012790,Into the Radius VR
584980,Late Shift
1658040,I Am Future: Cozy Apocalypse Survival
1153640,Chorus
582270,Everything
1619750,Karryn's Prison
1143810,Black Skylands
910490,Killsquad
407330,Sakura Dungeon
1750770,Starcom: Unknown Space
758190,Dragon Cliff
499520,The Turing Test
982290,Airborne Kingdom
1937500,Let's School
382560,Hot Lava
1040420,Dreamscaper
40700,Machinarium
223830,Xenonauts
319050,Chaos Reborn
789760,DEAD OR SCHOOL
764790,The Messenger
467960,Home Behind
428660,Deliver Us The Moon
433530,Heliborne Collection
589780,The Red Strings Club
1216320,Shieldwall
785740,This Is the Police 2
1120320,Builder Simulator
503350,White Noise 2
239840,Dead State: Reanimated
435400,Hidden Folks
1109680,Regiments
1239320,Animal Shelter
1146630,Yokai's Secret
844260,Rustler (Grand Theft Horse)
2638370,Five Nights at Freddy's: Into the Pit
732690,FIVE NIGHTS AT FREDDY'S: HELP WANTED
1978590,Anger Foot
914800,Coffee Talk
1227280,Despot's Game: Dystopian Battle Simulator
1785150,Friends vs Friends
520950,DRIFT CE
22100,Mount & Blade
1063660,Bendy and the Dark Revival
596970,Sunless Skies: Sovereign Edition
471010,Seven: Enhanced Edition
595690,One Hour One Life
1240210,There Is No Game: Wrong Dimension
873940,Crying Suns
1745510,Lunacid
1627570,The Plucky Squire
965580,Root
703700,Our End of the World
814540,Changed
1410710,Democracy 4
2111190,MULLET MADJACK
677160,We Were Here Too
651670,Star Renegades
617160,Home Sweet Home
816340,Kingdom Rush Origins - Tower Defense
1231560,Aurelia
1390350,Webbed
314660,Oddworld: New 'n' Tasty
242840,In Verbis Virtus
1504500,OPUS: Echo of Starsong - Full Bloom Edition
2695940,PANICORE
38720,RUSH
1220010,Home Behind 2
2195410,Songs of Silence
1684170,Fetish Locator Week Two
239350,Spelunky
469820,Genital Jousting
1585220,Melatonin
245470,Democracy 3
417880,Everybody's Gone to the Rapture
1195290,Moncage
537110,Angels of Death
1280930,Astral Ascent
1179080,FAITH: The Unholy Trinity
2666510,Rusty's Retirement
714120,Little Misfortune
418530,Spelunky 2
402180,Sakura Swim Club
938560,INMOST
1123050,GRIME
208140,ENDLESS™ Space - Definitive Edition
40800,Super Meat Boy
525510,"Guns, Gore and Cannoli 2"
300570,Infinifactory
1981820,Strike Force Heroes
288160,The Room
686200,Door Kickers: Action Squad
359310,Evoland 2
1793250,Take Me To The Dungeon!!
360830,Yooka-Laylee
274900,Murder Miners
939600,LOVE³ -Love Cube-
617480,Tower of Time
296970,Renowned Explorers: International Society
1083880,Princess & Conquest
846470,Moss
1123830,Farm Manager 2021
598700,The Vagrant
342380,Sakura Angels
236090,Dust: An Elysian Tail
1092660,Blair Witch
448280,Job Simulator
461950,Beat Cop
1497440,COCOON
523650,Lust for Darkness
1267910,Melvor Idle
250620,Among the Sleep - Enhanced Edition
2849080,Kingdom Rush 5: Alliance TD
1062160,Poly Bridge 2
753420,Dungreed
1173220,Bleak Faith: Forsaken
241600,Rogue Legacy
1458100,Cozy Grove
416210,Block'hood
2291680,The Arrogant Kaiju Princess and The Detective Servant
486310,Meadow - A Shelter Game
397060,Faeria
569860,Thimbleweed Park™
344850,Big Pharma
1747760,Momodora: Moonlit Farewell
215530,The Incredible Adventures of Van Helsing
484900,Aven Colony
1328350,Turbo Overkill
1454400,Cookie Clicker
861540,Dicey Dungeons
698640,Deep Sky Derelicts
95400,ibb & obb
471550,Nine Parchments
1590910,Forgive Me Father
1069650,Ultimate Admiral: Age of Sail
301860,Submerged
705120,Death Coming/死神来了
38740,EDGE
1280780,War on the Sea
528230,SYNTHETIK: Legion Rising
1286350,BPM: BULLETS PER MINUTE
254200,FortressCraft Evolved!
231200,Kentucky Route Zero: PC Edition
679900,Swords & Souls: Neverseen
2217000,Rivals of Aether II
733460,First Feudal
562860,Ion Fury
375820,Human Resource Machine
373770,LiEat
858210,Nova Drift
234650,Shadowrun Returns
574720,Little Big Workshop
572430,Party Hard 2
1477810,Robolife-Days with Aino
436320,Raw Data
218680,Scribblenauts Unlimited
438270,Learn Japanese To Survive! Hiragana Battle
331500,Executive Assault
261180,Lethal League
893850,THE LONGING
1974520,Dusk Pub - Adult Only
551770,ECHO
521150,Another Brick in The Mall
1051200,Trover Saves the Universe
439190,Stories: The Path of Destinies
1384630,SWORD x HIME
1570010,FAR: Changing Tides
582550,Passpartout: The Starving Artist
469610,Rick and Morty: Virtual Rick-ality
314410,Rampage Knights
1501610,Nova Lands
473950,Manifold Garden
261470,Distant Worlds: Universe
224760,FEZ
1546010,Fallen girl - Black rose and the fire of desire
371200,Halcyon 6: Starbase Commander
253430,CastleMiner Z
361300,Mother Russia Bleeds
1563180,Internet Cafe Simulator 2
1808680,Snufkin: Melody of Moominvalley
1043260,Gladiator Guild Manager
572890,Pikuniku
1796220,Laika: Aged Through Blood
434460,Rock of Ages 2: Bigger & Boulder™
252330,Slender: The Arrival
246420,Kingdom Rush  - Tower Defense
799640,Dungeon Munchies
393520,Iconoclasts
404540,Nex Machina
361550,Cradle
1108370,Ratropolis
1746030,Murders on the Yangtze River
474750,Reigns
990630,The Last Campfire
930210,HuniePop 2: Double Date
1104330,Founders' Fortune
208750,Apotheon
342310,RIOT: Civil Unrest
396900,GRIP: Combat Racing
581630,Sword With Sauce
1108590,Eldest Souls
323320,Grow Home
600480,Megaquarium
314790,Silence
821880,Idol Manager
359230,Lethis - Path of Progress
343860,Tacoma
996770,Moving Out
370360,TIS-100
1547890,Let's Build a Zoo
1051310,Paper Dolls: Original / 纸人
593280,Cat Quest
1080020,Electrician Simulator
1394800,Rebirth:Mr Wang
1293180,SuchArt: Genius Artist Simulator
363930,Dead Age
1043390,FlowScape
1901370,Ib
322190,SteamWorld Heist
1349230,5D Chess With Multiverse Time Travel
553310,Lethal League Blaze
2873080,The NOexistenceN of you AND me
366320,Seasons after Fall
1604000,Milk outside a bag of milk outside a bag of milk
1801110,BOKURA
1557740,ROUNDS
661790,Witch Hunt
1148150,Man of the House
578620,GORN
384110,Pathologic Classic HD
322110,20XX
257030,Project Nimbus: Complete Edition
269790,DreadOut
739650,Drake Hollow
1983260,Dungeons of Hinterberg
745880,Touhou Tenkuushou ~ Hidden Star in Four Seasons.
313740,Sakura Spirit
555150,The First Tree
1202200,Paleo Pines
253840,Shantae: Half-Genie Hero
718590,Dark Devotion
1037020,ScourgeBringer
1161170,The Rewinder
1462570,Lost in Random™
1682970,Uncrashed : FPV Drone Simulator
340150,Basement
470260,Event[0]
1654660,En Garde!
299950,GET EVEN
394760,Dead Effect 2
458710,Kingdom Rush Frontiers - Tower Defense
269650,Dex
249630,Delver
1260820,Third Crisis
283160,House of the Dying Sun
1055540,A Short Hike
635320,Last Day of June
35700,Trine Enchanted Edition
537340,Guts and Glory
1097880,Super Naughty Maid 2
280180,Hover
937170,Otaku's Adventure
1265820,Fights in Tight Spaces
702670,Donut County
1534980,Terminus: Zombie Survivors
1172450,Carto
2200780,My Dream Setup
432100,Negligee
571310,SteamWorld Dig 2
873840,Truck & Logistics Simulator
1875060,Reus 2
358090,D4: Dark Dreams Don’t Die -Season One-
1155970,Roadwarden
2366980,Thank Goodness You're Here!
206190,Gunpoint
259680,Tales of Maj'Eyal
787810,Rogue Heroes: Ruins of Tasos
870200,Juno: New Origins
231160,The Swapper
427250,8-Bit Armies
1272160,The Life and Suffering of Sir Brante
1012840,Moons of Madness
809230,Unity of Command II
2754380,The Roottrees are Dead
1390410,Midnight Fight Express
384740,CAT Interstellar
224480,Octodad: Dadliest Catch
979120,Autonauts
2455060,Taboo Trial
1996010,Crow Country
2073250,Rift of the NecroDancer
405640,Pony Island
306660,Ultimate General: Gettysburg
1340480,The Cosmic Wheel Sisterhood
906100,Observation
325210,Arctico
1181140,PerfectLover
204340,Serious Sam II
1186400,West Sweety
1227690,Severed Steel
842100,Daymare: 1998
2533960,SUMMERHOUSE
1157220,Nebuchadnezzar
515960,Martha Is Dead
1786790,Magical Girl Celesphonia
340490,Subterrain
343780,Cat Goes Fishing
250340,Blockland
860950,Mark of the Ninja: Remastered
1082430,Before Your Eyes
235800,Audiosurf 2
2365810,Pseudoregalia
317820,Guild of Dungeoneering Ultimate Edition
1433570,Car Detailing Simulator
552590,The Sexy Brutale
345820,Shantae and the Pirate's Curse
242880,"Sir, You Are Being Hunted"
1670870,MADiSON
247000,Talisman: Digital Classic Edition
1111460,小白兔电商~Bunny e-Shop
432350,Epic Battle Fantasy 5
91700,E.Y.E: Divine Cybermancy
543260,Wonder Boy: The Dragon's Trap
353640,Train Valley
246110,MASSIVE CHALICE
400170,The Incredible Adventures of Van Helsing: Final Cut
422970,Devil Daggers
455820,Omensight: Definitive Edition
994220,NEOVERSE
485980,Syrian Warfare
394970,DEADBOLT
1213700,Spirit of the North
274270,NOT A HERO
931500,Touhou Genso Wanderer -Reloaded-
1102130,Florence
292910,Deponia: The Complete Journey
483980,Mad Father
331870,AER Memories of Old
219890,Antichamber
589590,Kindergarten
623940,HIVESWAP: ACT 1
466130,White Day: A Labyrinth Named School
956030,Creaks
250560,Fight The Dragon
239070,Hammerwatch
1231990,Gestalt: Steam & Cinder
1975440,Under The Waves
550320,art of rally
426000,HunieCam Studio
1042490,Call of the Sea
1684930,CULTIC
1264670,The Wind Road
1930640,Lost2
723090,Meltys Quest
1049320,River City Girls
887450,Tunche
843810,A Perfect Day
1465070,Legendary Tales
1411740,Urbek City Builder
251130,Chroma Squad
485460,The Banner Saga 3
1138850,Heavenly Bodies
896890,VR Paradise - Steam Edition
408410,X-Morph: Defense
2273980,Orcs Must Die! Deathtrap
263760,Turbo Dismount™
823910,Last Evil
775940,Rise of Liberty
1457080,The Mageseeker: A League of Legends Story™
392580,WARSHIFT
790740,Tick Tock: A Tale for Two
312200,Chasm
934780,American Fugitive
222750,Wargame: Airland Battle
587520,Dungeons of Sundaria
382140,SKYHILL
791330,Fallen ~Makina and the City of Ruins~
368620,Timespinner
233720,Surgeon Simulator
274500,Brigador: Up-Armored Edition
425210,Shadwen
495560,Farm Manager 2018
232790,Broken Age
583470,The End Is Nigh
1147860,UFO 50
425580,The Room Two
726110,Overcrowd: A Commute 'Em Up
1018800,DEEEER Simulator: Your Average Everyday Deer Game
606230,Thea 2: The Shattering
335000,Tormentum - Dark Sorrow
231330,Deadfall Adventures
1255560,Myst
991170,Barn Finders
434030,Aerofly FS 2 Flight Simulator
94400,Nidhogg
559210,Rakuen
1291010,Warpips
1061090,Jump King
1461810,《蜀山：初章》买断版
1544360,LEGO® Builder's Journey
1250760,Far Away
1166290,Death and Taxes
1186640,Pumpkin Jack
1755830,Astrea: Six-Sided Oracles
2654470,BUNNY GARDEN
2201940,Ship Graveyard Simulator 2
927250,Bladed fury
270210,Melody's Escape
313780,Conarium
1358250,City of Broken Dreamers: Book One
406970,The Uncertain: Last Quiet Day
434170,The Jackbox Party Pack 3
844850,Tower Hunter: Erza's Trial
574980,Them's Fightin' Herds
2442460,Citizen Sleeper 2: Starward Vector
221540,DG2: Defense Grid 2
356400,Thumper
506900,Downward: Enhanced Edition
1374970,Moonscars
1276660,Tinkertown
222730,Reus
1003590,Tetris® Effect: Connected
416680,Zombie Night Terror
251470,TowerFall Ascension
665090,The Initial
414190,Junk Jack
924750,Harold Halibut
433100,The Town of Light
224500,Gnomoria
828070,Treasure Hunter Claire
763180,Anima Flux
744190,Rusty Lake Paradise
1713810,Lumencraft
416600,Full Metal Furies
833360,Star Valor
430210,Megaton Rainfall
824600,HROT
211400,Deadlight
2127010,Handyman Legend
26800,Braid
324260,VoidExpanse
286040,Dead Effect
284460,DeadCore
1104660,MO:Astray
296470,Mount Your Friends
1256610,Dream Date
1579380,Shadow Tactics: Aiko's Choice
834740,Circle Empires
2656540,Ballads of Hongye: REBORN
2289720,Kaiju Princess 2
200900,Cave Story+
359840,Shift Happens
70400,Recettear: An Item Shop's Tale
1136160,Internet Cafe Simulator
506500,Party Panic
979070,Just Die Already
898890,Endling - Extinction is Forever
2075720,9 Days
322210,"Guns, Gore & Cannoli"
604240,Shotgun Farmers
318230,Convoy
716710,東方憑依華　～ Antinomy of Common Flowers.
41000,Serious Sam HD: The First Encounter
1372320,Cloud Gardens
633360,Remothered: Tormented Fathers
1328840,Lost in Play
1933650,The Imperial Gatekeeper
555880,Sairento VR
1590730,Helping the Hotties
1059990,Trombone Champ
1371720,Card Shark
1714320,Find Love or Die Trying
542050,Forgotton Anne
1227780,Taur
402020,The Park®
1876590,I Am Your Beast
347800,Ghost Song
296710,Monstrum
899970,NEKOPARA Extra
1402120,9 Years of Shadows
17710,Nuclear Dawn
1070710,Kind Words (lo fi chill beats to write to)
1140270,Monster Prom 2: Monster Camp
421050,Deponia Doomsday
954650,Druidstone: The Secret of the Menhir Forest
457760,The Signal From Tölva
2231010,Fetish Locator Week Three
562410,Panty Party
383230,Dungeon Souls
853550,Equilinox
1244630,House Builder
1585570,Workplace Rhapsody
1794470,MILFs of Sunville - Season 1
2157680,Lunar Mirror:The Pavilion of Desire
2190220,Touhou Danmaku Kagura Phantasia Lost
308173,Hegemony III: Clash of the Ancients
1078350,Ambrosia
811320,Jupiter Hell
327410,A Bird Story
1045520,Acting Lessons
733790,Not Tonight
355680,Overland
792100,7 Billion Humans
316430,Battle of Empires : 1914-1918
1205450,Turnip Boy Commits Tax Evasion
248310,Freedom Planet
380150,STASIS
113020,Monaco: What's Yours Is Mine
2501600,DICEOMANCER
612470,Bio Inc. Redemption
400940,Budget Cuts
746580,HARDCORE MECHA
966330,Flower
286260,fault - milestone one
1107790,The Complex
1639990,Dreams of Desire: Definitive Edition
1011940,Ideology in Friction
547360,BREAK ARTS II
638850,Animallica
1677310,In Stars And Time
648100,Raging Loop
940910,Minoria
456750,The Room Three
407310,NEKO-NIN exHeart
360740,Downwell
339200,Oceanhorn: Monster of Uncharted Seas
732370,Juicy Realm
1668690,Alina of the Arena
232430,Gone Home
70000,Dino D-Day
224460,Contrast
1172650,INDUSTRIA
2663530,POOLS
1508570,Summer~Life in the Countryside~
244910,Homesick
2296990,We Were Here Expeditions: The FriendShip
989690,Conan Unconquered
780350,Unruly Heroes
598060,Slasher's Keep
770810,"Good Pizza, Great Pizza - Cooking Simulator Game"
1226510,Trigon: Space Story
711540,Lonely Mountains: Downhill
532110,Rusty Lake: Roots
398170,Evochron Legacy SE
826940,Maid of Sker
1658290,Eiyuden Chronicle: Rising
215510,Rocketbirds: Hardboiled Chicken
1281160,Castle in The Clouds DX
1416230,Panzer Knights
602320,Train Valley 2
1076200,Roguebook
725270,Necrobarista
1372810,Teamfight Manager
369530,Void Destroyer 2
310510,Deathtrap
2961530,Fears to Fathom - Woodbury Getaway
266130,Breach & Clear
323380,The Magic Circle
1016600,Devil Slayer - Raksasi
265000,FORCED SHOWDOWN
306020,Bloons TD 5
1389990,Oblivity - Find your perfect Sensitivity
1663220,Coffee Talk Episode 2: Hibiscus & Butterfly
838310,Bloodstained: Curse of the Moon
1587540,Anvil Saga
1243850,This Bed We Made
2258940,Mage Kanade's Futanari Dungeon Quest
529660,Mages of Mystralia
2299900,Felvidek
1506980,Lay a Beauty to Rest: The Darkness Peach Blossom Spring
91600,Sanctum
253750,Ikaruga
419460,"That Dragon, Cancer"
1137750,Farmer's Life
2694420,KILL KNIGHT
1148650,The Legend of Bum-Bo
835650,Rising Lords
275200,Westerado: Double Barreled
1374930,Black Geyser: Couriers of Darkness
221810,The Cave
574090,MOTHERGUNSHIP
1097130,Circuit Superstars
1119840,Sands of Aura
1176710,Space Crew: Legendary Edition
1065970,狼と香辛料VR/Spice&WolfVR
963930,Contractors
907470,Iris.Fall
223510,Miasmata
809720,Rescue HQ - The Tycoon
573120,Dead In Vinland
1229380,Everhood
434730,Half Dead
1191210,Seek Girl Ⅲ
12900,AudioSurf
1424330,Wobbledogs
1003520,Hentai Crush
2287520,Five Nights at Freddy's: Help Wanted 2
1571100,Passpartout 2: The Lost Artist
1211630,The Jackbox Party Pack 7
463270,Ghost 1.0
893680,Project Warlock
885810,The Witch's House MV
1062110,UNSIGHTED
716490,EXAPUNKS
395200,Ben and Ed
1126310,风信楼
274290,Gods Will Be Watching
785790,WHAT THE GOLF?
2400,The Ship: Murder Party
342640,Pixel Privateers
680360,Regions Of Ruin
595140,Immortal Redneck
251270,Corpse Party
264200,One Finger Death Punch
522470,The House of Da Vinci
250050,Life Goes On: Done to Death
1846170,Iron Lung
1543280,Espresso Tycoon
1029890,Layers of Fear 2 (2019)
877010,Beyond Contact
1939560,镇邪
436290,Children of Zodiarcs
1229460,Dice Legacy
259060,Dominions 4: Thrones of Ascension
919370,Overdungeon
1122720,Sayonara Wild Hearts
490450,Tokyo 42
503620,Fictorum
371520,Bounty Train
1486630,Intravenous
390520,PewDiePie: Legend of the Brofist
1148760,I Was a Teenage Exocolonist
1993150,轮回修仙路
688060,Odd Realm
1333200,Song of Nunu: A League of Legends Story
1079260,Fireworks Mania - An Explosive Simulator
1358710,Battle Cry of Freedom
1343670,Dealer's Life 2
1042800,"Warhammer 40,000: Inquisitor - Prophecy"
1801650,Lost: Find
2857880,Yakuza Rogue: Yokohama massage parlor chapter
852220,Accident
1361320,The Room 4: Old Sins
218640,Lucius
279140,Making History: The Great War
732430,Superflight
1323470,GetsuFumaDen: Undying Moon
344770,fault - milestone two side:above
366870,Narcosis
2758000,Vanity Fair: The Pursuit
1337010,Alba: A Wildlife Adventure
1119980,In Sound Mind
424250,Balrum
1608290,GNOSIA
600610,The Hand of Merlin
770390,Draugen
2068280,Nordic Ashes: Survivors of Ragnarok
1062830,Embr
2544090,Milfy City - Final Edition
890720,In Other Waters
1287530,Lords and Villeins
647960,Rusted Warfare - RTS
2215260,Scott Pilgrim vs. The World™: The Game – Complete Edition
490280,Realms of Magic
863590,Starcom: Nexus
354240,"Please, Don’t Touch Anything"
564050,Bud Spencer & Terence Hill - Slaps And Beans
265610,Epic Battle Fantasy 4
1225560,Unravel
850000,Noel the Mortal Fate Complete Edition
1407450,The World of Kungfu: Dragon and Eagle
303310,The House in Fata Morgana
449610,Monster Boy and the Cursed Kingdom
1807810,The Axis Unseen
2237970,Outpath
209670,Cortex Command
782250,Hush Hush - Only Your Love Can Save Them
1196630,Nexomon: Extinction
252030,Valdis Story: Abyssal City
849740,Love Esquire - RPG/Dating Sim/Visual Novel
1803400,Beneath Oresa
864680,Rover Mechanic Simulator
452570,Battle Chef Brigade Deluxe
711660,CHUCHEL
253330,Neverending Nightmares
251110,INFRA
2580130,The Seven Realms: High Lathión
757320,Atomicrops
1334040,Paper Dolls 2 纸人贰
1639430,Princess&Blade
489360,CASE: Animatronics
720250,Welcome to the Game II
600130,Valfaris
437630,State of Mind
952040,MUSYNX
1665190,Monster Prom 3: Monster Roadtrip
440540,Ara Fell: Enhanced Edition
531680,8-Bit Invaders!
1622350,Copycat
253150,Halfway
790850,Undead Horde
732240,SpaceBourne
722180,SURV1V3
280220,Creeper World 3: Arc Eternal
1242980,KeyWe
550840,Fresh Body
1015890,TASOMACHI: Behind the Twilight
1018830,Element TD 2 - Tower Defense
836640,寄居隅怪奇事件簿 Hermitage Strange Case Files
377900,Empire TV Tycoon
1005300,The Jackbox Party Pack 6
1146310,Beyond a Steel Sky
334420,Out There: Ω Edition
2637990,Duck Detective: The Secret Salami
237430,Expeditions: Conquistador
844590,Hypnospace Outlaw
339580,Ember
1404850,Luck be a Landlord
741510,The Hong Kong Massacre
2799690,The Secret Atelier
1207780,Wish
253110,The Cat Lady
2075070,KinitoPET
1315980,Tin Can
232010,Euro Truck Simulator
1203710,UnMetal
41500,Torchlight
250260,Jazzpunk: Director's Cut
411960,TY the Tasmanian Tiger
687260,Tokyo Dark
1955830,Touhou Hero of Ice Fairy
397460,The Jackbox Party Pack 2
369070,Slain: Back from Hell
2473480,Tails of Iron 2: Whiskers of Winter
299800,The Land of Eyas
1309950,Children of the Sun
1173200,Metal Unit
995980,Fae Tactics
697550,It Lurks Below
447290,Redeemer: Enhanced Edition
318530,Wings of Vi
1473350,(the) Gnorp Apologue
619880,ATOMEGA
1171270,TroubleDays
670260,Solace Crafting
858260,Until You Fall
599460,Weapon Shop Fantasy
2943280,Dustland Delivery
331480,Pinstripe
71000,Evochron Mercenary
1271710,LEWDAPOCALYPSE Hentai Evil
1311070,Greak: Memories of Azur
321980,Hardland
447120,Where the Water Tastes Like Wine
757300,Truberbrook / Trüberbrook
844930,Fox Hime Zero
251990,Long Live The Queen
1651960,Hextech Mayhem: A League of Legends Story™
523780,Emily is Away Too
365810,Flying Tigers: Shadows Over China
929200,吞食孔明传 Tunshi Kongming Legends
2421410,Cyber Manhunt 2: New World - The Hacking Simulator
272470,The Incredible Adventures of Van Helsing II
858710,Gravity Circuit
2394650,Crypt Custodian
1131240,Dungeons of Edera
227000,Primordia
221260,Little Inferno
333250,Forward to the Sky
622720,Weedcraft Inc
1915380,Garden Life: A Cozy Simulator
1245430,Golden Light
762940,Mineko's Night Market
559610,Love Ribbon
290770,The Fall
282590,Star Ruler 2
461620,Predynastic Egypt
1239690,Retrowave
1296770,Her New Memory - Hentai Simulator
1569200,Brewmaster: Beer Brewing Simulator
428370,Windlands
1112890,Calico
1104380,The Room VR: A Dark Matter
947600,Eroico
344740,CRYPTARK
346730,GOCCO OF WAR
442780,STRAFE: Gold Edition
1264280,Slipways
883360,Beyond Blue
447150,APE OUT
249990,FORCED: Slightly Better Edition
1160920,Food Truck Simulator
646500,Egypt: Old Kingdom
1123450,Chicory: A Colorful Tale
340730,Sunrider Academy
1269020,No Plan B
399820,Kopanito All-Stars Soccer
969760,Omno
318970,StarCrawlers
1261040,Streamer Life Simulator
214340,Deponia
1392820,Milk inside a bag of milk inside a bag of milk
914020,Gibbous -  A Cthulhu Adventure
897820,Reigns: Game of Thrones
722060,Dominions 5 - Warriors of the Faith
2678990,Minami Lane
1443200,Class of '09
2889660,Sex Formula
1687000,Fading Afternoon
471330,VERSUS SQUAD
334310,Plebby Quest: The Crusades
437570,GoNNER
1075980,NinNinDays
886900,Chef: A Restaurant Tycoon Game
310080,Hatoful Boyfriend
1450830,At Dead Of Night
1140890,Morbid: The Seven Acolytes
1783280,Ghostlore
374190,Infernax
1830970,The Last Flame
1019550,Thief Simulator VR
720280,Fox Hime
381780,80 Days
588950,Kingsway
1367300,Blade Assault
1134520,Dark Light
1049100,泡沫冬景
845880,Touhou: Scarlet Curiosity
1754840,Hacker Simulator
650440,Warbanners
852480,Snow Daze: The Music of Winter Special Edition
1683340,Kayak VR: Mirage
400080,Out of Space
359940,Shadows Peak
581270,Old Man's Journey
2154330,The Seven Realms - Realm 1: Terran
1502190,From Space
1479140,AK-xolotl: Together
1649740,Hunt the Night
1405470,Scars of Summer
500260,Ben and Ed - Blood Party
296570,Lords of Xulima
2013730,Gourdlets
1063980,Hell Architect
774201,Heaven's Vault
1149660,Seek Girl Ⅱ
1492680,The Pathless
251230,Livelock
1219950,Evil Democracy: 1932
353700,The Deadly Tower of Monsters
349730,Popup Dungeon
331670,The Jackbox Party Pack
900270,Reventure
233470,Evoland
230270,N++ (NPLUSPLUS)
368390,The Darkside Detective
535520,Nidhogg 2
102600,Orcs Must Die!
1426490,LOST EPIC
368430,Through the Woods
859340,Seeking Dawn
914010,Train Station Renovation
682530,MarZ: Tactical Base Defense
465240,Serious Sam VR: The Last Hope
2303350,Sticky Business
1067540,Röki
1163870,Mecha Knights: Nightmare
218820,Mercenary Kings: Reloaded Edition
615120,COMPOUND
924140,Hand Simulator: Survival
435120,Rusty Lake Hotel
1306770,Revival: Recolonization
871930,GLADIABOTS - AI Combat Arena
735290,Genesis Noir
2644610,Menace from the Deep
1212830,Seek Girl Ⅳ
685340,Delivery from the Pain:Survival / 末日方舟:生存
40400,AI War: Fleet Command
1671410,Somerville
1203420,Miss Neko 2
1260590,Hadean Tactics
1102930,KoboldKare
310060,Knights of Pen and Paper 2
1240590,Sir Whoopass™: Immortal Death
1586800,Lil Gator Game
1289810,Siralim Ultimate
1260520,Patrick's Parabox
931280,Iron Marines
1048100,Peekaboo
600090,The Coma: Recut
544330,Snake Pass
2961880,Grocery Store Simulator
1012030,Detective Girl of the Steam City
1108000,Children of Silentown
1824580,Dungeon Drafters
349220,The Black Watchmen
1294420,Rollerdrome
1209490,Exit the Gungeon
828900,The Stillness of the Wind
1057750,The Suicide of Rachel Foster
1518220,Spells & Secrets
1951230,Pizza Possum
633060,Orwell: Ignorance is Strength
600460,Dustwind
244430,realMyst: Masterpiece Edition
1732740,Sakura Hime
382380,The Amber Throne
2396240,SteamWorld Heist II
323060,Tharsis
262120,Toy Soldiers: Complete
22000,World of Goo
393430,Ice Lakes
817840,Max Gentlemen Sexy Business!
642090,Coming Out on Top
415880,Disc Jam
540840,Lara Croft GO
1970980,Warlord: Britannia
1249040,American Arcadia
1096410,Vampire: The Masquerade - Coteries of New York
442070,Drawful 2
2891040,Transformative Summer: Life with a TS Companion
2281410,River Town Factory
283680,Astebreed: Definitive Edition
1082710,Bug Fables: The Everlasting Sapling
402260,Dead Secret
1592520,WitchSpring3 Re:Fine - The Story of Eirudy -
1045720,The Coma 2: Vicious Sisters
1054430,Fling to the Finish
465100,LUNA The Shadow Dust
1363740,The Troop
2026000,Our Adventurer Guild
368730,No Time To Explain Remastered
779640,妄想症：Deliver Me
464360,3030 Deathwar Redux - A Space Odyssey
916730,Gato Roboto
1731520,Ark Mobius: Censored Edition
2487060,Anonymous Hacker Simulator
1390190,APICO
1428520,Mech Engineer
1887400,ANTONBLAST
2875140,失业了，我获得了亿万游戏财产！
1259740,Escape Dungeon
204530,Infested Planet
893720,One Hand Clapping
850320,PHOGS!
1694420,Card Survival: Tropical Island
1455070,Countess in Crimson
496890,Replica
842910,The MISSING: J.J. Macfield and the Island of Memories
1927720,Monument Valley
1347970,Patch Quest
2782610,Bad 2 Bad: Apocalypse
244710,Shelter
2224640,Artisan TD
333300,ADOM (Ancient Domains Of Mystery)
357330,Space Beast Terror Fright
558420,Stories Untold
664830,Zombotron
375200,Sakura Fantasy
252670,Nihilumbra
301840,City of Brass
641780,The Drone Racing League Simulator
1269710,Kainga: Seeds of Civilization
400450,NeuroVoider
1084020,TheoTown
423490,Air Missions: HIND
1116880,The Heroic Legend of Eagarlnia
290530,Clandestine
1004490,Tools Up!
207170,Legend of Grimrock
1189290,The Black Grimoire: Cursebreaker
751820,Black Future '88
978460,Emily is Away <3
1430680,Clash: Artifacts of Chaos
1132030,Trash Sailors: Co-Op Trash Raft Simulator
1093910,Tales of the Black Forest
1298140,Fobia - St. Dinfna Hotel
962400,Granny
1716310,AWAKEN - Astral Blade
446000,Stellar Monarch
804010,SteamWorld Quest: Hand of Gilgamech
365770,Volume
487430,KARAKARA
505640,Antihero
608800,Guns of Icarus Alliance
674520,Fight'N Rage
1796580,Sorry We're Closed
1049280,Pilgrims
58610,Wargame: European Escalation
905340,Heave Ho
674750,Yet Another Zombie Defense HD
1328890,Succubus Affection
1983970,Affogato
751500,TINY METAL
331690,Crossing Souls
2671230,BLADECHIMERA
464880,Stars in Shadow
1159830,Scene Investigators
1234430,Ad Infinitum
457210,SEUM: Speedrunners from Hell
1571170,Summer with Mia
240440,Quadrilateral Cowboy
1016730,Deck of Ashes
621220,Nantucket
2291760,Papa's Freezeria Deluxe
1019310,VirtuaVerse
595500,Freedom Planet 2
358750,Sunrider: Liberation Day - Captain's Edition
609490,Minit
467930,SMASHING THE BATTLE
762220,Afterparty
1337920,Serial Cleaners
610960,红石遗迹 - Red Obsidian Remnant
1100930,Legioncraft
861250,Cyber Shadow
1385100,Insurmountable
1772830,Rusted Moss
373180,Kung Fury: Street Rage - Ultimate Edition
1768640,Leap of Faith
277890,Shantae: Risky's Revenge - Director's Cut
1573100,Subterrain: Mines of Titan
395570,We Are The Dwarves
451760,Highway Blossoms
986680,PAGUI打鬼
766280,A Light in the Dark
1521580,Perfect Heist 2
1436590,Phoenotopia: Awakening
328070,Reflex Arena
466860,上帝之城 I：监狱帝国 [City of God I - Prison Empire]
1490610,METALLIC CHILD
1321450,American Theft 80s
2492780,With Eyes Closed - Season 1
568090,Tattletail
2008920,Lorelei and the Laser Eyes
350740,The Bug Butcher
1278390,Succumate
363600,Holy Potatoes! A Weapon Shop?!
680380,Night Call
2454570,Race of Life - Act 1
373390,Contradiction: Spot The Liar
1000760,Foregone
1323900,Scrapnaut
493540,Figment
2291850,Underground Blossom
1132760,Dwerve
747340,Unforgiving - A Northern Hymn
1172940,Cockwork Industries Complete
871540,BMX Streets
1145960,The White Door
609110,Blazing Chrome
426310,Perception
214360,Tower Wars
2459350,Taboo University Book One
1476520,GunSoul Girl
454060,Blueprint Tycoon
209540,Strike Suit Zero
1215390,Animal Revolt Battle Simulator
397160,Aurora Dusk: Steam Age
544390,NITE Team 4 - Military Hacking Division
1292940,Cube Escape Collection
1286710,Hylics 2
1272840,Dordogne
270130,The Gallery - Episode 1: Call of the Starseed
507010,Mr.President!
1580180,Gunbrella
239200,Amnesia: A Machine for Pigs
2061430,Oxygen
963710,Lost in Vivo
400180,Okhlos: Omega
591630,Candleman: The Complete Journey
1135810,Vault of the Void
269670,BADLAND: Game of the Year Edition
467680,Negligee: Love Stories
1202900,Assemble with Care
371140,Aegis Defenders
1874170,Shredders
1608450,Hellslave
401710,Flinthook
503580,Duck Season
1320140,Small Saga
327560,Near Death
970960,Rebel Cops
936500,Transport INC
1067850,Kindergarten 2
1150950,Timelie
305780,Echo of the Wilds
1802980,Yihongyuan
1031120,Bakery Simulator
932850,Simmiland
296490,GemCraft - Chasing Shadows
3243190,Psychopomp GOLD
1352930,HAAK
336140,Unavowed
388800,Azure Striker Gunvolt
1484900,Hoa
1570330,West Hunt
1621760,Decision: Red Daze
473770,BallisticNG
1672670,彷徨之街 The Street of Adrift
787850,Heroine Anthem Zero 2 : Scalescars Oath
414720,Astrox: Hostile Space Excavation
1256230,Hyperbolica
1157740,Iron Meat
269050,Year Walk
960980,Apsulov: End of Gods
617660,Dong-Jin Rice-hime（東津萌米）
2608350,Snezhinka:Sentinel Girls2
1278540,Esports Godfather
92800,SpaceChem
407560,Killing Room
767930,Assault Spy
1378290,The Citadel
226100,PixelJunk™ Nom Nom Galaxy
1206430,The Unfinished Swan
1074070,Dust to the End
279440,Joe Dever's Lone Wolf HD Remastered
102840,Shank 2
2312520,Everholm
550010,Happy Room
604330,The Crown of Leaves
457680,OPUS: The Day We Found Earth
1417930,Lorn's Lure
384630,Aviary Attorney
1740300,Smushi Come Home
1606340,Conquest of Elysium 5
1349120,球球少女/Pinball Girls
426790,Grow Up
774351,Citystate
1284820,Desktop Kanojo
262150,Vanguard Princess
774461,The Jackbox Party Pack 5
1206060,Happy Game
275390,Guacamelee! Super Turbo Championship Edition
893010,Slave's Sword
381020,Sky Rogue
388320,1979 Revolution: Black Friday
497850,8-Bit Hordes
1709880,Loco Motive
1058830,Spin Rhythm XD
1129310,Receiver 2
389140,Horizon Chase Turbo
460430,The Letter - Horror Visual Novel
998740,Ring of Pain
587430,I Expect You To Die
603390,Stone Story RPG
204240,The Bridge
1048350,Nigate Tale
865540,PLAYNE : The Meditation Game
742250,OPUS: Rocket of Whispers
1491670,Venba
469920,hackmud
1299620,Fabled Lands
1266430,Lost In Fantaland
399670,Game Corp DX
389170,Songs for a Hero - Definitive Edition
431450,Alchemist's Awakening
1269950,Buddy Simulator 1984
1151740,Prison Princess
1669170,Northend Tower Defense
896520,Stay Out of the House
1116580,Shady Part of Me
1286340,Daily Wife
1911360,Trinity Fusion
1135830,Brave Alchemist Colette
640800,Skyfront VR
1421790,Labyrinth City: Pierre the Maze Detective
985950,Operencia: The Stolen Sun
1432850,Farewell North
1260810,Touhou Blooming Chaos 2
951430,Dead Age 2: The Zombie Survival RPG
1711610,Dungeon 100
829660,No Time to Relax
657240,Tracks - The Train Set Game
866140,Arise: A Simple Story
416590,Emily Wants To Play
1933660,Demons Roots
22230,Rock of Ages
1191630,Shantae and the Seven Sirens
249590,Teslagrad
1276800,CONVERGENCE: A League of Legends Story™
2630020,Nightmare Knight ~Sacred Maiden & Fallen Magic~
1098280,Mago
2261050,For the Queen
1732050,Love Season
811890,Perky Little Things
1220150,Blue Fire
3074110,The Rangers In The South
1015140,10 Miles To Safety
273070,The Last Federation
968250,King of Retail
412740,Audioshield
485380,Welcome to the Game
525360,Shio
266010,LYNE
22120,Penumbra: Black Plague Gold Edition
944920,Nanotale - Typing Chronicles
308060,Black The Fall
489140,Mr. Shifty
710030,Cinderella Escape 2 Revenge
611760,Don't Escape: 4 Days to Survive
2354000,Slackers - Carts of Glory
1537480,玉言·离光
984680,Interstellar Space: Genesis
1007350,Mirror Maker
111800,Blocks That Matter
1395760,Reshaping Mars
2378910,Settlements Rising
2019810,Boxes: Lost Fragments
904310,Initial 2 : New Stage
524850,Alicemare
285110,GearCity
2612700,S4U: CITYPUNK 2011 AND LOVE PUNCH
1730250,Pan'orama
1464930,Seek Girl Ⅶ
431940,Wildfire
2206270,Vampire Hunters
1895350,I Wani Hug that Gator!
1325890,SILT
1083650,Super Naughty Maid
1545450,Incredibox
826600,I am not a Monster: First Contact
476530,Children of a Dead Earth
539330,Light Fairytale Episode 1
2453060,Dreamcore
1079510,Sumerians
49600,Beat Hazard
1339000,Aquarium Designer
274230,RONIN
233150,LUFTRAUSERS
1308700,Wizardry: The Five Ordeals
1619570,Death Roads: Tournament
603960,Star of Providence
274980,Influent Language Learning Game
761030,EARTHLOCK
465780,New Retro Arcade: Neon
3099000,Guns of Fury
1148490,Second Front
2015620,Valkyrie of Phantasm
843390,Vertigo 2
610180,The Jackbox Party Pack 4
334940,Yoku's Island Express
1146970,My Vow to My Liege
1999520,CATO: Buttered Cat
434000,Paws - A Shelter 2 Game
335070,VRC PRO
1122040,Kaede the Eliminator / Eliminator 小枫
1081510,She Sees Red - Interactive Movie
671800,Run!ZombieFood!
814680,Unbound: Worlds Apart
221640,Super Hexagon
1866880,Cultivation Story: Reincarnation
1228520,[Chilla's Art] The Convenience Store | 夜勤事件
1093290,The Wild at Heart
18500,Defense Grid: The Awakening
574140,Project LUX
1305420,Agrou
913550,I wanna be the Creator
1769170,Shattered Pixel Dungeon
3830,Psychonauts
422900,Particle Fleet: Emergence
2689470,CRUEL
1783110,Chasing Sunsets
1013870,Leanna's Slice of Life
230700,La-Mulana
486720,Bastard Bonds
386480,Blood Code
2701210,MWNeus
618740,Beat Hazard 2
924070,Arboria
518060,Chess Ultra
442500,Age of Gladiators
983350,Sea Salt
2421310,桃色武林
835430,La-Mulana 2
765870,Leisure Suit Larry - Wet Dreams Don't Dry
1217390,Some Some Convenience Store
871420,Lovecraft's Untold Stories
726840,City Game Studio: Your Game Dev Adventure Begins
678520,Gal*Gun VR
661000,Flow:The Sliding
1577620,The Signal State
632900,Serment - Contract with a Devil
636100,Tesla vs Lovecraft
252630,Eldritch
1193090,Bus World
233740,Organ Trail: Director's Cut
2578880,How to lose one's virginity
409450,The Fall of the Dungeon Guardians - Enhanced Edition
3188550,Trainee Death Simulator
70300,VVVVVV
667600,Sky Force Reloaded
562500,Warstone TD
855860,Superfighters Deluxe
1070860,Serin Fate
397740,Hylics
3012420,Apprehending the Adventurer Chan! ~Live2D Tentacles Simulator~
1717090,Into the Necrovale
1674890,👑 Idle Calibur 👑（选王之剑）
353560,Plug & Play
881420,Six Ages: Ride Like the Wind
574560,"Dude, Stop"
1296360,Archvale
1335560,UNREAL LIFE
659540,Warsim: The Realm of Aslona
822930,Wolf Tails
1167950,Vampire's Fall: Origins
367580,Hook
238280,Legend of Dungeon
1689080,Mercury Abbey
2076580,Pepper Grinder
323490,Oblivious Garden ~Carmina Burana
2647230,HoloParade
2274980,My Neighbor's Lonely Wife 2
263980,Out There Somewhere
1003090,Through the Darkest of Times
1648590,UndercoverAgent
1258220,Song of Iron
1421290,Battle Shapers
1141100,Lilitales
336300,Hearthlands
430070,Never Again
577670,Demolish & Build 2018
359100,Q.U.B.E. 2
452440,Flowers -Le volume sur printemps-
2074890,少女妖精弹珠台 Elf Girl Pinball
1848270,Lifeform Zero
234390,Teleglitch: Die More Edition
1487270,Last Command
1226970,Disco Simulator
699920,Despotism 3k
2441270,Kill The Crows
1970460,Garden Galaxy
951000,Trap Shrine
1094390,Waltz of the Wizard
788270,Exiled Kingdoms
351510,Quiplash
887530,President Yukino
552880,STARDROP
1510,Uplink
1229900,ARIA CHRONICLE
2315430,The Executive - Movie Industry Tycoon
3084280,Threefold Recital
1274490,Green Project
2409780,Breeze of Passion
513230,The Underground Man
938380,Townsmen - A Kingdom Rebuilt
1413660,Elderand
220780,Thomas Was Alone
408000,Cinderella Escape! R12
511470,Glass Masquerade
1416960,Everafter Falls
966320,Later Alligator
779590,Scavenger SV-4
396480,Battlevoid: Harbinger
529160,Moekuri: Adorable + Tactical SRPG
485030,PLANET ALPHA
991600,Rabbit Burn
2348680,The Lust City
2308630,Dawnfolk
1191840,Legend Creatures(传奇生物)
948880,Arena Renovation
270850,Car Mechanic Simulator 2014
2685620,反转21克
268990,The Dishwasher: Vampire Smile
257690,J.U.L.I.A.: Among the Stars
877080,Seeds of Resilience
889770,UnHolY DisAsTeR
898650,The Shapeshifting Detective
687920,Tropical Liquor
2094270,Lightracer Spark
740260,Crimson Imprint plus -Nonexistent Christmas-
204060,Superbrothers: Sword & Sworcery EP
1091460,Souls of Blades
891510,Love's Sweet Garnish
737520,Flynn: Son of Crimson
278460,Skyborn
6420,Nexus - The Jupiter Incident
328760,SanctuaryRPG: Black Edition
921710,Galaxy Squad
231740,Knights of Pen and Paper +1 Edition
2071520,My Pleasure - Season 1
2901520,An alt girl for skoof
1517970,Aeterna Noctis
475190,Scanner Sombre
1944570,Boneraiser Minions
994140,Lightmatter
288260,Conflicks - Revolutionary Space Battles
1419730,Seek Girl Ⅵ
265750,Secret Ponchos
1444350,House
495990,True Love ～Confide to the Maple～
1212020,Void's Calling ep.1
1039100,No Place for Bravery
2106520,私のリアルは充実しすぎている フルボイス版
1092400,月球坠落时 Moon Fall
1430760,Aquarist
1372830,Fantasy Tavern Sextet -Vol.1 New World Days-
1002560,Tiny Snow
1726400,The Death | Thần Trùng
681390,ZomDay
227780,Serious Sam Classics: Revolution
466740,ARAYA
1552350,The Jackbox Party Pack 8
1222300,Into The Flames
284390,The Last Door - Collector's Edition
256460,Cosmic Star Heroine
792120,FIGHT KNIGHT
204630,Retro City Rampage™ DX
754150,Rolling Line
1813860,NAIAD
504130,Manual Samuel - Last Tuesday Edition
600080,Unto The End
467660,Paranormal Activity: The Lost Soul
1739300,Smack Studio
280600,BloodLust Shadowhunter
621930,Attack of the Earthlings
311720,Sproggiwood
815780,PIPE by BMX Streets
552440,The Talos Principle VR
2314720,[Chilla's Art] Parasocial | パラソーシャル
324740,The Warlock of Firetop Mountain
804490,Creed: Rise to Glory™
1036740,METAL DOGS
613190,Unworthy
1924430,Cookie Cutter: Overkill Edition
339400,Runestone Keeper
379980,Panzermadels: Tank Dating Simulator
303610,Suicide Guy
2911250,"Island, Sex & Survival"
2121980,Void Stranger
1431570,GLASS
1672310,Decarnation
819190,Undead Citadel
383930,Doorways: Holy Mountains of Flesh
508550,Sneak Thief
395160,Toby: The Secret Mine
1042670,Orangeblood
1049710,Minute of Islands
1995890,Aerofly FS 4 Flight Simulator
1238680,Amairo Chocolate
512250,Oh...Sir!! The Insult Simulator
1885690,Virtual Circuit Board
666570,Infectonator 3: Apocalypse
1969440,Sunday Gold
448320,GIBZ
1173410,My Breast Friend Sally
739080,9 Monkeys of Shaolin
243200,The Dark Eye: Memoria
1668290,Dungeons of Aether
1773180,The Matriarch
1551670,Samurai Vandalism
22180,Penumbra Overture
341020,Chronicles of Teddy
2756380,Dead-End City Blues OD Edition
488550,Dream Car Builder
699670,Feudal Alloy
1236720,Spirit Island
334210,Fortified
1982340,Blanc
402880,Age of Barbarian Extended Cut
638000,When Ski Lifts Go Wrong
1558510,MECHANICA: A Ballad of the Rabbit and Mercury
1266690,Dark Deception: Monsters & Mortals
2122090,Forgotten but Unbroken
664750,Wrongworld
342260,Nevermind
433910,Neon Drive
327060,FEIST
2107090,KitHack Model Club
1277130,Deathbound
481110,The Bunker
3433810,咸鱼殿下 / My journey
657090,Robothorium
3311740,The Cabin Factory
867490,Remyadry
232050,Eador. Masters of the Broken World
692100,Infliction
265210,Viscera Cleanup Detail: Santa's Rampage
1122680,The Artful Escape
577690,Spooky's Jump Scare Mansion: HD Renovation
787400,Fantasy Versus
301320,NoLimits 2 Roller Coaster Simulation
209830,Lone Survivor: The Director's Cut
378690,Potions: A Curious Tale
2738380,Supermarket & Internet Cafe Simulator
3016840,I Am Cat
725480,Slap City
2097230,Turnip Boy Robs a Bank
2175390,Going Rogue
1090440,Kelipot
1058060,Princesses Never Lose!
293680,Cinders
522210,Serial Cleaner
2055220,Desktop Girlfriend
2719190,撩妹模拟器：渣男的秘密
1121420,Kingdom Under Fire: The Crusaders
1012560,Snakeybus
319740,There Came an Echo
1455220,Succubus Farm
1988550,To The Core
6120,Shank
1964040,Do Not Feed the Monkeys 2099
1259840,The House of Da Vinci 2
1497360,Open Roads
1912750,Terra Memoria
2159210,Just a To the Moon Series Beach Episode
717640,Reigns: Her Majesty
1823930,Wavetale
265950,Ether One
764300,Shantae: Half-Genie Hero Ultimate Edition
1142500,Fun with Ragdolls: The Game
3330,Zuma Deluxe
2303800,My Life as a Cult Leader
539670,Sakura Nova
726830,Vacation Simulator
920320,Virgo Versus The Zodiac
418190,Helen's Mysterious Castle
474210,BUTCHER
297120,Heavy Bullets
1440440,Sam & Max Save the World
340580,Armed with Wings: Rearmed
328590,Don't Knock Twice
1770390,Bound by Love
2113040,RUNGORE
944010,S.W.I.N.E. HD Remaster
605450,In Death
1064460,Murder House
1111370,A Summer's End - Hong Kong 1986
619280,Gloom
2071430,Roots of Yggdrasil
319870,Jenny LeClue - Detectivu
2726450,Windowkill
298560,Captain Forever Remix
359510,Tangle Tower
1060670,Taboos: Cracks
98800,Dungeons of Dredmor
2351970,"Monster Girl 1,000"
39800,Nation Red
1889040,Birth
1338330,Lemon Cake
301560,White Night
1078280,Ruins Seeker
327880,Sublevel Zero Redux
995460,Miracle Snack Shop
630030,War Tech Fighters
98200,Frozen Synapse
1335530,Alisa
297350,The Old City: Leviathan
980300,One Finger Death Punch 2
353330,Love at First Sight
208400,Avernum: Escape From the Pit
325730,The Hive
1924360,Lil' Guardsman
2915460,OneShot: World Machine Edition
41060,Serious Sam Classic: The Second Encounter
393190,TSIOQUE
326840,Heart&Slash
357340,Cobalt
620210,Fatal Twelve
1224600,G String
617670,Zup! S
2414630,Hollow Cocoon
1138100,Touhou Ibunseki - Ayaria Dawn: ReCreation
635250,Evil Genome 光明重影
498500,I Am The Hero
805270,Playcraft
520720,Dear Esther: Landmark Edition
410890,Higurashi When They Cry Hou - Ch.2 Watanagashi
984800,Automachef
261510,Tesla Effect: A Tex Murphy Adventure
247020,"Cook, Serve, Delicious!"
1691320,Hellbreach: Vegas
1478160,Nyaruru Fishy Fight
604450,Another Adventure
1638390,Indies' Lies
262960,Castle In The Darkness
1889740,Paper Trail
2082410,Anomaly Collapse
1858650,In Sink: A Co-op Escape Adventure
1955230,Penny’s Big Breakaway
1461770,Fantasy Tavern Sextet -Vol.2 Adventurer's Days-
418950,DreadOut: Keepers of The Dark
1390700,The Crackpet Show
33100,Alien Shooter
3416070,Ropuka's Idle Island
599750,Crisis in the Kremlin
1182310,The Excavation of Hob's Barrow
440630,The Brookhaven Experiment
322290,Gurumin: A Monstrous Adventure
258760,Scania Truck Driving Simulator
1223870,Sakura Hime 2
235320,Original War
1900340,Ten Trials of Babel: The Doppelganger Maze
919260,Final Upgrade
1085750,Sex with Stalin
1101360,Rock of Ages 3: Make & Break
494230,Heart's Medicine - Time to Heal
646200,Dead Effect 2 VR
274350,Dropsy
1011610,Radio General
288120,Dungeonmans
905660,纸境英雄 Papercraft
41050,Serious Sam Classic: The First Encounter
80310,Gemini Rue
384310,Dead In Bermuda
1709900,Tower Tactics: Liberation
857940,Nature Calls
405290,Charlie Murder
882710,東方幕華祭 TouHou Makuka Sai ~ Fantastic Danmaku Festival
564310,Serious Sam Fusion 2017 (beta)
1435010,Succubus★Connect!
512060,Stay! Stay! Democratic People's Republic of Korea!
676820,Subsurface Circular
262830,Crimsonland
383270,Hue
476420,Heart of Crown PC
695100,Smoke and Sacrifice
1714250,Pets Hotel
1038740,Fluffy Store
664000,HammerHelm
851930,Battle Royale Tycoon
406160,Dust Fleet
940710,Colt Canyon
2404820,Human Farm - Rehabilitation
282680,Warring States
1037130,Dandy Ace
351940,The Descendant
1198850,How to Build a Magnificent Kingdom
1025410,Metamorphosis
1013910,Aron's Adventure
1055610,Deep Space Battle Simulator
336240,Typoman
1671360,Ereban: Shadow Legacy
524640,Asura: Vengeance Edition
1276610,My Cute Roommate
1435670,Song of Farca
299680,Tengami
234190,Receiver
2416650,Night Stroll
2149070,Cosplay Collection
377680,Sakura Beach
740080,Deadly Days
671620,Beast Battle Simulator
1240060,A Highland Song
2989770,Kurage Life
668210,Super Fancy Pants Adventure
980940,My Little Blacksmith Shop
1599780,Afterlove EP
1523390,Fantasy Tavern Sextet -Vol.3 Postlude Days-
516110,ToeJam & Earl: Back in the Groove!
269170,Sports Bar VR
528160,Solstice Chronicles: MIA
2052990,My Lovely Empress
2484130,Fruitbus
1585440,They Always Run
530320,Wandersong
809060,REVEIL
1566410,Touhou Kouryudou ~ Unconnected Marketeers.
215690,Zeno Clash 2
237350,Frozen Cortex
292500,Kero Blaster
230820,The Night of the Rabbit
288060,Whispering Willows
582890,Estranged: The Departure
1098940,Home Sweet Home EP2
892760,Seed of Evil
1175360,Doomsday Hunters
431930,Kabounce
331440,bit Dungeon II
1375900,Swarm Grinder
464150,Regalia: Of Men and Monarchs
346420,The Spatials
2321350,StormEdge
420520,Lost Technology
1906830,While the Iron's Hot
915460,ULTIMATE HARDBASS DEFENCE
612930,Fight of Gods
628200,The Invisible Hand
976700,Size Matters
2635350,United Penguin Kingdom
1054550,Phantom Rose
1113680,Hentai Girl Division
1015730,Apostle
24420,Aquaria
829280,Kaze and the Wild Masks
745850,KARAKARA2
247350,Artemis Spaceship Bridge Simulator
2400640,NanoApostle
2488510,FatalZone
263720,Brawlout
418620,The TakeOver
402120,Deathstate: Abyssal Edition
1085220,Figment 2: Creed Valley
270010,Time Rifters
854940,Ikenfell
96000,The Tiny Bang Story
788630,Gaia Beyond
274310,Always Sometimes Monsters
1609080,Summer of '58
355980,Dungeon Warfare
1554970,Rogue Spirit
314180,Deathsmiles
647570,Transference™
946770,Scheming Through The Zombie Apocalypse Ep2: Caged
1046300,Pirates Outlaws
237740,Angry Video Game Nerd Adventures
1883090,The Symbiant
954610,Onii-chan Asobo
2726890,Tomorrow's Love Puzzle
2580020,THRESHOLD
1297330,Olija
98400,Hard Reset Extended Edition
330100,BossConstructor
311010,The Way
1833490,GOODBYE WORLD
1273440,OverDrift Festival
1158890,White Shadows
733210,Neversong
402330,Press X to Not Die
1032790,Journey of Greed
1184400,Succubus Waifu
241910,Goodbye Deponia
349270,Mosaic
1603640,The House of Da Vinci 3
376520,Kelvin and the Infamous Machine
1114290,Windjammers 2
1191580,Nexomon
530020,World to the West
1106940,How to Raise a Wolf Girl
1137410,Depraved Awakening
1865930,Space Prison
1998450,Black & White
370280,Season of 12 Colors
327510,WASTED
339350,Choice of Robots
457010,StarsOne
2289650,Mini Airways - ATC simulator
368740,Obliteracers
1079160,Touhou Kikeijuu ~ Wily Beast and Weakest Creature.
985080,食用系少女 Food Girls
466110,Shaolin vs Wutang
214770,Guacamelee! Gold Edition
428880,The Quest
1213570,Cave Quest
885000,Synth Riders
984560,HEARTBEAT
262940,Broken Sword 5 - the Serpent's Curse
270110,Block Story™
227080,Papo & Yo
307580,Technobabylon
612390,Dandara: Trials of Fear Edition
42120,Lead and Gold: Gangs of the Wild West
1132910,ITORAH
314810,Randal's Monday
463350,Storm Of Spears RPG
531930,Dungeon Rats
342190,Skyworld
411000,Sorcery! Parts 1 and 2
1783360,Meg's Monster
315860,Celestian Tales: Old North
546080,Coffin of Ashes
15700,Oddworld: Abe's Oddysee®
415030,One More Dungeon
1295630,Helskate
588690,"Peace, Death!"
234900,Anodyne
397310,Looterkings
584640,SUPER CHICKEN JUMPER
1710100,Bing in Wonderland
1897650,Dream Tactics
921780,The Dark Occult
2734450,Folie Fatale
2659900,Sixty Four
698700,Rise of the Third Power
327220,Anna's Quest
1170060,Boomerang X
975470,Silver Chains
1322300,Tsugunohi
1070790,Freshly Frosted
398100,Highschool Romance
857690,Lagoon Lounge : The Poisonous Fountain
1016360,PERISH
1031480,TouHou Makuka Sai ~ Fantastic Danmaku Festival Part II
645820,Odysseus Kosmos and his Robot Quest (Complete Season)
338170,Ratz Instagib
2287970,Dungeon's Legion
1210110,Midnight Ride
293660,TRI: Of Friendship and Madness
2163060,Summer Crush
449710,REDCON
1551530,Pray Game
1644490,Occult
395850,Bear Simulator
437250,A House of Many Doors
1664200,Duelists of Eden
2581050,KAMITSUBAKI CITY ENSEMBLE
1501690,Dice Kingdoms
1840350,Koi-Koi VR: Love Blossoms
477730,Eador. Imperium
704000,GUNHEAD
920680,Fate Hunters
1724320,Noelle Does Her Best!
205020,Lumino City
2704110,Aliya: Timelink
220740,Chaos on Deponia
2914480,Welcome to Maison Chichigami
211260,They Bleed Pixels
761460,Lamplight City
336130,Shardlight
375750,Invisigun Reloaded
1280260,Overgrown: Genesis
758990,Ancient Warfare 3
943140,Sparklite
1106530,GemCraft - Frostborn Wrath
754890,Firmament
2793370,[Chilla's Art] Shinkansen 0 | 新幹線 0号
1398070,The Book of Bondmaids
1448260,下一站江湖Ⅰ
438420,Zenith
22200,Zeno Clash
585020,Big Bia
1044490,The Expression Amrilato
350070,Environmental Station Alpha
1047010,Synergia
453690,Dark Quest 2
975270,军团战棋Legion War
488660,Just Deserts
322450,FRAMED Collection
2518630,None Shall Intrude
2719060,Mirage Feathers
473460,Memory Oblivion Box
584890,Stayin' Alive
2652500,Saki and the Crucible of Debauchery
302790,Momodora III
781480,Tech Support: Error Unknown
2822370,Chocolate Factory Simulator
749960,Townsmen VR
377690,Starlight Vega
1986010,灵墟
284240,Maize
355050,Sky Force Anniversary
571880,Angels with Scaly Wings™ / 鱗羽の天使
1419750,Apostle: Rebellion
861270,Sudoku Killer / 杀手数独
881690,The Slater
1618380,Spellmasons
543390,Aeon
218740,Pid
278100,RIVE
2727650,WHAT THE CAR?
290020,LogicBots
2600600,Internet Cafe Evolution
968870,Close To The Sun
844660,Heart of the Woods
2391840,NejicomiSimulator TMA01
1034700,GRAY
241410,CastleStorm
209370,Analogue: A Hate Story
2531940,Stray Path
499440,klocki
872680,Z Dawn
747360,Gray Dawn
322680,BLACKHOLE
908100,九州：商旅（Nine Provinces: Caravan）
2201930,Oriental Valley
1812060,Yokai Art: Night Parade of One Hundred Demons
2686900,Churn Vector
1312960,Epic Chef
1594060,Victory Heat Rally
630720,Mana Spark
2710560,Umbra: The Last Summoner
414510,5089: The Action RPG
552970,Sumoman
1046400,Astalon: Tears of the Earth
1428420,Nucleares
583090,SeaBed
1125330,Griefhelm
673000,High Hell
2216130,沉默的蟋蟀
315430,Polarity
2236070,Peaks of Yore
609920,Hotshot Racing
1379870,Tribal Hunter
2262610,Endless Monday: Dreams and Deadlines
465760,Scrap Garden
1583500,Eternal Dread 3
1048540,Kao the Kangaroo: Round 2 (2003 re-release)
1280300,Steel Assault
265470,Even the Ocean
1097420,No-brainer Heroes 挂机吧！勇者
950740,China: Mao's legacy
1420770,Winter Resort Simulator 2
1262060,Battle Ram
1184480,Inertial Drift
1178210,Stirring Abyss
1770400,Re:BF
1683100,Ultra Age
1384770,Scrutinized
629220,Rise of Insanity
275180,Costume Quest 2
319250,Magicmaker
606980,Potentia
407980,Sakura Beach 2
266110,Tower of Guns
2278630,Livestream 2: Escape from Togaezuka Happy Place
650670,Grimoire : Heralds of the Winged Exemplar (V2)
521500,Sakura Space
1144770,SLUDGE LIFE
346810,Marble Age
1144030,Pesterquest
1916310,Remnant Records
1225780,他人世界末 On-looker
986020,Kunoichi Botan
248800,Dysfunctional Systems: Learning to Manage Chaos
1441840,FALL IN LABYRINTH
428750,Neon Chrome
1245540,Touhou Endless Dream
762840,Maquette
1065260,GENSOU Skydrift
1150720,Monster Girl Club Bifrost
824620,Jolly Battle
1301390,No Umbrellas Allowed
339190,Dead Synchronicity: Tomorrow Comes Today
600370,Paradigm
502770,Voodoo Garden
691320,Gun Club VR
461640,Sins Of The Demon RPG
298600,Lovely Planet
1845670,Islands of the Caliph
893020,Slave's Sword 2
263740,FootLOL: Epic Soccer League
669500,Himeko Sutori
828580,NEKO-NIN exHeart 2
431250,Mushroom Wars
2107860,Yggdra Union
1229020,Kona II: Brume
641960,BOXVR
1156380,One Dreamer
650220,Interplanetary: Enhanced Edition
925950,Here Comes Niko!
913060,Jet Lancer
1914580,Spirit Hunters: Infinite Horde
2081630,To Be A King - Volume 1
418300,Wick
1739900,Death of the Reprobate
239430,Q.U.B.E: Director's Cut
738020,ELMIA
2296550,Axon TD: Uprising - Tower Defense
529590,"Please, Don't Touch Anything 3D"
1257200,False Myth
107200,Space Pirates and Zombies
1850960,The Jackbox Party Pack 9
319480,Odallus: The Dark Call
2826800,Amanda the Adventurer 2
654260,旧手表 - Old Watch
2971610,HOLE
270790,Etherlords II
1579880,The Light Brigade
1608470,Warstride Challenges
345430,The Cursed Forest
1279630,Vampire: The Masquerade - Shadows of New York
1059980,Just King
1629530,Spark the Electric Jester 3
837400,Fated Kingdom
1424710,Geneforge 1 - Mutagen
343100,Overture
462940,Making History: The Second World War
1167680,Orbital Bullet – The 360° Rogue-lite
3259470,Papa's Pizzeria Deluxe
415420,Nyan Cat: Lost In Space
510420,The Hex
935880,Glass Masquerade 2: Illusions
1292500,Harvest Island
214590,Fairy Bloom Freesia
340520,Tallowmere
1213230,Rain on Your Parade
2017620,Beloved Rapture
1411020,Perennial Order
957660,Catizens
386970,Memory's Dogma CODE:01
3205080,Bad Parenting 1: Mr. Red Face
1734320,Brutal Orchestra
490390,神明的一天世界(God's One Day World)
1269810,The Curse of Kubel
363420,Leap of Fate
740200,The Mercury Man
515260,Virtual Rides 3 - Funfair Simulator
943980,The logic of the miniature garden
573320,Underhero
1517340,From The Darkness
1306720,Mayhem Brawler
986800,AVICII Invector
794960,The Sojourn
436500,Diaries of a Spaceport Janitor
2659960,Let's Go! My Harem Farm
1600370,Not Tonight 2
338140,Venetica - Gold Edition
434420,The Chosen RPG
1468040,Elmarion: Dragon's Princess
1186460,Songs of Wuxia
926340,Roman's Christmas / 罗曼圣诞探案集
426690,Narcissu 10th Anniversary Anthology Project
778390,Corpse Party: Book of Shadows
1622800,Super Dungeon Maker
940310,Corpse Party 2: Dead Patient
1167320,Artificial Extinction
2305500,FAIRY TAIL: DUNGEONS
390030,DESYNC
423590,The Little Acre
580710,Afghanistan '11
407780,Lethe - Episode One
554600,Learn Japanese To Survive! Katakana War
1564790,Submachine: Legacy
1428710,The Tarnishing of Juxtia
2092850,Krzyżacy - The Knights of the Cross
632070,The Fidelio Incident
1228500,1428: Shadows over Silesia
2161620,Lysfanga: The Time Shift Warrior
1413960,Chevalier Historie
3064420,Innocence Or Money | Season 2 | Episode 1
1477770,Shokuo Shoujo
2652480,Radiant Victorias
918820,Headliner: NoviNews
1181840,HIVESWAP: ACT 2
291190,Heroes of Steel RPG
2745710,Modern Pink Elf RPG
373650,The Assembly
930780,Blood Card
1071130,The Procession to Calvary
1223500,Umurangi Generation
960420,Hello Neighbor: Hide and Seek
833040,Hiveswap Friendsim
263020,STARWHAL
411970,TY the Tasmanian Tiger 2
262850,The Journey Down: Chapter Two
269250,WORLD END ECONOMiCA episode.01
1041920,If Found...
2083210,Super Woden GP 2
364390,Downfall
2326590,Kakuriyo Village ~Moratorium of Adolescence~
1147450,Divine Miko Koyori
688130,Pogostuck: Rage With Your Friends
616620,Forest Fortress
1042920,Unsouled
9940,Blade Kitten
448370,IS Defense
1619230,The Star Named EOS
2071200,The Bad Kids
884260,Akane
402750,Giant Machines 2017
741670,Easy Red
1100140,Touhou Fuujinroku ~ Mountain of Faith.
406130,DarkMaus
247240,Volgarr the Viking
716500,Eliza
308080,Wing Breakers
505040,FORTIFY
445800,Love Language Japanese
572220,MageQuit
1258340,KukkoroDays
538070,Bad Dream: Coma
1086850,Garden of the Sea (VR)
1679210,The Spirit and the Mouse
1062960,Under the Sand REDUX - a road trip simulator
1206620,Soul Axiom Rebooted
1219940,US Spy: Mission in Russia
822990,Spinnortality | cyberpunk management sim
1252830,A Juggler's Tale
846870,Yooka-Laylee and the Impossible Lair
1856030,Fresh Start Cleaning Simulator
676090,Legend Of Mercy 神医魔导
240970,Half Minute Hero: The Second Coming
1847240,Game Dev Story
525680,Deisim
1137450,ENCODYA
1547380,KINGDOM of the DEAD
252350,Double Dragon: Neon
207930,Sacred Citadel
842810,Märchen Forest: Mylne and the Forest Gift [Legacy ver.]
1218280,Bad Guys at School
2332260,Feed the Deep
1224020,Creepy Tale
1418020,Tavern of Gods
1267470,Warriors of the Nile
809310,Sipho
1755880,Island of Lust
969700,NekoMiko
224820,Super House of Dead Ninjas
435100,2Dark
1156990,Return to Shironagasu Island
1575830,ArcRunner
705290,Strange Telephone
1525620,The Architect: Paris
618720,1bitHeart
1416050,Shovel Knight Dig
517160,Richie's Plank Experience
1789490,"Love, Ghostie"
1330190,A Town Uncovered
1058430,A Legionary's Life
243160,Mushroom 11
703880,Swords and Soldiers 2 Shawarmageddon
907090,Cursed Armor
2246880,STANDBOX
1303950,Toodee and Topdee
582330,Warriors: Rise to Glory
364510,Transcendence
506870,Unexplored
2986260,Dreamlike Love with Seira
561770,Just Ignore Them
691830,Avernum 3: Ruined World
786580,Gleaner Heights
205910,Tiny and Big: Grandpa's Leftovers
259550,Hero of the Kingdom
2496640,Futanari di Funghi
839310,Signal Simulator
504920,39 Days to Mars
1592750,Anode Heart
348360,Doodle God
1666250,Circus Electrique
420980,Army Gals
508260,Treasure of a Blizzard
63200,Monday Night Combat
203510,Fortune Summoners
219680,Proteus
593960,Lorelai
318130,Doom & Destiny
235620,Small World
228960,Skulls of the Shogun
757480,Broken Reality
1622770,Doors: Paradox
1221540,KUUKIYOMI: Consider It
203830,The Dark Eye: Chains of Satinav
3359320,SchoolBoy Runaway
1089790,Winter Resort Simulator
3158380,Please Subscribe! Magical Revantia Channel: The Magical Girl Powered by Viewers
885940,Meritocracy of the Oni & Blade
702680,Wattam
942930,枕边少女 MOE Hypnotist - share dreams with you
793370,KIDS
1271280,Rift Wizard
402040,The Guest
1116480,Slender Threads
1848450,Nightmare of Decay
550340,Umineko: Golden Fantasia
517000,Sakura Shrine Girls
966680,Red Matter
2449160,While Waiting
578850,64.0
1073320,Meteorfall: Krumit's Tale
635390,Thief of Thieves
421740,Goetia
260790,1001 Spikes
2056880,Mystery of Mortlake Mansion
2769080,Kong: Survivor Instinct
2539350,Myths of Rules
2972990,hololive Treasure Mountain
1443620,Pirates VR: Jolly Roger
1424600,Verne: The Shape of Fantasy
1642790,Deepening Fire
2238040,Tiny Terry's Turbo Trip
226740,Monster Loves You!
1710540,Fall of Porcupine
959890,Sister Travel
1540350,The Fabulous Fear Machine
732810,Slipstream
515040,Make America Great Again: The Trump Presidency
2018130,Desktopia: A Desktop Village Simulator
676500,Time Warpers
384000,Cross of the Dutchman
2146570,RKGK / Rakugaki
2420240,HAREM！RANCH LIFE
408280,Message Quest
1158220,Kraken Academy!!
1333470,Alex Kidd in Miracle World DX
220090,The Journey Down: Chapter One
597700,OVIVO
209060,Drunken Robot Pornography
2275150,SLUDGE LIFE 2
1174390,ANNIE:Last Hope
666870,Perfect Crime
1649730,xiuzhen idle
666820,Skirmish Line
1096140,Timemelters
716340,Blackberry Honey
2295970,UFO ROBOT GRENDIZER – The Feast of the Wolves
682140,Undead Development
556050,Hyper Jam
346560,Hero of the Kingdom II
527340,What The Box?
453750,Tyto Ecology
1807090,Wantless : Solace at World’s End
446120,Bunker Punks
1991300,Closer the Distance
1490410,The fairy tale you don't know
638200,Capitalism 2
1127610,Iris and the Giant
1243420,Sanguine Rose
27000,The Path
2295610,Abathor
855640,My Brother Rabbit
2720950,Grunn
337850,Avernum 2: Crystal Souls
1151050,Golf Gang
545600,Vigilantes
1184760,Shovel Knight Pocket Dungeon
589510,Shovel Knight: Specter of Torment
509250,TO THE TOP
897640,Gun Crazy
1133590,Stilt Fella
2093910,Time Walker: Dark World
948830,寄甡  Symbiotic Love
940680,The Textorcist: The Story of Ray Bibbia
880400,Lingering Fragrance
473970,Zombie City Defense 2
422510,DEMON'S TILT
352780,An Octave Higher
2101890,Zoonomaly
496620,Monster Slayers
1328900,Explorer of Yggdrasil
1025250,Shadow Corridor
307940,Radiation Island
2299660,Fossilfuel 2
2011780,Yellow Taxi Goes Vroom
622870,Within the blade
1036700,My Beautiful Paper Smile
575340,Chessaria: The Tactical Adventure (Chess)
476700,Island 359™
898800,Constructor Plus
1480830,Evil Tonight
562220,Zup! 2
917840,Wintermoor Tactics Club
789660,Buggos
454250,The Eyes of Ara
724490,Protocol
1057680,人间 The Lost We Lost
610500,Willy-Nilly Knight
1150730,Island SAGA
1056490,The World is Your Weapon
809540,Mechs V Kaijus - Tower Defense
505630,Let Them Come
3107330,Nodebuster
1422420,Dodgeball Academia
1071290,Wild West and Wizards
1015770,Tina: Swordswoman of the Scarlet Prison
2182400,Laughing to Die
1507720,Märchen Forest
429720,IMSCARED
1020470,Evoland Legendary Edition
770100,One Deck Dungeon
2819180,LAST HAREM
504390,Along the Edge
461840,Zenge
727570,After the Collapse
241320,Ittle Dew
2150660,Touhou: New World
753930,God's Basement
1137350,Filament
1895820,Greedventory
946110,Future Love Space Machine : Glimmer Deck
1966420,Harmony: The Fall of Reverie
1975360,DRAINUS
317280,Solstice
404530,Voxel Turf
565120,The Station
1617220,Thirsty Suitors
1554220,Paleon
1296450,Dust & Neon
230050,DLC Quest
2081470,Red Matter 2
944020,Dream Ending
858940,Flowers -Le volume sur ete-
534290,Cursed Castilla (Maldita Castilla EX)
724300,Roof Rage
236730,Anomaly 2
2674590,Beltmatic
1398740,The Chrono Jotter
822800,Soulfire
2185780,Return to abyss 重返深渊
792040,Detective Di: The Silk Rose Murders
1129250,NEKO-NIN exHeart 3
946030,Axiom Verge 2
1162680,[Chilla's Art] Stigmatized Property | 事故物件
593200,The Adventures of Fei Duanmu 端木斐异闻录
678560,鸿源战纪 - Tales of Hongyuan
1543710,Beyond Galaxyland
782570,Endless Road: Reborn
1257170,Saint Emiliana
1608400,Vermillion - VR Painting
564150,Rosenkreuzstilette
569530,Sky Noon
97000,Solar 2
405010,Bitardia
279900,Soul Axiom
266490,Lili: Child of Geos - Complete Edition
1239050,Mists of Aiden
454950,Mainlining
441870,OutDrive
1115050,Will You Snail?
1507190,Machinika: Museum
269690,RymdResa
416790,The Metronomicon: Slay The Dance Floor
823610,Dungeon Of Dragon Knight
533300,Zup!
241240,Contraption Maker
877810,Anodyne 2: Return to Dust
1378040,Tear and the Library of Labyrinths
2058570,Rift Wizard 2
2059660,Cavern of Dreams
234920,Dyscourse
1226530,Trap Legend
1168880,MOLEK-SYNTEZ
234160,Strike Suit Infinity
1768470,The Heroes Around Me
2814610,The DeLuca Family - Season 1
852300,Creature in the Well
428220,TurnOn
798840,Panzer War : Definitive Edition
1789650,NEKO-MIMI SWEET HOUSEMATES Vol. 1
2219820,Kunoichi Demon Slayers
979400,Last Labyrinth
979310,Disjunction
2057550,我在地球修仙有系统
543930,Koi Musubi
529520,Mutant Football League
812070,Project Nightmares Case 36: Henrietta Kedward
704640,Evolution of Ages: Settlements
2853840,Family Breeding
698540,Dungeon Warfare 2
1338580,McPixel 3
578540,Perfect Gold - Yuri Visual Novel
375440,Hero-U: Rogue to Redemption
2951840,Arisen Force: HeroTest
1472930,Flock
559260,Wayward Souls
1601280,Potato Flowers in Full Bloom
513510,Intralism
219910,Edna & Harvey: Harvey's New Eyes
285500,Hard Truck Apocalypse / Ex Machina
1814010,Stuck In Time
2976720,1 to 1 humanoid edible toys
495980,Selma and the Wisp
562230,Space Tyrant
809440,Protolife
1412850,Spacelines from the Far Out
1103490,Sweet Dream Succubus - Nightmare Edition
428860,Red Haze
760410,Don't Be Afraid
1389560,Paint Girl
597150,Hyper Knights
730050,Verdant Skies
1747050,Sam & Max: Beyond Time and Space
35460,The Ball
2515240,Welcome to Kowloon
1929870,Nomad Survival
1571940,Ctrl Alt Ego
349320,The Rainy Port Keelung 雨港基隆
1160330,Fight of Animals
1254370,No one lives under the lighthouse Director's cut
453310,Blackwood Crossing
809020,ZeroRanger
1660860,The Harem Life of Peerless Swordsmen
290690,Tonight We Riot
680980,HEADLINER
346970,OBEY
854570,Pamali: Indonesian Folklore Horror
618850,Pumpkin Days
1074190,Dragon Spirits
383960,Machina of the Planet Tree -Planet Ruler-
401360,The Aquatic Adventure of the Last Human
388420,In Between
1603180,Mining Mechs
512220,Trickster VR: Co-op Dungeon Crawler
1069030,EarthX
1817940,Love Delivery
272620,Serious Sam's Bogus Detour
746710,Cypher
780670,Fantasy of Expedition
1007810,重明鸟 Bright Bird
1035990,Dialtown: Phone Dating Sim
317300,Roommates
976900,Lumberhill
1114950,Learn Japanese RPG: Hiragana Forbidden Speech
1333560,Timestamps: Unconditional Love
2343930,Eyes of War
671390,Metropolis: Lux Obscura
244870,Electronic Super Joy
682450,Garrison: Archangel
1413990,The Heart of Darkness
746510,Duck Season PC
1086010,198X
390730,Sora
1012570,Knuckle Sandwich
2129220,Zoo Simulator
962970,My 1/6 Lover
875760,Furious Seas
242820,140
254440,Pool Nation
294370,Crowntakers
594680,Shuyan Saga™
1379830,Cyber Crush 2069
327670,Ironcast
933450,Wenjia
590590,Remnants of Naezith
1902870,Vertical Kingdom
464100,Codex of Victory
1709050,Nitro Kid
937580,Touhou Kanjuden ~ Legacy of Lunatic Kingdom.
951750,I Am Dead
1418160,Happy Quest
1122690,Last Stop
259530,Savant - Ascent
2248180,Just Xiangqi
1117630,I got a cat maid
368610,The Enchanted Cave 2
322750,Drifting Lands
211340,Magical Diary: Horse Hall
574310,The Mooseman
1462650,LAST EMBRYO -EITHER OF BRAVE TO STORY-
2821040,Imperial Lovers
1162070,Nyakori's Rabbit Doll
1634080,Nocturnal
2124380,Super Lesbian Animal RPG
409660,Angry Video Game Nerd II: ASSimilation
1274300,Cyber Agent
390720,Anarcute
2382250,Seven Nights Ghost
927270,Accounting+
1082930,The Signifier Director's Cut
744520,NEKO-NIN exHeart +PLUS Nachi
1177420,UncleNeighbor:uncle Dating Simulator
1089630,奇迹一刻 Surmount
300340,Lemma
595770,AirMech Wastelands
630550,Faulty Apprentice
585890,Sweetest Monster
647740,Airmen
1125480,School Years
464620,Siralim 2
668550,8Doors: Arum's Afterlife Adventure
251850,Master Reboot
300580,GALAK-Z
1184890,Fleeting Iris
371300,Knee Deep
244750,Aztez
1162700,Midnight Protocol
1953780,Purrrfect Love
29180,Osmos
830820,Jets'n'Guns 2
521350,Use Your Words
922100,Nauticrawl
1078320,Public Defense Corp
594130,Winds of Change
3177970,Bioweaver
335190,200% Mixed Juice!
1512590,Punch A Bunch
1573300,WISH - Paradise High
250580,Paranautical Activity: Deluxe Atonement Edition
1004770,Maiden and Spell
317250,Airscape - The Fall of Gravity
1325260,Kitsune Tails
1598730,Shanhe
1156730,Holy Knight Luviria
396640,TowerClimb
968550,Tinytopia
552450,Serious Sam VR: The First Encounter
1124080,Active DBG: Brave's Rage
420950,Time Tenshi (2015)
623640,Mulaka
2400340,Touhou Juuouen 〜 Unfinished Dream of All Living Ghost.
2617400,Minimalist Tower Defense
281920,Splatter - Zombiecalypse Now
2110820,Granny Remake
222980,Dead Pixels
576030,MHRD
701930,Short Stories Collection of Class Tangerine
346460,Vector 36
1797300,Void's Calling ep. 2
928520,Story of Eve - A Hero's Study
431590,Earn to Die 2
1962450,RitualSummon
288220,Backstage Pass
396710,The Adventure Pals
2737300,Parking Garage Rally Circuit
691390,Alchemage
587220,Jet Island
1818230,Lodventure
2123140,The Scarlet Demonslayer
1918450,HunterX
2067310,Neon Blood
262260,Jets'n'Guns Gold
1130410,Cyber Hook
1393410,Seek Girl V
1240480,-The Sacrificial Girl of the Fantasy 3 Kingdoms-
2892310,GIRLDIVERS
1967450,捉妖物语 Monster Girl
1522280,Grim Realms
262790,Our Darker Purpose
285740,Kitty Powers' Matchmaker
760890,Hello Charlotte EP3: Childhood's End
446840,Splasher
1766390,FORWARD: Escape the Fold - Ultimate Edition
561740,MidBoss
1057800,Floppy Knights
2248430,Touhou Artificial Dream in Arcadia
312230,Spirits of Xanadu
115100,Costume Quest
1285360,Alien Hominid HD
1946070,Ten Dates
269030,The Yawhg
715650,The Endless Journey
1097370,Paladin Lias
298930,Darkness Within 1: In Pursuit of Loath Nolder
1996210,Sakura Hime 3
259810,Home Sheep Home: Farmageddon Party Edition
1289990,Alan's Automaton Workshop
343090,SimpleRockets
733110,8-Bit Adventures 2
851820,Boxes Inc.
659190,"Sorry, James"
314020,Morphopolis
107310,Cthulhu Saves the World
1273690,Ashwalkers
733070,Sudoku Universe / 数独宇宙
510490,The Fall Part 2: Unbound
446810,Blossom Tales: The Sleeping King
491420,the 9th day:第九日
1297160,a new life.
365900,Pixel Dungeon
1841250,Hard Times at Sequoia State Park
1895860,Monster Girls and the Mysterious Adventure 2
1015720,Alternate DiMansion Diary
322900,"War, the Game"
1096730,Hot & Steamy Knights
2009860,Tower Escape
559330,A Fisherman's Tale
492290,Has-Been Heroes
989580,Kamimachi Site - Dating story
1283500,Euphoria: Supreme Mechanics
891370,The Last Hex
2289390,Crab God
463160,Super Dungeon Tactics
760810,Retimed
1513420,Escalation!
567670,Serious Sam 3 VR: BFE
390290,Bulb Boy
588110,One Dog Story
3257490,There Exists Nobody
1078420,Critters for Sale
1155880,The Bonfire 2: Uncharted Shores
1944360,Rune Teller
1127970,Retro Machina
485900,Hardware Engineers
227200,Waking Mars
744260,Legend of Homebody
218090,Unity of Command: Stalingrad Campaign
470210,Rocketbirds 2 Evolution
545040,Feather
427910,Zavix Tower
331390,Winged Sakura: Mindy's Arc
431120,Tethered
761910,Worbital
1050370,LUNARK
590690,Sprint Vector
533950,Don't open the doors!
325930,Viking Squad
2008980,XENOTILT: HOSTILE PINBALL ACTION
363980,Forget Me Not: My Organic Garden
959880,Dungeon Town
3328720,Flash Doll
1085160,Palmyra Orphanage
864060,Marble It Up! Ultra
65300,Dustforce DX
2435090,Talented
383460,Sound of Drop - fall into poison -
384500,Zombie Party
1020340,AUDICA: Rhythm Shooter
973070,Bound By Blades
1042600,Demon Queen Melissa
350910,Streets of Fury EX
278890,Angvik
550590,Archaica: The Path of Light
453340,Hustle Cat
233230,Kairo
1783680,Thalassa: Edge of the Abyss
616110,SPACEPLAN
1098770,The Crimson Diamond
689900,Darkestville Castle
3028150,Nao in Heat! ~Kemomimi Girl's Naughty Treatment~
468670,Speed Brawl
288860,Realms of Arkania: Star Trail
503770,Elven Assassin
1057600,Booze Masters: Freezing Moonshine
265890,Hexcells
461700,Seduce Me 2: The Demon War
1215260,Efflorescence of Lust
308040,Back to Bed
1585700,Trap Genesis
1744970,Petit Island
248970,Vector
70900,Star Ruler
1191900,Say No! More
406850,Crush Your Enemies
400580,Black Closet
328270,Leviathan: The Last Day of the Decade
836450,Heaven Will Be Mine
431810,Rencounter
1168470,千面 Melancholy Love
3054610,Artifact Seeker: Resurrection
1647920,Valfaris: Mecha Therion
801260,NOSTALGIC TRAIN
414950,Star Nomad 2
1005120,Touhou Genso Wanderer -Lotus Labyrinth R-
392260,Rogue Wizards
1493520,Beat Hazard 3
2002220,Keeper's Toll
41800,Gratuitous Space Battles
235520,The White Laboratory
290890,You Must Build A Boat
1678140,Shades of Sakura
1173740,Woodle Tree 2: Deluxe+
264080,Vangers
1184840,Chaos Galaxy
1514950,Neodash
1177660,Escape the Ayurok
284770,Enigmatis 2: The Mists of Ravenwood
853050,El Hijo - A Wild West Tale
471810,Death Squared
416360,Max's Big Bust - A Captain Nekorai Tale
427760,A Chair in a Room : Greenwater
2281940,The Mobius Machine
2052040,Golden Lap
2448930,Starstruck Vagabond
527450,Cockroach Simulator
719750,PUSS!
1720850,A=B
1001800,KUNAI
584370,The Trail: Frontier Challenge
1440500,東方剛欲異聞　～ 水没した沈愁地獄
1065180,Azure Striker Gunvolt 2
1770210,Price of Power
1684100,Halluci-Sabbat of Koishi
595730,Ascendant Hearts
1106340,Legend Bowl
449250,A Little Lily Princess
1732750,Havsala: Into the Soul Palace
307640,Stick RPG 2: Director's Cut
2314650,Gray Haven : Witch's Garden
704690,Elisa: Seduce the Innkeeper
1115780,The Almost Gone
1032590,Heaven Dust
321060,Gender Bender DNA Twister Extreme
457960,Holopoint
2292650,Escape From Mystwood Mansion
323720,Decay: The Mare
439490,BLUE REVOLVER
220860,McPixel
951670,Precipice
855630,Zeliria Sanctuary
2870420,Mech Builder
695050,Rain of Reflections: Set Free
1110050,Evan's Remains
390330,Mekazoo
1593780,Organs Please
467720,Roomie Romance
1590230,Tyrion Cuthbert: Attorney of the Arcane
1209000,romantic player
1099220,The Alien Cube
2023050,Lighthouse Keeper
338320,Pixel Heroes: Byte & Magic
1161870,Epiphyllum in Love
613730,Need For Drink
1891090,Final Vendetta
621000,异常 | Exception
589500,Shovel Knight: Shovel of Hope
252550,Qbeh-1: The Atlas Cube
503400,Four Last Things
3150440,Laundry Store Simulator
1102100,TINY METAL: FULL METAL RUMBLE
874040,Ministry of Broadcast
384960,Vengeance
621810,Strain Tactics
837460,Batbarian: Testament of the Primordials
1578860,Billionaire Lovers
2724540,Cybernetic Seduction - Season 1
1572340,Ark of Artemis
883070,Viviette
205230,Hell Yeah! Wrath of the Dead Rabbit
3250970,Isekai Reincarnation Magic Cock
214970,Intrusion 2
951860,Once Ever After
606480,Flood of Light
949970,Reborn In Wild City 迷城重生
293240,Cosmochoria
1359120,The Dungeon Beneath
1309620,Bears In Space
1575470,Frogun
514830,Stifled - Echolocation Horror Mystery
1136330,Hazumi and the Pregnation
1542110,Daydream: Forgotten Sorrow
286240,Dog Sled Saga
1628610,Paquerette Down the Bunburrows
248330,Dino Run DX
1548750,Dahlia View
1892030,Dummynation
603260,The Cat Games
2330870,CD 2: Trap Master
1407420,Milo and the Magpies
492500,Heroes of the Monkey Tavern
238910,Bionic Dues
1295790,The Longest Road on Earth
462240,Post Human W.A.R
259130,Wasteland 1 - The Original Classic
944080,Pode
812550,The King's Bird
223220,Giana Sisters: Twisted Dreams
614630,Tiny Rails
1158010,UnHolY ToRturEr
512300,Unbox: Newbie's Adventure
669050,Mutiny!!
389510,Wild Animal Racing
1184990,Huuma Mina: The Secret of Immortality
887800,Snooker 19
2249160,September 7th
2287980,Country Bumpkin Yutaka
249680,Marlow Briggs and the Mask of Death
666730,This Merchant Life
2377420,Eris Dysnomia
1065940,Country Girl Keiko
239800,Bleed
2685900,Mind Over Magnet
520850,Lost in Secular Love
3089130,Retail Company Simulator
1960900,Judero
765640,Change
1216880,Risen Kingdom
355860,Albino Lullaby: Episode 1
1061180,Crumble
502940,"Calm Down, Stalin"
399600,I and Me
444590,Skautfold: Shrouded in Sanity
2701700,Maestro
759940,前程似锦 Excellent Expectations
1256530,Sentimental K
894630,Final Theory
1842730,Nightmare: The Lunatic
441010,Mount Your Friends 3D: A Hard Man is Good to Climb
1418360,Lonesome Village
2244470,Train Valley World
1232570,Paper Beast
824830,Corpse Party: Blood Drive
282760,Circuits
264160,WazHack
2882440,DEVIL BLADE REBOOT
1117090,Purple Place - Classic Games
1229580,Disc Room
1255650,Geometry Arena
388430,TankZone Battle
1177400,江湖余生：缘起
448290,Nefarious
2774380,Hospital 666
549260,Alwa's Awakening
750290,Slice of Sea
844920,Fortissimo FA
1078330,Liz ~The Tower and the Grimoire~
2226700,挂姬恶魔 IDLE DEVILS
214830,Half Minute Hero: Super Mega Neo Climax Ultimate Boy
303430,Roundabout
368180,Polyball
690120,Inked: A Tale of Love
1357610,Desktop Farm
1288920,Element-174 - Part 1
542400,Pixel Gladiator
555630,A Magical High School Girl / 魔法の女子高生
385710,INK
1144440,UnderParty
1725340,Elypse
347670,Karate Master 2 Knock Down Blow
368160,WORLD END ECONOMiCA episode.02
601810,Spark the Electric Jester
355630,Leo’s Fortune - HD Edition
1576130,IdolDays
981020,Clea
244730,Divekick
1944060,Super Alloy Ranger
250460,Bridge Constructor
810500,PowerBeatsVR - VR Fitness
775580,ITTA
353540,Stephen's Sausage Roll
1850550,I'm on Observation Duty 5
1220370,Ever Forward
250500,Super Amazing Wagon Adventure
685240,Paradiddle
2593850,Mech Academy
429330,Stikbold! A Dodgeball Adventure
253610,Wrack
1116230,The Story of Henry Bishop
906300,Under One Wing
3184110,Widget Inc.
865930,BQM - BlockQuest Maker-
370060,Coffee Shop Tycoon
695970,Treadnauts
705340,Kofi Quest
750990,NEKO-NIN exHeart +PLUS Saiha
2784620,ROGUE FLIGHT
2401460,Tamas Awakening
1413970,Fox Girls Never Play Dirty
1301950,Time Loader
653930,Tiny Town VR
1586710,Cafe Maid - Hentai Edition
1216490,Knock Harder
2166140,Milky Quest II
460960,The Deed: Dynasty
272600,Detective Grimoire
488770,Her Majesty's SPIFFING
573130,Aporia: Beyond The Valley
720240,Legend of Fainn Dynasty ～Battles of Beautiful Warlords～
1305310,Drox Operative 2
2289960,My Neighbor's Lonely Wife
612110,Sweet fantasy
2635340,yahtzee girl
1058530,H-Rescue
575970,Golem Gates
3277480,One Night ~Young Bride for One Night~
2145810,Bumblebee - Little Bee Adventure
1931940,Black Lily's Tale
1124830,Touhou Blooming Chaos
1802720,Sixtar Gate: STARTRAIL
314070,Super Mega Baseball: Extra Innings
1058130,Queen's Wish: The Conqueror
3253710,Landlady Seduction Simulator
302690,Metal Dead
1092430,Budget Cuts 2: Mission Insolvency
438320,Rush Rover
1597290,Swarm the City: Zombie Evolved
1293170,BZZZT
268540,The Whispered World Special Edition
1549550,Haven Park
1166990,Kukoro: Stream chat games
2350310,Monica's Newlywed Life
1035560,Struggling
2140850,Looper Tactics
1959350,Homebody
1116210,Our world has not decayed
882960,Visitor 来访者
1424720,墨心：波云诡船
888630,Another Sight - Definitive Edition
2774190,Secrets of the Heartbeat
541930,Panoptic
584990,The Long Reach
251430,The Inner World
1281490,The Night is Grey
2390260,Topple Tactics
1098080,3000th Duel
497730,The Wardrobe - Even Better Edition
1938630,Training Lucie
230860,Cannon Brawl
733300,My Big Sister
662240,Epitasis
1210800,Rum & Gun
1094420,Rainy Season
715050,The Islander
245150,The Novelist
489170,Galaxy Reavers
897030,Paratopic
1040630,Alchemy Story
403950,Conquest of Elysium 4
888130,Starport Delta
1056750,Shera and the Three Treasures
925470,Endless Jade Sea -Midori no Umi-
289760,ROCKETSROCKETSROCKETS
2494450,The Last Soldier of the Ming Dynasty
1579920,Opportunity: A Sugar Baby Story
288370,Strike Suit Zero: Director's Cut
391260,Labyronia RPG
1100990,Aimbeast
759440,Learn Japanese To Survive! Kanji Combat
1200230,Ludus
1003360,ШХД: ЗИМА / IT'S WINTER
1349060,It Steals
209630,Magrunner: Dark Pulse
46770,Making History II: The War of the World
2287710,Where the Heart is:  Season 1
1234940,Astronarch
336940,Welcome to Basingstoke
1075200,TOHU
1066260,Devolver Bootleg
616740,克莉丝的炎之信仰 Cryste: the Faith of Fire Vol.1
1184820,Poker Quest: Swords and Spades
2311820,Special Operations Unit - SIGNAL FORCES
1020730,Dark Bestiary
1205040,Granny: Chapter Two
551700,Gunheart
1922020,Land Above Sea Below
1551540,Tower of Ardia
400160,Concrete Jungle
919410,Felix The Reaper
384360,Fingered
907760,ARIDA: Backland's Awakening
1491200,Few Nights More
531180,AIRHEART - Tales of broken Wings
453300,A Healer Only Lives Twice
1815230,Summum Aeterna
326950,Sword of Asumi
780280,Summer Funland
595930,Steam: Rails to Riches
545540,The Infectious Madness of Doctor Dekker
1376910,Super Catboy
1506510,The Ramp
2092330,Powerful Courses
2095090,ウーマンコミュニケーション
1700550,Intruder on the Bridge
2688680,Girls of The Tower
1383250,Please Fix The Road
2246110,Q REMASTERED
467820,Zero G Arena
1301620,Cross Princess
603020,Skautfold: Usurper
1560770,Tower of Waifus 2
427980,Aozora Meikyuu
358770,The Reject Demon: Toko Chapter 0 — Prelude
218060,BIT.TRIP Presents... Runner2: Future Legend of Rhythm Alien
907380,The Ballad Singer
589760,Revhead
80330,The Blackwell Legacy
858100,Grimshade
417110,Mayjasmine Episode01 - What is God?
1397290,Comet 64
553480,The Pirate's Fate
235360,Prime World: Defenders
108500,Vessel
2198680,Dead Town Tales
2981590,Factory Outlet Simulator
1336160,Chupa Chupa VR
758320,Cursed Lands
112100,Avadon: The Black Fortress
395620,Ittle Dew 2+
271970,Hero and Daughter+
255320,Edna & Harvey: The Breakout
575510,Sakura Agent
2072840,Word Factori
94200,Jamestown
1584840,AGAINST
1553890,"Lewd Girls, Leave Me Alone! I Just Want to Play Video Games and Watch Anime! ~ Hentai Edition"
454140,First Person Tennis - The Real Tennis Simulator
458630,Political Animals
1099440,Rude Racers: 2D Combat Racing
526140,The Gallery - Episode 2: Heart of the Emberstone
401810,Poi
665120,Jetman Go
1046820,I'm on Observation Duty
1592540,Loretta
2389570,Sniper Killer
889080,Deity Empires
1717510,Time on Frog Island
455310,Bloody Chronicles - New Cycle of Death Visual Novel
951260,Shieldwall Chronicles: Swords of the North
1666510,Magical Valkyrie Lyristia
1463780,Mohism: Battle of Words
963000,Frog Detective 1: The Haunted Island
1245810,BitVault
640340,Serious Sam: Tormental
965820,沉睡的法则 Things as They Are
1037940,Dead Monarchy
1133770,Witch Halloween
652190,Emily Wants to Play Too
2720280,Follow the meaning
1037190,Shipped
758080,BloodLust 2: Nemesis
933940,假如我是人工智能 Big Brother Is Shaping You
968370,The Blind Prophet
447780,LostWinds
2050590,Fhtagn Simulator
665370,Mutilate-a-Doll 2
689700,Mad Crown
2196790,Jianghu Survivor
1072640,Beat Blast
1259560,Britannic: Patroness of the Mediterranean
1095290,Zombie Soup
1608550,Firegirl: Hack 'n Splash Rescue DX
420770,The Legend of Dark Witch
1438480,Saviorless
2471660,Succubus Heaven
313400,REVOLVER360 RE:ACTOR
493720,Haven Moon
2106810,The Forest of Drizzling Rain
578720,A Mortician's Tale
1694510,Barista Simulator
1662480,Nuclear Blaze
390610,Circa Infinity
1549750,Vomitoreum
780210,Freeways
427470,Democracy 3 Africa
2300920,Succubus Prison
579110,Interkosmos
1144910,Space Gladiators
1217410,孟德大小姐与自爆少年THREE KINGDOM FANTASY
956450,Rogue Fable III
895220,Leaflet Love Story
736570,The Crooked Man
1234180,Moons Of Darsalon
684270,Silicon Zeroes
1738520,Bikini Armour Explorers
699700,DYING: Reborn
2102320,MISTROGUE: Mist and the Living Dungeons
1168690,HELLSEED: All Chapters
352890,Caravan
1565670,Five Nations
269490,Bardbarian
2676180,Fog of War: Book One
700160,Semblance
1665280,Skábma™ - Snowfall
266390,Farm for your Life
428200,Attack Heroes
603530,A Robot Named Fight!
503180,MiniLAW: Ministry of Law
1063580,Aeon's End
336420,Bloodsports.TV
549860,One Night Stand
1006250,Love in the Limelight
746940,Nippon Marathon
512890,Elsinore
2207490,Factory Town Idle
1318090,Vertigo Remastered
603940,Pixel Shopkeeper
2471650,Sassy Girl
1065070,Été
603930,Battle Princess Madelyn
774091,Ostalgie: The Berlin Wall
93200,Revenge of the Titans
70420,Chantelise - A Tale of Two Sisters
3270020,Dungeon Desire: The Sleepless City of Runeheim
1485070,Esse Proxy
233310,Avadon 2: The Corruption
1339860,Lumione
567080,Wizards and Warlords
575820,I Hate Running Backwards
355240,NEO AQUARIUM - The King of Crustaceans -
551110,Wayout
397390,Space Food Truck
515650,Straimium Immortaly
1257410,Cat in the Box
380670,Final Approach
1413980,The Demon Lord is New in Town!
244410,Supreme Ruler 1936
95300,Capsized
381880,Red Rope: Don't Fall Behind
1290270,Vampire: The Masquerade — Night Road
1163070,RaiOhGar: Asuka and the King of Steel
332610,Mystik Belle
1375870,川建国同志想要连任/Comrade Trump's Re-election
1335230,Sumire
589860,SoulSet
1369720,Innchanted
985430,Terrible Laboratory
731940,Bars and Balance
244810,Foul Play
938860,"Get In The Car, Loser!"
1378890,Indoorlands
499890,Aaero
2766940,Lutnak·Quest
2020860,Rush Rally 3
307230,"I, Zombie"
1707550,Granny 3
268770,Treasure Adventure World
284850,Grim Legends: The Forsaken Bride
2951770,Leap Year
1071220,"After I met that catgirl, my questlist got too long!"
257120,Not The Robots
2096510,The Ouroboros King
346470,Tennis Elbow 2013
1853760,Frogmonster
628920,Tomboys Need Love Too!
2716940,Battle Sister Leah
1603410,Lost Nova
2642890,KunKunNight
564160,Rosenkreuzstilette Freudenstachel
2761610,Creator of Another World
1139280,The Big Con
1279260,Lelie Navigation!
253290,FOTONICA
2423300,School Labyrinth
2843640,Idle Colony
433600,A Legend of Luca
1321230,Angels of Death Episode.Eddie
1114870,Lenna's Inception
2141690,Car Dealership Simulator
946650,Streets of Red : Devil's Dare Deluxe
293740,Road Not Taken
302080,Bus Driver
1986840,POPGOES Arcade
2385140,Personal Trainer
909820,Songbird Symphony
2793710,Dollmare
505330,Apocalipsis
105000,A New Beginning - Final Cut
2734310,Xiangsheng Simulator
319450,Chariot
575640,Zup! 3
269110,Super Motherload
1054800,变量 Variables
1950570,Tales from Toyotoki: Arrival of the Witch (The witch of the Ihanashi)
2147950,4D Golf
629770,Tiny Echo
2206140,GeoDepths
1898610,Hands of Necromancy
1125110,Obsurity
2593900,[Chilla's Art] The Kidnap | 誘拐事件
208600,Lunar Flight
412770,Boogeyman
1679510,Plushie from the Sky
396350,Bleed 2
365660,OlliOlli2: Welcome to Olliwood
91200,Anomaly: Warzone Earth
209190,Stealth Bastard Deluxe
371650,COLINA: Legacy
1252300,RetroMania Wrestling
529950,12 orbits
402530,The Last Door: Season 2 - Collector's Edition
403940,Dungelot: Shattered Lands
1065580,Castle Woodwarf 2
359920,Highlands
412050,HordeZ
348240,Gun Wings
338130,Strategy & Tactics: Wargame Collection
1218170,回门 Way Back Home
242780,Cognition: An Erica Reed Thriller
1588380,Blaster Master Zero 3
1859290,Crypto Miner Tycoon Simulator
1568970,Torn Away
1420830,Happy Numbers
539340,Future Unfolding
704910,Tenta Shooter
477900,Lord of Dwarves
1945260,Jelly Express
2846060,Subterror
304410,Hexcells Infinite
916050,Clocker
1808320,Lake of Creatures
772430,Hero of the Kingdom III
2636420,Graveyard Shift
355530,Last Word
1315160,鸢之歌-Singing Iris
350480,Tales of Cosmos
1611490,[Chilla's Art] Night Delivery | 例外配達
366970,Mighty Switch Force! Hyper Drive Edition
243220,FRACT OSC
525620,Octogeddon
469790,Linelight
304350,Wildlife Park 2
1072620,Weakless
1068360,Fearmonium
760800,Cube Life: Island Survival
1130620,[Chilla's Art] Aka Manto | 赤マント
1626890,坏小孩
2194790,Studio System : Guardian Angel
1538900,Untamed Tactics
235820,Element4l
990900,Neon Noodles
1582680,"Trolley Problem, Inc."
668590,Omen Exitio: Plague
982270,Dealer's Life
889480,Virtual Virtual Reality
1071490,Miss Lisette's Assassin Maid
341390,Vulture for NetHack
1934030,Virtua Unlimited Project
279070,9th Dawn II
338800,Seven Kingdoms 2 HD
310740,NEON STRUCT
1336600,Cabin Fever
1016930,The Great Perhaps
280040,A Wizard's Lizard
1159640,ANIME - World War II
426190,Miner Meltdown
885140,七人杀阵 - Seven Sacrifices
605990,Heart's Medicine - Hospital Heat
683940,Lawgivers
1160700,Particle Wars
1909750,Last Time I Saw You
320540,Coffin Dodgers
1237530,Kinky Fight Club
63710,BIT.TRIP RUNNER
415740,OmniBus
2919660,JudgeSim
580820,Robot Soccer Challenge
221180,Eufloria HD
354680,Adventures of Bertram Fiddle 1: A Dreadly Business
1271740,Magical Swordmaiden
2500,Shadowgrounds
338190,Just Get Through
416380,The Hurricane of the Varstray -Collateral hazard-
1488430,Fueled Up
378750,Sayonara Umihara Kawase
557040,99Vidas
2443360,Zortch
611060,ECHOPLEX
1290750,Crawl Tactics
1100150,Touhou Chireiden ~ Subterranean Animism.
2529610,Para Ark
2257720,Above The Clouds - Episode 1
1791910,Silent Rain
248530,Depth Hunter 2: Deep Dive
2343920,Trackline Express
2531370,Blacksmith. Song of two Kings.
327310,The Marvellous Miss Take
2506580,Gearbits
1414000,Obscurite Magie: The City of Sin
588730,Majotori
629840,Caligo
410820,Starward Rogue
1077970,Dry Drowning
2856370,Into the Emberlands
43190,The Haunted: Hells Reach
844420,Demon's Rise - Lords of Chaos
598480,World of One
239700,Hate Plus
348950,Ame no Marginal -Rain Marginal-
325520,Fire: Ungh’s Quest
1052440,Croixleur Sigma - Deluxe Edition
1497450,A Memoir Blue
1748300,Dear Monster
1217050,Shaolin vs Wutang 2
2093610,HAPPY SAIN† SHEOL
255300,Journey of a Roach
2097620,Dream Knight
2673660,Sonar Shock
1076120,Dwarven Skykeep
1070020,我的纸片人女友/Make butter together!
258010,Ring Runner: Flight of the Sages
396860,Over The Hills And Far Away
866190,Irony Curtain: From Matryoshka with Love
1215270,Down the Rabbit Hole
753360,VoiceActress
444670,Super Impossible Road
1551590,Loretta's Brand-New Job
958740,Heretic Operative
2101130,From Madness with Love
239090,Samurai GUNN
2696320,Thought Experiment Simulator
1905530,Hammerwatch Anniversary Edition
459370,Riverbond
814400,Battlewake
1151120,Arrest of a stone Buddha
1146100,The Rising of the Shield Hero : Relive The Animation
935930,Reignfall
964230,FUTURE GPX CYBER FORMULA SIN VIER
1129220,"BEARS, VODKA, BALALAIKA! 🐻"
12500,PuzzleQuest: Challenge of the Warlords
380020,Three Heroes
1163340,Carrier Battles 4 Guadalcanal - Pacific War Naval Warfare
601220,Zup! F
773580,Game Dev Studio
1567440,inbento
2451640,Furry Myth 🦁
2143770,Drift racing car
361040,Doom & Destiny Advanced
511540,MoonQuest
1251460,Tanuki Sunset
645690,Fantasia of the Wind - 风之幻想曲
1354910,Tiny Lands
1448610,NIRO
2026870,Night At the Gates of Hell
661920,Claybook
1083190,Disc Creatures
2095450,Tiny Tactics
1627870,ODDADA
1291860,Rough Justice: '84
1023740,7 Sexy Sins
749850,DragonFangZ - The Rose & Dungeon of Time
629090,Horace
2943150,SNØ: Ultimate Freeriding
1892700,Exorcist Charlotte
2148850,Jenni's DONG has got it GOIN' ON: The Jenni Trilogy
773090,Lucid Dream Adventure
560000,Ladykiller in a Bind
383690,Mu Complex
638720,Final Battle
274480,Drox Operative
1505560,Little Lives
558110,Odyssey - The Story of Science
2219890,THE MUTE HOUSE
629000,Lydia
603320,Age of Defense
1646350,夏恋幻梦
753230,STAY
2330500,BETON BRUTAL
284750,Enigmatis: The Ghosts of Maple Creek
926540,Prime & Load : 1776
661680,Growbot
2157340,Meowjiro
282010,Carmageddon Max Pack
2890890,LingerieS / ランジェリーズ
378630,Shadows on the Vatican - Act II: Wrath
2475040,纯爱独白：小小 Purelove Monologue: Xiaoxiao
802450,NAIRI: Tower of Shirin
3015620,"Welcome Back, Commander"
595790,Hell is Other Demons
738650,Seers Isle
642610,Shape of the World
214790,The Basement Collection
277870,Diehard Dungeon
1340640,HORROR TALES: The Wine
2376540,The Haunted Building
1859580,Full Void
558450,Fibrillation HD
400660,Reverse Crawl
952420,Shan Gui II: Sweet Osmanthus II
1055990,Erannorth Reborn
1342040,Sylphy and the Sleepless Island
748040,State of War : Warmonger / 蓝色警戒 (Classic 2000)
1599880,Cats in Time
1149710,Tesla Force
1682410,寂寞神明的心愿手记
1322290,The Case Book of Arne
939790,Royal Alchemist
1185160,[Chilla's Art] Inunaki Tunnel | 犬鳴トンネル
1120400,Terra Randoma
654850,Masked Forces: Zombie Survival
440640,Sweet F. Cake
508900,Zup! X
453270,Madness Cubed
2154650,Pawperty Damage
541230,Alien Shooter TD
685400,Skelly Selest
673600,Prison Boss VR
1189230,Door in the Woods
337490,Four Sided Fantasy
2307300,Kurone's Feelings ~Apprentice Witch of Starfall Village~
1247360,Grand Mountain Adventure: Wonderlands
1454540,LAPIN
260160,The Last Tinker™: City of Colors
1078200,Spirits Abyss
1065100,Golden Treasure: The Great Green
1459010,Fallen Leaf
1647190,World End Diner
779330,Ninja Tycoon
1608590,Thyria
2194610,Hero Roy's Wedding
2085360,Insomnia: Theater in the Head
1920100,Backfirewall_
1528810,Exodus Borealis
1822240,Stars In The Trash
575010,Celestial Crossing
924650,Hifuu Nightmare Diary ~ Violet Detector.
1094320,莫比乌斯之环-不属于任何人的交响悲歌-MOBIUS & ELEGY BELONGS TO NOBODY
441440,Sometimes Always Monsters
405550,Jet Set Knights
1787960,Milling machine simulator
1035610,Hentai Mosaique Vip Room
460630,Trouble Witches Origin - Episode1 Daughters of Amalgam -
1252240,Aeon Drive
304910,Sky Gamblers: Storm Raiders
1256060,Cosmodread
622460,Steampunk Tower 2
1107300,Down in Bermuda
1376760,Life of Delta
1802860,大富翁少女/Rich Girls
1066180,Crisis Brigade 2 reloaded
1084790,WarPlan
1878070,Roma Invicta
1932570,Jaded
2307220,TSUNDERE MILFIN
952290,Zueirama
428080,Racket: Nx
205730,Insanely Twisted Shadow Planet
1058380,Streamer Daily
2918410,Tower of Mask
985260,The Morrigan
694370,Space Pilgrim Academy: Year 1
1161880,Vaporum: Lockdown
261700,Eryi's Action
994020,Tempest of the Heavens and Earth
1641450,Listen to the Wind
1329360,Lords of Exile
955870,Battlecruisers
282030,Carmageddon 2: Carpocalypse Now
2430730,My Child Lebensborn Remastered
723270,Rumu
1015800,Ordeal of Princess Eris
1597580,Clid The Snail
2077400,Lust Trip 💕
496930,Sumeru
1202280,Slave Princess Sarah
332380,Asguaard
366780,Magical Eyes - Red is for Anguish
893030,Music Racer
317320,Nelly Cootalot: The Fowl Fleet
1162960,Angry Video Game Nerd I & II Deluxe
839870,Wilmot's Warehouse
1662570,Rescue Party: Live!
812160,Etherborn
331510,Amphora
1859270,Perfect Partner
418120,Cally's Caves 3
788050,Re;Lord 1 ~The witch of Herfort and stuffed animals~
408520,FORM
1331910,Morkredd
3019370,Malware
364230,Lucius Demake
466810,Soulslayer～灭魂·误佳期～
2112680,Darkness Revenge
1585540,Snow-Swept Quest
1736360,Hentai Sakura 🌸🌊
941300,TouHou Nil Soul
399640,Flamebreak
2215650,That Time I Got Reincarnated as a Succubus
1303740,Love n Dream
382090,Dungeon Nightmares II : The Memory
764510,Phantom Signal — Sci-Fi Strategy Game
285820,Action Henk
1080010,Witchtastic
270490,The Forest of Doom (Standalone)
458580,Windlands 2
818210,Indie Pogo
1444300,Teacup
789740,Maidens of a Hollow Dream
1269500,Crowalt: Traces of the Lost Colony
2864890,Magic Research 2
1448030,Press Any Button
284260,PANORAMICAL
1126270,Neon Tail
295690,PARTICLE MACE
408960,Zombasite
656590,Eight-Minute Empire
679490,Lisa's Memory - 丽莎的记忆
1574250,SPOOKWARE
262470,Rollers of the Realm
2439620,Nun and Light's Unreachable Forest
91100,SkyDrift
1436920,Tandem: A Tale of Shadows
1410980,Serafina and the Key to the Egg
279800,Grim Legends 2: Song of the Dark Swan
1211930,Ghost on the Shore
2089830,Beat Slayer
359350,Defunct
2229350,Someday You'll Return: Director's Cut
464260,Xeno Crisis
3095170,Sunshine Love Chapter 1
520010,Climbey
603700,The Low Road
2420640,Angel Tear: Goddess Betrayed
840100,Magic Scroll Tactics / マジックスクロールタクティクス / 魔法卷轴 / 魔法捲軸
1205900,Alwa's Legacy
2414750,风岬-The Everlasting lovestory at the Windcap
1882040,Craft Hero
2723520,Misha's incident
253690,Tiny Brains
207750,Symphony
998220,The Dungeon of Lulu Farea
482300,Investigator
2917350,Spin Hero
1906020,Drums Rock
1548820,Happy Puzzle
1171320,Frog Detective 3: Corruption at Cowboy County
2377410,Forsaken Quartet
653950,Your Smile Beyond Twilight:黄昏下的月台上
2303810,Obscurite Magie: The Blood of Kings
331720,Survivor Squad: Gauntlets
654220,Flash Point: Fire Rescue
1583850,Asleep: Act 1
311250,Doorways: The Underworld
2346500,Desert Island in Summer?
1007800,Single Diary: Fresh Graduate
330770,Radial-G : Racing Revolved
341950,Lux Delux
706560,Jimmy and the Pulsating Mass
506510,Shadows of Adam
3081830,FLARE NUINUI QUEST
1328920,Mira and the Mysteries of Alchemy
345200,Tasty Blue
262190,Zombeer
691160,Electronauts - VR Music
891170,The Witch & The 66 Mushrooms
374060,Stairs
2522520,Only Up: With Friends
394700,Karma. Incarnation 1
2818450,Putrika 1st.cut:The Reason She Must Perish
576400,Elisa: the Innkeeper
880580,YORG.io
302810,Divinia Chronicles: Relics of Gan-Ti
411760,Swordbreaker The Game
857950,Incredible Mandy
252010,Oniken: Unstoppable Edition
2216360,Disaster Band
2331070,Vasilisa and Baba Yaga
696140,No Heroes Here
1065020,Micro Mages
2333510,Blade Prince Academy
2858370,Voxel Project VR
2249830,《奇门遁甲》
115110,Stacking
1311570,Desecrators
1611420,Sea Horizon
1944910,Thunder Ray
1424980,The Solitaire Conspiracy
1083790,Deathbulge: Battle of the Bands
316600,QP Shooting - Dangerous!!
1393320,Keyword: A Spider's Thread
977390,Tokyo Warfare Turbo
502720,Star Explorers
207080,Indie Game: The Movie
1183030,Layers of Fear VR
298280,XenoRaptor
2423620,Space industrial empire
1363210,Live by the Sword: Tactics
908070,Mystic Vale
1671510,Like an Angel
1224030,Erra: Exordium
2097720,Black Market of Bulletphilia  ~ 100th Black Market.
658590,She and the Light Bearer
532320,de Blob
3228180,Click Mage
55040,Atom Zombie Smasher
1812560,SUPER CRAZY RHYTHM CASTLE
318650,SunAge: Battle for Elysium
265830,Monochroma
470270,Tribal Pass
959000,Edna & Harvey: The Breakout - Anniversary Edition
2225610,"Ready, Steady, Ship!"
1231460,Candy Disaster - Tower Defense
1210550,Hohokum
1060600,Lair of the Clockwork God
2638100,Fresh Story
672590,Azure Saga: Pathfinder
280540,GhostControl Inc.
2142450,Z.O.N.A Project X VR
1551570,Kung Fu Grand King
1949000,Catgirls From My Sweet Dream
2891120,Mad Smartphone Tycoon
241620,Inquisitor
257670,Elder Sign: Omens
2061150,Ikki Unite
2311990,Rack and Slay
851950,Heroine of the Sniper
1611580,Behind Glass: Aquarium Simulator
212030,Kung Fu Strike - The Warrior's Rise
2000210,Mythwrecked: Ambrosia Island
2384920,Firefighter Connor
354740,Echoes of Aetheria
811070,眼中的世界 - Conviction -
1542390,Monolith
552460,Serious Sam VR: The Second Encounter
1421760,What Comes After
2961330,Secret Toy
811270,Impulsion
610750,Games&Girls
942270,Kunoichi Tsubaki
2062210,Watamari Part1 - A Match Made in Heaven
619210,4D Toys
834150,Glare1more
356530,The Confines Of The Crown
717310,Aggelos
8400,Geometry Wars: Retro Evolved
207530,Noitu Love 2: Devolution
1097620,Fast and Low
538840,City Climber
1793800,Lillian Night: Exclusive Contract of Succubus
810670,NALOGI
896750,Koral
18040,DeathSpank
1218890,Ollie & Bollie: Outdoor Estate
562250,Beastmancer
555290,Little Briar Rose
63000,HOARD
1262640,Brittany Home Alone
248510,Dominions 3: The Awakening
1917450,fault - StP - LIGHTKRAVTE
251490,Gravity Ghost
437530,A Blind Legend
1520060,Sheep Love
385330,Stray Cat Crossing
1523260,迷霧國度: 傳承 Myth of Mist：Legacy
556240,Disoriented
290260,Sokobond
385240,Ultimate Arena
2564860,Castaway
661940,Regular Human Basketball
726000,No King No Kingdom
2151580,Infinite Tao
527710,Crown Champion: Legends of the Arena
761700,Your Diary +
1827950,Golden Axe Idol
26900,Crayon Physics Deluxe
383580,Flesh Eaters
891360,Hellcoming
896030,Fortissimo FA INTL Ver
2951340,Moonless Moon
948960,Morphies Law: Remorphed
2530950,Rock Star Life Simulator
2179380,Sand:box
543140,Legend of Merchant
406870,Eventide: Slavic Fable
412670,Bullet Heaven 2
296550,Niko: Through The Dream
856890,JUSTICE SUCKS: Tactical Vacuum Action
1748610,Evil God Korone
235980,Tetrobot and Co.
1747330,A Lose Hero in the Castle of the Succubi
851280,MindSeize
872750,Guard Duty
272330,Shadow Blade: Reload
629440,Graze Counter
329830,The Moon Sliver
788210,The Bonfire: Forsaken Lands
1403740,Space Architect
292600,Duet
992740,祈風 Inorikaze
314450,Star Saviors
820610,Ages of Mages: The last keeper
519080,Soda Girls
2675290,LASERS
290970,1849
575940,The Tenth Line
471920,Pan-Pan
916900,Paperbark
1422540,云端之约
1182420,VED
251630,The Impossible Game
279160,Ultionus: A Tale of Petty Revenge
1083820,Eternal Dread 2
1694960,Furry Feet
2348090,Crop Rotation
435300,We Know the Devil
632020,Necromancer Returns
2569170,Widow in the Endless Labyrinth
2677310,GRIDROAD
785880,OVERWHELM
1057540,Cthulhu Saves Christmas
1124560,Fallen Angel
2994810,Zoey: Horny Roommates
464960,Hiiro
931000,"URUZ ""Return of The Er Kishi"""
2274110,The Elephant Collection
271820,Card City Nights
596000,The Shattering
2949580,Nine Treasures of Liuyin
1827450,Champion of Venus
956140,Lifeslide
311870,Super Trench Attack!
2216660,Mortal Glory 2
1047220,Frog Detective 2: The Case of the Invisible Wizard
1074610,COLLAPSED
985400,Marle: The Labyrinth of the Black Sea
445040,Sorcery! Part 3
1040550,Spring Falls
867960,Remorse: The List
80200,Fate of the World
857180,The Cooking Game VR
2803810,Rebirth! New Lover
1554600,Wife Quest
2303320,Three Minutes To Eight
498190,Dragon Rage
3250980,Imperial Knightess Wein's Irregular Life
407320,My Little Kitties
2130680,Kris and the City of Pleasure
387060,Earth Overclocked
341040,Wars Across The World
2235150,Brain Show: Party Game
2354600,Renfield: Bring Your Own Blood
460780,Avadon 3: The Warborn
398030,Old School Musical
1620720,The Forest Quartet
290510,GNOG
2322180,A Tiny Sticker Tale
706960,Super Slime Arena
1569810,24 Solar Terms
263400,War of the Human Tanks
1983220,Ugly
443450,LASTFIGHT
1604800,LIP! Lewd Idol Project Vol. 1
3376760,Panelka
568320,Pictopix
950300,REDO!
272040,KAMI
339570,Enemy
1345860,Grapple Dog
1631210,Be My Girlfriends
362090,Siralim
555640,Japanese School Life
1404660,Psych
1531490,Harmony's Odyssey
1033080,Letters - a written adventure
2060590,Wilmot Works It Out
346180,David.
1269820,Kozue's Strange Journey
1040510,Princess of Zeven
284830,Clockwork Tales: Of Glass and Ink
1163910,Brass Brigade
263320,Saturday Morning RPG
334190,Insanity's Blade
851670,LUMINES REMASTERED
605830,Organ Quarter
1119710,looK INside - Chapter 1
2551290,Hilda and the tower of Lust
3011440,CLICKOLDING
2704140,Fresh Story 2
914890,Nine Noir Lives
1156360,Peaceful Days
1272070,Silicon Dreams  |  cyberpunk interrogation
1266100,Vampire: The Masquerade — Parliament of Knives
1980350,Run Build Pew!
516430,Ruin of the Reckless
63500,Swords and Soldiers HD
446380,Sophie's Curse
2449530,Gehenna
377080,Hatoful Boyfriend: Holiday Star
3037180,深空七号 Deep Space 7
1416240,夜永 Eternal Love
441280,Pharaoh Rebirth+
1500,Darwinia
1254670,Night Reverie
1419480,Love's Sweet Garnish 2
1337890,Choice of Life: Middle Ages
460340,Guards
2544570,LumineNight
359440,Artifact Adventure
338310,Warden: Melody of the Undergrowth
1258590,Locked Up
1198740,Colony Siege
481180,System Crash
1109360,Hentai Mosaique Fix-IT Shoppe
375210,Unveil
1504740,Find Yourself
673850,Neofeud
943410,Istanbul: Digital Edition
655730,This Strange Realm Of Mine
1398910,Jorel’s Brother and The Most Important Game of the Galaxy - Complete Edition
1212410,Hourglass
742520,Astrologaster
485690,Hope Lake
475960,Bombslinger
365350,How to Take Off Your Mask
628800,Super Hydorah
550310,Root Of Evil: The Tailor
1449230,Glitchhikers: The Spaces Between
1248840,Sephonie
435790,10 Second Ninja X
403180,Draw a Stickman: EPIC 2
1907000,Gloomgrave
1039280,ProtoCorgi
1142480,Anthophobia
1752150,Slobbish Dragon Princess 2
2118370,Bosorka
2191480,Jumbo Airport Story
2775050,Criminal Attraction
1476340,The Adventure of NAYU
603400,FOX n FORESTS
1840490,Christmas Massacre
357940,Telepath Tactics
585550,FEMINAZI: The Triggering
445420,Aselia the Eternal -The Spirit of Eternity Sword-
1559760,Island Diary
2757720,Sonny Legacy Collection
384680,MechaNika
2058340,Pine: A Story of Loss
2329130,Rewind Or Die
1210030,노베나 디아볼로스
319850,Bridge Constructor Medieval
2862710,Pure Pure Pero Pero Princess
1281270,Fatum Betula
1456880,ElecHead
755470,The World Next Door
1276740,Protodroid DeLTA
2336440,Once Alive
1211960,Food Girls - Bubbles' Drink Stand
1198400,Rhythm Fighter
467400,Go For Launch: Mercury
911550,Din's Legacy
802730,Mother Simulator
2455370,Russian Village Simulator
442210,Switchcars
1083310,OUTBUDDIES DX
1110890,MY WOLF - Desktop Wild Pet
2602760,Crypt's Rend ~NTR~
1664670,Refactor
1342890,Who Needs a Hero?
618140,Barro
978870,Lilycle Rainbow Stage!!!
658690,Rage in Peace
658780,Bomb Chicken
1079210,Spark the Electric Jester 2
1687550,Bear's Restaurant
366690,Cue Club 2: Pool & Snooker
588710,Neighboring Islands
1583240,Best Elf
1742360,Esports History
299400,XING: The Land Beyond
779430,Full Ace Tennis Simulator
2431100,That Which Gave Chase
463210,State of Anarchy
654100,Rival Megagun
396660,Tahira: Echoes of the Astral Empire
587580,Nature Treks VR
357720,Inside My Radio
2355140,The Symbiant Re:Union
1555400,Gomoku Let's Go
349250,Copy Kitty
220460,Cargo Commander
341550,Super Cyborg
1164000,六阶谜题 six-step mystery
1107370,Demoniaca: Everlasting Night
360450,Kiai Resonance
2985930,I Am Part-time Worker!!
1925090,SubwaySim Hamburg
858630,Aquaculture Land: Fish Farming Simulation
742480,The Big Journey
396090,Rogue State
665330,Wrestling Revolution 3D
696530,Lake Ridden
1185520,Love Rhythm
415170,Engare
352370,Defect
463980,Solitairica
739190,AntVentor
1168490,Rauniot
470300,Winged Sakura: Demon Civil War
1837220,Psalm 5:9-13
598490,Healer's Quest
503460,Security Hole
488760,Left-Hand Path
720150,Shikhondo(食魂徒) - Soul Eater
437080,Space Rift - Episode 1
277460,Praetorians
2224030,Flutter Away
1422430,Next Space Rebels
863900,Villager's Biography
1122700,Hindsight
20820,Shatter
785840,Moe Jigsaw
1490060,Disillusion
881560,How To Date A Magical Girl!
2964280,Penguin Helper
2207440,LOK Digital
928440,Azure Reflections
1530140,Aventura Copilului Albastru și Urât
316840,The Sacred Tears TRUE
587180,Wulverblade
2341680,Live with Mary
908790,Subdivision Infinity DX
1237040,"Alpha Hole Prison - A Yaoi, Gay, Bara Visual Novel"
1536980,Glass Masquerade 3: Honeylines
302060,Trucks & Trailers
1811740,The Plague Doctor of Wippra
748020,TERRACOTTA
411980,TY the Tasmanian Tiger 3
204180,Waveform
841600,Aura of Worlds
1147890,Bonfire Peaks
2404170,Museum No.9
1607040,Evertried
1627840,Universe For Sale
1902300,DROP - System Breach
263360,3089 -- Futuristic Action RPG
489260,Brut@l
1921780,The Sushi Spinnery
281750,Munin
294000,Knight Squad
1939940,Roll Player - The Board Game
787040,Perfect Heist
556640,Gladius | Gladiator VR Sword fighting
386690,Fantastic Contraption
937960,Classified Stories: The Tome of Myrkah
361230,Super Daryl Deluxe
827610,Dead End Job
1617270,The Faraway Land
314320,GamersGoMakers
404180,Club Life
976010,I hate this game
1955330,Save Room - Organization Puzzle
2079180,VIDEOVERSE
3073580,Aquatic Store Simulator
297060,Freaking Meatbags
664180,Draw Puzzle 画之谜
1863750,挂机神话
676830,Xenomarine
1737070,风起长安：驭骨人
670930,Escape Doodland
1048740,Half Past Fate
1965190,Dragon Spirits 2
644550,篱笆庄秘闻 / Mysteries of Fence
1454730,Chenso Club
2050510,Oriental Dynasty - Silk Road defense war
824850,Some Distant Memory
402060,Californium
976920,Dance of Death: Du Lac & Fey
1394130,Breach Wanderers
1374230,Flame Keeper
1334840,GOHOME
817510,Golfing Over It with Alva Majo
778610,Foto Flash
2012440,Gachi-Natsu/ガチムチでドスケベな家庭教師のお兄さんと過ごす夏
252130,Divide By Sheep
1449330,DRINK BAR MAID -REGRESSION-
1918540,The Ramen Sensei
2864210,Tomboy: Sex in the Forest
908050,Summer Catchers
1094930,Ninja Girl and the Mysterious Army of Urban Legend Monsters! ~Hunt of the Headless Horseman~
844040,RUSH
1919740,Silent Love
2572560,Messy Up
586880,Mini Ghost
1859370,Dream House Days DX
1534180,Super Woden GP
617440,Arcade Mayhem Juanito
622670,Huusuienbu - Chapter spring and Summer
1043240,Touhou Kishinjou ~ Double Dealing Character.
821560,螢幕判官 Behind the Screen
445110,Tasty Planet: Back for Seconds
252310,Syder Arcade
960190,Maytroid. I swear it's a nice game too
682480,恒水中学连环虐杀 / The untold story of hengshui school
673260,Starblast
2328710,Genesis of a Small God
2904890,The Game of Sisyphus
278930,GIGANTIC ARMY
377950,Jamestown+
470780,She Remembered Caterpillars
251830,Stick it to The Man!
288930,The Charnel House Trilogy
565690,Ayakashigami
635850,Sentience: The Android's Tale
2897240,Puffin Planes
533480,Academagia: The Making of Mages
1346980,Lawnmower Game: Next Generation
284710,Abyss: The Wraiths of Eden
526490,Higurashi When They Cry Hou - Ch.4 Himatsubushi
412520,Evil Defenders
2712580,南栀 Unwavering love
1804270,Swordship
2251010,The Witch's Cauldron
1235110,Rising Star 2
2581750,W.A.N.D. Project
1710670,Tracery of Fate
1551520,Kamikaze Kommittee Ouka 2
1306620,[Chilla's Art] Missing Children | 行方不明
2243920,The 2nd page of the medical examination diary: Another story of exciting days of me and my senpai
344860,Crystal Story II
510840,Evolvation
263860,SPACECOM
319140,Xeodrifter
2476100,Creepy Tale: Some Other Place
1671280,Prognostic
3052500,ColdRidge
341310,Greyfox RPG
313020,Soul Gambler
1933700,Smilemo
2795310,Busty Milf and Summer Country Sex Life
737890,Catastronauts
970600,Paranoia: Deliver Me
1518810,Koi Farm
878420,Woodpunk
342300,Zombie Kill of the Week - Reborn
265990,Rogue's Tale
2300300,Growth
2934190,Aooni
1043230,Touhou Shinreibyou ~ Ten Desires.
2322900,Gift
630870,Chuusotsu! 1st Graduation: Time After Time
1138410,Demons Never Lie
2421350,雙修武林
1153210,Bartender Hustle
1332990,The Hayseed Knight
303590,Hidden in Plain Sight
1336120,Bridge Constructor: The Walking Dead
1727180,NeverAwake
2507400,Penny Blood: Hellbound
428350,Fear Equation
367110,Dustbowl
1848710,Ninja Soul
335790,Words for Evil
618710,Elminage ORIGINAL - Priestess of Darkness and The Ring of the Gods
857080,Escape from the Princess
72000,Closure
380810,Herald: An Interactive Period Drama - Book I & II
1124060,Touhou Shoujo Tale of Beautiful Memories / 東方少女綺想譚
2206320,Hello Neighbor VR: Search and Rescue
1502110,R18Plus Monster Girl You-ki chan
2935700,Cowgirl's Café
2749270,Hunky City
812870,Sentinels of Freedom
777200,KOEWOTAYORINI SP / 声之寄托SP
317370,The Keep
1054700,Back To Ashes
1163740,Card Hog
2786100,皎月坠落之时
1772060,Mirages
1698350,Full Metal Sergeant
332250,The Next Penelope
773430,Meow Motors
693960,Just Ride：Apparent Horizon 狂飙：极限视界
1233530,Knights of the Chalice 2
287960,Yomi
1478030,Mambo Wave
1881120,Titan Station
693940,Orrstead
1028730,Creo God Simulator
1015750,Escape from Fortress Lugohm
406860,Blind
303550,Adventures of Pip
1684400,Best Month Ever!
311480,Vertical Drop Heroes HD
264300,Guns n Zombies
1609010,Forever to you!
359040,The Music Machine
2442020,Dangeresque: The Roomisode Triungulate
615010,Runic Rampage - Action RPG
2579280,子归 - Blossom
974910,Magical Diary: Wolf Hall
1015940,Welcome to Elk
494170,Miniature Garden
1800790,Father's Day
345080,Flame Over
1016860,Boiling Steel
255280,1954 Alcatraz
257790,Riptide GP2
1036580,National Park Girls: Love Our Parks Edition
862480,The Spiral Scouts
388900,Fracture the Flag
2136820,The Lord of Isekai Brothels
735350,Bottle: Pilgrim Redux
1259640,Tiny Room Stories: Town Mystery
1296510,Dread X Collection
283080,Super Chibi Knight
435360,Campus Notes - forget me not.
915230,Zombie Rollerz: Pinball Heroes
3107900,Liminalcore
340360,Tomb of Tyrants
278420,Spider: Rite of the Shrouded Moon
1842690,Station Manager
434020,Last Hope - Tower Defense
3347670,BM General Hospital
3162110,Space Cycle
1405660,Shoot Shoot My Waifu
1687960,The Wreck
2331130,Just Another Night Shift
1096100,Skellboy Refractured
407290,There Was A Caveman
1755580,The Jackbox Party Starter
269270,LOVE
1979570,Tomomon
443650,Wailing Heights
1383640,Attack at Dawn: North Africa
2152740,ADEN
521340,True or False
1708770,30 Birds
2321880,Spire Horizon
296010,NeonXSZ
710610,Don't Sink
1037120,Mutropolis
1788170,FILTHY US
420550,Super Arcade Football
737710,Melody of Iris-虹色旋律-(Full Color ver.)
327260,Super Life of Pixel
1390010,pyramida
371430,Space Grunts
1506260,Funbag Fantasy 3if
591000,Deep Sixed
1550840,RATUZ
1334000,Wordle
1810670,Cat Detective Albert Wilde
1187510,Rock Simulator
284890,Left in the Dark: No One on Board
500670,Tormentor❌Punisher
2870710,Pih
753220,Mhakna Gramura and Fairy Bell
1187130,Crimson Colosseum
1446480,Atelier Tia
1341160,Infinite Tournament Paintball
1024160,Lord Winklebottom Investigates
2933180,女神保卫战
612370,PAKO 2
80340,Blackwell Unbound
831770,Zombie Derby
2752720,Dice Player One
317940,Karmaflow: The Rock Opera Videogame - Act I & Act II
286360,Shadows on the Vatican - Act I: Greed
33180,Zombie Shooter 2
25010,Lugaru HD
2083840,Her Name Was Fire
369550,Blacksea Odyssey
573080,Peregrin
1051960,Fly Punch Boom!
2736020,Fuck You Witch
3034340,WorldNeverland - Daily Life in the Elnea Kingdom - Another Life Adventure
742460,Marble Skies
1088870,奇幻与砍杀 Fantasy & Blade
799070,Zup! 8
1162280,Eternal Hope
1026160,Misadventures of Laura Silver
266230,Last Dream
363330,Mind Snares: Alice's Journey
1075170,Weaving Tides
247140,Soundodger+
879050,Drakkar Crew
1099500,The Curious Tale of the Stolen Pets
325060,Parallax
403780,Color Symphony 2
1590660,Mr. Hopp's Playhouse 2
1229890,Koumajou Remilia Ⅱ: Stranger's Requiem
611040,Tube Tycoon
1718160,Crimzon Clover World EXplosion
2083240,Asterogues
363460,Spermination
410840,Rock God Tycoon
1087720,Your Island -KIMI NO SIMA-
2976400,Fork Road
1131930,BARRICADEZ
371550,A Bastard's Tale
1347450,日日夜夜
961510,MarisaLand Legacy
396310,Masochisia
1180130,The Final Earth 2
790360,WarriOrb
753660,AtmaSphere
399140,Straima
1092000,Naked Story
1249130,Hero of the Kingdom: The Lost Tales 1
2706450,Hands of Necromancy II
965600,Raiders of the North Sea
1141120,Scarlet Hood and the Wicked Wood
263880,Aqua Kitty - Milk Mine Defender
1508270,Doctor Who: The Lonely Assassins
951570,Deadness
1138960,Biomass
1249060,MyCompany996
979480,Born Punk
1336380,Gripper
655770,Crimson Gray
1470390,City of Beats
890970,Oakwood
1386620,Anuchard
454220,The Temporal Invasion
3339830,Succubus Roulette
429780,Bunny Hop League
561080,The Price of Freedom
2693730,Dawnsbury Days
346090,I Can't Escape: Darkness
397500,Labyronia RPG 2
1180270,Forbidden Love With The Ghost Girl
3034520,The Fox's Way Home
1578990,Midnight Girl
1466230,The Holy Gosh Darn
1169520,Guild of Ascension
800120,Lonely Yuri
227580,"10,000,000"
761170,Radical Dungeon Sweeper
612740,Bokida - Heartfelt Reunion
453290,Awareness Rooms
1189780,Wallachia: Reign of Dracula
427860,The Next World
329380,Stealth Inc 2: A Game of Clones
416190,Vehicle Simulator
1397650,Jetborne Racing
1111450,Youth Feather
2658080,METAL BREAKER
1316560,Otaku's Rage: Waifu Strikes Back
269710,Tumblestone
405670,Combat Core
1064310,A Place for the Unwilling
369700,Tanzia
1114130,My Koi
252970,McDROID
542770,Castle Must Be Mine
655480,Solar Settlers
274250,OlliOlli
389650,Stardust Galaxy Warriors: Stellar Climax
1208600,Bunny Park
1146940,I will eat you
2288080,Maumau and the Labyrinth
251210,Hive
497800,Golden Krone Hotel
1826060,Night Loops
680480,ICY: Frostbite Edition
1100160,Touhou Seirensen ~ Undefined Fantastic Object.
876850,WhiteLily 1：丽丽公主
686770,The Wind and Wilting Blossom
1290350,Vampire: The Masquerade — Out for Blood
2530420,Fatermyth
2788310,Twilight Survivors
1181400,Path of Giants
1056180,Cathedral
1342100,Evening Starter
882680,Foreskin Fury
339130,Morningstar: Descent to Deadrock
353090,Chicken Invaders 5
1540570,Fractal Block World
1812210,Simpler Times
1045840,Intruders: Hide and Seek
2207970,Interior Worlds
675490,Artifact Adventure Gaiden
33680,eversion
3158260,HSS:Reload
1557410,BLACK WITCHCRAFT
659480,The Initiate
2201230,Belial Red
246960,Giana Sisters: Twisted Dreams - Rise of the Owlverlord
2222540,BIT.TRIP RERUNNER
1034850,Best Friend Forever
293440,Elliot Quest
252750,MouseCraft
290040,Retro Game Crunch
1491510,Recon Control
1229260,Monster Girls and the Mysterious Adventure
3044100,Bat to the Heavens
375320,Colortone
1157940,Gnomes & Goblins
734510,Worshippers
299660,6180 the moon
875930,Rehtona  幻境双生
1469620,Epic Battle Fantasy Collection
418070,Turbo Pug
306550,Runers
2672060,Other Side Of Mist And Mountain
1076230,OmniFootman
525640,Bullets And More VR - BAM VR
1979320,Amber City
287840,TY the Tasmanian Tiger 4
1054950,Starstruck: Hands of Time
306700,Iron Fisticle
1034750,The Flower Collectors
1038280,Nobodies: Murder Cleaner
2914470,Armored Suit Solgante
1487680,Broken Universe - Tower Defense
334850,1931: Scheherazade at the Library of Pergamum
1643850,Slaycation Paradise
2168450,DREAMWILD
618950,Agatha Knife
357300,Snakebird
1432390,Sonority
398980,Without Within 2
300630,Pure Chess Grandmaster Edition
1243220,Picklock
1486440,Graze Counter GM
369560,The Story Goes On
1720090,Aspire: Ina's Tale
2281360,Old Coin Pusher Friends 2
568750,甜点恋人 / Pastry Lovers
1054710,Driven Out
1840790,Metal Mutation
214550,Eets Munchies
800200,Witching Tower VR
1205170,Super Magbot
762490,Naked Sun
617820,7 days with Death
259410,Sneaky Sneaky
1019920,Gensokyo Defenders
260330,Flockers™
1551560,Into the Nightmare
646600,Baobabs Mausoleum Ep.1: Ovnifagos Don´t Eat Flamingos
35480,Dwarfs!?
1878740,Five Nights At Floppa
1106060,Attack it! Devil legion
2359170,Witch's Rhythm Puzzle
301920,War of the Human Tanks - ALTeR
1300270,Blood price
2913040,Back
331920,Airline Tycoon Deluxe
107300,Breath of Death VII
913160,茉莉之夏 Jasmine Summer
362860,Sylvio
2666590,Worm Nest Plague
458480,Mythic Wonders: The Philosopher's Stone
236930,Blackwell Epiphany
299460,Woodle Tree Adventures
347440,Pneuma: Breath of Life
516130,Runner3
345480,Lumo
504800,Sorcery! Part 4
749890,The Hanged Man
547910,The Survey
25700,Madballs in Babo:Invasion
1649630,Berserk Mode
2120310,Sagres
1250440,Garlic
3198540,Dungeon Antiqua
632800,Beyond Eden
1272580,Nine Witches: Family Disruption
987480,花落冬陽 Snowdreams -lost in winter-
1503850,中年失业模拟器When a man lose his job
324710,To Be or Not To Be
724470,Lazy Galaxy
462680,BalanCity
427810,CALENDULA
862740,OneShift
734920,MEANDERS
645090,Zup! 5
1220100,Tentacular
588440,False Front
1611350,Sunny Cafe
1538850,Grotto
869840,羽翼的祈愿 - Feather Of Praying
1175200,Forbidden Ingress
1084480,Wanna Survive
1227400,Over the Alps
2429890,Incubus Quest
3080380,Violent Horror Stories: anthology
1240550,Until the Last Plane
431710,Space Pilgrim Episode II: Epsilon Indi
2767520,LurkBait Twitch Fishing
832140,Infernal Radiation
522040,Princess Remedy 2: In A Heap of Trouble
1441180,Dofamine
1045580,Deleveled
1918530,Pocket Stables
211010,Alien Shooter 2 Conscription
1413020,Superfly
2118130,Chicken Feet
1141220,DemonCrawl
1116780,Shovel Knight: King of Cards
2009620,Harvest Hunt
2232600,Anomaly Exit
668320,Perilous Warp
544970,Milkmaid of the Milky Way
2149900,The Moon Hell
1785120,Forsake: Urban horror
700100,Spooky Station
566530,Mass Exodus Redux
1420080,Wonder Boy: Asha in Monster World
1212940,Ayahuasca
1891620,Lempo
1303010,Vincemus - Air Combat
277390,VIDEOBALL
392030,Murasaki
1354760,Room No. 9
1067720,Hellsinker.
1387590,列传：革新战争
1098270,ColdSide
33130,Zombie Shooter
216260,Don Bradman Cricket 14
1306750,黑色花与红山羊 / Black Datura & Red Goat
226960,Ironclad Tactics
2864830,Legend of the Master Baiter
333390,Tales of Aravorn: Seasons Of The Wolf
318430,Squishy the Suicidal Pig
815450,Cardinal Cross
1705140,Final Profit: A Shop RPG
1595710,Chased by Darkness
2628420,Croakoloco
771420,Primal Light
639270,Operation Warcade VR
2056340,Room of Depression
231040,Beatbuddy: Tale of the Guardians
1909100,Only Lead Can Stop Them
511350,Mr. Massagy
2092260,Pinch of Fighting Girls
843900,Demon's Rise - War for the Deep
1192910,食用系少女：美食內戰 Food Girls：Civil War
1317020,77p egg: Eggwife
1823710,Hot Springs Story
1139800,Chinatris
1106830,Rainbow Billy: The Curse of the Leviathan
232970,Thunder Wolves
360550,Cursed Sight
1080410,Bake 'n Switch
693700,Prime Mover
745330,StrikeForce Kitty
3209620,The Ethereal Dream
2172900,Little Friends: Puppy Island
493080,Card Quest
406110,Asdivine Hearts
1786670,仙绣剑缘录
343070,World of Subways 4 – New York Line 7
211900,Conquest of Elysium 3
333330,Song of the Myrne: What Lies Beneath
577530,Pixel Ripped 1989
1273750,Button City
1745480,Phantom Project
248650,Draw a Stickman: EPIC
1285230,Ultimate Racing 2D 2
415920,Voidspire Tactics
2865580,Let's Minesweeper
369420,9 Clues 2: The Ward
763250,The Spectrum Retreat
395420,The Dwarf Run
2107550,Valley Peaks
1420810,Touhou Kaeizuka ～ Phantasmagoria of Flower View.
1281790,SHEEPO
700520,Shift Quantum - A Cyber Noir Puzzle Platformer
1515200,Mission in Snowdriftland
1252320,Touhou Kikamu ~ Elegant Impermanence of Sakura
882900,Lu Bu Maker
696480,The Norwood Suite
1573630,Choice of Life: Middle Ages 2
1150890,The Bunker 69
1912340,The Fantasy World of Mahjong Princess
953900,Pantsu Hunter: Back to the 90s
1919600,Paper Perjury
1419290,Out of Line
741250,The Sand Man
1980530,Kiwi Clicker - Juiced Up
1314770,Three Kingdom: The Journey
1269520,Let Me Out
1344740,FOOTSIES Rollback Edition
2513240,Hero Tale
1488810,Rabbit Hole
747910,Disassembly 3D
1111080,Ghost Feed
1947750,Queen's Wish 2: The Tormentor
746560,Gadgeteer
907820,Aeon of Sands - The Trail
2398590,Azure Orphanage
1022480,KAMIKO
2954830,Sex Counselor
757180,Wolf & Rabbit
1019940,Race for Tuning
605770,Luna
345090,Ancient Planet Tower Defense
1491460,Tor Eternum
1110690,Banter Schooldays!!三〇一室无一人
567130,Boogeyman 2
565860,Tomato Way
347710,Perils of Man
1600910,Demon's Mirror
1297790,Sunday Rivals
1620110,Slobbish Dragon Princess LOVE+PLUS
1496180,Cinderella Phenomenon: Evermore
1070550,Don't Escape Trilogy
2125160,Prison Life 2
436490,Firebird - La Peri
259600,Finding Teddy
1170720,Pocket Cars
1707870,RiffTrax: The Game
2014470,The Abandoned Planet
465130,Wicce
298360,Immortal Defense
425150,Assassins vs Pirates
2430900,Among Ashes
727340,Stitched HD
2094190,苍白花树繁茂之时Blood Flowers
202690,Hegemony Gold: Wars of Ancient Greece
975950,Effie
1883840,Ocean Punk
265330,Gomo
2332410,Hero of Fate
656970,MagiCat
341500,Camera Obscura
495900,Lance A Lot: Classic Edition
258890,Type:Rider
1625230,NOeSIS Ⅱ-人间无常「重置版」
2543030,Midnight Ramen
422650,Megamagic: Wizards of the Neon Age
1400870,When The Night Comes
724010,House of Velez part 1
1265220,Cauldrons of War - Barbarossa
1268420,Britannia
63650,URU: Complete Chronicles
2549380,Cryptical Path
1250060,法利恩戰記（Furion Chronicles）
585950,Wayout 2: Hex
970510,蓝宝石般的被害妄想少女/Damsel with persecutory delusion
1399750,Beholgar
359140,Kick Ass Commandos
1630920,Bright Lights of Svetlov
1639210,Retrieving The Past Steam EDITION
2119650,Convenience Stories
2959640,終わりの森 -Forest of soul slave-
2427950,Decimate Drive
437420,The Secret Order 3: Ancient Times
883130,New Star™ Manager
2070850,Sakura Hime 4
1454640,A Tale of Paper: Refolded
1420740,Your amazing T-Gotchi!
821640,Floor Kids
3145320,Elements and build
1058690,Signs of the Sojourner
1646580,Project Demigod
351150,DRAGON: A Game About a Dragon
1159680,Silent Sector
264060,Full Bore
435970,RefRain - prism memories -
986280,Lingua Fleur: Lily
1643180,Artist Life Simulator
899160,小林正雪復仇之密室重制版 Cheney Wood The Ultimate Revenge
1329350,蛊婆 Lady in Tomb
856210,bit Dungeon III
1116770,Shovel Knight Showdown
509220,Save Jesus
946460,Seven days with the Ghost
1895890,9 Childs Street
467220,Dyna Bomb
713530,ARMORED KITTEN
1262040,Super Mombo Quest
729060,Silent Descent
394600,Mighty Gunvolt
457890,TumbleSeed
812840,LuGame: Lunchtime Games Club!
462960,Caveman World: Mountains of Unga Boonga
3175720,BM Love Cafe
1182090,Mr. Pumpkin 2: Kowloon walled city
1770840,The medical examination diary: the exciting days of me and my senpai
18050,DeathSpank: Thongs of Virtue
1112830,The Watchers
2538000,Dojo Masters
579760,The Journey Down: Chapter Three
2457890,DRACOMATON
286810,Hard Truck Apocalypse: Rise Of Clans / Ex Machina: Meridian 113
362310,Dungeon League
1167170,Guilty Parade
2794610,Massacre At The Mirage
264690,Coin Crypt
2745800,Writer's Rush
1103100,1000 days to escape
956240,Simson Tuningwerkstatt 3D
2125420,Zorbus
1055850,Inspector Waffles
412660,Klang
1598580,Exhausted Man
407020,Star Sky
696590,XXZ: XXL
404510,Heaven's Hope - Special Edition
468820,Titans of Space PLUS
1865060,14 Minesweeper Variants
253650,Sparkle 2 Evo
494100,ENIGMA:
812410,Dimension of Monster Girls
591380,Bomb Squad Academy
351230,Counter Spell
1461100,International Basketball Manager 22
383740,Marble Age: Remastered
459010,Ghost Town Mine Ride & Shootin' Gallery
1032740,How to Build a Flying City
527470,Donuts'n'Justice
384690,Umihara Kawase
2026880,Deadly Night
1554650,DROS
1188970,Ether Loop
1551510,Psychic Guardian Super Splendor
2961340,Secret Psychology
414660,Vampire Legends: The True Story of Kisilova
1573390,Lila’s Sky Ark
1988540,The Zachtronics Solitaire Collection
1754460,QUESTER
349500,Cubicle Quest
1461680,第五件遗留物
2274530,GOMA AYAKAZE
845030,Evergate
291710,The Lost Crown
1755030,Mothmen 1966
738270,Ciel Fledge: A Daughter Raising Simulator
2118250,Kitchen Crisis
542660,Feral Fury
2337460,Gym Manager
362940,Courier of the Crypts
1197370,Suite 776
929670,Orion Sandbox Enhanced
1164830,A Long Journey to an Uncertain End
337290,Still Not Dead
894620,ATONE: Heart of the Elder Tree
301380,Date Warp
1022780,Animal Fight Club
676030,Eternal Starlight VR
780390,Space Bob vs. The Replicons
904520,Red Embrace: Hollywood
440550,Atomik: RunGunJumpGun
1828690,Security Booth: Director's Cut
530120,VR The Diner Duo
746400,Speed Dating for Ghosts
394220,Last Horizon
586240,Soul Searching
1027620,The Language of Love
2356150,Arcane Assembly
533010,Filthy Lucre
567060,Putrefaction 2: Void Walker
1921760,Pocket Academy
1401340,Tea Garden Simulator
867700,The Wilting Amaranth
1291330,"Wakamarina Valley, New Zealand"
105800,PixelJunk™ Eden
212780,New Star™ Soccer 5
323450,Alphadia Genesis
2960770,The Anomaly Project
235660,Eador: Genesis
416830,Light Fall
358830,Good Robot
589200,Dreadhalls
591420,Zup! 4
456170,Bannerman
2258350,Alive
493060,Ballistic Tanks
1121590,Adam - Lost Memories
1740310,Tiny Witch
449210,Verdict Guilty - 유죄 평결
2961310,Erocism
567030,Under Leaves
32900,Restaurant Empire II
988100,Super Phantom Cat
1205960,My Cute Fuhrer
502740,50 years
1719660,My Cute Succubus
1933990,Burger Bistro Story
331650,Carmageddon TDR 2000
373970,Letter Quest: Grimm's Journey Remastered
893790,Newfound Courage
596500,Chippy & Noppo
2749100,Dawnmaker
965640,Horror Legends
2017200,Leximan
1290710,Shiro
592030,Just In Time Incorporated
609420,Never Give Up
1602390,Black Academy
286300,Algo Bot
284870,9 Clues: The Secret of Serpent Creek
274560,Revolution Ace
1003750,她2 : 我还想再见到你   Her2 : I Want To See You Again
399070,Dragon's Wake
1933680,Spiral Dystopia
2446270,花园魔三国2 -The Sacrificial Girl of the Fantasy 3 Kingdoms 2-
1200580,One Gun Guy
504770,Slavistan
394540,Spaceport Hope
1443470,Hauma - A Detective Noir Story
364200,Farabel
1144460,SOUNDART
1985610,Nympho's Path
883230,Times and Galaxy
80350,Blackwell Convergence
451010,Kittypocalypse
898580,Premium Bowling
912370,Mahjong Club
937570,Danmaku Amanojaku ~ Impossible Spell Card.
453720,Last Will
823840,Macrotis: A Mother's Journey
1003120,Hitchhiker - A Mystery Game
916040,SFD : Rogue TRPG
1990740,Barro GT
575330,Oh...Sir! The Hollywood Roast
1095480,Operation Valor
319470,Ninja Pizza Girl
211360,Offspring Fling!
404820,Ragdoll Runners
391000,Farm Frenzy Collection
299720,Terrorhedron Tower Defense
1343810,Fallen Hero: Retribution
311190,Super Panda Adventures
1542810,Sunshine Heavy Industries
1006400,Fantasia of the Wind 2 风之幻想曲 第二部
1328910,Otome the Exorcist
1309510,Glaze Cup: Journey to the West
395860,The Last Dream: Developer's Edition
1435970,Anomalous
625680,Way of the Passive Fist
342350,Into The Gloom
1290980,Extra Coin
1556770,Mutant Alley: Do The Dinosaur
1683270,Recall: Empty Wishes
811870,Verlet Swing
997700,瓶中精灵 - Fairy in a Jar
480900,Slap Village: Reality Slap
816490,Hidden Paws
1477950,Lazy Galaxy 2
1333490,Dead Event
459350,Battlesloths 2025: The Great Pizza Wars
362810,Fighties
212050,Resonance
1234520,The Escaper
1760340,ReFactory
1937620,Tennis Manager 2022
270230,Prominence
26000,The Maw
1147500,A Gay's Life
2595940,Magical Bakery
625730,Cefore
1341450,Yolo Space Hacker
1008860,Repella Fella
2305180,You are the Judge!
344340,Front Office Football Seven
791240,Lumote: The Mastermote Chronicles
384200,Raging Justice
2490160,NecroAttack！
2574800,Cronie the Assassin's Mission ~ The Teddy Bear Payment
268220,Meltdown
497780,Recursed
67000,The Polynomial - Space of the music
473530,Slime-san: Superslime Edition
659110,Vicious Attack Llama Apocalypse
2942700,Seed of Heroes
1295320,Can of Wormholes
1921770,The Manga Works
418150,The Madness of Little Emma
943810,Chaos Sector 混沌宙域
873490,不落城-Unconquered Castle
504400,Optika
903630,The Last Cube
790020,Lightfield HYPER Edition
1742610,Spirits of the Hellements - TD
18700,And Yet It Moves
1512830,黑巢姐妹
368000,100ft Robot Golf
446100,Mantis Burn Racing®
628350,Lazaretto
1013750,Legal Dungeon
219190,Ultratron
26500,Cogs
2212410,Shadowkin
2657720,Alchemist Quest
1603860,The Frosts: First Ones
965860,SnowNight
457570,Camp Sunshine
771700,Airhead
359400,Why Am I Dead At Sea
673910,Wrestling Revolution 2D
446620,Zombie Training Simulator
1697720,The Heilwald Loophole
1548940,RUN: The world in-between
517370,Tavernier
390040,Small Radios Big Televisions
944180,Titan Outpost
1074170,SELF
1543430,Terrain of Magical Expertise
327440,Hail to the King: Deathbat
352610,The Way We All Go (2015)
248190,Knytt Underground
801750,Hot Shot Burn
2798600,Bagel Love Story
492180,Haimrik
1983690,Forest Camp Story
1149510,The Leopard Catgirl in Miaoli
331460,ROOMS: The Toymaker's Mansion
1704060,Vtuber Simulator : Vtuber模擬器
529970,PositronX
375520,Taimumari: Definitive Edition
1479890,Inua - A Story in Ice and Time
446600,Magi Trials
594040,SERIES MAKERS TYCOON
357780,Defend Your Life: TD
325260,PANZER BALL
665270,弹幕音乐绘 ～风雷幻奏曲～ / Barrage Musical  ~A Fantasy of Tempest~
2708280,ESCAPE FROM BOYKISSER
1990900,方境战记BlockFight
1455900,Plunder Panic
556860,Gladiator School
394850,Square Brawl
290000,DubWars
431230,Tiny Guardians
1543240,Gigapocalypse
11280,Penguins Arena: Sedna's World
1342120,Castaway of the Ardusta Sea
949790,Rogue Bit
742490,Nonogram - The Greatest Painter
1365750,东方栖霞园 ~ Blue devil in the Belvedere.
661280,Dresden Files Cooperative Card Game
386560,Psycho Starship Rampage
255870,PixelJunk™ Shooter
832320,Mighty Switch Force! Collection
2399060,Dread Weight
582620,Copoka
412170,City of Chains
1102650,Neon City Riders
2633950,Rugrats: Adventures in Gameland
347430,Frankenstein: Master of Death
80360,Blackwell Deception
532290,Dark Train
265170,Acceleration of SUGURI X-Edition HD
563550,Nevrosa: Escape
597970,Age of Rivals
625740,Rifter
939000,Crisis VRigade
1342080,"The Maiden, the Butler, and the Witch"
1078510,Alluris
775760,蜜汁女孩 Juice Girl
1591490,Distant Memoraĵo
602430,Yono and the Celestial Elephants
626660,Flipping Death
340830,Razenroth
295750,The Floor is Jelly
555580,The Legend of Dark Witch 2 （魔神少女エピソード２）
1111940,Quiplash 2 InterLASHional
480450,Floppy Heroes
2925510,Voyager-19
2176460,The Lies We Tell Ourselves
1546790,"Peace, Death! 2"
1032170,Robo Instructus
253790,rymdkapsel
1935470,The Tales of Bayun
2142540,Magical Girl Clicker
1770830,Virtual Maid Streamer Ramie
844950,Eternal Fantasy
410430,Morphine
578690,Dog Duty
1074520,A Sceptic's Guide to Magic
613450,Please Knock on My Door
1249070,AeternoBlade II: Infinity
922710,Knightin'+
1192610,ANIME REDEMPTION
221830,The Book of Unwritten Tales: The Critter Chronicles
726200,Hostil
499620,Ultimate Booster Experience
294750,Anomaly Defenders
2834320,Exographer
489110,Putty Pals
1146510,Deep Sleep Trilogy
1747890,Demon Turf: Neon Splash
1500970,BlackChain
1103880,Bullet Roulette VR
1093330,Conscious Existence - A Journey Within
610360,Zup! Zero
459540,Cherry Tree High Girls' Fight
2086850,Guardians of Holme
271570,Space Farmers
407300,The Last NightMary - A Lenda do Cabeça de Cuia
1875310,Pro Basketball Manager 2023
625910,Time Recoil
461810,CAFE 0 ~The Sleeping Beast~
1718910,Prose & Codes
2197650,Ludus Mortis
1352200,Detective From The Crypt
2428840,Miniatures
773670,Delete
439310,Until I Have You
434160,A Hole New World
300400,Unpossible
573060,LOGistICAL
386700,The Oil Blue: Steam Legacy Edition
277650,Kult: Heretic Kingdoms
555050,Racket Fury: Table Tennis VR
252370,The Shivah
1579390,Spiral
426330,MetaHuman Inc.
3308560,"GuGu Pizza : Delivering Pizza to the Space Station? Boss, this is just not right!"
762610,Russian Subway Dogs
491220,Mr. Pumpkin Adventure
1397130,Primateria
1297210,Tandis
676420,SiNKR
949600,Intergalactic Fishing
1548350,Weirdlands
1271300,Methods: The Detective Competition
340860,RaidersSphere4th
1852830,SPACE ACCIDENT
2004590,Conbunn Cardboard
243780,PixelJunk™ Monsters Ultimate
650570,Code 7: A Story-Driven Hacking Adventure
512490,Zombie Estate 2
1034940,Higurashi When They Cry Hou - Ch.7 Minagoroshi
1727000,YuuYuu Jiteki no Yuukarin
1300600,Blind Drive
430410,Memoranda
449510,The Crow's Eye
277680,"About Love, Hate and the other ones"
2394350,aerofly RC 10 - RC Flight Simulator
1598910,The Excrawlers
720660,Overloop
692930,DreadEye VR
314470,Heroes of a Broken Land
347470,Mayan Death Robots
356390,The Slaughter: Act One
393610,ROOT
527190,WORLD END ECONOMiCA episode.03
1275790,Space Otter Charlie
916140,The Tale of Bistun
1232130,"BEAR, VODKA, STALINGRAD!🐻"
1101270,Anime Artist
3050530,Shokudo Underworld
2189640,Cannibal Abduction
312720,Khet 2.0
2239130,Reviver
814360,Mythic Ocean
2788360,カルトに厳しいギャル-CULT VS GAL-
468100,Aqua Moto Racing Utopia
2508980,PATHOGEN X
1229060,Dungeon and Puzzles
536450,Vzerthos: The Heir of Thunder
422860,Holodance
2183230,Talent Club ~ Match 3 Puzzle
2054770,Combo Card Clashers
319320,Time Mysteries 3: The Final Enigma
255340,Escape Goat 2
1954750,Acquitted
710600,Red Bow
1390670,Escape from Naraka
1899810,Dread X Collection 5
2503690,Selene's Unbearable Night
1204410,Kosmokrats
2113540,梦魇：无归 Nightmare without return
737870,Conduct DELUXE!
1524530,Fantasy Town Regional Manager
1120360,At Home Alone II
1190160,LIT: Bend the Light
1332620,Ashmedai: Queen of Lust
1835810,Amelie
352070,Fort Meow
876220,Moss Destruction
586310,Gunman Taco Truck
755410,Vengeful Rites
710710,Pizza Game
214570,ETHER VAPOR Remaster
38600,Faerie Solitaire
701380,El Tango de la Muerte
922400,DX-Ball 2: 20th Anniversary Edition
661290,Arizona Derby
296240,The Promised Land
1090670,Orbi Universo
294140,They Breathe
573040,School of Talent: SUZU-ROUTE
2820800,Night Bus
666610,Endless ATC
444000,Super Night Riders
770490,Death in the Water
3111240,Agent Horny - Season 1
1051950,Voyage
2257460,File Destined
1008510,Who Is This Man
839420,Krampus is Home
1885250,Axiom of Maria: Prologue
665030,Zeran's Folly
677020,Eventide 3: Legacy of Legends
803150,Nephise: Ascension
425600,The Order of the Thorne - The King's Challenge
1706820,Milf City
2225250,Slobbish Dragon Princess 3
2165380,Hunting Labyrinth
405970,Flat Kingdom Paper's Cut Edition
942800,Hard Work
465000,Event Horizon
1015130,Wounded - The Beginning
1907380,Arcane Vale
1337530,Maskmaker
710170,The Broken Seal
378260,Fortify
1228320,Dungeon Looter
99700,NightSky
1269350,Neuronaut
628320,Roah
2096620,Death or Treat
354400,Tadpole Treble
1834820,First Bite
765940,SOK
957820,Across the Grooves
1589490,MeiQi 2022
562260,WAVESHAPER
1905940,Painting VR
434250,Masked Shooters 2
587400,Snow Moto Racing Freedom
803830,The Snowboard Game
1058280,Speed Limit
1661900,Human Apocalypse - Reverse Horror Zombie Indie RPG Adventure
355970,Home is Where One Starts...
2878710,Desvelado
324070,iO
613390,DUNGEONS OF CHAOS
2367480,Speed Crew
965590,Sagrada
1370170,Diorama Builder
3044030,Ten Bells
368140,Tobari and the Night of the Curious Moon
566160,Zup! 6
1342070,The Triumphant Return of Diabolos
897630,Death Fungeon
2502940,Helle's Undersea City Project - Bringing Air to The Garden
1118840,My name is You and it's the only unusual thing in my life
262240,SUGURI
1184420,天降锦鲤 ~ My Lucky Koi
1218900,Zup! Z
364050,Face It - A game to fight inner demons
612100,These nights in Cairo
1031900,You Can Kana - Learn Japanese Hiragana & Katakana
1134020,Sons of Ra
320330,Earthworms
1676910,Onde
494720,Morphblade
1191070,[Chilla's Art] Yuki Onna | 雪女
396890,Gridworld
904400,Cardpocalypse
959350,Sengoku Neet
1108640,OMNIMUS
2928700,exclusive memory
381260,Orion Trail
2477950,Nodes Escape
111600,Serious Sam Double D XXL
1039830,彼岸画廊/Nether Gallery
1087460,Super Life (RPG)
360380,Tiny Bridge: Ratventure
394430,Dimension Drive
2191490,Pocket Academy 3
1087440,Jay and Silent Bob: Mall Brawl
1551630,Sujimon Quest
1176160,Space Wars
823580,Isoland 2 - Ashes of Time
3074020,异世界生存指南
464650,Runbow
460220,Xenoraid: The First Space War
686440,Hard Time
1142810,Toasterball
323040,Laserlife
2821850,Baisu
1896880,Dungeons of Dreadrock
547480,Carly and the Reaperman - Escape from the Underworld
2726870,Loopstructor
1114650,HorrorVale
1043430,Tidal Tribe
293900,Pivvot
816720,Bugs Must Die / 异星特勤队
362290,The Living Dungeon
264560,Quest for Infamy
1708110,Misericorde: Volume One
1780470,Chastity Catastrophe
1042160,The Islander: Town Architect
1587290,Witch of Mystery Tower
401290,Nusakana
217290,Din's Curse
384280,Mute Crimson+
2562900,Eden Genesis
342580,12 Labours of Hercules
1575640,SOL CRESTA
443880,Loot Rascals
407230,Legend of Mysteria RPG
1199760,Light Fairytale Episode 2
510680,Re Angel
1221080,Strip 4: Classmate Study
2280390,Tennis Manager 2023
1168430,Dairy Princess
2846210,"Let's Get Fit at Midnight, Shall We?"
1068640,Village Feud
1089310,Nordlicht
540510,ISLANDS: Non-Places
944430,The Last Friend
2882870,Doll Impostor
463460,"Resette's Prescription ~Book of memory, Swaying scale~"
296910,8BitBoy™
3373960,holo8
1095120,Helheim Hassle
324520,Defense Zone 3 Ultra HD
429830,Unseen Diplomacy
431280,tiny & Tall: Gleipnir
682080,Pato Box
1249010,ISOLAND3: Dust of the Universe
535150,BUSTED!
1992590,Fairy Massage
662540,Haque
209950,Triple Town
810660,The Office Quest
760550,KAKUSANKIBOU / 扩散希望
2054740,Cozy Time
2263980,Memories: Millennium Girl
2354940,Catch & Cook: Fishing Adventure
1314820,RealFlight Trainer Edition
1382320,Antonball Deluxe
1056690,Drink More Glurp
1086840,Operation Sniff
1237730,Catlateral Damage: Remeowstered
602890,hack_me 2
771710,.T.E.S.T: Expected Behaviour — Sci-Fi 3D Puzzle Quest
270610,Mage's Initiation: Reign of the Elements
503210,Sentry Knight Tactics
1559300,流言侦探
676240,TAURONOS
674960,Gods of the Fallen Land
2547140,Undercroft Warriors
1952170,Cafeteria Nipponica
1640890,Hell of an Office
1437500,Dread X Collection 3
206370,Tales From Space: Mutant Blobs Attack
282100,Fearless Fantasy
496040,Shaq Fu: A Legend Reborn
826540,Audio Trip
1286330,WhiteLily 2：梦醒少女
420070,Kill The Plumber
955320,Dark Fantasy: Jigsaw Puzzle
1073810,Shapik: The Moon Quest
346820,Crash Drive 3
858860,Tabletop Gods
437020,WITCH-BOT MEGLILO
522020,Blue Effect VR
1097770,Aeolis Tournament
1080040,Moo Lander
434660,Octahedron: Transfixed Edition
2119680,Tropical Resort Story
1011290,Hotel R'n'R
2935400,Pro Basketball Manager 2025
1266890,Tactical Troops: Anthracite Shift
848060,Story of a Gladiator
1424290,MARS 2120
510650,Eventide 2: The Sorcerers Mirror
381890,Induction
839850,Lenin - The Lion
302610,Boson X
839080,DRAW CHILLY
610410,PAWARUMI
758930,Captain Forever Trilogy
966400,Speaking Simulator
3338380,The Cursed Moon ~The Girl Trapped in the Haunted House~
413870,Sickness
366380,MYTH - Steam Edition
1714550,Ninja Issen (忍者一閃)
1000470,Drawngeon: Dungeons of Ink and Paper
257990,Oozi: Earth Adventure
1592360,Kitten Burst
3088410,7th Domain:Tree of Chaos
435490,Pierhead Arcade
1243670,Higurashi When They Cry Hou - Ch.8 Matsuribayashi
1086640,Dude Simulator 3
358810,Luckslinger
1812180,Zipp's Café
1202770,kirakira stars idol project AI
841350,NALOGI 2
372960,Robbery Bob: Man of Steal
2992240,Banebush
269230,Aces Wild: Manic Brawling Action!
1303990,Mini Motor Racing X
2524360,With My Past
330620,It's A Wipe!
504690,Woven
262210,Last Knight: Rogue Rider Edition
338980,MOAI: Build Your Dream
63700,BIT.TRIP BEAT
1215200,Shining Song Starnova: Idol Empire
747620,Joggernauts
251370,Escape Goat
2277720,Red Glare
1238450,Interference: Dead Air
1266640,SGS Afrika Korps
365870,Below Kryll
1879640,甜點王子2 典藏版
2754340,Lagoon Lounge 2 : The Secret Roommate
2369950,Blade of the Netherworld
1128570,Weeping Willow - Detective Visual Novel
2114370,Takoyaki Party Survival
2219800,Mechaneer Resta's Grand Adventure
345120,Vox Populi Vox Dei 2
345990,ABRACA - Imagic Games
388620,DungeonUp
745000,Card Crawl
372690,Chiptune Champion
763030,Nelly Cootalot: Spoonbeaks Ahoy! HD
1026400,TAMASHII
1381440,80's OVERDRIVE
555060,Final Soccer VR
29800,Caster
635670,EMPORIUM
448580,Dead End Road
283820,KAMUI
1722020,Old Coin Pusher Friends
1193590,Abomi Nation
1094680,Hidden Through Time 2: Discovery
904750,Zniw Adventure
411080,SHOWTIME 2073
976500,Venineth
689070,Asyula 方舟之链
457320,HoloBall
1194680,ZooKeeper Simulator
319760,Oh My Gore!
2116680,FAIRY TAIL: Beach Volleyball Havoc
1844130,Stellar Orphans
2288880,Acolyte of the Altar
2356330,Candlelight: Lament
2402280,Werewolf: The Apocalypse — The Book of Hungry Names
594050,Red Alliance
960040,Clash of Chefs VR
2453920,Amygdala
449730,Ahnayro: The Dream World
1972460,Portobugia
284730,Dark Arcana: The Carnival
566490,Keen: One Girl Army
985650,Olaguna Chronicles
649600,Swords and Sandals 2 Redux
1230560,Cyber Attack
1187840,Vesper: Zero Light Edition
494810,VR: Vacate the Room (Virtual Reality Escape)
937770,BlackHoopS
930620,Music Killer
368680,Super Mutant Alien Assault
1631350,Fight of Steel: Infinity Warrior
793450,Desecration of Wings
1671490,Merchant in Dungeon
1384660,Up to Par
2936080,ReSetna
585180,Open Sorcery
2866430,Scarlet Defiance: The Wall Between Us
1955110,Star Stuff
2582730,Black Smith4
2593450,Furi Demake - The Chain
373600,Weapon of Choice DX
2225010,Plague: London 1665
1151930,Buissons
922040,Hamsterdam
1273250,Breakpoint
680830,Wait! Life is beautiful!
779090,Umfend
1351900,Dungeon Core
842140,Kitten'd
395270,A Wolf in Autumn
1647940,Anime Artist: Tiffy’s Notty Secret
2510890,Pricolage -IDOLIZED-
489930,Adventures of Bertram Fiddle 2: A Bleaker Predicklement
1529220,Block'Em!
858360,The Initiate 2: The First Interviews
1451120,Sunlight
385130,"DvDrum, Ultimate Drum Simulator!"
235250,Super Sanctum TD
311930,Tinertia
1787500,山：临界幸存者
943380,Timberman VS
1098340,Zup! 9
686900,Bronze Age - HD Edition
754840,My Life as a Maiden
839300,Legendary Eleven: Epic Football
1001980,Archeo: Shinar
977690,Skyworld: Kingdom Brawl
972770,Thousand Threads
274700,868-HACK
450440,Creepy Castle
448080,Fibbage XL
749840,The Boogie Man
1949010,Room 301 NO.6
895600,Mojo
1393570,Superbugs: Awaken
2336580,Mareld
1355650,Filcher
2320040,Skies above the Great War
1941110,Higurashi When They Cry Hou - Rei
645270,30 days to survive
2717260,I'm counting to 6...
939990,Boxing School
770410,Path to Mnemosyne
690150,Fossil Hunters
1188900,Fire Tonight
2455920,Mimic Logic
1530800,Frank and Drake
671170,Great eSports Manager
449680,SAMOLIOTIK
360640,12 Labours of Hercules II: The Cretan Bull
201570,Really Big Sky
2393770,"Bang Average Football – Play, Manage, Create"
1227570,Lotus Reverie: First Nexus
1083760,Knights of the Chalice
636390,Ticket to Earth
1819020,救公主？救个屁！ Save the princess？Save a fart！
2738110,Vengeance Hunters
678850,Uurnog Uurnlimited
2705890,Goodboy Galaxy
409730,Death by Game Show
1213000,In Her Eyes
2508890,Etaine: Magic Survivor / 伊泰恩：魔法幸存者
1973320,Road Defense: Outsiders
248350,Omegalodon
406220,Gnomes Vs. Fairies: Greckel's Quest
335700,I am Weapon: Revival
3015270,Tower of Megami Descents
1785300,Saint Maker - Horror Visual Novel
2828590,The Haunting of Joni Evers
1423780,Plague M.D.
334100,Extreme Exorcism
2096080,Agent in Depth
1264880,Watcher Chronicles
857500,BLACK BIRD
880730,Rocket Assault: Downhill Rush
1015020,记忆重构/Memories
439250,Space Pilgrim Episode III: Delta Pavonis
1836030,TOOK: The Immortal Hero
2274500,Love Too Easily
1727520,Yamafuda! 2nd station
3132310,Restraint combat erotic RPG Elpis Aigis
429610,The Emerald Maiden: Symphony of Dreams
563190,de Blob 2
904320,My Holiday
315340,A.R.E.S. Extinction Agenda EX
1112340,The Dreadful Whispers
1819230,UDONGEIN X
699780,Endless Fables 2: Frozen Path
688740,Fractured Minds
1484620,Arcade Spirits: The New Challengers
263820,EvilQuest
870110,The Monsters' History Book
903040,The Castles of Burgundy
1650860,Chambers of Devious Design
2846290,Unspoken
2377970,Travellin Cats Around the World
370300,8-Bit Adventures 1: The Forgotten Journey Remastered Edition
1923690,Pocket League Story
3212530,Anthology Of The Killer
2616720,GESTALT: The Fifth Day
386900,The Cat Machine
485860,Impossible Quest
391580,Egyptian Senet
793880,MIRAGE
867980,Raiders Of The Lost Island
2491040,Higurashi When They Cry Hou+
217270,Karateka
816080,Ultimate Select Hero / 究极勇者的选择传说
2657710,Kotoko's a Little Weird
2494480,Truth of Beauty Witch -Marine's treasure ship-
2103480,Summer Trip Cruise
271900,Hexcells Plus
923840,侠隐行录：困境疑云Wuxia archive: Crisis escape
727760,Umiro
2206240,Footgun: Underground
577730,Idle Evolution
2168150,Teslagrad Remastered
1299400,Understand
523710,Sword Master VR
1253520,Heidelberg 1693
457490,"Forgotten, Not Lost - A Kinetic Novel"
1000700,Insomnis
780500,Suzy Cube
1343090,Kiara And My Ara Ara Adventure
871570,Summer Memory of Bell
507120,The Superfluous
729660,Blackout Z: Slaughterhouse Edition
657040,The Myth Seekers: The Legacy of Vulcan
435800,Binaries
2158650,I Did Not Buy This Ticket
1203970,The Warmth Between Us
333970,A Druid's Duel
739980,Let`s not stay friends
2499680,Pacifist Kunoichi Kikyo
874440,Border Bots VR
1257810,I'm on Observation Duty 2
2278790,Grapple Dogs: Cosmic Canines
418520,SculptrVR
2252820,Locked In Mind
467210,Evo Explores
1209770,子夜之章:历史的终局～MidNights of Desperado～
422760,Ocean Rift
1021690,Game Studio Simulator（我要做游戏）
200960,Geneforge 1
1401560,Kilta
790350,The Inner Friend
490950,Frost
1508460,Annalynn
415850,BAD END
1405440,The Horror Of Salazar House
1833680,BeatRider
470060,1917 - The Alien Invasion DX
772480,Super Inefficient Golf
955400,Bonds
1288900,Title_Pending
517350,Squareface
422910,Creeper World: Anniversary Edition
2138580,Exotica: Petshop Simulator
2081230,Parry Nightmare
545430,Bedfellows FRENZY
568830,Witch of Ice Kingdom Ⅱ
1100180,Yousei Daisensou ~ Touhou Sangetsusei
404690,This Book Is A Dungeon
543580,Pipejob
501090,"Design it, Drive it : Speedboats"
1114430,Ballex
992330,Nightmare (Incubo)
948100,ニンジャスレイヤー : AREA 4643
424200,Little Mouse's Encyclopedia
401910,Darknet
674150,Simon the Sorcerer: 25th Anniversary Edition
444800,NO THING
2143050,Red Line
378810,Steamroll
437030,MEMENTO
529440,Behold the Kickmen
1093760,Shogun's Empire: Hex Commander
207420,Wizorb
271990,Dreamscape
2281820,Evolings
451640,C14 Dating
1167700,hallucination - 幻觉
1181030,Forest Guardian
1978100,Grand Prix Story
2231560,Araka~JK Exorcist Horror RPG
499460,Tomato Jones
857480,Seirei
1271260,Land of Screens
1284950,Witcheye
678970,Modern Tales: Age of Invention
690620,Downward Spiral: Horus Station
2680330,HunterX: code name T
351340,Belladonna
1397350,好久不见 - Long Time No See
386990,Asphyxia
899470,Chook & Sosig: Walk the Plank
316080,Parcel
372350,Tumbleweed Express
408400,Swords and Sorcery - Underworld - Definitive Edition
2298300,CARNAGE OFFERING Tower Defense
211180,Unmechanical
1156250,Exorcism of the Legion (Last Rites)
740410,Puzzle Chambers
1139160,Divided Reigns
1042560,城堡传说：魔王觉醒
513780,Turbo Pug DX
824570,Kine
1126890,Urban Cards
462620,Pocket Kingdom
446550,Infinite Minigolf
1952760,RGB Rush
1140570,A Street Cat's Tale
1000440,东方雪莲华 ～ Abyss Soul Lotus.
1418390,Antipaint
658560,Zup! 7
1283280,Insexsity
1152160,Might is Right
649640,Ashes Cricket
672150,LOGistICAL 3: Earth
1105410,Shine's Adventures 2 (Zombie Attack)
1278210,Space Raiders in Space
307570,A Golden Wake
288040,Actual Sunlight
1923670,Venture Towns
704200,The Chronicles of Nyanya
2202770,Pizza Hero
794550,Grapple Force Rena
1770820,COSPLAY LOVE! : Enchanted princess
656600,Slash It Ultimate
2412490,Abandoned Souls
2439780,Godzilla Voxel Wars
341730,Dustoff Heli Rescue
527990,Gladiator Trainer
717850,Sable's Grimoire
467320,God of Word
260530,So Many Me
2938850,Sakura Hime 5
2162900,Antrabhara
1512940,Malody V
1316800,Destropolis
615350,Scarlett Mysteries: Cursed Child
885950,Airranger
385250,Paint it Back
105420,Ms. Splosion Man
1234620,Tinker Racers
1212850,默途 Monobot
2956280,花恋月依
428540,Fragments of Him
1978330,Life Gallery
474980,Cat President ~A More Purrfect Union~
596950,Rat Simulator
1917550,The Renovator: Origins
317710,Velocibox
1474120,NIGHT/SHADE: You're The Drug
1833040,晴末置雨
2297650,Re:Fresh
1984610,Barbaria
286320,Oknytt
378080,Rack N Ruin
399890,The Secret Order 2: Masked Intent
1403830,Paper Beast - Folded Edition
687540,Tasty Planet
2164750,Kai Yuan
295770,Rogue Shooter: The FPS Roguelike
810640,Radiis
1860600,the World According to Girl
416770,SquareCells
1230200,Pendula Swing - The Complete Journey
594350,Attack Helicopter Dating Simulator
2119940,Her World
2952570,My New Memories: The Beginning
1008920,Photographs
536780,Lost Grimoires: Stolen Kingdom
2110510,DREAM LOGIC
1615740,Machina Blade
1302050,Milky Way Prince – The Vampire Star
2084820,Gold Drill
448780,Sixtieth Kilometer
491260,Take Thy Throne
1185820,Hollow Island
724740,Lines X
977810,THE ENIGMA MACHINE
1086680,Violet rE:-The Final reExistence-
869870,She is Mermaid
2870110,Tennis Manager 2024
789770,Starena
843360,Rift Keeper
15560,AaaaaAAaaaAAAaaAAAAaAAAAA!!! for the Awesome
360840,Lumini
340280,Cubot
1477330,Soulestination
2756470,Game Builder Tycoon
1384380,KUUKIYOMI 2: Consider It More! - New Era
2546310,Sandtrix+
1787120,Sparkling Memories
340800,Unhack
1147130,Countryballs: Modern Ballfare
350210,Mighty Switch Force! Academy
1234190,ANIME WAR — Modern Campaign
1059230,When I Was Young
3439530,Tomboy: Annoying Childhood Friend
2598930,Game Store Simulator
3034130,Love is...
2105910,Garbanzo Quest
312630,OTTTD
1747300,Selobus Fantasy
554280,Time Carnage VR
1494190,秘密舞会
567750,Gamer Career Tycoon
718010,Robbie Swifthand and the Orb of Mysteries
381900,Bard's Gold
1004620,KungFu Kickball
1108350,Boet Fighter
654900,qop
1169100,Gazillionaire
1489590,Astronite
845380,Instinct
379530,Fate Tectonics
2017340,Alternate Existence
1271750,Unferat
384700,Umihara Kawase Shun
2258480,Gunforged
1112580,A pirate quartermaster
922530,Bestiary of Sigillum
843180,Clan O'Conall and the Crown of the Stag
285840,Enemy Mind
1677090,Godless
724330,Age of Grit
2131200,NeverSynth
1342110,Mage of the Olekta Desert
307010,Northmark: Hour of the Wolf
915130,东方龙隐談 ~ Touhou Chaos of Black Loong
378270,Putrefaction
968800,Necro Story
1933050,Omega Pilot
580520,Water Planet
1634950,Voronica Cleans House: a Vore Adventure
583760,Slash It 2
965610,Reiner Knizia Yellow & Yangtze
37600,Windosill
1744670,Back 4 Boobs: Sakura's Escape
1768880,KAMIMAHOU 神之国的魔法使
450950,Danmaku Unlimited 3
1582180,Hello Puppets: Midnight Show
1659210,Uninvited Guest
1087270,Franchise Hockey Manager 6
1952930,Soul Wargame
1483350,Diving Disorder-下潜症
1383450,心境 VR / Mind VR Exploration
411570,Zombie Exodus
343360,Particula
1945230,Diablo The Abyss
374410,TransPlan
2270750,Black Gunner Wukong
1876730,蔚蓝月下的回忆~SAPPHIRE MOON-FOREVER MEMORIES
565720,Pretty Girls Panic!
257870,Eschalon: Book III
1768920,Splatter
375130,Tin Star
1728830,Space Docker VR
490980,Daily Chthonicle: Editor's Edition
2441100,Unrooted
1584750,Cloud Cutter
621080,Persian Nights: Sands of Wonders
1250770,前進吧！高捷少女Initiating Station PLUS
301300,Chicken Invaders 4
921900,My Burning Heart
362160,Sydney's World
1872790,Luckitown
349680,Supercharged Robot VULKAISER
1141760,Westale: Peelgrimage
328500,Potatoman Seeks the Troof
1720560,Neko Hentai Girl
2400590,彗星战团
2685610,Wanting Wings
246920,Bombernauts
1136020,Cannibal Cuisine
968350,Hotel Sowls
2531950,Scourge of the village
358960,Canabalt
976420,My So-called Future Girlfriend
2753620,Fruit Mountain
340440,Grand Class Melee 2
307590,Penarium
734900,Chemically Bonded
1273540,Mail Mole + 'Xpress Deliveries
662190,The Secret Order 6: Bloodline
607820,Infinite Adventures®
1381980,MOTHER
703620,Clash Force
2878720,Unable to Exit 8
1933980,Pool Slide Story
1907140,Dungeon: Faster & Deadlier
1243700,长安夜明
1056590,梦乡 The Dreamcatcher
2097490,DESORDRE : A Puzzle Game Adventure
1253580,My Dangerous Life
1533590,Three Fairies' Hoppin' Flappin' Great Journey!
1603720,Thy Creature
2184230,Red Tape
1712050,Gehinnom
1213220,IRON GUARD
436690,Tempest Citadel
250030,Lilly Looking Through
297290,Detective Case and Clown Bot in: Murder in the Hotel Lisbon
293880,Dark Scavenger
626580,Spellspire
704010,LongStory
771810,The spy who shot me™
968760,Blood Card 2: Dark Mist
1203360,Core Defense
1360670,MiniMap Kingdom
2587770,The Stalked
363620,Tea Party Simulator 2015™
342860,Dark Quest
1432380,Lichenvale
358650,Gryphon Knight Epic
893610,Skautfold: Into the Fray
499910,SHINRAI - Broken Beyond Despair
368570,Beat Da Beat
838180,MechCorp
1612480,Heal Hitler
802120,Cellyon: Boss Confrontation
1186030,Death Park
1137020,My Train Arrives
1699860,Parkour Tag
1877650,Zero Orders Tactics
504000,Endless Fables: The Minotaur's Curse
1825930,孤岛海妖 The Sea-demon
1259510,Venge
2460980,Tide—1927—
1285080,Gordian Rooms 1: A curious heritage
3313310,Fishing The Abyss
768460,Areia: Pathway to Dawn
248730,A Walk in the Dark
1251300,Last Floor
1796080,Hero King Quest: Peacemaker Prologue
1909810,Seventh Lair
338890,Harold
1426500,Reboot
1164060,The Last Show of Mr. Chardish
732400,PlataGO! Super Platform Game Maker
655380,Dig Dog
1084990,Old Gods Rising
833270,Citrouille: Sweet Witches
1186220,Wire Lips
320090,This Starry Midnight We Make
845050,Last Regiment
1650830,No!Ah!'s Ark
765210,Your Royal Gayness
629230,The StoryTale
356790,Galacide
2907190,April 24th
1058560,Deathbloom: Chapter 1
1331340,Break the Loop
1044020,Potata: fairy flower
555310,Satellite
2510850,Slay the Minotaur
3015510,Decision Legacy Collection
3213010,Succubus Hunt
871950,DERE EVIL EXE
1066430,Kwaidan ～Azuma manor story～
2235240,TaskPals
2429870,Quarta Amethyst
350970,Planet of the Eyes
2283470,Runa & the Chaikurú Legacy
441050,Polandball: Can into Space!
2709940,Shhh!
495720,Intrude
1099170,Battle Planet - Judgement Day
2091960,The Utility Room
1102980,英雄群侠传
2492390,Logiart Grimoire
1011700,"Walden, a game"
993740,Hentai Mosaique Puzzle
332630,The Guilt and the Shadow
1119800,Brume
1417890,Catie in MeowmeowLand
592270,Neko Navy
2060480,PomoFarm
364940,Pony World 3
1507530,Stellar Mess: The Princess Conundrum (Chapter 1)
2185760,Under the Sky World
771530,Take That
510240,forma.8
251530,Anomaly Korea
487160,Trials of Azra
373990,Metrico+
340320,Sinless + OST
534230,Quell 4D
397570,Shmadow
2222200,Springblades
1244260,The Fairy's Song
1141650,Crowd Simulator
1155660,The Deed II
1518690,Nevermore: The Chamber Door
300300,Ichi
291770,The Last Crown: Midnight Horror
606690,Ecchi Sketch: Draw Cute Girls Every Day!
358070,Earthtongue
393220,Super Man Or Monster
2120250,War Tortoise
1151680,Galactic Rangers VR
511570,NIGHTSTAR
1758920,Witch Explorer
428900,"Linea, the Game"
1647730,Zool Redimensioned
467850,METAGAL
1584330,Beth the Exhibitionist
229890,Joe Danger
2380340,Hazy Mind
681240,Dujanah
2832320,PC Tycoon 2
1358790,Tipston Salvage
520990,Barrow Hill: The Dark Path
3101770,Wander Hero
261680,Journal
2150870,你农哦农-Need Know What Know
1379110,Anime Feet
636960,Wo Yao Da  我要大
518670,Intensive Exposure
1493970,The Chameleon
2244200,Random Chat
379610,Animated Puzzles
810780,RAIN Project - a touhou fangame
1668190,Once Upon a Jester
1263350,The Company Man
1546940,Beard Blade
444170,Unhack 2
98100,Trauma
247370,Mutant Mudds Deluxe
2328780,Pro Basketball Manager 2024
760330,BYTEPATH
1817290,In Nightmare
1333800,Villa's Blinds
2502980,Succubus RoomMate
385060,The Last Warlock
280560,Danmaku Unlimited 2
333510,Isbarah
1004330,My Exercise
405180,123 Slaughter Me Street
1810210,Bad Cat
982580,女巫与六便士 the sibyl and sixpence
1290880,Coloring Game: Girls
1232010,Radical Rabbit Stew
2017370,Trash Horror Collection
814900,三国虎将传VR-Sanguo Warriors VR
860650,Drizzlepath: Deja Vu
569570,Light Apprentice - The Comic Book RPG
569800,LEAVES - The Journey
2406110,Fall into decay
733800,Frosty Nights
356450,Creature Romances: Kokonoe Kokoro
1155830,CHERNOBYL: The Untold Story
294460,Fenix Rage
2013580,XP Soccer
2729360,虚构未来（Imaginary future）
860860,Suicide Guy: Sleepin' Deeply
589480,The Falconers: Moonlight
321560,The Sun and Moon
813300,CODE CRACKER 代码破译者
1304130,ReRoad
531740,Rubek
1755870,The Monster Within
2004440,Pocket City
285980,Kromaia
2228010,Right and Down and Dice
3173130,Gun Frog
913850,103
2837580,Rally Arcade Classics
1088750,Soda Story - Brewing Tycoon
824460,HELLFRONT: HONEYMOON
643200,Keep in Mind: Remastered
281860,RefleX
380920,Boss 101
1917810,Rooms of Realities
814300,Pigeons Attack
2380320,Choice of Life: Wild Islands
564940,Alone With You
40930,The Misadventures of P.B. Winterbottom
1052380,Ikeda : The Scrap Hunter E.P.
415350,Shooting Stars!
301200,Frederic: Evil Strikes Back
1477130,Trouble Comes Twice
618550,Chess of Blades
337350,Flywrench
1379970,Solar System VR
1107750,Faraday Protocol
2416500,Legends of Savvarah: Time of Pariah
725330,Zelle
263380,Driftmoon
521920,Death's Hangover
978630,Juro Janosik
1684720,Hitler Hates Anime
1180900,SGS Winter War
558790,Queen's Quest 2: Stories of Forgotten Past
423120,Community College Hero: Trial by Fire
2282480,Cave Crawler
1436810,The Door in the Basement
1609870,Pro Basketball Manager 2022
1257860,Clea 2
909670,Skybolt Zack
846670,Saint Slaughter X Days
2564880,Departed Away
1100170,Double Spoiler
501020,Super Pixel Racers
262900,Smooth Operators
869170,Oneiros
916160,Dreamwalker: Never Fall Asleep
61600,Zen Bound 2
297490,Spy Chameleon - RGB Agent
1086410,Golf Around!
838010,Double Cross
434130,Witch and Hero(魔女と勇者)
1374290,Palindrome Syndrome: Escape Room
682170,Witchkin
2657730,ELDORANTE
3089040,泳装乱舞
908990,Steel Vampire
238530,Super Puzzle Platformer Deluxe
357120,Big Action Mega Fight!
262450,Dead Man's Draw
1321120,Matsuro Palette
960030,Deca
680390,Hidden Dragon: Legend
1215280,Mask of Mists
334560,Square Heroes
886110,RKN Block Me: Telegram
1373930,Dino Nest
509540,SVRVIVE: The Deus Helix
1061920,Our Secret Below
841660,The Treehouse Man
544600,Delicious - Emily's Christmas Carol
1861880,Air Traffic: Greenlight
277700,On Rusty Trails
923470,MOMO.EXE
1537740,Hentai Day - Ringsel in Trouble
434290,Typefighters (Steam Edition)
3296200,5 nights at Timokha 4: School
452410,Damsel
2286450,Striving for Light: Survival
941410,Touhou: Dreaming Butterfly | 东方蝶梦志
1767220,The Kids We Were
1107230,The 13th Doll: A Fan Game of The 7th Guest
1591690,DEATHRUN TV
1562920,7 Years From Now
1526180,Hide and Seek
471700,Greedy Guns
241300,Card City Nights 2
2051420,Beltex
1985770,Nazi Furry
1164460,Monospaced Lovers
1501410,Dwarf Journey
1581180,My waifu guild
286380,Strata
1983300,Paper Ghost Stories: Third Eye Open
887090,Blocks!: Richard III
1020030,Quantum Suicide
2009450,Invector: Rhythm Galaxy
102810,Gatling Gears
1118880,Rituals in the Dark
708820,Baby Hands
1640400,Janosik 2
766630,Dust and Salt
387240,Steel Rain
1237510,"Dr Livingstone, I Presume? Reversed Escape Room"
658790,Samurai Riot Definitive Edition
1444550,Waronoi
2520410,Dragons Legacy
486650,Potato Thriller
2561270,Skibidi Toilet Hero
2438090,A Void Hope
2268470,HOPE LEFT ME
2770160,Maxwell's puzzling demon
1717570,Pompom
2320500,Chloé’s Requiem -encore-
2374320,Heroes Of  Loot: Gauntlet Of Power
428460,Kings of Israel
1059150,Ritual: Crown of Horns
350780,MANOS: The Hands of Fate ~ Director's Cut
314590,room13
491000,Gravity Cat
623540,Late For Work
2088670,Puzzline
418360,Gurgamoth
373610,Shoot 1UP DX
1479390,Alekon
3146640,Abnormal1999:The Compass and the Sand
587470,Chroma Lab
440690,Mesel
686360,Dungeons & Treasure VR
1164290,Aluna: Sentinel of the Shards
2103640,Axis Football 2023
271670,10 Second Ninja
357600,Unium
460540,Temple of Rust
337270,Ostrich Island
1779960,Salome's Kiss
407880,Mad Nords: Probably an Epic Quest
1909800,UuultraC
2089450,Hot Springs Story 2
2318630,The Territory of Egg
1478410,像素男友 语音完整版
1175120,群星战纪: 遗失的星辰 - STARS ERA: LOST STARS
1915210,The Mensional
1732220,The Crown of Wu
301190,Frederic: Resurrection of Music
3030250,Aunt Fatima - خالة فاطمة
837190,Tanglewood
1276070,Manufactoria 2022
1494500,FWsim - Fireworks Display Simulator
1290220,Elasto Mania Remastered
1804170,Mimicry
1007830,Edgar - Bokbok in Boulzac
935560,Hentai Strip Shot
1383630,Antarctica 88
1169020,Dark Fall: Ghost Vigil
899190,A Piece of Wish upon the Stars
421630,A Study in Steampunk: Choice by Gaslight
339850,Overclocked: A History of Violence
502320,Boulder Dash - 30th Anniversary
465180,One Day in London
1909770,Aim Climb
2955590,Creepy Shift: Roadside Diner
2562460,SUSHI SOUL UNIVERSE
961010,The Hand of Glory
465170,Crime Secrets: Crimson Lily
313470,Boot Hill Heroes
1528220,Gordian Rooms 2: A curious island
2196980,Arcadie: Second-Born
983980,Euclidean Skies
1018130,Castle Break
513360,Mu Cartographer
1037080,Zedfest
527420,Demon Hunter 3: Revelation
968420,Fururu Project : Ruby
698590,DemonsTier
1029760,TANKNAROK
300280,Adventurezator: When Pigs Fly
351490,Intergalactic Bubbles
755670,Sleep Tight
492410,Rogues Like Us
437100,My Night Job
603420,Caveman Warriors
1701330,Sokobond Express
2617090,Fowl Damage
1094960,Soul Scathe
1509080,Nox Archaist
545030,NSFW ~ Not a Simulator For Working
22500,Spectromancer
642560,Art Of Gravity
33950,Fish Fillets 2
2122070,宝石少女/Girl & Gem Magic
2778460,LEWD GIRLS: Hentai Puzzle
594950,The Witches' Tea Party
472420,Duke Grabowski: Mighty Swashbuckler
200910,Before the Echo
2447260,Cats on Duty
864100,Sagebrush
416080,The Odyssey: Winds of Athena
337960,ClusterPuck 99
1174670,Nordic Warriors
2009380,They Don't Sleep
809240,Vandals
497700,Safety First!
504380,Detective Hayseed - Hollywood
1684270,It's a Wrap!
278570,Labyrinthine Dreams
294230,Millie
297110,Cosmic DJ
1122780,Highly Likely
346630,Plazma Being
415910,Gigachess
2881800,SuperTaxCity
1185700,Arrog
3233390,Lilith's Lair
445600,Void Raiders
301150,The Treasures of Montezuma 4
1214520,Pro Gymnast Simulator
656550,Shadow Bug
892990,Sable's Grimoire: A Dragon's Treasure
3151670,Trombone Champ: Unflattened
1732480,Takkoman -Kouzatsu World-
2738080,Ignited in Cavern
1582410,Manafinder
1848070,Absinthia
1182830,QT
1429780,Marble Maid
769840,Muddledash
2355860,Eggstraction
1733500,Looking for Aliens
906740,Voidship: The Long Journey
532270,Lethal VR
397690,Hyperspace Invaders II: Pixel Edition
2134970,The Hotel
1081650,Celaria
994500,Sky Racket
1814170,Lingo
2429090,Garden Buddies
1551620,Letina's Odyssey
1147950,Shio And Mysterious Forest
448910,Axes and Acres
1166230,1812: Napoleon Wars
1940410,Starri
1350350,Touhou Gensokyo Visitor
1524400,Ragdoll: Fall Simulator
636070,Corridor Z
448400,Hidden Object 6-in-1 bundle
1432500,The Sekimeiya: Spun Glass
2503780,"Lunar maiden, River-side Angel, and the Godlike moment"
1111620,Gloomy Eyes VR
629430,The Last Birdling
1235830,Dark Water : Slime Invader
800620,Fallen Hero: Rebirth
1837130,星塔星夜MONOBEHEVO
424170,The fall of gods
611620,TheNightfall
2824730,Yawnoc
356250,Gathering Sky
800820,2236 A.D.
1096180,Ato
562160,The Inner Darkness
503100,Black Hat Cooperative
1596440,ARKOS
568910,Ambition of the Slimes
262550,Gunman Clive
637880,I wanna be The Cat
1497250,执谕者：坠月之兆（Archenemy: Lunafall）
332580,Mimpi
420660,Burnin' Rubber 5 HD
741990,Wild Animal Sports Day
392070,Pumped BMX +
1343750,Z-Race
3059400,Night Drive: คืนหลอน ซ่อนทาง
1705930,Born Into Fear
377460,Chicken Invaders 3
1981250,Date Ariane Remastered
1139310,Ven VR Adventure
453100,Frederic: Resurrection of Music Director's Cut
1161930,東方幻夢箋 ~ Touhou Phantasm Dream
994340,Cat and Ghostly Road
1101180,EverStopped
918110,Animus - Stand Alone
1740230,Furquest
1155720,Why Is There A Girl In My House?!
2083900,FLERP
1280380,Moolii's Dreamland
1561090,Sweet Dreams Alex
1238520,Dandelions in the Sky
1660290,Monmusu Gladiator
264520,Moebius: Empire Rising
1647250,KUUKIYOMI 3: Consider It More and More!! - Father to Son
341090,On A Roll 3D
1137110,Ballistic Craft
2834330,Hidden in my Paradise
1796060,The Titty-Fucking Hot Spring Ryokan Ghost
2992500,Coin Factory
3013700,Candy & Toys Store Simulator
616000,Riptale
1905220,Kill It With Fire VR
1222570,Red Ronin
2688900,Super Algebrawl
2955220,CARD QUEST
2404510,Lucky Hero
423610,Where's My Mommy?
2175250,Volley Court
1073820,"Love, Sam"
2850110,The Dream Within
300840,JUJU
988310,Viola: The Heroine's Melody
1929360,Tumbleweed Destiny
623810,Rabbit Story
752170,Save Your Nuts
1418430,Zombie Bar Simulator
1750740,战棋三国英雄
543980,Zombie Exodus: Safe Haven
1461740,Mouse Painting Master
2812610,Curtain Call
527150,Dead
1210610,Lithium City
948900,macdows 95
785890,Hexologic
950700,VICCP
1084080,Save Daddy Trump
1729300,PlayForm: Human Dynamics
209790,Splice
643900,Alvora Tactics
1147490,Frontline: Western Front
778150,Crossroad
1283210,渡劫 x 魔女 ~ Team up with A Magician！
2072420,Beastie Bay DX
2061020,筒楼异事
559870,PAKO - Car Chase Simulator
1490980,Mirror Layers
1021800,Million Dungeon
651340,Shephy
2298210,Physical Layer
1160020,AshenForest
2101350,BLACK SHEEP TOWN
1221800,Anime Artist 2: Lovely Danya
1209510,Hand In Hand
595660,Lux Alliance
2909910,Underworld Overseer
1412890,Frail Hearts: Versicorae Domlion
864130,My Magical Demon Lover
566700,Eye in the Sky
1658960,End of Lines
2686250,Morels: The Hunt 2
3196550,花奴令 Huanu Poems
1347600,Dad's Monster House
599560,Ghost Files: The Face of Guilt
463760,The Beggar's Ride
3384190,TrickShot Simulator
301460,Electronic Super Joy: Groove City
1214330,World Seed Classic
1126600,Before I Forget
1428820,Wordle 3
1273080,Raptor Boyfriend: A High School Romance
1270670,Touhou Double Focus
603330,Blasted Road Terror
1572420,Leenie Boog
783180,Fairune Collection
2583300,Simulator of Ukraine 1991
2634560,OMUSUBI
1553320,Inside Depth 6
1261530,Ponpu
976780,NeonCode
1254870,High Strategy: Urukon
1247020,Lovingly Evil
277490,Battle Group 2
1418540,SEARCH PARTY: Director's Cut
1631860,My Cute Pagangirl
416870,Kitty Powers' Love Life
444490,POLYWAR
218510,Planets Under Attack
2428310,天行镖客 (Sky Escort)
883870,霎时晴荫
321150,Melissa K. and the Heart of Gold Collector's Edition
1162010,奇幻与砍杀2 Fantasy & Blade Ⅱ
370480,Pixel Galaxy
510620,THOTH
851150,Burning Knight
951530,Alien Shooter - Last Hope
819480,Pizza Titan Ultra
593700,Tower Fortress
3380740,Boo! Are you scared? The Chests Game
743940,Together We Live
2969140,Checkout: Cashier Simulator
994870,Mysteries of Neverville: The Runestone of Light
92300,A.R.E.S.: Extinction Agenda
238630,Fist Puncher
517130,Soundboxing
2199060,Core Devourer
1055140,10-4 Indirect Contact
818610,The Great Gaias
514920,Crash Wheels
1257850,SOLAS 128
252070,Gimbal
1714460,Starry Knight
960710,DON'T GIVE UP: A Cynical Tale
632250,DERU - The Art of Cooperation
375310,Mighty Switch Force! Hose It Down!
378030,Cardinal Quest 2
1309200,3D Math - Ultra
1180540,Puddle Knights
268320,Grapple
2666230,Dog And Goblin
560050,Xmas Shooting - Scramble!!
1856900,Andro Dunos II
959410,The Endless Empty
3187700,Short Trip
222140,Puddle
2640100,Grandma's House: College Days
994670,ThreatGEN: Red vs. Blue
282640,LOST ORBIT
1004150,Madorica Real Estate
1947950,Boxing Gym Story
2051440,Guardener
1673000,Blood Field | Cỏ Máu
252170,Anomaly Warzone Earth Mobile Campaign
890310,Shadow Brawlers
1106140,The Drift Challenge
742700,Empire Deluxe Combined Edition
421260,Militia
494360,Barrow Hill: Curse of the Ancient Circle
611830,Park Bound
1765150,Monkey King Simulator -- Chapter Huaguo Mountain
806740,Fei Duanmu VS Kobayashi 端木斐 VS 小林正雪
1424870,Cross Maid
2007710,Betrix
2219810,Pixel Town: Akanemachi Mystery
692690,Dance Collider
810470,Black Dream Plus
932210,Nexoria: Dungeon Rogue Heroes
2417000,Hunter: The Reckoning — The Beast of Glenkildove
2536650,TYPECAST
2783560,E-Girl RoomMate
1003730,Soko Loco Deluxe
347610,Hidden Object Bundle 4 in 1
1255050,Craft In Abyss
548680,Iron Crypticle
372080,Kramora's Shadow
354860,The Adventures of Tree
1778870,Intruder In Antiquonia
343560,Bob Was Hungry
1005410,Freedom Finger
725120,ADIOS Amigos: Galactic Explorers
1162470,IIslands of War
590370,Tiny Troopers 2
332830,Prelogate
2119660,Dream Park Story
1352020,Yupitergrad 🚀(Virtual Reality Adventure)
2488050,The Winning Secret of the Newbie Strategist Princess
1511040,LOVE BAKUDAN
2137750,Frameland: A Binary Tale
1363770,Escape Quest
37400,"Time Gentlemen, Please! and Ben There, Dan That! Special Edition  Double Pack"
862580,OK/NORMAL
771070,Infinos Gaiden
283840,ALLTYNEX Second
2144460,Path to purge
3292980,Hacky
1554400,Paint Chips
1183700,Biolum
614950,Shootout on Cash Island
435840,The Preposterous Awesomeness of Everything
1952440,God Souls
1816950,Nobodies: After Death
2657310,Godrop
1065200,Visitor2 / 来访者2
331220,Thief Town
3097330,ReMix
2583830,手積み麻雀
2743650,镖行天下
449550,Chicken Invaders 2
1726730,You Must
1300310,Move Code Lines
542200,Animal Lover
2746030,Deep Among the Swarm
1229500,Shieldmaiden: Remix Edition
303860,Machines At War 3
2864680,Diatomic
363240,Caveman Craig
699080,Jake's Love Story
2997260,SATAN
701860,The Witch's Isle
1296340,Undercat
1890520,Tide Up
2562620,The Palace on the Hill
2963230,Joyville 2
1441790,Miner: Dig Deep
318310,Choice of the Deathless
684530,Lance A Lot: Enhanced Edition
777410,EarthNight
1546060,My Summer Adventure: Memories of Another Life
454320,[the Sequence]
429360,Lupinball
473920,Corinne Cross's Dead & Breakfast
1253680,Super Soccer Blast
296730,Viktor
2300660,Lusty God
1860900,Antivine
611710,Kaiju Big Battel: Fighto Fantasy
1211110,Petal Crash
1251970,Gladiator Manager
490860,DashBored
320610,Questerium: Sinister Trinity HD Collector's Edition
1390490,Kohate
624410,Prank Bros / 欢乐兄弟
1029570,Perfect Round Disc Golf
57200,Puzzle Dimension
3010070,Man I Just Wanna Go Home
356000,The Hero of Kendrickstone
737050,Open Sorcery: Sea++
1779560,Donut Dodo
645460,Mind Maze
412270,Stories of Bethem: Full Moon
1320950,The Swine
686760,Carpe Diem: Reboot
602480,Kartong - Death by Cardboard!
800600,Wayhaven Chronicles: Book One
655000,Masked Forces 2: Mystic Demons
2090650,栖云异梦
2773520,完美恋人~fragile love
1458920,Meridian 157: Chapter 1
1252390,CyberHive
461170,Bucket Detective
259780,Nimble Quest
1354260,Brave Escape
2113770,In Woods
2424650,Froggy's Battle
374830,Defend The Highlands
548230,SPINGUN
386520,Champion of the Gods
1651610,Last Night of Winter
719180,Revulsion
98600,Demolition Inc.
802400,Fhtagn! - Tales of the Creeping Madness
1734890,Visual Novel Sisters
839280,Cartonfall
2303610,Fragrance Point
1302990,MARDEK
1202100,Bodyless
1575510,Seedlings
2119270,Black Reliquary
1585910,Roll
1587710,Fossil Corner
1144330,Marisa's Marvelous Magic Shop
2102490,Basketball Club Story
576980,Western 1849 Reloaded
2187130,Rabat Protocol:Metal Rhapsody
372210,Spooky Cats
1345370,Promesa
2022470,Mythargia
496630,Empty Horizons
597060,Numina
569810,LEAVES - The Return
982450,GEMINI DISORDER
2308670,Card Detective
1486690,Flower in the Snow - Resurrection
2220870,Fantasy Survivors
1069210,Pulang Insanity - Director's Cut
2850100,Dungeon Exiles
1040390,Later Daters - Premium
1143710,Тёмное отражение (Dark Reflection)
433920,Aveyond 4: Shadow of the Mist
460750,Blade Ballet
436390,Prison Run and Gun
2837600,The Alto Collection
2665040,The OG Cake Factory
396230,VERSUS: The Lost Ones
887820,Double
361350,Skyhook
219200,Droid Assault
528730,Crypt of the Serpent King
203990,SATAZIUS
446640,Space Pilgrim Episode IV: Sol
2506450,Guayota
822830,Ouroboros
576620,The Puzzle Room VR ( Escape The Room )
2539820,LAPIDARY: Jewel Craft Simulator
485350,Winter Novel
280830,Foosball - Street Edition
1138970,Dandy Dungeon - Legend of Brave Yamada -
853200,Shred! 2 - ft Sam Pilgrim
1970260,Presentiment of Death
403510,Fairy Tale Mysteries 2: The Beanstalk
710070,Helltown
618690,Gorescript
764500,Deep Dark Fight
65400,Archon Classic
1454010,Diary of Lucie
290320,Project Temporality
404100,STEEL STRIDER
607400,Necrosphere
2494440,Toy Trains
2169120,Lords of Infinity
752500,Ghoulboy - Dark Sword of Goblin
341910,Ultimate Space Commando
2605640,Buried
303720,#KILLALLZOMBIES
396790,Dracula's Legacy
773740,Overpass
1843110,Makis Adventure
548340,Abode
230150,Incredipede
3193770,The Exit 8 VR
1214410,Zooma VR
869690,Cat Lady - The Card Game
327150,Deadstone
468740,Snow Fortress
284180,Magicians & Looters
252270,Zombie Tycoon 2: Brainhov's Revenge
816270,Sounds of Verity
411590,The Rivers of Alice - Extended Version
2758290,PROJECT 13
2674190,Akai Onna
1917830,The Safe Place
390890,Angry Arrows
279990,Bridge Constructor Playground
391420,Gun Rocket
326190,Alchemy Mysteries: Prague Legends
3012130,Phantom of the Twilight
421060,Age of Steel: Recharge
837200,NetHack: Legacy
485490,Dungeon Journey
3122150,Under the blue horizon
1029650,יום פתוח (Open Day)
1203750,The Girl of Glass: A Summer Bird's Tale
1844650,Krampus Kills
635790,How to Fool a Liar King
1822230,Kokoro Clover Season1
405950,Lowglow
705610,Where They Cremate The Roadkill
2012620,FURRY CYBERSEX
2298950,Flying Tank
492530,The Dark Legions
2228210,Project Astra Dominium
317510,Beyond Gravity
1415320,PalmRide
956310,Musashi vs Cthulhu
352140,Finders
424640,Karaski: What Goes Up...
1457550,Melody/心跳旋律
610610,PacaPlus
733050,Lines Infinite
975620,Project DeepWeb
367000,Fine Sweeper
1964310,MORODASHI SUMO
1181610,Roto Force
670610,Swaps and Traps
2375730,Mercenaries of the Kingdom: First Blood
18820,Zero Gear
747690,Sinister Halloween
2019370,Oh! Edo Towns
434370,Buried: An Interactive Story
2885480,BattleCap
3035990,Misericorde Volume Two: White Wool & Snow
2067260,Reflection: The Greed
588230,Beckett
447310,Paper Train Traffic
2731640,QUESTER | OSAKA
344440,Sacra Terra: Angelic Night
1982130,Kraino Origins
1237070,The Cyclist: Tactics
359560,Shutter
615180,Firewood
2360340,Whitewater VR: Extreme Kayaking Adventure
1489600,Nix Umbra
955580,Rise: Race The Future
2323810,DEFENDUN : Hero Defense
707580,AFFECTED: The Manor - The Complete Edition
658160,ClickRaid
521630,Toadled Classic
1229030,A Hand With Many Fingers
648890,DMT: Dynamic Music Tesseract
595260,Heat Guardian
326720,Instant Dungeon!
1307090,Barro Racing
822190,Little Bug
1006930,Hentai Jigsaw Puzzle
2205600,Ojiv
1378470,Now There Be Goblins: Tower Defense VR
399780,Expand
1365010,Lost Potato
1771990,Nyaaaanvy
1117040,武道戰姬 - 女僕(武道戦姫 - メイド / Budo Girl War - Maid)
207250,Cubemen
206060,Avernum 6
341120,Glorkian Warrior: The Trials Of Glork
2615290,Mostroscopy
555320,Never give up!
380660,Killing Time at Lightspeed: Enhanced Edition
448800,Semispheres
1014360,Adventures Diary of Merchant
1873870,IDEA
2395550,Desktop Girlfriend NEO
341170,Adventures of Chris
1051420,Jey's Empire
819630,Basketball Classics
2400880,Haunted Investigation
1305820,Lunar Axe
2101250,Nebula
1426480,Fate of Kai
1860760,SUKEBE BLOCKS
1779180,Knight's Try
1568880,秘封フラグメント
827290,Secret Little Haven
1408860,Silence Channel
281080,Reversion - The Return (Last Chapter)
611850,Tragedy of Prince Rupert
1034540,Lorenzo il Magnifico
2431070,98xx
278440,0RBITALIS
339510,Psy High
3057760,CROPS!
283180,The Samaritan Paradox
1288410,Outshine
794760,ABYSS CRAWLERS plus
568040,Macbat 64
1747560,Chronicles of 2 Heroes: Amaterasu's Wrath
1689010,欢迎加入奇趣社
1202870,The Heiress of Sorcery
2263920,Multiplayer Platform Golf
3220830,Dusk Pub
1599000,ARK and ADE
636170,Reaching for Petals
805920,Seek Etyliv
2120320,Wayhaven Chronicles: Book Three
388720,Link: The Unleashed Nexus
1810270,Blood Nova
1101930,Monsters of Little Haven
1569150,Glyph☀️
431260,Cursed
1543090,LiBER
574260,The Secret Order 5: The Buried Kingdom
706130,Far from Noise
705450,Wunderdoktor
2503950,ION Shift
789570,Nepenthe
967120,Cursed Mansion
772610,Q-YO Blaster
1621140,Clawfish
2024300,Hide Alone
2288210,三国真龙传
684000,Wooden Ocean
545830,Princess of Tavern Collector's Edition
2084720,Home Run High
610120,Little Kite
58200,Jolly Rover
463930,The Dweller
1693260,Yugo Puzzle
1983700,Mega Mall Story 2
2790790,The Devil is in the Details
1577320,Somewhere in the Shadow
620170,Icarus Starship Command Simulator
460650,Tick Tock Bang Bang
1128960,最后的巫后：众王纷争的年代 Witch Queen
677330,Theseus
608370,Drums Hero
446910,Night Blights
1719240,Illuminaria
461220,Beglitched
471170,Romopolis
1029170,Skautfold: Moonless Knight
426050,LEGIE
1056350,Wizard Warfare
942200,Rocket Boots Mania
525450,King Oddball
2753720,False Dream
2201070,Phylakterion
2459180,Praise Dead
834760,Robot Wants It All
1927150,Townframe
1401220,冷血症骰子
2577180,DemonStar
334620,Soccertron
16710,Insecticide Part 1
457370,Alexa's Wild Night
425340,Space Moth DX
3298820,My proud girlfriend--Lina Chapter
1384940,Egression
716030,Oppaidius Summer Trouble!
676430,PUSH
2164780,Tile Town
858760,Scalak
1470420,Re:Turn 2 - Runaway
1200900,Crypto: Against All Odds - Tower Defense
1895970,Robotherapy
1865670,Gensokyo Odyssey
218020,Nethergate: Resurrection
3095830,Jessica's Choices - Origins
2416050,Cento
464900,Pitfall Planet
1570830,Mori Carta
25620,Eschalon: Book II
1053830,Ninja Legends
606330,Shadows 2: Perfidia
1281420,DOM RUSALOK
297370,Hero of Many
1285160,Depanneur Nocturne
1589680,Torii
1890760,Hentai Girls: Contact [18+]
713160,After Death
704840,The Walking Vegetables
2012100,WHAT THE BAT?
307070,Memories of a Vagabond
1047870,Something Ate My Alien
482990,Heirs And Graces
888990,雨上がりのハナビィ Ameagari no Hanaby
405720,Perfect Universe - Play with Gravity
2451010,Project Hunt
2279310,Pixel Town: Akanemachi Mystery 2
392330,Take Command - 2nd Manassas
452860,Mad Bullets
1026130,STAB STAB STAB!
799510,Squidlit
763990,Chasing the Stars
562640,Introvert Quest
423320,Pendragon Rising
1214450,Featherfall
562210,Древняя Русь
1974290,Sentinels of Earth-Prime
3048660,公主：东方与远征（Princess: The East and the Expedition）
489660,Fabric
1941840,Otoko Cross: Pretty Boys Mahjong Solitaire
1783800,Crossroad OS
2951890,The Cursed Tape
1965800,Dice Tribes: Ambitions
2721530,Afterplace
72400,Clones
463220,Dungeon of Zolthan
1311540,"The Wake: Mourning Father, Mourning Mother"
3138460,WolfGirl RoomMate
964990,Storm Boy
448170,Last Dream: World Unknown
348300,Chip's Challenge 2
2063420,CozyTyper
1388650,League Of Enthusiastic Losers
944340,Vignettes
1029100,Worse Than Death
1525890,Death Park 2
2154730,Building Destruction
2627600,Project Real
2295070,Poems & Codes
681530,NOISZ
2725090,HER TREES : THE PUZZLE HOUSE
1185740,Mira
419810,House of Hell (Standalone)
1164740,Salting the Earth
1882550,MECH PUNK
573070,BAFL - Brakes Are For Losers
348910,Faerie Solitaire Harvest
831120,Space Pilgrim Academy: Year 2
918380,Choice of Magics
451990,Cranks and Goggles
996080,King's League II
23600,Depths of Peril
2633170,Front Office Football Nine
1743380,SCP: Doki Doki Anomaly
2961990,Dünnes Eis - Das Spiel zum Song
1259530,Cherry Kisses
586660,Trackless
843250,The Last DeadEnd
603810,A Girls Fabric Face
540780,Delicious - Emily's Message in a Bottle
769550,East 73: Magenta Fairytale
18120,Unstoppable Gorg
443420,Artificial Defense
270510,EPOCH
419990,Ganbare! Super Strikers
447890,Cat on a Diet
2682120,Movie Cinema Simulator
1198210,Dogworld
375930,Trap Them
15520,AaAaAA!!! - A Reckless Disregard for Gravity
1128690,Plunge
45450,Fortix 2
662840,Abo Khashem
102200,Runespell: Overture
1127850,Apple Slash
2334780,CANINE
1118410,GLADIUM
2506110,The Guest
690560,I Am Overburdened
838620,Slappy Ass
608760,Doodle Devil
283230,Spoiler Alert
375250,Pizza Express
2855770,The Fear Business
1654680,Red Wings: American Aces
938300,CuberPunk 2089
1267580,Classic Sport Driving
717980,伏雨录：少年篇
457520,Moustache Mountain
574270,Lost Grimoires 2: Shard of Mystery
705500,Tiny Bubbles
1111600,Klang 2
1420650,Touhou Bunkachou ～ Shoot the Bullet.
409560,Run Rabbit Run
1192890,Shoot Them
677790,SOULS
819230,Gothicc Breaker
2935840,POOOOL
345540,Inbetween Land
428830,Save the Dodos
567290,Slash It
1236490,Bamerang
1752060,Wild Dogs
658550,Zup! Zero 2
279260,Richard & Alice
3137240,Mystical Maritime Adventure
528250,Patchwork
2077720,Moth Lake: A Horror Story
2910460,Furry Angel Take In
465720,Demon Hunter 2: New Chapter
1324830,Untale: King of Revinia
318330,Mecha Ace
211440,Adventures of Shuggy
610900,Sumatra: Fate of Yandi
963490,Abyss Manager
259390,Ballpoint Universe - Infinite
1735980,Love Flute
42140,Hamilton's Great Adventure
642170,Legendary Hunter VR
1071940,Streamer's Life
280930,Battlepillars Gold Edition
1097170,Backspace Bouken
1387460,Melancholy Love
661040,Time Trap - Hidden Objects Puzzle Game
416640,Diabolical
386420,Job the Leprechaun
1641240,Hero's Quest
1764700,ふりかけ☆スペイシー
537700,Octave
92600,Xotic
314200,Bionic Heart
899760,Her 她
1232810,Savage Halloween
485080,Megapolis
516820,Exodemon
2242840,无梦少女 DreamlessGirl
525690,MMM: Murder Most Misfortunate
2420630,Pixel Town: Akanemachi Sideshow
3072450,FAKEBOOK
1111810,Sex Simulator
1931510,Attacker-chan!
1658880,汉字大冒险
1297390,Inexistence Rebirth
895990,水时钟-Water_Clock
15400,Harvest: Massive Encounter
577910,Ghost Blade HD
1756020,Super Roboy
566780,Beats Fever
1706570,Chupacabras: Night Hunt
589690,Queen's Quest 3: The End of Dawn
206020,Avernum 4
2717480,Envelope
1368780,The Mikado Birdgirl in Taichung
305760,Redirection
61730,Critter Crunch
2675630,Cats Huddled Together 挤在一起的猫猫们
1080990,叙事曲2：星空下的诺言 / Ballade2: the Celestial Promise
2717750,Tobla - Divine Path
3334660,Winion Virus
521540,This World Unknown
443460,Star Sky 2
1093840,NiGHT SIGNAL
509400,Lost in Harmony
3115500,Dream Rhythm
305920,Another Perspective
378070,Energy Hook
201010,Geneforge 5: Overthrow
809500,Brazilian Root®
492270,The Cat! Porfirio's Adventure
1973640,The Divine Speaker: The Sun and the Moon
1327020,亭上满月映西枝~The Forever Moon
553950,GRIDD: Retroenhanced
1961300,Is Simon There?
267360,MURI
1131740,Snowdome
2087610,UFO: Unidentified Falling Objects
3121470,Chroma Zero
985940,Beat Me!
2974060,[REC] Paroxysm
469730,Super Mega Neo Pug
422920,Creeper World 2: Anniversary Edition
2427960,Calcium Contract
894460,Crimson Gray: Dusk and Dawn
595440,CPU Invaders
334690,Squirreltopia
1909220,Movie Quest
2510760,Gods Wars : infinity Epic
438080,Surfingers
992700,Lighter
476410,One Small Fire At A Time
1892140,Cryptid Farm
1694670,Apotheorasis • Lab of the Blind Gods
2159670,maboroshi caravan
2000280,I’m going to die if I don’t eat sushi!
2406360,SpeedOverflow
20710,Mr. Robot
299540,Heroes Rise: The Prodigy
2631960,14 Minesweeper Variants 2
1173150,Goosebumps Dead of Night
366760,Adorables
1888060,雪凤山 Secret Opera
370550,Sparkle 2
1603500,The Elevator Game with Catgirls
2408680,The Strongest TOFU
501110,Mount Wingsuit
648780,It's Quiz Time
2700230,ISOLAND4: The Anchor of Memory
864610,Magic Realm: Online
356070,Commander Cool 2
1401150,Black Hole Simulator
402340,Blue Rider
2742750,Quod: Episode 1
2314850,The Legend of Skye
405540,Ninja Senki DX
1974230,Locks
1229270,Onirike
382920,RETSNOM
1394810,Colossus Down
1292520,Crimson Spires
704680,AMPLITUDE: A Visual Novel
1071330,Dark Fantasy 2: Jigsaw Puzzle
577180,Sin Castle
352620,Porcunipine
461710,Tales Across Time
1175430,Project Starship X
747650,The Padre
350620,Sandmason
1198040,Wide Ocean Big Jacket
708760,Social Club VR : Casino Nights
1632140,Girl Agent
501120,Clock Simulator
2161430,FAKE SIGNALS
2892000,Witch's Doll
2184010,Star Leaping Story
1261130,Shoot Them 2
397780,A Wise Use of Time
349690,ARMED SEVEN
486380,Shigatari
454610,Demon's Crystals
416250,Tales [PC]
205690,1000 Amps
801290,Diabolic
574940,Downward Spiral: Prologue
352130,Locoland
1090930,Endless RPG
2461240,Black & White Lite
1588760,Switchball HD
1493060,Immortal Legacy: The Jade Cipher[VR]
578930,LOVE 2: kuso
500870,Riddles Of The Past
1635980,Kubinashi Recollection
307770,Wildlife Park 2 - Horses
1088420,Wings Of Bluestar
2569330,Pixel Descent
1395400,The Corruption Within
16600,Trials 2: Second Edition
361850,Portal of Evil: Stolen Runes Collector's Edition
688260,Morph Girl
2233870,BDSM Love
381320,Bezier
1064200,Brewer
894000,Night of the Blood Moon
1321010,Labyrinth Legend
2063310,Joe Wander and the Enigmatic Adventures
1032730,Sticks And Bones
2420930,Heroes of Spyria
1661360,Leman
1391450,Case 00: The Cannibal Boy
437520,ZeGame
2298390,Paranormal VHS
637060,Tiny Tales: Heart of the Forest
842170,Hyperspace Dogfights
841210,WW Fantasy
3226190,Erotic Rhythm
738860,Jetstream
244950,Where is my Heart?
1089820,Reanimation Inc.
1008830,孙悟空大战机器金刚 / Sun Wukong VS Robot
2338490,Twilight Oracle
551520,Last Days of Spring 2
259340,Chicken Shoot Gold
244890,Velocity®Ultra
1291540,Cartridge Defense
1431950,Decks & Daggers
851180,Blood Harvest 3
411680,Loot Hound™
425160,Recursion Deluxe
1547290,"Nina Aquila: Legal Eagle, Season One"
562570,Access Denied
1247860,藏梦 Hidden Dream
335920,Ephemerid: A Musical Adventure
479110,Hunter's Legacy
263700,Muffin Knight
467810,Splody
658500,Ultra Space Battle Brawl
486020,Hero
1187030,星礼研究所 | Sighchology Research Lab
1156900,Output Pasture
1232940,The Under Presents
1408110,The Grounding
2313270,Blightlands Blacksmith
444130,Auralux: Constellations
359420,The Journeyman Project 1: Pegasus Prime
473140,BomberZone
1617480,Fight Party
354620,Miner Warfare
259510,Shufflepuck Cantina Deluxe
461500,Omega Agent
2234690,The Day Before You Gone
403070,Silver Creek Falls: Chapter 2
2290010,Beyond the Wall
1212100,fishy
1114730,Femdom Lines
1714080,---Red---Tether-->
2020630,廃村巡り | Haisonmeguri
345060,Stay Alight
347730,Wait - Extended
546550,Snowball!
2011470,大侠请重来
1186880,OctoFurry
951130,心之檻
2056970,Animal Wish
298790,Rock Boshers DX: Directors Cut
2581960,The Collage Atlas
1065320,REKT! High Octane Stunts
1923790,Linelith
205870,Auditorium
982220,Globesweeper
890280,Myha: Return to the Lost Island
1055170,Sir Lovelot
732930,Wunderling DX
833140,Supaplex
2659970,Lucky Mayor
832710,The 7th Circle - Endless Nightmare
1197030,Mystic Pillars: A Story-Based Puzzle Game
632000,CrossCells
971430,From Beyond Prologue
1201370,HAMMY
427780,PERFECT ANGLE: The puzzle game based on optical illusions
457480,Domino Sky
739050,Deck Casters
454160,Dark Fear
32150,Everyday Genius: SquareLogic
468490,Neon Space
563260,Steel Empire
956560,StarCrossed
1361920,Bright Paw: Definitive Edition
1458590,Anime Artist 3: Harem
2657900,For Sale
1018170,光之迷城 / Dawn of the Lost Castle
2558110,Skibidi Toilet Skibidi Boom
3080920,孵道
558660,it's always monday
1177640,ROCKETRON
396800,12 Labours of Hercules IV: Mother Nature (Platinum Edition)
1185360,Alan Sharp
333760,Vintage Year
2263510,The Simulacrum
394680,Mountain Crime: Requital
440760,Cube Destroyer
2337140,Can't Live Without Electricity
3236010,SuperSorry
2430660,MiceGard
2294930,I wish it was morning all the time
1933180,Varney Lake
302750,The Counting Kingdom
303940,CAPSULE
390930,AIPD - Artificial Intelligence Police Department
342920,Toto Temple Deluxe
1530650,HENTAICRAFT
1803310,Incubus - A ghost-hunters tale
673800,Zup! XS
658990,Icycle: On Thin Ice
417980,Planet Diver
436000,Lovely Planet Arcade
1623420,Serious Sam: Kamikaze Attack!
2693460,Christmas Nightmare
1247940,Greyhat - A Digital Detective Adventure
401840,ChargeShot
719520,Spectro
763790,TrainerVR
1910320,TAPE: Unveil the Memories
563810,Fumiko!
2146180,Cyclo Chambers
454380,Champions of Breakfast
222660,Retro/Grade
1228600,Blankspace
2642700,鬼打墙（剧情版）
2741490,At Tony's
725080,Fearful Symmetry & The Cursed Prince
1188270,The Curse of Feldar Vale
820910,Last Resort Island
1878570,Immortal Mantis
291170,Royal Defense
1249080,"Lynn , The Girl Drawn On Puzzles"
1776170,Barton Lynch Pro Surfing
1871620,Covid Simulator
729570,222 Hearts
1488650,Velocity Noodle
264340,Major Mayhem
370940,Demons with Shotguns
1154080,Rugby League Team Manager 3
373620,Explosionade DX
1965390,Online Sparkler
2341760,Defensurvivor
2264820,The Road To Harvest: Food From Across The Ocean
899960,The Greater Good
1096060,Teenage Blob
1302860,Assembly Planter
50000,Nimbus
343840,Trash TV
268240,Mechanic Escape
1797610,Barro 22
1093520,Un Pas Fragile
2452920,Ouros
3169750,TIME TO STARⅡ偶像之路终极版
324390,The Body Changer
552390,Druid
368050,Almightree: The Last Dreamer
567980,Santa Rockstar
337670,Default Dan
608660,Psebay
740090,Lost Grimoires 3: The Forgotten Well
657290,Blind Men
1036370,Flying Red Barrel - The Diary of a Little Aviator
2206560,Zup! Q
287120,Ionball 2: Ionstorm
2338120,Outlive
2158740,Within the Backrooms
973220,SiNKR 2
1028440,Arrow Tourney
304670,Aeon Command
644080,Alphabear: Hardcover Edition
933770,Star Sky 3
583890,Balthazar's Dream
1969650,Formula TOP
718200,Forever Home
1464550,RagingBlasters
1304470,降妖神兵
756240,Asylamba: Influence
1571380,Startenders: Intergalactic Bartending
454890,Project Starship
2497210,PUSHER - Drug Tycoon
377760,Fox & Flock
262590,Chuck's Challenge 3D 2020
1322650,RITE
1698520,Simple Fish Adventure
2707110,Birds Organized Neatly
2821890,PegIdle
408110,Planet R-12
1352910,春と修羅｜Haru to Shura
2246400,Confabulation
2680680,outside the door
347690,Natural Soccer
1654130,孙美琪疑案:雨儿胡同
380680,Gwan Moon High School : The Ghost Gate
2011860,Refund Me If You Can
2423070,Speakeasy
1187600,Wicked Willow
1792270,Sky Caravan
749860,Super Sportmatchen
392190,#SelfieTennis
2413640,Countless Army
1938850,Temp Zero
857470,NEKOKORO
2601030,Exanimum: The Silent Call
1695480,Hellblusser
434620,Pythagoria
510520,Little Red Lie
708950,Steam Tactics
2118500,Touhou Library Survivors
402150,String Theory
624320,Loyalty and Blood: Viktor Origins
2264930,"『LACKGIRL I - ""Astra inclinant, sed non obligant.""』"
751220,ETHEREAL
821320,SPAGHET
409390,Marble Mountain
725410,𝄞Gaia's Melody: ECHOED MELODIES
1624830,Path of Sacrifice
1335940,Ball-it Hell
932570,阿比斯的宝藏 - Treasure of abyss
984470,Big Dipper
1504340,CrushBorgs
1110720,The Last Companion-我与我行将离去的小友。
1832050,All Quiet Roads
2468670,Little Locked Rooms
2015950,Shapik: The Quest
989430,随风而逝 Story About Times
1669330,残世界的鸢尾花
1019590,Lovely Planet 2: April Skies
1545250,ECHOLOCAUTION
344480,Quell
2951520,Bite Night
610840,JASEM: Just Another Shooter with Electronic Music
405650,Zero Reflex : Black Eye Edition
20700,Starscape
448160,WOLFLAME
1005450,Vision Soft Reset
964130,My Colony
1505700,Berzerk Flashback
1043150,Danger Gazers
261940,The Mysterious Cities of Gold
1661920,Ancient: Legacy of Azul
314360,Aritana and the Harpy's Feather
3269860,Locomotive 115
1261760,Democratic Socialism Simulator
2333240,Logic Town
1577240,Cions of Vega
2450570,End of Edge
1933970,Anime Studio Story
628460,Lily of the Valley
709920,Tametsi
818360,Wildbus
714280,Time Up
839020,The Rig: A Starmap to Murder
486440,Mosh Pit Simulator
2180740,Sex Toys
1497330,Bad Way
865180,Reformers Intl Ver(变革者国际版)
581760,True or False 2
216090,Go Home Dinosaurs!
3400040,Haunted Property
2173760,Super Video Golf
206690,iBomber Defense Pacific
867050,Endless Fables 3: Dark Moor
774561,Rym 9000
887340,Owl Watch
1133070,Viking Chess: Hnefatafl
319270,Great Permutator
1997190,Hentai Big Tits
605920,VOLTED
3207880,Universe Horizon
1258710,"BEAR, VODKA, FALL OF BERLIN! 🐻"
2258010,Webcam Sex
503650,Fenimore Fillmore: The Westerner
657070,Dream Hills: Captured Magic
666940,Welcome Back To 2007
467310,Rogue Port - Red Nightmare
343930,Fort Defense
620410,Exit: A Biodelic Adventure
917380,Lancelot's Hangover: The Quest for the Holy Booze
2025700,Fragile Feelings
2995650,Dungeons of Dreadrock 2 - The Dead King's Secret
237760,Intake
1596980,Hentai Hack-Her
552030,Artillerists
1611290,Puzzle Compound
1792890,Dreamy Planet
667800,Loco Dojo
783940,Forgotten Hill Mementoes
3110010,FREE DUROV
2191190,FIND ALL 4: Magic
807230,Silenced: The House
487040,88 Heroes
361930,Farm Frenzy: Hurricane Season
1892950,The Golden Rose: Book One
262770,Freedom Fall
2368190,Bem Feito
297590,Monsters Ate My Birthday Cake
757330,qop 2
882040,The Outpost Nine: Episode 1
375030,Korwin The Game
341680,stratO
437550,Melon Simulator™
1534260,TitTok
456430,Christmas Adventure: Candy Storm
1174090,Unicorn Tails
1304420,Super Cable Boy
416180,Gun Bombers
1422750,Aery - Sky Castle
3011850,CRUELTY
662990,Eddy紫 ~Eddy Violet~
1098370,Akash: Path of the Five
529900,Polygon Attack
559960,Power Hover
1458930,Meridian 157: Chapter 2
457810,Sky to Fly: Soulless Leviathan
1388860,UNMEMORY
1228870,Bartlow's Dread Machine
549740,Indie Game Sim
1882420,Learn Programming: Python - Remake
1354240,Hunting Moon vol.2
1048270,Sexy Breakout
1950200,Loathful
491330,12 Labours of Hercules V: Kids of Hellas (Platinum Edition)
1492620,Jelly Is Sticky
1918300,Fishing Vacation
1747450,成土市的我 CTcity
207570,English Country Tune
1404560,Yerba Mate Tycoon
2317300,Access Denied: Escape
1098510,LOST EGG
651280,TinkerQuarry
2084180,Case 03: True Cannibal Boy
1066140,Now You See - A Hand Painted Horror Adventure
1036260,Journey For Elysium
736250,Amberskull
1302780,Zombo Buster Advance
656740,Cosmonator
822040,Super Volley Blast
1131410,Sable's Grimoire: Man And Elf
111100,Snuggle Truck
1851910,A Flicker of Light
2357950,Q2 HUMANITY
2056490,Forrader Hero
3140130,KUUKIYOMI 4: Consider It
320150,Deadlings: Rotten Edition
2098070,Star Ring
2203990,Commando Hero
576420,The Curse Of Yendor
1490590,We are Eva
2826400,CASE RECORDS: Fear of Abduction
1557700,The World After
990640,Numgeon
552060,EscapeVR: The Basement
394550,Gunman Clive 2
1188330,Classic Sudoku
339290,Castle
799260,Godly Corp
437690,Venture Kid
3010090,Aaero2
2635930,Snowman Story
544310,Jumps
518730,Zombo Buster Rising
527740,YANKAI'S TRIANGLE
932330,Alchemia
2600720,Cloudy Valley
945440,Tiny Bird Garden Deluxe
640090,Zarya-1: Mystery on the Moon
1183500,Puppy Cross
727640,ШП - ShP
3077400,WhatRogue：Exile Land
62100,Chime
109200,Legend of Fae
1705220,烈山海贰
2797180,咫尺遥心-Proof of existence
2174720,The Will of Arthur Flabbington
292200,Crazy Plant Shop
888010,Tango: The Adventure Game
2475980,GOBLiiiNS5
1271380,Street Cleaner: The Video Game
1000640,Clam Man
2461780,网瘾少年2005 Internet addicted youth 2005
1164750,Hospitality VR
3351140,Limoria
1878920,Animalistic
568460,Ghostory
1158720,Causality
759000,.projekt
1010240,Changeling
1515490,System Purge
904130,Defense: Abominations
308460,War in a Box: Paper Tanks
251910,Solar Flux
1321030,No one lives in heaven
2072140,Epic Astro Story
1607670,Secret Agent HD
1215770,Naked Story (Sports Festival Ver)
645380,Heroes of Umbra
1954520,Dullpain
885120,Werewolves: Haven Rising
565180,Dogurai
1533050,Press Ctrl
1268290,Fantasy World Online Tycoon
896670,Ritual on the Eve 前夜祭
391170,Void Invaders
2505250,Jett Rider
869350,Because We're Here - Act I
1233950,Wayhaven Chronicles: Book Two
496740,Discovering Space 2
1137330,DREAMO - Puzzle Adventure
462860,Crawlers and Brawlers
543270,Mr. Shadow
664450,Manifest 99
677280,Sigi - A Fart for Melusina
446310,Sabres of Infinity
961660,Nowhere Patrol
894270,Beware of Trains
2590810,Vox Populi: Poland 2023
2242220,Forest Fire
858040,Sudoku Jigsaw / 拼图数独
1198510,Paperball
1471960,Room to Grow
438180,Super Mustache
2289400,MAD WAY
1345440,Toy Tanks
777790,Final Directive
503280,Marble Land
676130,Without Within 3 (初衷)
1366700,Quintus and the Absent Truth
437390,HoPiKo
452920,Laser Disco Defenders
304850,Worlds
2431840,Cannibal Tales - Episode 1
2522270,Rune Gate
284220,Diadra Empty
1460250,RedEx
313590,Boo Bunny Plague
1095790,恋爱总动员/Love Date
1778720,Blast Beat
1267810,Gutwhale
698790,PAPER FIRE ROOKIE (Formerly Paperville Panic)
558780,Sonya: The Great Adventure
914170,Duck Life 7: Battle
65080,Kaptain Brawe: A Brawe New World
2712480,Shikhondo: Youkai Rampage
628550,Crypt Stalker
1459870,King Pins
458540,Lines
267340,Beware Planet Earth
1671250,Hentai Girls - Anime Puzzle 18+
460910,A-Gents
2816940,Bloody Heaven 2
748890,Choice of Rebels: Uprising
2481930,Scamper
943190,OCTOPTICOM
476490,Choice of the Pirate
371320,Samsa and the Knights of Light
448610,Draw Rider
1955390,Playable Mockup
654500,Super XYX
941730,Firebase Defence
2109400,Sex with Teachers
204220,Snapshot
1182470,reky
1311510,Embracelet
581060,Jump To Die!!
2012530,Hot Hentai
263460,Girls Like Robots
1346740,Tiny Light
1108740,Stick Em Up
564700,Scar of the Doll
296050,Battlepaths
778840,Armored Evolution
1262930,Handball Manager 2021
2204900,STREET UNI X
941480,Giraffe Town
2176450,Mr. Hopp's Playhouse 3
1720160,旅者 Travelers
2305490,THE SEGMENT TWINS
2516820,LuckLand
1608660,Overhaul
2251580,"I, the Forgotten One"
945340,Ravva and the Cyclops Curse
557580,Ancient Guardian
2327820,Sex Gym
1177110,The Sorrowvirus
1257210,Rabbit Simulator
1050510,Super Tennis Blast
343810,The Uninvited: MacVenture Series
413500,Rocket Fist
333260,Marvin's Mittens
1970450,Desert Blossom
2781210,CAT & ONION
2101290,Silver Screen Story
1036660,MiniGolf Maker
729370,-KLAUS-
1076720,Unleaving
1265850,Chatventures
2715060,PolyZen Drive
454190,Cubicolor
2613800,The Hidden Art of Innkeeping
356100,Fuego!
1416460,Horror Globes
512230,Sally's Law
1202580,Beyond Eden: Dear Edward
2326020,Save Room - The Merchant
1092980,Mountain Taxi Driver
1114900,Ayo the Clown
1270460,TOSS!🍌
817230,Acid Spy
370150,LOOP: A Tranquil Puzzle Game
864300,qop 3
416110,Blitz Breaker
1356480,helionaut
2233850,Furry Sex 2
1034150,Mosaic Chronicles
395140,Miracle Fly
1501490,Ship Handling Simulator
2085040,ToriDori
1327820,The Lost Art of Innkeeping
390220,Toilet Tycoon
2619900,Tiny Breakers Camp
567580,Duke of Alpha Centauri
2338910,Behold Battle
391140,Blast-off
385070,Atonement: Scourge of Time
890130,Pawn of the Dead
1007630,Wraithslayer
817860,Perceptions of the Dead 2
658150,Skeleton Boomerang
2249700,Bonfire And Tail
295630,Defense Zone 2
1176020,Rampage Miami
513340,Through Abandoned: The Forest
2104560,SOWON
2084010,CosmoOdyssey:Trip to Mars
2305900,GUNFIELD
1013130,Happy Anime Puzzle
1239660,Formula Retro Racing
8970,Axel & Pixel
1011830,Rocwood Academy
1417720,Gemini
379640,Bloo Kid 2
392610,Tricone Lab
2019360,World Cruise Story
1677140,CUCCCHI
1091250,Total Party Kill
1968540,Crafting Town
1225070,Family Mysteries: Poisonous Promises
302970,Radiant Defense
461230,Dashy Square
3201210,Chaos Entropy
678310,Pinball Deluxe: Reloaded
582990,Space Fist
524120,Raptor Valley
355270,199X
384480,Six Sides of the World
489720,Conga Master
2174900,The Secret of Varonis
977300,Fenimore Fillmore: 3 Skulls of the Toltecs
669380,Astoria: The Holders of Power Saga
1276750,Negative Nancy
1232100,BroodStar
1766000,Path of Ra
774221,Nekomew's Potty Trouble
1264350,夜弦之音 - Echoes of Nocturnal Chords
338760,Death Ray Manta SE
530920,Archimedes
570860,AudioBeats
1559570,Hellstuck: Rage With Your Friends
1842470,DeathOmen
1614380,Pnevmo-Capsula: Domiki
2061300,The Way Home: Pixel Roguelike
704470,VR Furballs - Demolition
490690,The Barbarian and the Subterranean Caves
734120,Bonbon
1222090,Nevaeh
441670,Jelly Killer
1625930,Galaia
1121720,Monsters' Den Chronicles
370920,Cosmophony
718730,One Strike
1714050,SOKOBOT
1388230,DANMAKAI: Red Forbidden Fruit
1232330,Theyest Thou
592660,Zen Garden
200980,Geneforge 2
2390520,Trans Neuronica
1481910,Time Bandit – Part 1: Appendages of the Machine
3213430,Utter a Name
2486730,ART IS RIFLE
618920,Dungeon Escape VR
321940,Moorhuhn: Tiger and Chicken
1014040,PictoQuest
1362310,Zombie Simulator
1515740,Super Sports Blast
887160,The Sunny Day 晴天
314330,DROD: Gunthro and the Epic Blunder
561450,Mutant Fighting Cup 2
820030,Picross Fairytale - nonogram: Red Riding Hood secret
1313810,Her Lie I Tried To Believe - Extended Edition
747470,Doughlings: Arcade
595560,Legend of Hand
1122490,Battleheart Legacy
560300,Thy Sword
2719130,东方裁判梦~Rookie Attorney Legendry
1359900,Gone Golfing
2412140,Sex with Maids
2520580,Up N' Down
2398430,Perfect  Dice
601570,Fix Me Fix You
1033220,The Amazing Shrinking Giraffe
1610230,True Game
1690440,Another Tomorrow
449450,SPLIT BULLET
1776840,Overbowed
1750350,Sebil Engineering
1414020,Mixolumia
1401320,破镜恐惧
1292240,The Chess Variants Club
564470,Battle for Orion 2
764590,Shadow of Loot Box
289260,Dreamscapes: The Sandman - Premium Edition
1521930,A Tale for Anna
18300,Spectraball
1898670,All the Words She Wrote
2318810,HAZAMA_QUEEN
1706090,Bean and Nothingness
2093900,Island Cities - Jigsaw Puzzle
1623080,Aery - Calm Mind
223450,Dyad
336110,Bloody Streets
513480,Geo
3188960,Use Your Words 2
528430,Wells
2640520,Cat Warrior
2332930,Typing Tempo
394290,Tennis in the Face
1271090,Let's Cook Together
1244380,Pirates? Pirates!
874370,Repentant
833910,Overchunked
2417490,HOLEHOLE
1021850,Blood Memery|血色记忆
1307380,ISOLAND: The Amusement Park
368760,Playing History: Vikings
1415570,Tell Me Your Story
1726870,Nebraska
1255740,Karma Knight
1528050,Underland
840610,Fortune-499
429690,Astro Duel
3188050,Mini Mini Golf Golf
925900,Monica e a Guarda dos Coelhos
398460,Mooch
1110620,Way of Rhea
304290,Heroes Rise: The Hero Project
3111680,Can't revert
1037760,Hold The Fort
914400,Key Of Impasse
1458690,Mango
3187770,NAGAISAN
783200,Forbidden Clicker Party
1133930,Forgotten Hill Disillusion
2687530,Fairy Carrots
1222340,Sockventure
730920,Super Skelemania
2707040,KRAMPEN
290380,Micron
458170,SpiritSphere DX
544650,Sacred Almanac Traces of Greed
2412150,Furry Milfs
931860,Sydney Hunter and the Curse of the Mayan
434220,Bear Haven Nights
1247110,Chasing Light
542030,RuneSage
1364690,First Racer
377660,Blockwick 2
1188080,Cats are Liquid - A Better Place
1173940,Barrage Musical ~ Basic Danmaku Tutorial ~ / 弹幕音乐绘 ~ 基础教学篇 ~
292570,Chompy Chomp Chomp
444270,Hypersensitive Bob
2553840,"Blood, Fuel, Ammo & Speed"
334140,Roche Fusion
1442300,Rags to Dishes
931470,夏荷 | Summer Lotus
1826290,WWII Tanks: Battlefield
761320,Black Jewel
561340,Merlin adventurer store
1228410,WATCH / 透视
741520,Professor Lupo and his Horrible Pets
1389900,大鹏 - The Roc
719660,Monster Garden
246980,InFlux
491060,League of Evil
1228560,Boxman's Struggle
1298530,Self-Isolation
2139440,The Wall Mustn't Fall
2180350,幻斋阴阳录 Genzai:Serialization
750850,The Dream Collector
1117880,Biolab Wars
2108060,The Ramsey
1250300,Orders of Magnitude
3238510,Fledgling Manor
1054110,There The Light
1059460,Drunken Fist 🍺👊 Totally Accurate Beat 'em up
612640,Dunk Lords
578430,Puzzle Puppers
2939550,Urayama
2324390,Knights of the Road
3031590,13F
524030,Machine Learning: Episode I
503550,DYE
1185470,Deathbloom: Chapter 2
2620500,imomushi
1861500,Pure Logic
1014280,The Devil's Calculator
1217190,浮世万千之前世今生
511630,"Max, an Autistic Journey"
355350,Reign of Bullets
2484500,Ontotis
1983270,The Days Without Gods
721390,Pipe Push Paradise
789260,Unmoor
2884590,Darkchaser: Battletide
540060,Fabulous - Angela's Fashion Fever
1527880,Darkness Under My Bed
1013650,Tiny Dangerous Dungeons
2260530,Hidden Cats in New York
263960,Wyv and Keep: The Temple of the Lost Idol
516580,DYSTORIA
439770,The Lost Heir: The Fall of Daria
1620410,Federation77
615670,SOLITUNE
1710750,Slit Mouthed - 口裂け女
372830,Fitz the Fox
2339930,Trash Horror Collection 3
1091390,Demonizer
1170340,Hentai Jigsaw Puzzle 2
837940,Mobile Forces
1307870,Sensorium
2847380,Fallacy Quiz
2154760,Schildmaid MX
1249510,Hnefatafl
2435310,Stunt Paradise
2658690,Supurr Cat Cafe: Sandwich Rush
278640,Terrian Saga: KR-17
2958780,Faint Call
1305760,Succubus Throne
1010100,Airborn
561000,Delicious - Emily's Home Sweet Home
2352040,FatSheep Crisis
1586820,The List
755950,Fantasy Quest Solitaire
2195400,Shave & Stuff
2811200,Machick
1842510,Mechanibot
329320,QbQbQb
639460,Zombie Riot
2649190,Y. Village - The Visitors
872990,Stream Games
850760,UnderDungeon
1284870,Ultreïa
1334020,Aeon on Mosaic: Anemone 时间碎片：奇迹
347040,Keebles
281060,Reversion - The Meeting (2nd Chapter)
2010830,Your Love Story 被你忘记的那个夏天
1422200,Rev
1948870,Pierre's Adventures in French [Learn French]
1681480,The Repairing Mantis
457340,Dimensional
836080,BARRAGE / 铁幕
339160,Tales of the Orient: The Rising Sun
954150,Nowhere Girl
2073710,Tomb of Mask
349100,Notrium
235720,Cubetractor
2472390,A Technician's Nightmare
682470,真实幻象 / Behind The Truth
963230,Cute Puzzle MAX
679770,Dr. Cares - Pet Rescue 911
567800,12 Labours of Hercules VI: Race for Olympus (Platinum Edition)
1510630,Everybody Wham Wham
788970,Hidden Object Adventure: Captain Nemo. Objets Cachés
3229690,见诡录：色孽 Haunting Record: Sins of Lust
2664890,The Dire
2563800,The Last Game
2457870,Sandy's Great Escape
834580,東方逆妙乱 ~ Ephemeral Unnatural Balance
2636340,SEEING THINGS
950210,SUFFER
656040,The Wolf's Bite
1520680,Tetra Cube
572620,Pierhead Arcade 2
1958860,Otoko Cross: Pretty Boys Klondike Solitaire
2737140,Slayaway Camp 2
1389200,Cramped Room of Death
2101280,The Pyraplex
1510620,Pocket Watch
110400,inMomentum
711430,Miss Fisher and the Deathly Maze
848930,Rising Dusk
1978010,Red Valley
2659710,Carnaval Simulator
1288560,My Dear Prince
842750,Galaxy Champions TV
1163090,Boot Camp Fitness
544710,Delicious - Emily's New Beginning
209360,All Zombies Must Die!: Scorepocalypse
386840,Sentinel 4: Dark Star
925520,Welcome to Bummertown
1238360,Into A Dream
619810,Fabulous - Angela's High School Reunion
338960,Rescue Team
326120,Horizon Shift
44100,Super Laser  Racer
1118740,Cruel Bands Career
347590,Heroes of Hellas 3: Athens
468050,The Last Time
558490,Crossroad Mysteries: The Broken Deal
1106150,Yet Another Hero Story
371890,Gunslugs
1793020,Celerity
1064660,The Death of Erin Myers
367430,One Ship Two Ship Redshift Blueshift
2489650,PRIPRI
216290,Gateways
644010,Racing Glider
1826910,Please Subscribe: Streamer Career
2368860,Paws of Coal
1014140,Snakebird Primer
858050,The Rose of Segunda
556960,Lost Wing
1519900,MASAGORO
49810,CreaVures
611860,Aborigenus
2265210,Sexy Milfs
602070,Plasma Puncher
2231040,Coloring Game: Studio
924900,One Gun: Cat
486810,House of Snark 6-in-1 Bundle
1239490,LOVE - A Puzzle Box Filled with Stories
1448800,BioCrisis
2598120,The Cauldron Kids: The Summoning of Mr. Vermicelli
1692060,Bad Dream: Stories
1209910,Britannic
383630,SEEP Universe
1392600,Kazakh Drive
567280,Cube Runner
1051350,Dead Forest
835040,美少女夏日欢乐!
252730,YOU DON'T KNOW JACK Vol. 1 XL
1249260,Birth ME Code
1641500,The Blind Of The New World
2429100,Homestar Runner: Halloween Hide n' Seek
994040,Lichtspeer: Double Speer Edition
793600,Bully Beatdown
2964540,Nurikabe World
449690,Fatal Fight
566970,EscapeVR: Trapped Above the Clouds
770630,Boo! Greedy Kid
3107590,スペルトナエル
355520,The Albino Hunter (Original)
1924010,Shapebreaker - Tower Defense Deckbuilder
15500,The Wonderful End of the World
593740,Dragon Climax
552160,Hade
1530860,Mental Hospital VR
61310,Fractal: Make Blooms Not War
561190,Bamboo EP
524560,Samurai of Hyuga Book 2
538710,Dead Hungry
498470,Switch 'N' Shoot
716650,Yorkshire Gubbins
2631130,Idle Exorcism Hero
1489470,Do You See the Waving Cape
283600,World of Subways 2 – Berlin Line 7
2012540,Furry Orgasm
538550,Party Golf
1133300,Sisters Royale: Five Sisters Under Fire
620650,Puzzle With Your Friends
2393890,IGNISTONE
2544900,Doodle Adventure of Chameleon
1919550,Hidden Cats in Paris
1224840,Frozen Memories
783440,Seven Mysteries: The Last Page
377190,Pale Echoes
3355020,Reverse Problem
546410,Grab the Bottle
1374280,Kor
1316700,Escape from Kyoto House
3288600,SKIBIDI GYATROOMS
2169300,Dizzy Rogues
2715700,Teeny Tiny Town
682780,Breaking Good
1783510,Bobok
2944340,Unless
900290,Veritas
736860,Around the World in 80 days: Hidden Objects
705150,Rhythm World - Master Project
485390,Machine Made: Rebirth
1418010,Black Chapter
1928370,Exodemic
2017270,Pixel Samurai
1820570,Panic Porcupine
1771130,OPEN DOOR
450190,MAZE LORD
275350,Sentinel 3: Homeworld
556710,Marrow
604780,aMAZE
2219190,Balance 100
569430,A Demon's Game - Episode 1
2584650,Girlfriend from Hell
750960,Yissa Deep Realms
1255040,Let's Learn Korean! Hangul
2051130,Ghostland Yard
521210,Timore 5
1277950,Heart's Medicine - Season One
433700,Carpe Lucem - Seize The Light VR
532170,WaveLand
663370,The Zwuggels - A Beach Holiday Adventure for Kids
429220,FullBlast
2144260,Mobius’ Radio Waves
524540,Samurai of Hyuga
2752530,Sect And Monsters
2785110,Evil Holiday
782180,The way to defeat the Archfiend / 打倒魔王的方法
843170,ILLUSION
613210,BlobCat
3294930,Shadow Alchemist
922550,keyg: the last prison
735600,BANZAI ROYALE
205830,Luxor Evolved
1257660,Time Rift
505210,Neon Space 2
509130,RC-AirSim - RC Model Airplane Flight Simulator
414370,Raining Blobs
3094150,Take Notes
867150,InFlux Redux
3357470,Superbunny's adventure
367350,Demon Hearts
679120,DEEP SPACE ANOMALY
501530,SturmFront - The Mutant War: Übel Edition
806900,Them Bombs
1234220,Paper Pirates
335460,An Assassin in Orlandes
3022320,Mobiles Tycoon
1737760,Platonic
1805270,TitTok Girls
463070,Mecha Ritz: Steel Rondo
308580,Orborun
673740,Space Battlecruiser
243280,Poöf
896340,To Leave
2541310,The Cable Guy
1524350,ReversEstory
1814770,Tall Poppy
1069850,Crawlco Block Knockers
295870,The Dungeoning
603130,Masked Shooters
623070,Delicious - Emily's Miracle of Life
291290,Motte Island
1294110,Deep in the Woods
1713720,Wall of insanity
701730,Yi and the Thousand Moons
769730,Awkward
928180,Shop Manager : Video Game Tycoon
406650,Ratings War
279540,Pretentious Game
758570,TOMORROW DON'T COME - Puzzling Depression
2050720,Hidden Sin 8
1456470,Rolling Gunner
3246900,Coloring Game: Girls 2
3012630,硅心_Silicon Heart——AI少女情人梦 _AI Girl Lovestory
745890,This Is Not A Jumping Game
1418830,Sayonara Golden Days
1584450,Rooten
1193990,Trapped
264220,Mr. Bree+
365580,Beeswing
1048920,The Jolly Gang's Misadventures in Africa / Масяня в полной Африке
492370,Affairs of the Court: Choice of Romance
2050540,Pocket Clothier
1016000,NERVE
1693760,The Ditty of Carmeana
1109130,逝去的回忆3：四叶草之梦
2827780,Summonsters
1158280,Legion 51
2432000,Inside the Labs
586960,Upside Down
1200650,The Disguiser Of Fate
1574780,Skaramazuzu
3069870,Apartment Story
3048280,Realistic Ragdoll Sandbox
1068460,Stuffo the Puzzle Bot
2729000,Cats and Seek: Dino Park
906730,Typical
2884080,OMG Words
806770,NoReload Heroes
366590,Prompt
620900,Witchinour
867380,Up Left Out
2909230,This Curse Is Metal as Hell! | Kusodeka Bayashi
770110,Twilight Path
1958600,Barro F22
302490,Ballad of Solar
973850,Gorytale
2449080,Dungeon No Dungeon: Tyrant's Endgame
1642610,魔法迷域
1076880,Air Marty
528510,Turbo Pug 3D
511160,Cubway
468800,Arkshot
386050,Proto Raider
585500,Dick Wilde
518650,illumine
399040,Legends of Solitaire: Curse of the Dragons
2074910,Photogenic Minds : Identity
2111040,Dead Beacon
1342740,Moose Life
1213370,Mr. Fast
1667490,Fostering Apocalypse
574820,Cat or Bread?
371330,Two Digits
335840,Goats on a Bridge
346500,Road Scars: Origins
2151700,Yokai's Wish
1165750,PAGAN: Autogeny
460190,Rocket Riot
419090,Vector Strain
804350,Starman
1091720,叙事曲：难忘的回忆 / Ballade: with Memories
2482150,TENSEI
2295700,Berry People
1961520,FIND ALL 3: Travel
1596370,Beat Souls
951740,Nice Shot! The Gun Golfing Game
487220,Freebie
1035850,Balancelot
2003220,TitTok 3
1469370,Lighthouse Keeper
360010,Remnants Of Isolation
1917860,Visionarium 2 - The Descent
453790,Candice DeBébé's Incredibly Trick Lifestyle
2746420,Mucorales
656900,RHEM I SE: The Mysterious Land
2448140,SWEET FEETS
1695620,CHR$(143)
327450,Ballads of Reemus: When the Bed Bites
650680,Golem Creation Kit
2723460,Dogs Huddled Together 挤在一起的狗狗们
1023140,Artificiality-人造物-
411880,Once'
2968170,Hazing - Night Shift
525150,Space Fuss
1831870,The Hotel
446850,Mindball Play
2114770,零岁的星光
550400,Delicious - Emily's Hopes and Fears
2824580,Terry's Other Games
972200,祛魅·入灭（祛魅2）
820620,Spooky Ghosts Dot Com
2286880,Endless Fireworks Simulator
676440,Trash Squad
955200,Spurdo :D
726020,Mission Ammunition
391250,Alien Robot Monsters
202730,Dynamite Jack
981880,GrowRilla VR
1313940,My Holiday 2
1774220,Jubilee
1051890,BLOCKADE War Stories
2135580,Again and Again
1383050,Chess Knights: Shinobi
2331220,1 Million Zombies
1002030,Hentai beautiful girls
529410,Kittypocalypse - Ungoggled
1165840,The Strange Story Of Brian Fisher: Chapter 1
900790,Bunny Minesweeper
3059500,Portrait of a Torn
1790630,Astral Masters
3013460,Judofuri
1358610,Make the Burger
1725680,YouRiding - Surfing and Bodyboarding Game
1067430,Beam
1174500,Yuletide Legends: Who Framed Santa Claus
395930,Farm Frenzy: Heave Ho
415960,Energy Cycle
884640,Mines and Magic
2851020,Hannah’s Day
91800,Cloning Clyde
778330,Squirm
778930,Property
2306530,Reign of the Renegade
329690,BasketBelle
2100050,Spell Defender
388730,Brighter Day
522340,Ghostlords
1302850,Tails of Trainspot
1899800,Raisond'etre
1145530,One day
1503920,Aery - A Journey Beyond Time
593680,Rocking Pilot
1496320,Time Machine - Find Objects. Hidden Pictures Game
618210,Lanternium
2231060,Druidwalker
2010320,TitTok Kitty
2162160,The Passenger
1725440,House of Rules
2556160,Cute Farmer Life
1742590,TEMPUS
927840,Clinically Dead
1221440,Path of Redemption
1202660,Elizabeth
2873380,Chaotic Conflicts
1028300,Katana Soul
2330960,SMOKY WHITE
1361110,Karen: An Outrage Simulator
856540,Super Dangerous Dungeons
1805040,Implements of Hell
1692210,Trump Loves Russia
200990,Geneforge 3
415830,Gnomes Garden
530370,Warlock's Tower
1338020,Super Glitter Rush
2013650,Logicality
1208030,Let's Learn Japanese! Vocabulary
1911170,Chronescher
3117160,Fell in love with the Nobility girl As a member of the rebel organization
792650,Super Jigsaw Puzzle
654440,Isotiles - Isometric Puzzle Game
2699510,2番線 | Nibansen
251510,Constant C
386740,Puzzle Strike
1131810,Gordon Streaman
2119240,Trash Horror Collection 2
719080,Fart Simulator 2018
485370,Mad Combat Marines
2710320,THE DESCENT
562490,EvilMorph
893690,Rikki & Vikki
1233690,Hypergalactic Psychic Table Tennis 3000
1575300,No Parachute
522490,Carrie's Order Up!
2508210,Lair of Torment
839670,Alice's Adventures - Hidden Object Puzzle Game
498830,Mustache in Hell
1098470,The Gardener and the Wild Vines
2254750,Black cotton: Wuneng
545670,Parallyzed
1764810,TitTok 2
547980,Equin: The Lantern
862110,Super Jigsaw Puzzle: Cities
2219520,Isolated Room
795570,Odium to the Core
1547300,Drawy
2067590,Upload Simulator
2806230,Gaming Cafe Life
632510,Blockle
1766540,Wonderputt Forever
2426350,Champy the Useless Vampire
409380,Among the Heavens
401120,Anode
60350,Glowfish
1673020,All Ashes and Illusions
470450,Where's My Helmet?
3509050,[REC] Desolation
1468220,Sacrificial Lighthouse
2460660,A Dark Room ®
2335220,Dolls
1831800,Grief like a stray dog
444480,Broken Dreams
2353130,刻印战记2：七圣英雄
1030580,Your Future Self
775530,Puzzlement
736930,Delicious - Moms vs Dads
286660,Avoid - Sensory Overload
312300,Heroes Rise: HeroFall
818960,TAYAL
2312380,Steel Racer
2356450,A Street Cat's Tale 2: Outside is Dangerous
2445130,Furry Toys
560720,Dark Angels: Masquerade of Shadows
3013740,Fields of Asphodel
1425130,Forgotten Hill First Steps
269150,Luxuria Superbia
1499800,Geometric Sniper - Blood in Paris
987770,Singularity 5
1628440,Trick & Treat Remake
446330,Guns of Infinity
2172490,Detective Ridelle
248290,Reach for the Sun
2805230,Backrooms: Last Room - Infinite Depths
456810,Zombillie
871940,BrawlQuest
1041690,Mace and Grace: action fight blood fitness arcade
1338980,Chess Knights: Viking Lands
420840,BLARP!
1951650,Calcium Chaos: Derailed
975430,Dick Wilde 2
447210,Blink
1612960,Balloon Flight
353280,Metamorphabet
337890,Dysfunctional Systems: Orientation
2591290,Tabletop Hero
2835590,8AM
467490,GRAVEN The Purple Moon Prophecy
583930,Faerie Solitaire Remastered
1261700,Knight's Retreat
266250,Procyon
2412700,It Is Ticking
802040,Captive
1574910,The Bart Bonte collection
1646030,Cat Slide Tiles
341470,Loot Hunter
2112200,古巫竞技场 Ancient Witch Arena
420970,RoBoRumble
606490,Duck Life 6: Space
1676550,Dull Grey
1492250,44 Minutes in Nightmare
436140,Empire of the Gods
1709580,Tiny Robots Recharged
1294230,Interrogation Files: Port Landsend
602120,Molemen Must Die!
2328730,Polimines 2
453990,Mibibli's Quest
1173830,Coloring Game: Pixel
202410,Scoregasm
1231970,Police Response VR : Disturbance
1325470,Pianistic
2789770,Epigraph
2650350,Super Puzzled Cat
546780,Anomalies
1290790,Yardlings
831070,The Cabinets of Doctor Arcana
799810,Returner 77
1191680,境界 Dice&Fighter
302730,Namariel Legends: Iron Lord Premium Edition
711130,God of Light: Remastered
1066940,They Came From the Sky
2843550,GhoulScrapers
2238750,LOST EGG 3: The Final
603190,Tank Destroyer
2082510,Bunker 21 Extended Edition
845690,"Rats, Bats, and Bones"
1049670,The Final Boss
906600,Gunkid 99
2992570,Flan's MS
797620,Dissembler
2113490,Mess Quest
570490,SHENZHEN SOLITAIRE
771010,Containment
1824130,Outside the Window
3040270,Bees vs Zombees
2098080,Go Go Jump!!
3344150,Gift Collector [ギフトコレクター]
1256490,Othello Let's Go
1085340,Flandre's dream.  - 36000 ft deep -
1043500,Tree Simulator 2020
917290,Duck Souls
2571350,Soul of War: Legions
1294310,Unforgotten
2109380,Furry Striptease
304500,Rooms: The Main Building
495780,Hexoscope
1250900,Project Beril / 贝丽尔养成计划
699150,Rex: Another Island
2250340,I commissioned some bunnies
2054810,Tennis Club Story
271550,Tribloos 2
1010970,Dead Wishes
2100790,FunnyPizzaLand
2666840,Robot Detour
1672840,Nyctophobia: Devil Unleashed
444430,Zeus vs Monsters - Math Game for kids
1106920,Nyanco
434820,Brushwood Buddies
616520,Cheap Golf
1963900,Knotwords
2995190,Retale
548330,Wheely
3147870,In My Head
340450,Crashed Lander
2155280,Defend Earth: Xenos Survivors
1620890,Hentai Boy
1765560,Pill Baby
1522950,Dadish
2160470,Zup! Y
1318800,ESC
3201570,VR Sailing
1079450,Escape Lala 2 - Retro Point and Click Adventure
476510,Cally's Trials
380120,Celia's Quest
1314300,Flying Hero VR
1051290,ZIC – Zombies in City
964210,Mr Husky
2299930,Fiz and the Rainbow Planet
599880,Tequila Zombies 3
879060,BORIS the Mutant Bear with a Gun
451880,Catch a Falling Star
2166370,Hentai Sexy Nurses
968820,Stormhill Mystery: Family Shadows
713180,Eredia: The Diary of Heroes
2987830,The Nameless City
1240130,Dashing Fire
503820,A Detective's Novel
544530,Escape Bloody Mary
1807570,Idle Fields
2129150,Horror Tale 1: Kidnapper
2873190,From Soil to Bottle
1065630,Beats Warrior: Nian
351240,Venusian Vengeance
2993970,Goblin Auto Club Manager
749410,Season's Beatings
949770,Spitkiss
2426020,Indemon Tales
2109850,Barbershop Simulator VR
431460,Midnight
640880,Hyper Sentinel
1361760,Cartomante – Fortune Teller
2424240,Pudding: Lyre Knight
1052580,farewell planet / おわかれのほし
2702490,TETRACHROMA
3260910,Psychopathy Assessment
399420,The Prism
2396190,While Sleeping
1421020,Simple FPS Aim Trainer
1207230,Seduce Me: The Complete Story
599840,Planet RIX-13
334300,Fake Colours
526800,Cubotrox
325160,Bik - A Space Adventure
454900,Amaranthine
800190,The Adventures of Elena Temple: Definitive Edition
690420,Quickscoper Doge: The Dank Illuminati Memes
1292540,Escape: The Brother's Saloon
452120,Midvinter
1606210,Heck Deck
658050,The Dragons' Twilight
2253730,Madorica Real Estate 2 - The mystery of the new property -
1572270,F.I.S.H.
514620,Ellipsis
1407890,hexurb
444520,Leave Me Alone: A Trip To Hell
431750,Iron Sea Defenders
438000,PIXELMAN
742150,Heart of the House
1227750,Puzzle - LINES AND KNOTS
922700,Hidden Animals: Photo Hunt - Worldwide Safari
2862970,Neural Shock
2224790,PIEN & PAON plus
1152020,Return Of The Zombie King
764580,RealmCraft
1950490,Nova: Cloudwalker's Tale
2066950,Quadrata
2880750,Leaf's Odyssey
311820,RC Mini Racers
400790,The Juicer
2861740,東方资志疏 ~ Immortal Immanuel. (东方资志疏)
471570,Grandpa's Table
2759770,Anji -Implication-
1055310,The Myth Seekers 2: The Sunken City
1035950,Philophobia: The Fear of Love
2926550,Poltergeist Watcher
1133990,"Calm Down, Stalin - VR"
1003600,NashBored
2979780,Sayo
2888870,Dadish 3D
2326350,Grey Area
523150,Mahjong World Contest (麻将)
1140140,Summer Meetings
2853130,Astrodle
1209430,Dungeon Cards
1209140,Peace Data
1303670,WORLD OF ART JIGSAW PUZZLES
1811910,The Glitch Fairy
1268860,Raindrops
1081880,死亡旅店 / Death Inn
775960,The Tower of Beatrice
596630,Ricochet Kills: Noir
696560,Bouncing Duck Simulator
1848520,Fruit Salad
105300,Critical Mass
521280,Atlantis: Pearls of the Deep
1534700,Swords & Bones
1714070,Run Run Run
1860350,Dream Swing
1015080,Vampire & Monsters: Hidden Objects
524520,Fatehaven
714820,Creature Romances: For the Ladies
466820,Zenodyne R
2968020,Deep Inside
2871290,School Hero
794940,Hexa Turn
837850,Photonic Distress
2687300,Aarik And The Ruined Kingdom
868230,Mushroom Quest
1340920,Piggy Gambit
1673560,Murder on the Marine Express
435040,Incredible Dracula: Chasing Love Collector's Edition
554220,Oafmatch
365210,Hollywood Visionary
973250,Altered
556890,Dreamcage Escape
502100,Death's Life
390920,Army of Pixels
2502600,Furry BDSM
342630,Witch's Pranks: Frog's Fortune Collector's Edition
2838940,神魔决之江湖行
751980,Box Cats Puzzle
892550,Beauty and the Beast: Hidden Objects
3066510,Home_0
429350,Satellite Rush
460970,Soulcaster: Part I & II
701040,CometStriker DX
1535490,Eggcelerate!
306680,Lexica
1313310,Election Year Knockout
663210,12 Labours of Hercules VII: Fleecing the Fleece (Platinum Edition)
461480,Archibald's Adventures
2113450,"Forests, Fields and Fortresses"
3320930,Paranormal Night Shift
1722520,FIND ALL 2: Middle Ages
1417730,Coffin Mall
550450,Sparkle Unleashed
2796020,Refuted Wind
1356530,Mystery Hotel: Hidden Objects
2206460,Furry Killer
3109370,Slot Waste
2004610,A Mage Reborn
2153770,Coin Flipper
928970,Lost Frontier
2279550,Between
1184570,Last Neighbor
2427360,Idle Taoist Mage Warrior
2241390,Spelp
358030,Another Star
1120950,Chameleon Run Deluxe Edition
2922990,Slaughter Me Street: 1999
485920,Neon Warp
1114460,Paranormal Detective: Escape from the 80's
2178670,Disminal
2026370,A game that saves the muscles caught in the ceiling of the gymnasium
1424630,CosmoDreamer
3103970,Escape Gaia
423550,Day D: Tower Rush
491010,IN-VERT: Definitive Edition
387280,Inferno 2
1107060,Lighthouse of Guiding Flames
1332860,STAYHOMER
1092950,Piposh
1221640,Ultra Foodmess
1153150,PARA♰BELLUM ~ 魔弹帕菈
772470,8-in-1 IQ Scale Bundle
928300,Visionarium
952920,Hoyeonjigi
514340,Aliens Go Home Run
705870,Echo Grotto
2908490,FORGE SIMULATOR
1128180,CROSSNIQ+
1701890,Heartless & Dreadful : Return by 72 Hours
763930,Tally Ho
366210,Sleep Attack
1087110,Football School
594660,Runt of the Litter
1844330,Profession investigator
2220480,Burst Hero
453780,Secrets of Magic: The Book of Spells
937020,Super gamebear with its three girlfriends超级神经熊:你想知道关于超级喜欢游戏的一头黑色矮小的游戏熊是如何与它的“三个后宫团女朋友”购买到GBC游戏机的吗？
1501650,Whisperwind
2149870,Closer To Home
590950,Toaster Jam
3102000,Madness inside
2093380,Noclipped
367300,Pixel Star
2249040,Blood Moon
2402200,Hidden Kitten
348440,Quell Memento
511500,Nanuleu
368830,Adventure in the Tower of Flight
597200,Epic Little War Game
295730,Sweezy Gunner
1272860,Absolute Alchemical Potion
992120,Inch by Inch
1158290,Mini Words - minimalist puzzle
1983580,There Swings a Skull: Grim Tidings
348430,Quell Reflect
2150490,Gnomdom
2055270,Tile Tale
1222600,Stocksynd House
432990,Green Game: TimeSwapper
216670,Great Big War Game
312010,Bird Assassin
921430,Genius! NAZI-GIRL GoePPels-Chan ep1
1865220,Ouija Rumours
1779760,Moka Future
391310,Alien Attack
1758520,Broken Banners
1113310,Post Soviet Zombies
1724120,ASTRONAUTILUS
1677360,satryn deluxe
966630,qop 4
1560060,封神外传
3011020,Dreamless
809050,Detective Holmes: Trap for the Hunter. Hidden objects. 探し物
315110,Woah Dave!
607660,21 Days
2112880,十五
466430,Choice of Alexandria
1636700,Wirewalk()↳
2020090,The Space-Eating Croc
1323000,Space Court
569340,Thing-in-Itself
1936230,별에게 소원을 (When you wish upon a star)
259940,YOU DON'T KNOW JACK Vol. 2
1962540,Still Heroes
652570,Mystika 3 : Awakening of the dragons
2136950,Forklift Extreme: Deluxe Edition
1969850,Downpurr
1502520,The Mermaid of Zennor
1383720,Cyber-doge 2077: Meme runner
381610,Dandy: Or a Brief Glimpse Into the Life of the Candy Alchemist
2706900,花母
826040,Sacred Stones
1318560,Husbandry
2182590,The Fernweh Saga: Book One
1914740,A HERO AND A GARDEN
513820,LUXIS
411740,Yet Another World
2003370,Match Village
58230,MacGuffin's Curse
1040590,Killer Chambers
619320,Skatemasta Tcheco
1377260,Miracle Sudoku
57700,Who's That Flying?!
466780,Prehistoric Tales
3014150,1/8192
592300,Slowdrive
3104030,oath
587970,Dead Drop
343370,SLAMMED!
29130,Musaic Box
2300390,I commissioned some cats
491620,Beeftacular
1174170,Earthshine
485880,L U N E
2232200,First Snow
1760240,Skator Gator
2166690,Savage: Ultimate Boss Fight
2909250,Extreme Climbing
2741110,Idle Nine Heavens
534010,Defense of Egypt: Cleopatra Mission
631770,Pixplode
218660,iBomber Attack
614960,NEONomicon
535000,EXIT
2323980,Dungeons & Jewels
2845120,Exoracer
610730,The Chosen Warriors
2235340,Urban Flow
2364330,Secrets of Magonia
669910,Miles & Kilo
2653480,Shanshui Haven
1153950,USAGIRI
3134280,Piczle Cross: Rune Factory
688770,TETRUX: Online
1926170,Forgotten Hill Tales
730620,Hammer 2
521230,Stone Age Wars
2892660,DON'T EXIST
2648990,Nerd Survivors
1906180,Memory Traces: Japan
679500,Campfire Cooking
2582540,RoGlass
1070690,RollerCoaster VR Universe
489580,AWA
2601580,Paradise's Secrets
1949300,EXIT - The Curse of Ophir
1893020,Nekomew's Nightmares
1865680,瓔珞事件簿之誰殺了愛情
1676050,Beyond The Evil
2181440,Delivery Man
2627270,The Method of Hiding a Body
1204440,The God Unit
865270,LIBRARY
2677040,真夜的居所 - Chanye's Home
1219650,K-Point Ski Jumping
681100,Supermagical
553340,SolarGun
1077600,Song Beater: Quite My Tempo!
1285020,Flipon
3256030,Hideko
3047220,Tidy Backpack
2707300,Cosmic Collapse
2097180,OxU
1945220,Rhythm Journey
203560,Containment: The Zombie Puzzler
1244930,Mask of the Plague Doctor
1823170,Cosmos Bit
1425510,Clown In a House
1502800,Escape Machine City: Airborne
1121530,Globesweeper: Hex Puzzler
2255120,Museum of Monoliths
3062970,Fishlike
2731590,Block Shop
2759760,Prickle
2395260,Midnight Shift
205070,BIT.TRIP VOID
385230,Ninjahtic
766940,Snares of Ruin
576280,Arena Hero
1260710,Lusitania: The Experience
449340,Serafina's Crown
2366080,911: Cannibal
965340,🚀 Human Rocket Person
1365390,Facility 47
542280,Happy Maze
1417610,After You
2945990,Mr. Hopp's Playhouse HD
315930,Bravada
416320,Rescue Team 5
370080,Breezeblox
674850,2MD: VR Football Classic
3351990,BRELOK -ねずみたちの脱出-
625780,Magic Wand
1514480,Lucid Cycle
545580,"GO AWAY, THERE'S KUMIS OVER THERE!"
2535810,Last Resort
3024830,Chushpan Simulator 2
575400,Try Hard Parking
2370380,异界之门 D-World Gate
611630,Grave Chase
2775310,Disappearance - Takeshi. You were right. That Abandoned Village is Too Bad
1115580,Grand Brix Shooter
618470,Qbik
3095550,False Mall
1177130,NABOKI
1250560,Chess Sudoku
2782400,Papercut Art Gallery-Nature
3363000,1000 Princes: Born to Love You
1086810,Hentai Girls
2232320,Clean the Sea!
3328700,3D Escape: Chinese Room
2949020,Drifto: Infinite Touge
1025460,Rift Racoon
3006240,Polylylyrhythm
588630,Draw Rider 2
1132100,Samurai of Hyuga Book 4
1240610,Chicken Hero in Wulin
2648660,Mortisomem
1240460,TechnoTsunami
2574030,Snake Crush
1680500,Roar of Revenge
2150700,Magic Axolotl
2173700,Furry Meow
1298670,"I, AI"
1237870,Boss Rush: Mythology
1171820,Creme de la Creme
532980,Thaumistry: In Charm's Way
1482340,Battle Bears -1
563150,interLOGIC
359250,City of Fools
420360,Spectrum
1554550,Unlock The Cat
496650,Antihorror
1221320,Self-Checkout Unlimited
2202690,Gladiators and Glory
1521110,Black Baby
16300,Everyday Shooter
3362790,PETS
2500760,かぞえ飯
1105110,OXXO
2216120,Magicube
1099460,The Forgotten Land
434980,Onion Force
1473550,Habroxia 2
397940,No Time To Live
1812130,Hot Hentai Puzzle Vol.2
597730,Dark Grim Mariupolis
639720,A Bloody Night
1272970,Nyanco Card
2544620,Geckorientalism
2736480,Hidden Cats in Berlin
1801850,Cats War
1225840,BeatBeat
1189520,Street Hoop
1820940,Hitler Loves Anime
662930,Dominari Empires
1761630,What's Your Gender?
817200,Nautical Life
2391690,Blue Maiden
1216300,My Diggy Dog 2
536430,The Revenge of Johnny Bonasera: Episode 1
573520,Crowtel Renovations
2355350,Confabulation: Homestead
1655960,Maptroid: Worlds
1444090,Colorful Colore
258070,Probability 0
2345630,The Gap
1110030,Heroes of Myth
1610060,Echoes
533850,EggK47
1837820,Faded Stories: Greenberg
1159450,Hayfever
2648640,The 257th Element
1217830,Khimera: Puzzle Island
1267010,Dark Fantasy: Epic Jigsaw Puzzle
351250,Avalanche 2: Super Avalanche
2741950,All She Wants For Christmas Is YOU
779360,Instant Death
457450,Defend Your Crypt
1077890,Catch a Duck
596910,Life of a Wizard
1591670,Mark & Lara: Partners In Justice
2164870,Sinister Entity
1624320,Eigengrau
1343920,Mighty Fling
116120,Lightfish
521130,Dots eXtreme
3053390,家屋探索 -Japanese House Exploration-
987950,eBall
411610,Tick's Tales
736840,aMAZE Double
1928670,Hajis هاجس
2891250,Not an Aim Trainer
813650,Runefall
1823730,Alephant
2875090,Idle Fairy Fantasy
2217420,AQUA KITTY UDX
1131140,The MoneyMakers Rallye
1883320,剑与桃花 the sword and peachblossom
642020,Gordy and the Monster Moon
981160,Woman's body
1941740,The Adventures of Poppe
1165450,OCO
3221180,Re:Flex
2244630,Lovux
1215320,Piczle Cross Adventure
1034160,Extreme Racing on Highway
2095140,Locked in my Darkness
339320,Snake Blocks
3101620,Electric Fairyland
1885030,Queen of the flies 蝇后
1577660,Trash Quest
487030,Beasts Battle
2399080,Idle Catfarmia
616040,Tales of the Tiny Planet
946780,MOMO.EXE 2
2123120,Ultimate Protector
2292710,Waterfall Prisoner
2686690,Suika Shapes
2055910,Poosh XL
1304910,My Hidden Things
2872750,Dungeon Dev
1602980,Insight
308440,Pushcat
1433950,Duck Life: Retro Pack
2887260,SUPER ALICE DOLLS
367140,Wish Project
2127230,MOONPONG: Tales of Epic Lunacy
2960500,Sparedevil
1747510,An Architect's Adventure
355560,Trigger Runners
528660,Spin Rush
1415830,Necrosis
2897450,The Anomalous Hour
2583030,The Last Summer 那年夏末
1170120,OUTTA GAS
2003660,Bullet Hell Monday
2543350,KoroNeko
1386730,Wordle 2
2175570,EternaMine
1967940,Germinal
1151630,House of 1000 Doors: Family Secrets
642650,Pepper's Puzzles
3509770,片腕のザリガニ - one-armed crayfish
586970,Hungry Flame
661120,Mercury: Cascade into Madness
522010,Lost Crew
2540810,Nyran Survivors
620710,TankBlitz
690400,Rainbow Step
2681530,Late Night Drift
259960,YOU DON'T KNOW JACK Vol. 3
1655890,Sokobos
418000,Demented
1757680,Miner Gun Builder
346780,Luminosity
535280,Retro Parking
2402170,Veggie Quest: The Puzzle Game
666050,Rescue Team 7
1090390,House of 1000 Doors: Serpent Flame
1829540,Seashell
439440,Of Carrots And Blood
2319870,The Sewer Job
1433890,Lawnmower Game: Racing
777160,Forgotten Places: Regained Castle
2707970,night nite
2469570,Oberty
942060,JUMPGRID
1020590,Space Pilgrim Academy: Reunion
1192580,Nyanco Dream
302650,Cyto
821500,Ria's Hook
1925310,Locked Up
1111970,Zeminator
1096330,兽耳攻略 - TFK Faculty
795040,E.Z
765690,Dark Strokes: The Legend of the Snow Kingdom Collector’s Edition
818500,Colorzzle
3460910,Whale Flesh
683830,Weable
2577550,Immortal Mantis: Revenge
379760,Gravity Error
1268370,holedown
1655670,Rob Riches
596590,Linked
2638180,Hokkaido Game
395920,Playing History - The Plague
3206410,The Sinking Forest - 沈んだ森 -
3379650,Dark PGT
1842610,Dungeon Wizards
1316200,House Sitter
1313530,FM
687900,unWorded
331570,Wimp: Who Stole My Pants?
853310,Mr. Maze
1267400,Test Of Courage
1365030,Cybershock: Future Parkour
3050600,Exorcist: Reviewer of Minds
950140,Hiding Spot
1305440,Death Tales
517470,King of Booze: Drinking Game
1838820,Life of a Space Force Captain
695110,Twickles
334840,Drive to Hell
1011090,ANDROMALIUS
869300,The Darkest Woods
2558570,KAIKAN
410440,Vertigo Void
2146770,Deputinization
212110,Sugar Cube: Bittersweet Factory
323280,Sea Legends: Phantasmal Light Collector's Edition
674440,Skipper - Puzzle Across The Sea
1694880,Spectrolite
415670,Highrise Heroes: Word Challenge
1316390,Thermo Sudoku
110610,Alien Zombie Megadeath
1784630,Alice!
1233720,The Parenting Simulator
1434880,ROBO OH
1452540,Frincess&Cnight
1028850,Baldina's Basis in Education Literary Grammar
312410,Defense Zone
1014560,Creepy Vision
1152820,Everslash
2850300,坤坤之家
2925310,Cats Around Us: Giant Cat
3318730,Anomalies Detective
2298500,Feudal Fantasy Incremental
810630,Paint It Black
523160,Alice's Patchworks 2
2442760,Jorōgumo - じょろうぐも
104000,iBomber Defense
791700,Bird Game
454970,Gravity Den
586390,Missile Cards
1282320,Stilstand
2119470,Fantastic Fist
2827570,Ronny's Climb
1818570,Threes!
364770,Super Furball
1612910,異星病毒Alien virus
752330,Shape of America: Episode One
1351290,AccidentHouse
2401370,Dogs Club
1339900,BOT.vinnik Chess: Combination Lessons
2272770,"Luckily, My Arm Is A Shotgun"
938310,12 Labours of Hercules VIII: How I Met Megara
3138570,Unicycle Pizza Time!
1230860,2MD: VR Football Evolution
618070,Jet Buster
654910,YANKAI'S PEAK.
1797060,Bloody Hallowfest
2479960,Animal Planner
1832130,VINE
1247160,WarDogs: Red's Return
1166600,The Fog Knows Your Name
871190,Hatch
432770,Small Town Terrors: Livingston
1212190,deer hunter II
1216590,Lone Land
983450,Astral Towers
2786700,Victor's Test Night
3047610,Heirs
1706640,69 Cindy Love
3119720,Barro 2024
3015350,Echoes of Dread
785760,Crumple Zone
2310400,Gender Dysphoria
646470,Alicia Quatermain: Secrets Of The Lost Treasures
946860,Stamp Boy / 跳跳小子
259980,YOU DON'T KNOW JACK Vol. 4 The Ride
2929070,Make Merits in Another World
828950,Howlville: The Dark Past
3198320,Willie's Nightfall
3194140,Cozy Sudoku
3448240,Who am I?
3089700,Whiskey-Four
1648100,Kinduo
2147050,Jumping Cat
623160,Zombie Solitaire 2 Chapter 1
1065920,DoomAI
1876000,IFO
1012970,Extricate
2936130,5 Minute Raid
2384280,Love Love Joe Biden: The Joe Biden Dating Simulator
1137400,The War for the West
510250,Super Destronaut
584220,RunningDead
844130,Future Proof
1964330,Madcap Mosaic
2063120,Box To The Beat VR
1709180,Solitaire Expeditions
211800,Dead Hungry Diner
1630360,Matanga 2
2994680,Nobodies: Silent Blood
1456290,BoltBreak
1245470,Ultimate Ski Jumping 2020
639560,Spacescape
3307980,UNPUNISHED
2981530,索罗灵魂之戒—神界篇
2414640,Bite Size Terrors: Erobos Heaven
1173870,Endless Knight
552200,peakvox Mew Mew Chamber for Steam
2004180,DAGURI: Gambling Apocalypse
482330,Legends of the Universe - StarCore
200130,Puzzler World 2
936740,Orogenesis
890220,Math Fun
3356790,Cozy Solitaire
845270,Mirror Drop
1454090,Army of Numbers
1258790,VideoHole: Episode I
2728950,Potty Knight Saga
2741070,"I'll be Brave, Tomorrow"
1286600,Devilish Girl
373630,Game Type DX
1472620,Hot Hentai Puzzle Vol.1
2196120,Baker Business 3
1091470,Put In - Run Out
1730110,Dinogotchi
1117310,Sandwich Sudoku
1548050,Presence
527720,Keep Defending
13000,Ninja Reflex: Steamworks Edition
2555570,Age of Goblins
533580,Entangle
618360,Aesthetic Melody
892780,Sanguine Sanctum
1715850,NAIR
1793380,Roll The Cat
1291370,Lotion samurai
27800,Space Giraffe
807140,Marble Run 2D
3155430,FIND ALL 5: Vikings
782130,Wer weiß denn sowas? - Das Spiel
539460,Puzzle Cube
594750,Tiles
705550,Burgle Bros.
600660,Kimmy
1969830,Dadish 3
494310,Unbreakable Vr Runner
1673830,Cat Leather Jackets
2334500,Wizard Shrimp
510910,Temple of the Apsara
560750,World Keepers: Last Resort
405860,Super Ubie Island REMIX
1892790,Polimines
1630910,SATANIC PANIC 666
1272120,Darkanoid
2121490,Otome Legends
2676440,GLITCH DADDY
2136110,Vox Populi: Brazil 2022
2604450,com__et
1135090,dino game
2796650,Shovel Pirate
1592340,Underland: The Climb
918670,Jewel Match Twilight Solitaire
215450,Transcripted
2227150,Gwen The Hen 64
29160,Blueberry Garden
3162020,ToriDori 2
2815150,Hollow Floor
2479030,Goliath Depot
1198270,The Button Witch
2456280,this morning I decided to die
1298830,Don't Fall
1271690,Zombie Derby: Pixel Survival
1471910,Killer Sudoku
936650,Space Pilgrim Academy: Year 3
1794300,BLUE WISH DESIRE
1233780,Balls Royale
1256520,Bone Appetit
2321310,Finding Cats In Town
1593950,Don't Touch this Button!
3194300,StrangePool
766000,Kenshō
2331060,Gambit Shifter
297410,Trace Vector
438820,Hyper Box
1362190,Endless Escape
2526500,Caught On Camera
2226980,Iron Diamond
1837210,Rabbit Meadow
2843410,Everloop
2655740,CatBox
2108600,Potato Survival
1791680,KAREN SEES
2840990,Elevator Zero
1367420,One Line Coloring
1181570,Feria d'Arles
1199660,The Answer Is 42
1287310,Juiced!
576480,Drunken Fight Simulator
1346890,Motoride Rollercoaster VR
708920,I Can See the Future
2764690,Chefs Together
512260,Avalon Legends Solitaire 2
1243790,Heart Star
1477020,Wordle 4
2843340,CARS
792860,Road Doom
1552130,Forgotten Hope
1010950,SmartyTale 2D
2103940,Skate Rift
1393910,Jolly Good: Cakes and Ale
1441670,SJ-19 Learns To Love!
1336340,-SPROUT-
1112690,Coffin Rot Brewing Co.
1086750,Flux Caves
1251910,Kill Yourself
708150,Lost Artifacts - Ancient Tribe Survival
2081180,SquishCraft
3168370,Bring Me...
2238310,The Cooking Class
1258480,Aladdin - Hidden Objects Game
456690,Weather Lord: Following the Princess Collector's Edition
2618380,Death of Marionette
432190,Chef Solitaire: USA
1153200,Wormskull
866010,Beat Stickman: Infinity Clones
1292880,Hit Zero: Chronos
2943640,Симулятор ПВЗ
656880,Cybercube
567210,Bunnyrama
966090,Canasta 3D Premium
308360,LogiGun
3173930,The Hilarious Three Kingdoms
2802140,Hello World
1887250,Sand Castle
568500,Atomic Reconstruction
848530,Cyberemo 2007
2454060,MAZEMAZE
2814280,Cellfish
61100,Lucid
512240,Duckpocalypse
1395540,BOT.vinnik Chess: Winning Patterns
719410,Magical Squash
1883580,Cactus Simulator
986990,aMAZE Christmas
3161920,You Are Grounded
2379030,Barro T23
929850,Diamond Caves
2705480,Nonogram 3D : Mega Puzzle
1525320,Dadish 2
1692620,Water Physics Simulation
449760,Tenrow
1020940,Owyn's Adventure
554330,Choppa (Classic)
1706190,SudoKats
3067180,The Duck Pond
2520000,HYNPYTOL
448530,Square's Route
560740,Shtriga: Summer Camp
1217580,Green Elephant: Epilogue
497450,Blortasia
2288310,Five Nights at Tinky's
1175160,House of 1000 Doors: The Palm of Zoroaster
539450,Crab Dub
549100,GravNewton
2150310,元素召唤 Summon Elemental
1513530,Phucker in the Ashes
1561850,Sefir: Mafia Story
1263820,sok-worlds
204390,Pineapple Smash Crew
509110,Spikit
2057310,Stardust Valkyries
1172170,Krystopia: A Puzzle Journey
552780,Dexodonex
3120250,Lost Diskettes Vol.1
1269620,Puzzle - STONE BLOCKS
2799560,The Czar is Dead
2641070,Black Beacon Hill
350630,Dodge
996180,Cryptofall: Investor simulator
1372370,Last of Ass
949030,aMAZE Halloween
601930,Trianguluv
410150,Swapperoo
1127660,Mask Quest
1705580,SiNKR 3
897800,Arcane Golf
3259390,Goat Massacre
1216550,Player's Eleven
708260,Text Wormhole
2492740,Project 13: Taxidermy Trails
1375930,Minesweeper: Collector
1321040,Memory Note
722330,The Painter's Playground
1054660,Factory Balls
2714600,Hidden Capybaras with Orange
1644920,Love in Belarus
513610,Madrobot X
729300,Cleansuit
1224450,My Jigsaw Adventures - Roads of Life
434750,Z-Exemplar
942050,2048
2392060,Idle ShowOff
981420,Game Soup
3140810,D3AD HAND
1659650,7th Chance
708640,Nudist Beach Survival Simulator
1554680,北斗将星录
768290,Snow White Solitaire. Charmed Kingdom
886070,Jewel Match Solitaire
2442060,Nightmare Zapping
1754260,Kill The Dragon
1585250,The Space Between
2947210,Tsugunohi -Pocky dog’s adventure-
2982590,Furry Feet Girls
1610840,Virtuous Western
1014570,AlienAfterlife
3263280,The Spire of Mech Zero
1750330,69 Hitomi Love
887900,egg is broken. heart is too.
1689270,Raven's Hike
383950,League of Mermaids
2824710,thanks mom
623180,Zombie Solitaire 2 Chapter 3
2522660,Deep Under
1620920,Guazu: The Rescue
1755280,Super Grappling Gecko
1744120,Cannibals
1535200,Rocket Skates VR
1038630,Eternal Journey: New Atlantis
557030,Avenger Bird
80300,Puzzle Bots
2975160,Rose and Cross
1493840,BOT.vinnik Chess: Opening Traps
1213770,Blastboard
1103310,Sea Bubble
998790,Piczle Lines DX+α
576410,Nihilist Simulator
623170,Zombie Solitaire 2 Chapter 2
993780,Jewel Match Solitaire Winterscapes
1412240,Lombardi's World
772270,Blocked and Loaded
2093950,Boots Quest DX
2701410,Pru the Pigeon
3287300,Bit-Cremental: Fishistry
7340,Azada
513980,Oh No! Bugs!
1408700,Osman Gazi
1343260,I dream of you and ice cream
467780,simian.interface++
1897250,The Sword of Rhivenia
323250,Hexus
878170,Nazi
1135180,Llama Villa
754040,Piggy Poggy Pog
1916830,Aftermath
1221240,Tavern Cards
2473070,Absorber
727070,Hex
1426980,Hidden Memory - Nature
1166840,Breach: The Archangel Job
632880,The Majesty of Colors Remastered
1270390,The Golem
517930,The Castles of Dr. Creep
2165740,SokoFrog
574640,Unalive
1265120,Freddy Spaghetti
3416450,Hell of a Birthday
1897320,Garden Guardian
1162320,AVA: Dark History
490880,Robot Legions Reborn
765770,Forest Legends: The Call of Love Collector's Edition
1010070,Heroes Of Maidan 2
427770,Pills4Skills
873610,mr.Vegan
1586840,ppL
1452990,Hero Allstars: Void Invasion
1155300,Palallel
2892270,you feel normal.
425070,Asteroids Minesweeper
540190,Tetropunk
600530,Kautic - The Bald Wizard
1589380,Horatio Goes Snowboarding
1143350,FLATLAND Vol.1
2628190,东方希莲船 ~ Ultimate Fatal Octopus
1124990,Destructivator 2
490100,Quell Zen
560820,The Saint: Abyss of Despair
429280,Gems of the Aztecs
428510,Solitaire Christmas. Match 2 Cards
509780,Fire Arrow Plus
819040,Ashi: Lake of Light
707870,Hoo-Boy
1181330,D3D INSIDE
889280,Marginalia
407940,Hyper Bounce Blast
3201240,Dig Night
1527510,Romeow: in the cracked world
780750,Snake Classic
677720,Tangrams Deluxe
848520,Super Destronaut DX
399910,Ookibloks
336710,Supreme League of Patriots - Episode 2: Patriot Frames
27810,Gridrunner Revolution
571430,Drone Hero
794390,Zed Survival
1547340,Puzzle Car
1213550,Devil's Kiss
4300,RoboBlitz
1528580,Neon Ships: The Type'em Up Shooter
1010230,Bleep Bloop
1354100,A Lozenge
2508960,Calculator: The Game
2778740,rock climbing
2972350,Devious Path
2002600,吞食一统中原Tunshi  unifying plains
2566020,Raindrop Sprinters
1751560,Magurele Mystery
924940,Guard of Wonderland
1460610,hocus 2
2639840,Dino Survivors
1282090,Tree Simulator 2021
1281530,Bird Missions
2741610,BRUTAL KATANA
561480,96 Mill
1202170,Barbarous - Tavern Of Emyr
1548400,Roll a Ball With Your Friends
797570,Go Morse Go! Arcade Edition
1047240,"Game club ""Waka-Waka"""
611960,Pilam Sky
504880,Pixel Puzzles 2: RADical ROACH
2813760,Anomaly Loop
1399300,SOK PRO
3071880,Hidden Cats Invade Venice
1613680,Arrow Sudoku
764560,Chocolate makes you happy 2
333870,Feel-A-Maze
1524690,Chess Brain: Dark Troops
788480,Changeover: Decisions
1101130,My Typing Skill
534200,Ultimate Solid
523090,Bomb U!
1614340,Matchsticks - Coffee Break Club
776720,Dungeon Gambit Boy
816710,Gray Cat
1294780,Pathfinders: Memories
2218460,Bunny Guys!
1455230,Dungeon Slime:  Puzzle's Adventure
671550,Brickochet
707400,Attack Of Insects
745250,YAPP: Yet Another Puzzle Platformer
2535970,League TD
487530,Simple Ball: Extended Edition
926170,Achromatic
560220,Estiman: Game of Estimation
1274840,Escape from GULAG
490510,Pixel Puzzles 2: Christmas
1214570,DriftOn
790290,Lonely in the Winter
2780790,Dubio
1319790,Yogurt Commercial 3
2614480,PortalSnake
1090920,Gubble
575680,Square n Fair
1614360,Super Ember Kaboom
3461430,Corporate Suck Up
1043860,Glad Valakas: Cyberban
1391200,Pixel With Your Friends
1177690,The Summoning
614460,Amber Tail Adventure
728870,Viaerium
1534200,Nothing
1771440,Bomb Club Deluxe
2862990,Zerko
2843170,SKUFS AND ALT-GIRLS
2081540,Rustled Pete
110630,Mutant Storm: Reloaded
966010,Anstorm
514650,Orbital X
959030,Zombie Cubes
2392730,Notes of my silence
2203730,IN THE BUILDING: CATS
2512430,Void Survivors
999350,Epics Of Distant Realm: Director's Cut Edition
536770,THE AWKWARD STEVE DUOLOGY
955640,Go Outside Simulator
3515440,Death Delivery
933140,Drunkn Bar Fight on Halloween
1990940,The Impossible Game 2
1962030,Blade Jumper
2668580,Cattie
1211370,Goonya Fighter
2421910,Ratyrinth
470440,Matris
1428370,times infinity
512550,Cursed West
681620,Cube Link
1799160,Math+Sticks - Coffee Break Club
3084150,Packit List
1166580,Best Plumber
589640,Spoids
1814950,Diefrosty
1938180,Axolotl is Dry
1510670,ZADETTE
786180,ReHack
863490,Bighead Runner
595780,Rogue Port - Blue Nightmare
1492900,The Alien Trials
726320,Girl Blonde
1586220,Click To Eleven
2728040,SherloCAT Holmes Nonogram
1009700,Jewel Match Solitaire L'Amour
2055130,Demon Go!
2341050,Cat Needs
2027000,I commissioned some bees 2
768300,Zhulik.exe
1112370,Now I Am There
686520,Gnomes Garden New home
792160,Heroes Of Hellas 4: Birth Of Legend
928670,Kids of Hellas: Back to Olympus
3384610,Glider Simulator
440790,Spellbind : Luppe's tale
878020,It's You: A Breakup Story
818410,Space Hole 2018
1590700,My Military Life
2371910,Demon Command Token   御妖令
3316620,Prove You Can Win
1487460,Battle Bears 1: Zombies
1343150,Florida Simulator 1986
1766810,SnOut 2
1375480,Bunny's Flowers
701290,Legendary Mahjong
1331330,CurryKitten FPV Simulator
1405950,pear potion🍐
882640,Ashley Clark: Secret of the Ruby
926210,Incoming Evil
1517350,Hidden Memory - Neko's Life
1120800,Alex Hunter: Lord of the Mind
1920700,Candle Prick
1787160,Cupid Nonogram
1334910,Space Slurpies
862130,Rainy Day Racer
1563150,Cataplexy
1235120,Meme Run 2
1119940,Storm Tale
2550630,808s&Genetics
805870,Do you know de way
3386800,TheSilentSnowfall
1587190,Puzzletronics Digital Infinite
2934990,Pocket Idler: Fishing Pond
1588940,Storm Tale 2
1750600,Crate Mates
3282210,The Fire Nobody Started
688690,YOBA
999410,Magnibox
1058930,Top Burger
601180,Doug and Lily
1885540,SEARCH ALL - CATS
554660,Puzzle Poker
536470,Magnetized
873560,Jack N' Jill DX
1885670,SAOMI
1736710,Mummy Sandbox
2825250,3秒ばなな
704480,Durak!
485560,POPixel
2541550,One Box One Goal
1330570,RUN! GRANDPA! RUN!
488890,GentleMoon 2
1772490,Dungeon Color
624710,Cow Milking Simulator
665590,DOG GONE GOLFING
604830,All Alone: VR
528070,Solitaire Beach Season
769370,Dragon Boar and Lady Rabbit
548720,Through the Mirror
2206680,Halt
1711840,Ninja Stealth 4
1211540,bobo robot
1857580,Get Achievements for Achievements
757040,Desert Golfing
3110500,The Best Duck Clicker
1629600,Hidden Shapes Lovely Cats - Jigsaw Puzzle Game
620940,Invisibox
3305540,A Night Duty
2320570,Tamagoneko
2256360,Shooting Saucer
1307880,Hanoi Puzzles: Solid Match
3087810,Recesses
1425380,10mg :)
1134630,Pear Quest
1627040,학생들의 공포괴담 終 (Students' horrible stories FIN)
1458000,Air Bounce - The Jump 'n' Run Challenge
715210,The Pillage
1640100,War Mines: WW1
1158260,Heroes of Hellas Origins: Part One
2503250,Roam Across
376490,The Great Gatsby: Secret Treasure
360600,99 Waves to Die
1197150,Em-A-Li
727480,Reach Me
664610,Gelu
718080,Artifact Quest 2 - Match 3 Puzzle
1839540,Grocket
840310,SLICE
1799560,Larry The Unlucky Part 3
545590,Button Tales
1451720,Minesweeper Classy
2885620,Hidden Capybaras with Orange in the Whimsical Library
2027350,Wanderer
750330,Air Hockey
2709220,Veranoia: Nightmare of Case 37
1097820,The Hunger: Games Ensemble
2804960,ReplayBellSuikaSlotLikeGame
954010,Definitely Sneaky But Not Sneaky
1161360,Shisensho Solitaire
2751610,闲侠江湖
1936700,GENIUS VS ANTICHRIST 1
2279710,Logicats
809900,Calvin Tucker's Farm Animal Racing
542880,Byte Family
3027970,Neon Phonk Robots
2863090,No.9
1125860,Rabisco
667040,Alicia Quatermain 2: The Stone of Fate
3358820,SnaPaul
1314930,Speed Swing
1126470,Jewel Match Atlantis Solitaire - Collector's Edition
2415540,The Paradixion: Son's Room
781640,Run Jump Fail
652340,Flagsplosion
3337220,That Level Again
2651800,52헤르츠
2207070,Social Credit Simulator
747190,Achievement Lurker: Dad Jokes
3380360,The Ghost Treasure
3046050,Dagger Froggy
2154400,Aery - Calm Mind 3
3349930,Only Out
786820,SOK MAX
844180,Slab
1152330,The Adventures of Looppy
447950,Bad Caterpillar
1675640,Planet B24
784100,Gone Fireflies
1823570,Age of Valakas: Vietnam
1209440,capy hoky
1136880,Baby Walking Simulator
1312060,Zero-G Gunfight
2399370,SLIPPY THE FROG 🐸💦
1478600,Amulet of Time: Shadow of La Rochelle
840700,Qvabllock
1513310,Blockee - Sliding Puzzle
2444290,Hyper Space
821120,Poopy Philosophy
1252160,Pejes Vs Zombies
740570,illie
3477800,Shelldom
1820690,One Line
2299150,Dusk of the Cage
2173650,Aery VR - A Journey Beyond Time
1315270,PEE WAR！
408750,Starsphere
1747670,Jewel Match Twilight 3 Collector's Edition
1569750,Ninja Ming: Wu
1388430,История бомжа
745030,Squarism
839340,SOK MIN
1774700,INVERT
1428460,BISQUE DOLL
534560,Ramify
1849310,天天地下城
1155420,Dino Zoo Transport Simulator
1651680,The Colorful Creature
2301210,Busway Islands - Puzzle
431200,Disastr_Blastr
3066440,Archipel Logic Infinite
857540,Soviet Bear Uni Adventure
356820,Nemo Dungeon
1461490,Hoppup!
1567490,Alien Death Mob
1079970,Mundus - Impossible Universe 2
1261300,Racingmaybe
3090860,The elevator
831470,One Dollar Simulator
2642460,Stump Simulator
1448780,Jewel Match Origins - Palais Imperial Collector's Edition
654770,Ballway
3080960,Unlucky Chicken
913090,Rogue Party
821390,Achievement Lurker: Another one bites the dust
1580570,Blokker
696060,Live
607440,Escape: VR
1201880,The North Pole
894340,Beat the Song
390620,An Alien with a Magnet
2940020,tomorrow is my birthday
494120,RX squad
1139470,THE ART - Metamorphosis
2387410,Aleph
1091570,Transporter Truck Simulator
971480,Kitten Love Emulator
2180150,ITRP _ Aero Star
2672850,A Game About Flicking A Switch
1128190,Achievement Simulator
3286710,Softie
2054680,Odd One Out
2100780,Spin Time
2086180,I commissioned some bees 4
794190,Football Russian 20!8
3337920,Hidden Winter Things
637330,Stack
1039200,Poggers
1871500,One Line: Letters and Codes
2087470,I commissioned some bees 5
628580,Miniballist
1632500,DOOMER'S ADVENTURE
3044540,Riddle Tower
3026480,You Have To Climb Out
2746760,100 Hidden Kooky - Sand & Sun
774281,Achievement Lurker: We Give Up!
3123250,Nightwatch: Closer
1458530,Ronister Adventure
1168630,Active Neurons - Puzzle game
754520,Animals Memory
1191440,Forgotten Ways
796510,Monkey Slap
1964420,MAZAICA
1804760,SEARCH ALL - CANDY
1410600,MIRAY
1417540,Gravity Block
1515800,Welcome Back
2091130,TIS - True Idle Simulator
2252550,Hope
1726890,Hidden Kittens: Kingdom of Cats
809320,Silent Tweets
1755890,Repit
1389890,10mg: You are such a Soft and Round Kitten.
1755570,Matching Cats
790930,Primitive Shooter
799800,Animals Memory: Cats
562600,Our Wonderful World
1586300,Jacob The Farmer
1485900,"Eye, caramba!"
1906140,SEARCH ALL - BERRIES
1140070,Tractor Cargo Driving Simulator
798850,Achievement Lurker: Easiest Cosmetic Numbers
1483800,Adventure Llama
3298150,Flip Flop XL
1149590,Dreamland Solitaire
2873800,Monster Battle
1855170,SEARCH ALL - CHRISTMAS
1328570,Lighton
2093250,Witch Schools: Love Potions
3130670,Senchu/線虫
1907420,SEARCH ALL - MUSHROOMS
1216540,Fishy2
876310,BIG POGO MAN
1221280,Run Dude
2950000,Ninja Stealth 5
1869690,SEARCH ALL - SUSHI
2918490,ChopChop
823360,Sloppy Goat
776820,Sit on bottle
1268250,GAG
775520,Animals Memory: Dinosaurs
1888800,SEARCH ALL - CRABS
1814160,Crazy Santa
2206570,Geolosys
868550,What do you hear?? Yanny vs Laurel
778340,Animals Memory: Dogs
2467000,BOBR SPRINT
2007470,SEARCH ALL - BIRDS
2027370,Ball Torture
816160,Score a goal 2 (Physical football)
3083520,Hero Guider
2863350,Agent Brain: Tricky Puzzles
1703480,DRAMA
775910,Animals Memory: Birds
3176750,Let's play Cards Baccarat
3176880,Let's play Cards Solitaire
722680,BLOK DROP NEO
3206090,Arena of the Titans
3204840,Time Over
